date,days_out,margin,dem_prob,rep_prob,rating,lean,gcb,fundamentals,pres_2024,swing_24_26,dem_pct,rep_pct,oth_pct,rcv,threeway,same_party,oth_party,ind_name,ind_prob,ind_pct,cand1_prob,poll_dem,poll_rep,poll_count,polling_avg,polling_weight,dem_funds,rep_funds,ind_funds,environment,demo_env_adj,trump_approve,trump_net,dem_vap_white,dem_vap_black,dem_vap_hispanic,dem_vap_asian,dem_vap_native,dem_vap_pacific,dem_age_20_29,dem_age_30_39,dem_age_40_49,dem_age_50_59,dem_age_60_69,dem_age_70_79,dem_age_80_plus,dem_educ_no_hs,dem_educ_hs,dem_educ_some_college,dem_educ_associate,dem_educ_bachelor,dem_educ_master,dem_educ_professional,dem_educ_doctorate,dem_inc_u10k,dem_inc_10_15k,dem_inc_15_20k,dem_inc_20_25k,dem_inc_25_30k,dem_inc_30_35k,dem_inc_35_40k,dem_inc_40_45k,dem_inc_45_50k,dem_inc_50_60k,dem_inc_60_75k,dem_inc_75_100k,dem_inc_100_125k,dem_inc_125_150k,dem_inc_150_200k,dem_inc_200k_plus,ind_party_label
2026-01-01,306,-13.98,9.1,90.9,Likely R,-14.32,3.11,-13.98,-16.22,2.24,43.01,56.99,0.0,False,False,,,,0.0,0.0,0.0,,,0,,0.0,798208,3790112,0,-12.83,-0.52,49.2,1.8,31.9,77.9,49.9,51.9,44.9,44.9,49.9,46.9,41.9,38.9,38.9,39.9,39.9,43.2,38.2,40.2,41.2,47.2,53.2,51.2,55.2,47.8,46.8,46.8,45.8,44.8,43.8,42.8,41.8,41.8,40.8,40.8,40.8,41.8,41.8,42.8,43.8,
2026-01-02,305,-13.98,9.1,90.9,Likely R,-14.32,3.11,-13.98,-16.22,2.24,43.01,56.99,0.0,False,False,,,,0.0,0.0,0.0,,,0,,0.0,798208,3790112,0,-12.83,-0.52,49.2,1.8,31.9,77.9,49.9,51.9,44.9,44.9,49.9,46.9,41.9,38.9,38.9,39.9,39.9,43.2,38.2,40.2,41.2,47.2,53.2,51.2,55.2,47.8,46.8,46.8,45.8,44.8,43.8,42.8,41.8,41.8,40.8,40.8,40.8,41.8,41.8,42.8,43.8,
2026-01-03,304,-13.98,9.1,90.9,Likely R,-14.32,3.11,-13.98,-16.22,2.24,43.01,56.99,0.0,False,False,,,,0.0,0.0,0.0,,,0,,0.0,798208,3790112,0,-12.83,-0.52,49.2,1.8,31.9,77.9,49.9,51.9,44.9,44.9,49.9,46.9,41.9,38.9,38.9,39.9,39.9,43.2,38.2,40.2,41.2,47.2,53.2,51.2,55.2,47.8,46.8,46.8,45.8,44.8,43.8,42.8,41.8,41.8,40.8,40.8,40.8,41.8,41.8,42.8,43.8,
2026-01-04,303,-14.08,8.9,91.1,Likely R,-14.35,3.04,-14.08,-16.22,2.14,42.96,57.04,0.0,False,False,,,,0.0,0.0,0.0,,,0,,0.0,798208,3790112,0,-12.9,-0.52,49.3,2.1,31.8,77.8,49.8,51.8,44.8,44.8,49.9,46.9,41.9,38.9,38.9,39.9,39.9,43.2,38.2,40.2,41.2,47.2,53.2,51.2,55.2,47.8,46.8,46.8,45.8,44.8,43.8,42.8,41.8,41.8,40.8,40.8,40.8,41.8,41.8,42.8,43.8,
2026-01-05,302,-14.02,9.0,91.0,Likely R,-14.33,3.08,-14.02,-16.22,2.19,42.99,57.01,0.0,False,False,,,,0.0,0.0,0.0,,,0,,0.0,798208,3790112,0,-12.86,-0.52,49.3,2.1,31.8,77.8,49.8,51.8,44.8,44.8,49.9,46.9,41.9,38.9,38.9,39.9,39.9,43.2,38.2,40.2,41.2,47.2,53.2,51.2,55.2,47.8,46.8,46.8,45.8,44.8,43.8,42.8,41.8,41.8,40.8,40.8,40.8,41.8,41.8,42.8,43.8,
2026-01-06,301,-14.02,9.0,91.0,Likely R,-14.33,3.08,-14.02,-16.22,2.19,42.99,57.01,0.0,False,False,,,,0.0,0.0,0.0,,,0,,0.0,798208,3790112,0,-12.86,-0.52,49.3,2.1,31.8,77.8,49.8,51.8,44.8,44.8,49.9,46.9,41.9,38.9,38.9,39.9,39.9,43.2,38.2,40.2,41.2,47.2,53.2,51.2,55.2,47.8,46.8,46.8,45.8,44.8,43.8,42.8,41.8,41.8,40.8,40.8,40.8,41.8,41.8,42.8,43.8,
2026-01-07,300,-14.02,9.0,91.0,Likely R,-14.33,3.08,-14.02,-16.22,2.19,42.99,57.01,0.0,False,False,,,,0.0,0.0,0.0,,,0,,0.0,798208,3790112,0,-12.86,-0.52,49.3,1.9,31.8,77.8,49.8,51.8,44.8,44.8,49.9,46.9,41.9,38.9,38.9,39.9,39.9,43.2,38.2,40.2,41.2,47.2,53.2,51.2,55.2,47.8,46.8,46.8,45.8,44.8,43.8,42.8,41.8,41.8,40.8,40.8,40.8,41.8,41.8,42.8,43.8,
2026-01-08,299,-14.02,9.0,91.0,Likely R,-14.33,3.08,-14.02,-16.22,2.19,42.99,57.01,0.0,False,False,,,,0.0,0.0,0.0,,,0,,0.0,798208,3790112,0,-12.86,-0.52,49.3,2.0,31.8,77.8,49.8,51.8,44.8,44.8,49.9,46.9,41.9,38.9,38.9,39.9,39.9,43.2,38.2,40.2,41.2,47.2,53.2,51.2,55.2,47.8,46.8,46.8,45.8,44.8,43.8,42.8,41.8,41.8,40.8,40.8,40.8,41.8,41.8,42.8,43.8,
2026-01-09,298,-14.01,9.1,90.9,Likely R,-14.32,3.09,-14.01,-16.22,2.21,43.0,57.0,0.0,False,False,,,,0.0,0.0,0.0,,,0,,0.0,798208,3790112,0,-12.85,-0.52,49.3,2.0,31.9,77.9,49.9,51.9,44.9,44.9,49.9,46.9,41.9,38.9,38.9,39.9,39.9,43.2,38.2,40.2,41.2,47.2,53.2,51.2,55.2,47.8,46.8,46.8,45.8,44.8,43.8,42.8,41.8,41.8,40.8,40.8,40.8,41.8,41.8,42.8,43.8,
2026-01-10,297,-14.01,9.1,90.9,Likely R,-14.32,3.09,-14.01,-16.22,2.21,43.0,57.0,0.0,False,False,,,,0.0,0.0,0.0,,,0,,0.0,798208,3790112,0,-12.85,-0.52,49.3,2.0,31.9,77.9,49.9,51.9,44.9,44.9,49.9,46.9,41.9,38.9,38.9,39.9,39.9,43.2,38.2,40.2,41.2,47.2,53.2,51.2,55.2,47.8,46.8,46.8,45.8,44.8,43.8,42.8,41.8,41.8,40.8,40.8,40.8,41.8,41.8,42.8,43.8,
2026-01-11,296,-14.06,9.0,91.0,Likely R,-14.34,3.05,-14.06,-16.22,2.15,42.97,57.03,0.0,False,False,,,,0.0,0.0,0.0,,,0,,0.0,798208,3790112,0,-12.89,-0.52,49.2,1.8,31.8,77.8,49.8,51.8,44.8,44.8,49.9,46.9,41.9,38.9,38.9,39.9,39.9,43.2,38.2,40.2,41.2,47.2,53.2,51.2,55.2,47.8,46.8,46.8,45.8,44.8,43.8,42.8,41.8,41.8,40.8,40.8,40.8,41.8,41.8,42.8,43.8,
2026-01-12,295,-13.99,9.1,90.9,Likely R,-14.32,3.1,-13.99,-16.22,2.22,43.0,57.0,0.0,False,False,,,,0.0,0.0,0.0,,,0,,0.0,798208,3790112,0,-12.84,-0.52,49.2,1.7,31.9,77.9,49.9,51.9,44.9,44.9,49.9,46.9,41.9,38.9,38.9,39.9,39.9,43.2,38.2,40.2,41.2,47.2,53.2,51.2,55.2,47.8,46.8,46.8,45.8,44.8,43.8,42.8,41.8,41.8,40.8,40.8,40.8,41.8,41.8,42.8,43.8,
2026-01-13,294,-14.01,9.1,90.9,Likely R,-14.32,3.09,-14.01,-16.22,2.21,43.0,57.0,0.0,False,False,,,,0.0,0.0,0.0,,,0,,0.0,798208,3790112,0,-12.85,-0.52,49.1,1.5,31.9,77.9,49.9,51.9,44.9,44.9,49.9,46.9,41.9,38.9,38.9,39.9,39.9,43.2,38.2,40.2,41.2,47.2,53.2,51.2,55.2,47.8,46.8,46.8,45.8,44.8,43.8,42.8,41.8,41.8,40.8,40.8,40.8,41.8,41.8,42.8,43.8,
2026-01-14,293,-14.01,9.1,90.9,Likely R,-14.32,3.09,-14.01,-16.22,2.21,43.0,57.0,0.0,False,False,,,,0.0,0.0,0.0,,,0,,0.0,798208,3790112,0,-12.85,-0.52,49.1,1.6,31.9,77.9,49.9,51.9,44.9,44.9,49.9,46.9,41.9,38.9,38.9,39.9,39.9,43.2,38.2,40.2,41.2,47.2,53.2,51.2,55.2,47.8,46.8,46.8,45.8,44.8,43.8,42.8,41.8,41.8,40.8,40.8,40.8,41.8,41.8,42.8,43.8,
2026-01-15,292,-13.98,9.1,90.9,Likely R,-14.32,3.11,-13.98,-16.22,2.24,43.01,56.99,0.0,False,False,,,,0.0,0.0,0.0,,,0,,0.0,798208,3790112,0,-12.83,-0.52,49.1,1.6,31.9,77.9,49.9,51.9,44.9,44.9,49.9,46.9,41.9,38.9,38.9,39.9,39.9,43.2,38.2,40.2,41.2,47.2,53.2,51.2,55.2,47.8,46.8,46.8,45.8,44.8,43.8,42.8,41.8,41.8,40.8,40.8,40.8,41.8,41.8,42.8,43.8,
2026-01-16,291,-13.98,9.1,90.9,Likely R,-14.32,3.11,-13.98,-16.22,2.24,43.01,56.99,0.0,False,False,,,,0.0,0.0,0.0,,,0,,0.0,798208,3790112,0,-12.83,-0.52,49.1,1.5,31.9,77.9,49.9,51.9,44.9,44.9,49.9,46.9,41.9,38.9,38.9,39.9,39.9,43.2,38.2,40.2,41.2,47.2,53.2,51.2,55.2,47.8,46.8,46.8,45.8,44.8,43.8,42.8,41.8,41.8,40.8,40.8,40.8,41.8,41.8,42.8,43.8,
2026-01-17,290,-13.92,9.2,90.8,Likely R,-14.3,3.15,-13.92,-16.22,2.29,43.04,56.96,0.0,False,False,,,,0.0,0.0,0.0,,,0,,0.0,798208,3790112,0,-12.79,-0.52,49.1,1.4,31.9,77.9,49.9,51.9,44.9,44.9,49.9,46.9,41.9,38.9,38.9,39.9,39.9,43.3,38.3,40.3,41.3,47.3,53.3,51.3,55.3,47.9,46.9,46.9,45.9,44.9,43.9,42.9,41.9,41.9,40.9,40.9,40.9,41.9,41.9,42.9,43.9,
2026-01-18,289,-14.02,9.0,91.0,Likely R,-14.33,3.08,-14.02,-16.22,2.19,42.99,57.01,0.0,False,False,,,,0.0,0.0,0.0,,,0,,0.0,798208,3790112,0,-12.86,-0.52,49.1,1.5,31.8,77.8,49.8,51.8,44.8,44.8,49.9,46.9,41.9,38.9,38.9,39.9,39.9,43.2,38.2,40.2,41.2,47.2,53.2,51.2,55.2,47.8,46.8,46.8,45.8,44.8,43.8,42.8,41.8,41.8,40.8,40.8,40.8,41.8,41.8,42.8,43.8,
2026-01-19,288,-13.96,9.1,90.9,Likely R,-14.31,3.12,-13.96,-16.22,2.25,43.02,56.98,0.0,False,False,,,,0.0,0.0,0.0,,,0,,0.0,798208,3790112,0,-12.82,-0.52,49.1,1.5,31.9,77.9,49.9,51.9,44.9,44.9,49.9,46.9,41.9,38.9,38.9,39.9,39.9,43.3,38.3,40.3,41.3,47.3,53.3,51.3,55.3,47.8,46.8,46.8,45.8,44.8,43.8,42.8,41.8,41.8,40.8,40.8,40.8,41.8,41.8,42.8,43.8,
2026-01-20,287,-13.86,9.3,90.7,Likely R,-14.28,3.19,-13.86,-16.22,2.35,43.07,56.93,0.0,False,False,,,,0.0,0.0,0.0,,,0,,0.0,798208,3790112,0,-12.75,-0.52,49.0,1.3,31.9,77.9,49.9,51.9,44.9,44.9,50.0,47.0,42.0,39.0,39.0,40.0,40.0,43.3,38.3,40.3,41.3,47.3,53.3,51.3,55.3,47.9,46.9,46.9,45.9,44.9,43.9,42.9,41.9,41.9,40.9,40.9,40.9,41.9,41.9,42.9,43.9,
2026-01-21,286,-13.86,9.3,90.7,Likely R,-14.28,3.19,-13.86,-16.22,2.35,43.07,56.93,0.0,False,False,,,,0.0,0.0,0.0,,,0,,0.0,798208,3790112,0,-12.75,-0.52,49.0,1.4,31.9,77.9,49.9,51.9,44.9,44.9,50.0,47.0,42.0,39.0,39.0,40.0,40.0,43.3,38.3,40.3,41.3,47.3,53.3,51.3,55.3,47.9,46.9,46.9,45.9,44.9,43.9,42.9,41.9,41.9,40.9,40.9,40.9,41.9,41.9,42.9,43.9,
2026-01-22,285,-13.83,9.3,90.7,Likely R,-14.27,3.21,-13.83,-16.22,2.38,43.08,56.92,0.0,False,False,,,,0.0,0.0,0.0,,,0,,0.0,798208,3790112,0,-12.73,-0.52,48.9,1.2,31.9,77.9,49.9,51.9,44.9,44.9,50.0,47.0,42.0,39.0,39.0,40.0,40.0,43.3,38.3,40.3,41.3,47.3,53.3,51.3,55.3,47.9,46.9,46.9,45.9,44.9,43.9,42.9,41.9,41.9,40.9,40.9,40.9,41.9,41.9,42.9,43.9,
2026-01-23,284,-13.83,9.3,90.7,Likely R,-14.27,3.21,-13.83,-16.22,2.38,43.08,56.92,0.0,False,False,,,,0.0,0.0,0.0,,,0,,0.0,798208,3790112,0,-12.73,-0.52,48.9,1.2,31.9,77.9,49.9,51.9,44.9,44.9,50.0,47.0,42.0,39.0,39.0,40.0,40.0,43.3,38.3,40.3,41.3,47.3,53.3,51.3,55.3,47.9,46.9,46.9,45.9,44.9,43.9,42.9,41.9,41.9,40.9,40.9,40.9,41.9,41.9,42.9,43.9,
2026-01-24,283,-13.82,9.3,90.7,Likely R,-14.27,3.22,-13.82,-16.22,2.4,43.09,56.91,0.0,False,False,,,,0.0,0.0,0.0,,,0,,0.0,798208,3790112,0,-12.72,-0.52,48.9,1.2,31.9,77.9,49.9,51.9,44.9,44.9,50.0,47.0,42.0,39.0,39.0,40.0,40.0,43.3,38.3,40.3,41.3,47.3,53.3,51.3,55.3,47.9,46.9,46.9,45.9,44.9,43.9,42.9,41.9,41.9,40.9,40.9,40.9,41.9,41.9,42.9,43.9,
2026-01-25,282,-13.92,9.2,90.8,Likely R,-14.3,3.15,-13.92,-16.22,2.29,43.04,56.96,0.0,False,False,,,,0.0,0.0,0.0,,,0,,0.0,798208,3790112,0,-12.79,-0.52,48.9,1.2,31.9,77.9,49.9,51.9,44.9,44.9,49.9,46.9,41.9,38.9,38.9,39.9,39.9,43.3,38.3,40.3,41.3,47.3,53.3,51.3,55.3,47.9,46.9,46.9,45.9,44.9,43.9,42.9,41.9,41.9,40.9,40.9,40.9,41.9,41.9,42.9,43.9,
2026-01-26,281,-13.86,9.3,90.7,Likely R,-14.28,3.19,-13.86,-16.22,2.35,43.07,56.93,0.0,False,False,,,,0.0,0.0,0.0,,,0,,0.0,798208,3790112,0,-12.75,-0.52,48.8,0.9,31.9,77.9,49.9,51.9,44.9,44.9,50.0,47.0,42.0,39.0,39.0,40.0,40.0,43.3,38.3,40.3,41.3,47.3,53.3,51.3,55.3,47.9,46.9,46.9,45.9,44.9,43.9,42.9,41.9,41.9,40.9,40.9,40.9,41.9,41.9,42.9,43.9,
2026-01-27,280,-13.86,9.3,90.7,Likely R,-14.28,3.19,-13.86,-16.22,2.35,43.07,56.93,0.0,False,False,,,,0.0,0.0,0.0,,,0,,0.0,798208,3790112,0,-12.75,-0.52,48.8,0.9,31.9,77.9,49.9,51.9,44.9,44.9,50.0,47.0,42.0,39.0,39.0,40.0,40.0,43.3,38.3,40.3,41.3,47.3,53.3,51.3,55.3,47.9,46.9,46.9,45.9,44.9,43.9,42.9,41.9,41.9,40.9,40.9,40.9,41.9,41.9,42.9,43.9,
2026-01-28,279,-13.82,9.3,90.7,Likely R,-14.27,3.22,-13.82,-16.22,2.4,43.09,56.91,0.0,False,False,,,,0.0,0.0,0.0,,,0,,0.0,798208,3790112,0,-12.72,-0.52,48.9,0.9,31.9,77.9,49.9,51.9,44.9,44.9,50.0,47.0,42.0,39.0,39.0,40.0,40.0,43.3,38.3,40.3,41.3,47.3,53.3,51.3,55.3,47.9,46.9,46.9,45.9,44.9,43.9,42.9,41.9,41.9,40.9,40.9,40.9,41.9,41.9,42.9,43.9,
2026-01-29,278,-13.83,9.3,90.7,Likely R,-14.27,3.21,-13.83,-16.22,2.38,43.08,56.92,0.0,False,False,,,,0.0,0.0,0.0,,,0,,0.0,798208,3790112,0,-12.73,-0.52,48.9,1.0,31.9,77.9,49.9,51.9,44.9,44.9,50.0,47.0,42.0,39.0,39.0,40.0,40.0,43.3,38.3,40.3,41.3,47.3,53.3,51.3,55.3,47.9,46.9,46.9,45.9,44.9,43.9,42.9,41.9,41.9,40.9,40.9,40.9,41.9,41.9,42.9,43.9,
2026-01-30,277,-13.82,9.3,90.7,Likely R,-14.27,3.22,-13.82,-16.22,2.4,43.09,56.91,0.0,False,False,,,,0.0,0.0,0.0,,,0,,0.0,798208,3790112,0,-12.72,-0.52,48.8,0.9,31.9,77.9,49.9,51.9,44.9,44.9,50.0,47.0,42.0,39.0,39.0,40.0,40.0,43.3,38.3,40.3,41.3,47.3,53.3,51.3,55.3,47.9,46.9,46.9,45.9,44.9,43.9,42.9,41.9,41.9,40.9,40.9,40.9,41.9,41.9,42.9,43.9,
2026-01-31,276,-13.82,9.3,90.7,Likely R,-14.27,3.22,-13.82,-16.22,2.4,43.09,56.91,0.0,False,False,,,,0.0,0.0,0.0,,,0,,0.0,798208,3790112,0,-12.72,-0.52,48.9,0.9,31.9,77.9,49.9,51.9,44.9,44.9,50.0,47.0,42.0,39.0,39.0,40.0,40.0,43.3,38.3,40.3,41.3,47.3,53.3,51.3,55.3,47.9,46.9,46.9,45.9,44.9,43.9,42.9,41.9,41.9,40.9,40.9,40.9,41.9,41.9,42.9,43.9,
2026-02-01,275,-13.95,9.1,90.9,Likely R,-14.31,3.13,-13.95,-16.22,2.27,43.03,56.97,0.0,False,False,,,,0.0,0.0,0.0,,,0,,0.0,798208,3790112,0,-12.81,-0.52,48.9,1.1,31.9,77.9,49.9,51.9,44.9,44.9,49.9,46.9,41.9,38.9,38.9,39.9,39.9,43.3,38.3,40.3,41.3,47.3,53.3,51.3,55.3,47.8,46.8,46.8,45.8,44.8,43.8,42.8,41.8,41.8,40.8,40.8,40.8,41.8,41.8,42.8,43.8,
2026-02-02,274,-13.95,9.1,90.9,Likely R,-14.31,3.13,-13.95,-16.22,2.27,43.03,56.97,0.0,False,False,,,,0.0,0.0,0.0,,,0,,0.0,798208,3790112,0,-12.81,-0.52,48.8,0.9,31.9,77.9,49.9,51.9,44.9,44.9,49.9,46.9,41.9,38.9,38.9,39.9,39.9,43.3,38.3,40.3,41.3,47.3,53.3,51.3,55.3,47.8,46.8,46.8,45.8,44.8,43.8,42.8,41.8,41.8,40.8,40.8,40.8,41.8,41.8,42.8,43.8,
2026-02-03,273,-13.95,9.1,90.9,Likely R,-14.31,3.13,-13.95,-16.22,2.27,43.03,56.97,0.0,False,False,,,,0.0,0.0,0.0,,,0,,0.0,798208,3790112,0,-12.81,-0.52,48.8,0.9,31.9,77.9,49.9,51.9,44.9,44.9,49.9,46.9,41.9,38.9,38.9,39.9,39.9,43.3,38.3,40.3,41.3,47.3,53.3,51.3,55.3,47.8,46.8,46.8,45.8,44.8,43.8,42.8,41.8,41.8,40.8,40.8,40.8,41.8,41.8,42.8,43.8,
2026-02-04,272,-13.93,9.2,90.8,Likely R,-14.3,3.14,-13.93,-16.22,2.28,43.03,56.97,0.0,False,False,,,,0.0,0.0,0.0,,,0,,0.0,798208,3790112,0,-12.8,-0.52,48.8,0.9,31.9,77.9,49.9,51.9,44.9,44.9,49.9,46.9,41.9,38.9,38.9,39.9,39.9,43.3,38.3,40.3,41.3,47.3,53.3,51.3,55.3,47.8,46.8,46.8,45.8,44.8,43.8,42.8,41.8,41.8,40.8,40.8,40.8,41.8,41.8,42.8,43.8,
2026-02-05,271,-13.93,9.2,90.8,Likely R,-14.3,3.14,-13.93,-16.22,2.28,43.03,56.97,0.0,False,False,,,,0.0,0.0,0.0,,,0,,0.0,798208,3790112,0,-12.8,-0.52,48.8,1.0,31.9,77.9,49.9,51.9,44.9,44.9,49.9,46.9,41.9,38.9,38.9,39.9,39.9,43.3,38.3,40.3,41.3,47.3,53.3,51.3,55.3,47.8,46.8,46.8,45.8,44.8,43.8,42.8,41.8,41.8,40.8,40.8,40.8,41.8,41.8,42.8,43.8,
2026-02-06,270,-13.93,9.2,90.8,Likely R,-14.3,3.14,-13.93,-16.22,2.28,43.03,56.97,0.0,False,False,,,,0.0,0.0,0.0,,,0,,0.0,798208,3790112,0,-12.8,-0.52,48.8,0.9,31.9,77.9,49.9,51.9,44.9,44.9,49.9,46.9,41.9,38.9,38.9,39.9,39.9,43.3,38.3,40.3,41.3,47.3,53.3,51.3,55.3,47.8,46.8,46.8,45.8,44.8,43.8,42.8,41.8,41.8,40.8,40.8,40.8,41.8,41.8,42.8,43.8,
2026-02-07,269,-13.92,9.2,90.8,Likely R,-14.3,3.15,-13.92,-16.22,2.29,43.04,56.96,0.0,False,False,,,,0.0,0.0,0.0,,,0,,0.0,798208,3790112,0,-12.79,-0.52,48.8,0.9,31.9,77.9,49.9,51.9,44.9,44.9,49.9,46.9,41.9,38.9,38.9,39.9,39.9,43.3,38.3,40.3,41.3,47.3,53.3,51.3,55.3,47.9,46.9,46.9,45.9,44.9,43.9,42.9,41.9,41.9,40.9,40.9,40.9,41.9,41.9,42.9,43.9,
2026-02-08,268,-13.95,9.1,90.9,Likely R,-14.31,3.13,-13.95,-16.22,2.27,43.03,56.97,0.0,False,False,,,,0.0,0.0,0.0,,,0,,0.0,798208,3790112,0,-12.81,-0.52,48.6,0.6,31.9,77.9,49.9,51.9,44.9,44.9,49.9,46.9,41.9,38.9,38.9,39.9,39.9,43.3,38.3,40.3,41.3,47.3,53.3,51.3,55.3,47.8,46.8,46.8,45.8,44.8,43.8,42.8,41.8,41.8,40.8,40.8,40.8,41.8,41.8,42.8,43.8,
2026-02-09,267,-13.57,9.7,90.3,Likely R,-13.97,3.17,-13.57,-16.22,2.64,43.21,56.79,0.0,False,False,,,,0.0,0.0,0.0,,,0,,0.0,798208,3790112,0,-12.77,-0.52,48.6,0.6,32.1,78.1,50.1,52.1,45.1,45.1,50.1,47.1,42.1,39.1,39.1,40.1,40.1,43.4,38.4,40.4,41.4,47.4,53.4,51.4,55.4,48.0,47.0,47.0,46.0,45.0,44.0,43.0,42.0,42.0,41.0,41.0,41.0,42.0,42.0,43.0,44.0,
2026-02-10,266,-13.53,9.8,90.2,Likely R,-13.96,3.2,-13.53,-16.22,2.68,43.23,56.77,0.0,False,False,,,,0.0,0.0,0.0,,,0,,0.0,798208,3790112,0,-12.74,-0.52,48.6,0.6,32.1,78.1,50.1,52.1,45.1,45.1,50.1,47.1,42.1,39.1,39.1,40.1,40.1,43.5,38.5,40.5,41.5,47.5,53.5,51.5,55.5,48.0,47.0,47.0,46.0,45.0,44.0,43.0,42.0,42.0,41.0,41.0,41.0,42.0,42.0,43.0,44.0,
2026-02-11,265,-13.53,9.8,90.2,Likely R,-13.96,3.2,-13.53,-16.22,2.68,43.23,56.77,0.0,False,False,,,,0.0,0.0,0.0,,,0,,0.0,798208,3790112,0,-12.74,-0.52,48.6,0.6,32.1,78.1,50.1,52.1,45.1,45.1,50.1,47.1,42.1,39.1,39.1,40.1,40.1,43.5,38.5,40.5,41.5,47.5,53.5,51.5,55.5,48.0,47.0,47.0,46.0,45.0,44.0,43.0,42.0,42.0,41.0,41.0,41.0,42.0,42.0,43.0,44.0,
2026-02-12,264,-13.55,9.8,90.2,Likely R,-13.96,3.19,-13.55,-16.22,2.67,43.23,56.77,0.0,False,False,,,,0.0,0.0,0.0,,,0,,0.0,798208,3790112,0,-12.75,-0.52,48.6,0.5,32.1,78.1,50.1,52.1,45.1,45.1,50.1,47.1,42.1,39.1,39.1,40.1,40.1,43.5,38.5,40.5,41.5,47.5,53.5,51.5,55.5,48.0,47.0,47.0,46.0,45.0,44.0,43.0,42.0,42.0,41.0,41.0,41.0,42.0,42.0,43.0,44.0,
2026-02-13,263,-13.55,9.8,90.2,Likely R,-13.96,3.19,-13.55,-16.22,2.67,43.23,56.77,0.0,False,False,,,,0.0,0.0,0.0,,,0,,0.0,798208,3790112,0,-12.75,-0.52,48.6,0.6,32.1,78.1,50.1,52.1,45.1,45.1,50.1,47.1,42.1,39.1,39.1,40.1,40.1,43.5,38.5,40.5,41.5,47.5,53.5,51.5,55.5,48.0,47.0,47.0,46.0,45.0,44.0,43.0,42.0,42.0,41.0,41.0,41.0,42.0,42.0,43.0,44.0,
2026-02-14,262,-13.53,9.8,90.2,Likely R,-13.96,3.2,-13.53,-16.22,2.68,43.23,56.77,0.0,False,False,,,,0.0,0.0,0.0,,,0,,0.0,798208,3790112,0,-12.74,-0.52,48.6,0.6,32.1,78.1,50.1,52.1,45.1,45.1,50.1,47.1,42.1,39.1,39.1,40.1,40.1,43.5,38.5,40.5,41.5,47.5,53.5,51.5,55.5,48.0,47.0,47.0,46.0,45.0,44.0,43.0,42.0,42.0,41.0,41.0,41.0,42.0,42.0,43.0,44.0,
2026-02-15,261,-13.53,9.8,90.2,Likely R,-13.96,3.2,-13.53,-16.22,2.68,43.23,56.77,0.0,False,False,,,,0.0,0.0,0.0,,,0,,0.0,798208,3790112,0,-12.74,-0.52,48.6,0.6,32.1,78.1,50.1,52.1,45.1,45.1,50.1,47.1,42.1,39.1,39.1,40.1,40.1,43.5,38.5,40.5,41.5,47.5,53.5,51.5,55.5,48.0,47.0,47.0,46.0,45.0,44.0,43.0,42.0,42.0,41.0,41.0,41.0,42.0,42.0,43.0,44.0,
2026-02-16,260,-13.49,9.9,90.1,Likely R,-13.95,3.23,-13.49,-16.22,2.72,43.25,56.75,0.0,False,False,,,,0.0,0.0,0.0,,,0,,0.0,798208,3790112,0,-12.71,-0.52,48.6,0.4,32.1,78.1,50.1,52.1,45.1,45.1,50.1,47.1,42.1,39.1,39.1,40.1,40.1,43.5,38.5,40.5,41.5,47.5,53.5,51.5,55.5,48.1,47.1,47.1,46.1,45.1,44.1,43.1,42.1,42.1,41.1,41.1,41.1,42.1,42.1,43.1,44.1,
2026-02-17,259,-13.5,9.8,90.2,Likely R,-13.95,3.22,-13.5,-16.22,2.71,43.25,56.75,0.0,False,False,,,,0.0,0.0,0.0,,,0,,0.0,798208,3790112,0,-12.72,-0.52,48.5,0.3,32.1,78.1,50.1,52.1,45.1,45.1,50.1,47.1,42.1,39.1,39.1,40.1,40.1,43.5,38.5,40.5,41.5,47.5,53.5,51.5,55.5,48.1,47.1,47.1,46.1,45.1,44.1,43.1,42.1,42.1,41.1,41.1,41.1,42.1,42.1,43.1,44.1,
2026-02-18,258,-13.49,9.9,90.1,Likely R,-13.95,3.23,-13.49,-16.22,2.72,43.25,56.75,0.0,False,False,,,,0.0,0.0,0.0,,,0,,0.0,798208,3790112,0,-12.71,-0.52,48.6,0.3,32.1,78.1,50.1,52.1,45.1,45.1,50.1,47.1,42.1,39.1,39.1,40.1,40.1,43.5,38.5,40.5,41.5,47.5,53.5,51.5,55.5,48.1,47.1,47.1,46.1,45.1,44.1,43.1,42.1,42.1,41.1,41.1,41.1,42.1,42.1,43.1,44.1,
2026-02-19,257,-13.49,9.9,90.1,Likely R,-13.95,3.23,-13.49,-16.22,2.72,43.25,56.75,0.0,False,False,,,,0.0,0.0,0.0,,,0,,0.0,798208,3790112,0,-12.71,-0.52,48.6,0.5,32.1,78.1,50.1,52.1,45.1,45.1,50.1,47.1,42.1,39.1,39.1,40.1,40.1,43.5,38.5,40.5,41.5,47.5,53.5,51.5,55.5,48.1,47.1,47.1,46.1,45.1,44.1,43.1,42.1,42.1,41.1,41.1,41.1,42.1,42.1,43.1,44.1,
2026-02-20,256,-13.41,10.0,90.0,Likely R,-13.92,3.29,-13.41,-16.22,2.81,43.3,56.7,0.0,False,False,,,,0.0,0.0,0.0,,,0,,0.0,798208,3790112,0,-12.65,-0.52,48.4,-0.0,32.2,78.2,50.2,52.2,45.2,45.2,50.2,47.2,42.2,39.2,39.2,40.2,40.2,43.5,38.5,40.5,41.5,47.5,53.5,51.5,55.5,48.1,47.1,47.1,46.1,45.1,44.1,43.1,42.1,42.1,41.1,41.1,41.1,42.1,42.1,43.1,44.1,
2026-02-21,255,-13.41,10.0,90.0,Likely R,-13.92,3.29,-13.41,-16.22,2.81,43.3,56.7,0.0,False,False,,,,0.0,0.0,0.0,,,0,,0.0,798208,3790112,0,-12.65,-0.52,48.4,-0.0,32.2,78.2,50.2,52.2,45.2,45.2,50.2,47.2,42.2,39.2,39.2,40.2,40.2,43.5,38.5,40.5,41.5,47.5,53.5,51.5,55.5,48.1,47.1,47.1,46.1,45.1,44.1,43.1,42.1,42.1,41.1,41.1,41.1,42.1,42.1,43.1,44.1,
2026-02-22,254,-13.38,10.0,90.0,Likely R,-13.92,3.31,-13.38,-16.22,2.84,43.31,56.69,0.0,False,False,,,,0.0,0.0,0.0,,,0,,0.0,798208,3790112,0,-12.63,-0.52,48.5,0.2,32.2,78.2,50.2,52.2,45.2,45.2,50.2,47.2,42.2,39.2,39.2,40.2,40.2,43.5,38.5,40.5,41.5,47.5,53.5,51.5,55.5,48.1,47.1,47.1,46.1,45.1,44.1,43.1,42.1,42.1,41.1,41.1,41.1,42.1,42.1,43.1,44.1,
2026-02-23,253,-13.39,10.0,90.0,Likely R,-13.92,3.3,-13.39,-16.22,2.82,43.3,56.7,0.0,False,False,,,,0.0,0.0,0.0,,,0,,0.0,798208,3790112,0,-12.64,-0.52,48.5,-0.0,32.2,78.2,50.2,52.2,45.2,45.2,50.2,47.2,42.2,39.2,39.2,40.2,40.2,43.5,38.5,40.5,41.5,47.5,53.5,51.5,55.5,48.1,47.1,47.1,46.1,45.1,44.1,43.1,42.1,42.1,41.1,41.1,41.1,42.1,42.1,43.1,44.1,
2026-02-24,252,-13.39,10.0,90.0,Likely R,-13.92,3.3,-13.39,-16.22,2.82,43.3,56.7,0.0,False,False,,,,0.0,0.0,0.0,,,0,,0.0,798208,3790112,0,-12.64,-0.52,48.5,-0.0,32.2,78.2,50.2,52.2,45.2,45.2,50.2,47.2,42.2,39.2,39.2,40.2,40.2,43.5,38.5,40.5,41.5,47.5,53.5,51.5,55.5,48.1,47.1,47.1,46.1,45.1,44.1,43.1,42.1,42.1,41.1,41.1,41.1,42.1,42.1,43.1,44.1,
2026-02-25,251,-13.39,10.0,90.0,Likely R,-13.92,3.3,-13.39,-16.22,2.82,43.3,56.7,0.0,False,False,,,,0.0,0.0,0.0,,,0,,0.0,798208,3790112,0,-12.64,-0.52,48.5,0.0,32.2,78.2,50.2,52.2,45.2,45.2,50.2,47.2,42.2,39.2,39.2,40.2,40.2,43.5,38.5,40.5,41.5,47.5,53.5,51.5,55.5,48.1,47.1,47.1,46.1,45.1,44.1,43.1,42.1,42.1,41.1,41.1,41.1,42.1,42.1,43.1,44.1,
2026-02-26,250,-13.42,10.0,90.0,Likely R,-13.93,3.28,-13.42,-16.22,2.79,43.29,56.71,0.0,False,False,,,,0.0,0.0,0.0,,,0,,0.0,798208,3790112,0,-12.66,-0.52,48.6,0.3,32.1,78.1,50.1,52.1,45.1,45.1,50.2,47.2,42.2,39.2,39.2,40.2,40.2,43.5,38.5,40.5,41.5,47.5,53.5,51.5,55.5,48.1,47.1,47.1,46.1,45.1,44.1,43.1,42.1,42.1,41.1,41.1,41.1,42.1,42.1,43.1,44.1,
2026-02-27,249,-13.42,10.0,90.0,Likely R,-13.93,3.28,-13.42,-16.22,2.79,43.29,56.71,0.0,False,False,,,,0.0,0.0,0.0,,,0,,0.0,798208,3790112,0,-12.66,-0.52,48.6,0.4,32.1,78.1,50.1,52.1,45.1,45.1,50.2,47.2,42.2,39.2,39.2,40.2,40.2,43.5,38.5,40.5,41.5,47.5,53.5,51.5,55.5,48.1,47.1,47.1,46.1,45.1,44.1,43.1,42.1,42.1,41.1,41.1,41.1,42.1,42.1,43.1,44.1,
2026-02-28,248,-13.42,10.0,90.0,Likely R,-13.93,3.28,-13.42,-16.22,2.79,43.29,56.71,0.0,False,False,,,,0.0,0.0,0.0,,,0,,0.0,798208,3790112,0,-12.66,-0.52,48.7,0.5,32.1,78.1,50.1,52.1,45.1,45.1,50.2,47.2,42.2,39.2,39.2,40.2,40.2,43.5,38.5,40.5,41.5,47.5,53.5,51.5,55.5,48.1,47.1,47.1,46.1,45.1,44.1,43.1,42.1,42.1,41.1,41.1,41.1,42.1,42.1,43.1,44.1,
2026-03-01,247,-13.41,10.0,90.0,Likely R,-13.92,3.29,-13.41,-16.22,2.81,43.3,56.7,0.0,False,False,,,,0.0,0.0,0.0,,,0,,0.0,798208,3790112,0,-12.65,-0.52,48.7,0.4,32.2,78.2,50.2,52.2,45.2,45.2,50.2,47.2,42.2,39.2,39.2,40.2,40.2,43.5,38.5,40.5,41.5,47.5,53.5,51.5,55.5,48.1,47.1,47.1,46.1,45.1,44.1,43.1,42.1,42.1,41.1,41.1,41.1,42.1,42.1,43.1,44.1,
2026-03-02,246,-13.38,10.0,90.0,Likely R,-13.92,3.31,-13.38,-16.22,2.84,43.31,56.69,0.0,False,False,,,,0.0,0.0,0.0,,,0,,0.0,798208,3790112,0,-12.63,-0.52,48.7,0.3,32.2,78.2,50.2,52.2,45.2,45.2,50.2,47.2,42.2,39.2,39.2,40.2,40.2,43.5,38.5,40.5,41.5,47.5,53.5,51.5,55.5,48.1,47.1,47.1,46.1,45.1,44.1,43.1,42.1,42.1,41.1,41.1,41.1,42.1,42.1,43.1,44.1,
2026-03-03,245,-13.36,10.1,89.9,Likely R,-13.91,3.32,-13.36,-16.22,2.85,43.32,56.68,0.0,False,False,,,,0.0,0.0,0.0,,,0,,0.0,798208,3790112,0,-12.62,-0.52,48.7,0.5,32.2,78.2,50.2,52.2,45.2,45.2,50.2,47.2,42.2,39.2,39.2,40.2,40.2,43.6,38.6,40.6,41.6,47.6,53.6,51.6,55.6,48.1,47.1,47.1,46.1,45.1,44.1,43.1,42.1,42.1,41.1,41.1,41.1,42.1,42.1,43.1,44.1,
2026-03-04,244,-13.25,10.3,89.7,Likely R,-13.88,3.4,-13.25,-16.22,2.96,43.37,56.63,0.0,False,False,,,,0.0,0.0,0.0,,,0,,0.0,798208,3790112,0,-12.54,-0.52,48.6,0.3,32.2,78.2,50.2,52.2,45.2,45.2,50.3,47.3,42.3,39.3,39.3,40.3,40.3,43.6,38.6,40.6,41.6,47.6,53.6,51.6,55.6,48.2,47.2,47.2,46.2,45.2,44.2,43.2,42.2,42.2,41.2,41.2,41.2,42.2,42.2,43.2,44.2,
2026-03-05,243,-13.29,10.2,89.8,Likely R,-13.89,3.37,-13.29,-16.22,2.92,43.35,56.65,0.0,False,False,,,,0.0,0.0,0.0,,,0,,0.0,798208,3790112,0,-12.57,-0.52,48.6,0.4,32.2,78.2,50.2,52.2,45.2,45.2,50.2,47.2,42.2,39.2,39.2,40.2,40.2,43.6,38.6,40.6,41.6,47.6,53.6,51.6,55.6,48.2,47.2,47.2,46.2,45.2,44.2,43.2,42.2,42.2,41.2,41.2,41.2,42.2,42.2,43.2,44.2,
2026-03-06,242,-13.28,10.2,89.8,Likely R,-13.89,3.38,-13.28,-16.22,2.94,43.36,56.64,0.0,False,False,,,,0.0,0.0,0.0,,,0,,0.0,798208,3790112,0,-12.56,-0.52,48.6,0.4,32.2,78.2,50.2,52.2,45.2,45.2,50.3,47.3,42.3,39.3,39.3,40.3,40.3,43.6,38.6,40.6,41.6,47.6,53.6,51.6,55.6,48.2,47.2,47.2,46.2,45.2,44.2,43.2,42.2,42.2,41.2,41.2,41.2,42.2,42.2,43.2,44.2,
2026-03-07,241,-13.28,10.2,89.8,Likely R,-13.89,3.38,-13.28,-16.22,2.94,43.36,56.64,0.0,False,False,,,,0.0,0.0,0.0,,,0,,0.0,798208,3790112,0,-12.56,-0.52,48.6,0.4,32.2,78.2,50.2,52.2,45.2,45.2,50.3,47.3,42.3,39.3,39.3,40.3,40.3,43.6,38.6,40.6,41.6,47.6,53.6,51.6,55.6,48.2,47.2,47.2,46.2,45.2,44.2,43.2,42.2,42.2,41.2,41.2,41.2,42.2,42.2,43.2,44.2,
2026-03-08,240,-13.28,10.2,89.8,Likely R,-13.89,3.38,-13.28,-16.22,2.94,43.36,56.64,0.0,False,False,,,,0.0,0.0,0.0,,,0,,0.0,798208,3790112,0,-12.56,-0.52,48.5,0.3,32.2,78.2,50.2,52.2,45.2,45.2,50.3,47.3,42.3,39.3,39.3,40.3,40.3,43.6,38.6,40.6,41.6,47.6,53.6,51.6,55.6,48.2,47.2,47.2,46.2,45.2,44.2,43.2,42.2,42.2,41.2,41.2,41.2,42.2,42.2,43.2,44.2,
2026-03-09,239,-13.29,10.2,89.8,Likely R,-13.89,3.37,-13.29,-16.22,2.92,43.35,56.65,0.0,False,False,,,,0.0,0.0,0.0,,,0,,0.0,798208,3790112,0,-12.57,-0.52,48.5,0.4,32.2,78.2,50.2,52.2,45.2,45.2,50.2,47.2,42.2,39.2,39.2,40.2,40.2,43.6,38.6,40.6,41.6,47.6,53.6,51.6,55.6,48.2,47.2,47.2,46.2,45.2,44.2,43.2,42.2,42.2,41.2,41.2,41.2,42.2,42.2,43.2,44.2,
2026-03-10,238,-13.28,10.2,89.8,Likely R,-13.89,3.38,-13.28,-16.22,2.94,43.36,56.64,0.0,False,False,,,,0.0,0.0,0.0,,,0,,0.0,798208,3790112,0,-12.56,-0.52,48.5,0.4,32.2,78.2,50.2,52.2,45.2,45.2,50.3,47.3,42.3,39.3,39.3,40.3,40.3,43.6,38.6,40.6,41.6,47.6,53.6,51.6,55.6,48.2,47.2,47.2,46.2,45.2,44.2,43.2,42.2,42.2,41.2,41.2,41.2,42.2,42.2,43.2,44.2,
2026-03-11,237,-13.26,10.2,89.8,Likely R,-13.88,3.39,-13.26,-16.22,2.95,43.37,56.63,0.0,False,False,,,,0.0,0.0,0.0,,,0,,0.0,798208,3790112,0,-12.55,-0.52,48.5,0.4,32.2,78.2,50.2,52.2,45.2,45.2,50.3,47.3,42.3,39.3,39.3,40.3,40.3,43.6,38.6,40.6,41.6,47.6,53.6,51.6,55.6,48.2,47.2,47.2,46.2,45.2,44.2,43.2,42.2,42.2,41.2,41.2,41.2,42.2,42.2,43.2,44.2,
2026-03-12,236,-13.26,10.2,89.8,Likely R,-13.88,3.39,-13.26,-16.22,2.95,43.37,56.63,0.0,False,False,,,,0.0,0.0,0.0,,,0,,0.0,798208,3790112,0,-12.55,-0.52,48.5,0.4,32.2,78.2,50.2,52.2,45.2,45.2,50.3,47.3,42.3,39.3,39.3,40.3,40.3,43.6,38.6,40.6,41.6,47.6,53.6,51.6,55.6,48.2,47.2,47.2,46.2,45.2,44.2,43.2,42.2,42.2,41.2,41.2,41.2,42.2,42.2,43.2,44.2,
2026-03-13,235,-13.26,10.2,89.8,Likely R,-13.88,3.39,-13.26,-16.22,2.95,43.37,56.63,0.0,False,False,,,,0.0,0.0,0.0,,,0,,0.0,798208,3790112,0,-12.55,-0.52,48.5,0.4,32.2,78.2,50.2,52.2,45.2,45.2,50.3,47.3,42.3,39.3,39.3,40.3,40.3,43.6,38.6,40.6,41.6,47.6,53.6,51.6,55.6,48.2,47.2,47.2,46.2,45.2,44.2,43.2,42.2,42.2,41.2,41.2,41.2,42.2,42.2,43.2,44.2,
2026-03-14,234,-13.26,10.2,89.8,Likely R,-13.88,3.39,-13.26,-16.22,2.95,43.37,56.63,0.0,False,False,,,,0.0,0.0,0.0,,,0,,0.0,798208,3790112,0,-12.55,-0.52,48.5,0.4,32.2,78.2,50.2,52.2,45.2,45.2,50.3,47.3,42.3,39.3,39.3,40.3,40.3,43.6,38.6,40.6,41.6,47.6,53.6,51.6,55.6,48.2,47.2,47.2,46.2,45.2,44.2,43.2,42.2,42.2,41.2,41.2,41.2,42.2,42.2,43.2,44.2,
2026-03-15,233,-13.26,10.2,89.8,Likely R,-13.88,3.39,-13.26,-16.22,2.95,43.37,56.63,0.0,False,False,,,,0.0,0.0,0.0,,,0,,0.0,798208,3790112,0,-12.55,-0.52,48.5,0.4,32.2,78.2,50.2,52.2,45.2,45.2,50.3,47.3,42.3,39.3,39.3,40.3,40.3,43.6,38.6,40.6,41.6,47.6,53.6,51.6,55.6,48.2,47.2,47.2,46.2,45.2,44.2,43.2,42.2,42.2,41.2,41.2,41.2,42.2,42.2,43.2,44.2,
2026-03-16,232,-13.21,10.3,89.7,Likely R,-13.87,3.43,-13.21,-16.22,3.01,43.4,56.6,0.0,False,False,,,,0.0,0.0,0.0,,,0,,0.0,798208,3790112,0,-12.51,-0.52,48.4,0.2,32.3,78.3,50.3,52.3,45.3,45.3,50.3,47.3,42.3,39.3,39.3,40.3,40.3,43.6,38.6,40.6,41.6,47.6,53.6,51.6,55.6,48.2,47.2,47.2,46.2,45.2,44.2,43.2,42.2,42.2,41.2,41.2,41.2,42.2,42.2,43.2,44.2,
2026-03-17,231,-13.08,10.5,89.5,Likely R,-13.83,3.52,-13.08,-16.22,3.13,43.46,56.54,0.0,False,False,,,,0.0,0.0,0.0,,,0,,0.0,798208,3790112,0,-12.42,-0.52,48.4,0.3,32.3,78.3,50.3,52.3,45.3,45.3,50.4,47.4,42.4,39.4,39.4,40.4,40.4,43.7,38.7,40.7,41.7,47.7,53.7,51.7,55.7,48.3,47.3,47.3,46.3,45.3,44.3,43.3,42.3,42.3,41.3,41.3,41.3,42.3,42.3,43.3,44.3,
2026-03-18,230,-13.07,10.6,89.4,Likely R,-13.82,3.53,-13.07,-16.22,3.15,43.47,56.53,0.0,False,False,,,,0.0,0.0,0.0,,,0,,0.0,798208,3790112,0,-12.41,-0.52,48.3,0.2,32.3,78.3,50.3,52.3,45.3,45.3,50.4,47.4,42.4,39.4,39.4,40.4,40.4,43.7,38.7,40.7,41.7,47.7,53.7,51.7,55.7,48.3,47.3,47.3,46.3,45.3,44.3,43.3,42.3,42.3,41.3,41.3,41.3,42.3,42.3,43.3,44.3,
2026-03-19,229,-13.08,10.5,89.5,Likely R,-13.83,3.52,-13.08,-16.22,3.13,43.46,56.54,0.0,False,False,,,,0.0,0.0,0.0,,,0,,0.0,798208,3790112,0,-12.42,-0.52,48.3,0.1,32.3,78.3,50.3,52.3,45.3,45.3,50.4,47.4,42.4,39.4,39.4,40.4,40.4,43.7,38.7,40.7,41.7,47.7,53.7,51.7,55.7,48.3,47.3,47.3,46.3,45.3,44.3,43.3,42.3,42.3,41.3,41.3,41.3,42.3,42.3,43.3,44.3,
2026-03-20,228,-13.08,10.5,89.5,Likely R,-13.83,3.52,-13.08,-16.22,3.13,43.46,56.54,0.0,False,False,,,,0.0,0.0,0.0,,,0,,0.0,798208,3790112,0,-12.42,-0.52,48.2,-0.1,32.3,78.3,50.3,52.3,45.3,45.3,50.4,47.4,42.4,39.4,39.4,40.4,40.4,43.7,38.7,40.7,41.7,47.7,53.7,51.7,55.7,48.3,47.3,47.3,46.3,45.3,44.3,43.3,42.3,42.3,41.3,41.3,41.3,42.3,42.3,43.3,44.3,
2026-03-21,227,-13.07,10.6,89.4,Likely R,-13.82,3.53,-13.07,-16.22,3.15,43.47,56.53,0.0,False,False,,,,0.0,0.0,0.0,,,0,,0.0,798208,3790112,0,-12.41,-0.52,48.2,-0.1,32.3,78.3,50.3,52.3,45.3,45.3,50.4,47.4,42.4,39.4,39.4,40.4,40.4,43.7,38.7,40.7,41.7,47.7,53.7,51.7,55.7,48.3,47.3,47.3,46.3,45.3,44.3,43.3,42.3,42.3,41.3,41.3,41.3,42.3,42.3,43.3,44.3,
2026-03-22,226,-13.05,10.6,89.4,Likely R,-13.82,3.54,-13.05,-16.22,3.16,43.47,56.53,0.0,False,False,,,,0.0,0.0,0.0,,,0,,0.0,798208,3790112,0,-12.4,-0.52,48.3,0.0,32.3,78.3,50.3,52.3,45.3,45.3,50.4,47.4,42.4,39.4,39.4,40.4,40.4,43.7,38.7,40.7,41.7,47.7,53.7,51.7,55.7,48.3,47.3,47.3,46.3,45.3,44.3,43.3,42.3,42.3,41.3,41.3,41.3,42.3,42.3,43.3,44.3,
2026-03-23,225,-12.97,10.7,89.3,Likely R,-13.8,3.6,-12.97,-16.22,3.25,43.52,56.48,0.0,False,False,,,,0.0,0.0,0.0,,,0,,0.0,798208,3790112,0,-12.34,-0.52,48.1,-0.5,32.4,78.4,50.4,52.4,45.4,45.4,50.4,47.4,42.4,39.4,39.4,40.4,40.4,43.8,38.8,40.8,41.8,47.8,53.8,51.8,55.8,48.3,47.3,47.3,46.3,45.3,44.3,43.3,42.3,42.3,41.3,41.3,41.3,42.3,42.3,43.3,44.3,
2026-03-24,224,-12.97,10.7,89.3,Likely R,-13.8,3.6,-12.97,-16.22,3.25,43.52,56.48,0.0,False,False,,,,0.0,0.0,0.0,,,0,,0.0,798208,3790112,0,-12.34,-0.52,48.1,-0.4,32.4,78.4,50.4,52.4,45.4,45.4,50.4,47.4,42.4,39.4,39.4,40.4,40.4,43.8,38.8,40.8,41.8,47.8,53.8,51.8,55.8,48.3,47.3,47.3,46.3,45.3,44.3,43.3,42.3,42.3,41.3,41.3,41.3,42.3,42.3,43.3,44.3,
2026-03-25,223,-12.95,10.7,89.3,Likely R,-13.79,3.61,-12.95,-16.22,3.26,43.52,56.48,0.0,False,False,,,,0.0,0.0,0.0,,,0,,0.0,798208,3790112,0,-12.33,-0.52,48.0,-0.4,32.4,78.4,50.4,52.4,45.4,45.4,50.4,47.4,42.4,39.4,39.4,40.4,40.4,43.8,38.8,40.8,41.8,47.8,53.8,51.8,55.8,48.3,47.3,47.3,46.3,45.3,44.3,43.3,42.3,42.3,41.3,41.3,41.3,42.3,42.3,43.3,44.3,
2026-03-26,222,-12.97,10.7,89.3,Likely R,-13.8,3.6,-12.97,-16.22,3.25,43.52,56.48,0.0,False,False,,,,0.0,0.0,0.0,,,0,,0.0,798208,3790112,0,-12.34,-0.52,48.1,-0.4,32.4,78.4,50.4,52.4,45.4,45.4,50.4,47.4,42.4,39.4,39.4,40.4,40.4,43.8,38.8,40.8,41.8,47.8,53.8,51.8,55.8,48.3,47.3,47.3,46.3,45.3,44.3,43.3,42.3,42.3,41.3,41.3,41.3,42.3,42.3,43.3,44.3,
2026-03-27,221,-12.95,10.7,89.3,Likely R,-13.79,3.61,-12.95,-16.22,3.26,43.52,56.48,0.0,False,False,,,,0.0,0.0,0.0,,,0,,0.0,798208,3790112,0,-12.33,-0.52,48.1,-0.4,32.4,78.4,50.4,52.4,45.4,45.4,50.4,47.4,42.4,39.4,39.4,40.4,40.4,43.8,38.8,40.8,41.8,47.8,53.8,51.8,55.8,48.3,47.3,47.3,46.3,45.3,44.3,43.3,42.3,42.3,41.3,41.3,41.3,42.3,42.3,43.3,44.3,
2026-03-28,220,-12.95,10.7,89.3,Likely R,-13.79,3.61,-12.95,-16.22,3.26,43.52,56.48,0.0,False,False,,,,0.0,0.0,0.0,,,0,,0.0,798208,3790112,0,-12.33,-0.52,48.1,-0.3,32.4,78.4,50.4,52.4,45.4,45.4,50.4,47.4,42.4,39.4,39.4,40.4,40.4,43.8,38.8,40.8,41.8,47.8,53.8,51.8,55.8,48.3,47.3,47.3,46.3,45.3,44.3,43.3,42.3,42.3,41.3,41.3,41.3,42.3,42.3,43.3,44.3,
2026-03-29,219,-12.95,10.7,89.3,Likely R,-13.79,3.61,-12.95,-16.22,3.26,43.52,56.48,0.0,False,False,,,,0.0,0.0,0.0,,,0,,0.0,798208,3790112,0,-12.33,-0.52,48.1,-0.3,32.4,78.4,50.4,52.4,45.4,45.4,50.4,47.4,42.4,39.4,39.4,40.4,40.4,43.8,38.8,40.8,41.8,47.8,53.8,51.8,55.8,48.3,47.3,47.3,46.3,45.3,44.3,43.3,42.3,42.3,41.3,41.3,41.3,42.3,42.3,43.3,44.3,
2026-03-30,218,-12.9,10.8,89.2,Likely R,-13.77,3.65,-12.9,-16.22,3.32,43.55,56.45,0.0,False,False,,,,0.0,0.0,0.0,,,0,,0.0,798208,3790112,0,-12.29,-0.52,47.9,-0.7,32.4,78.4,50.4,52.4,45.4,45.4,50.4,47.4,42.4,39.4,39.4,40.4,40.4,43.8,38.8,40.8,41.8,47.8,53.8,51.8,55.8,48.4,47.4,47.4,46.4,45.4,44.4,43.4,42.4,42.4,41.4,41.4,41.4,42.4,42.4,43.4,44.4,
2026-03-31,217,-12.88,10.9,89.1,Likely R,-13.77,3.66,-12.88,-16.22,3.33,43.56,56.44,0.0,False,False,,,,0.0,0.0,0.0,,,0,,0.0,798208,3790112,0,-12.28,-0.52,47.9,-0.7,32.4,78.4,50.4,52.4,45.4,45.4,50.5,47.5,42.5,39.5,39.5,40.5,40.5,43.8,38.8,40.8,41.8,47.8,53.8,51.8,55.8,48.4,47.4,47.4,46.4,45.4,44.4,43.4,42.4,42.4,41.4,41.4,41.4,42.4,42.4,43.4,44.4,
2026-04-01,216,-12.85,10.9,89.1,Likely R,-13.76,3.68,-12.85,-16.22,3.36,43.57,56.43,0.0,False,False,,,,0.0,0.0,0.0,,,0,,0.0,798208,3790112,0,-12.26,-0.52,47.9,-0.7,32.4,78.4,50.4,52.4,45.4,45.4,50.5,47.5,42.5,39.5,39.5,40.5,40.5,43.8,38.8,40.8,41.8,47.8,53.8,51.8,55.8,48.4,47.4,47.4,46.4,45.4,44.4,43.4,42.4,42.4,41.4,41.4,41.4,42.4,42.4,43.4,44.4,
2026-04-02,215,-12.84,10.9,89.1,Likely R,-13.76,3.69,-12.84,-16.22,3.37,43.58,56.42,0.0,False,False,,,,0.0,0.0,0.0,,,0,,0.0,798208,3790112,0,-12.25,-0.52,47.9,-0.7,32.4,78.4,50.4,52.4,45.4,45.4,50.5,47.5,42.5,39.5,39.5,40.5,40.5,43.8,38.8,40.8,41.8,47.8,53.8,51.8,55.8,48.4,47.4,47.4,46.4,45.4,44.4,43.4,42.4,42.4,41.4,41.4,41.4,42.4,42.4,43.4,44.4,
2026-04-03,214,-12.83,11.0,89.0,Likely R,-13.75,3.7,-12.83,-16.22,3.39,43.59,56.41,0.0,False,False,,,,0.0,0.0,0.0,,,0,,0.0,798208,3790112,0,-12.24,-0.52,47.9,-0.6,32.4,78.4,50.4,52.4,45.4,45.4,50.5,47.5,42.5,39.5,39.5,40.5,40.5,43.8,38.8,40.8,41.8,47.8,53.8,51.8,55.8,48.4,47.4,47.4,46.4,45.4,44.4,43.4,42.4,42.4,41.4,41.4,41.4,42.4,42.4,43.4,44.4,
2026-04-04,213,-12.83,11.0,89.0,Likely R,-13.75,3.7,-12.83,-16.22,3.39,43.59,56.41,0.0,False,False,,,,0.0,0.0,0.0,,,0,,0.0,798208,3790112,0,-12.24,-0.52,47.9,-0.6,32.4,78.4,50.4,52.4,45.4,45.4,50.5,47.5,42.5,39.5,39.5,40.5,40.5,43.8,38.8,40.8,41.8,47.8,53.8,51.8,55.8,48.4,47.4,47.4,46.4,45.4,44.4,43.4,42.4,42.4,41.4,41.4,41.4,42.4,42.4,43.4,44.4,
2026-04-05,212,-12.83,11.0,89.0,Likely R,-13.75,3.7,-12.83,-16.22,3.39,43.59,56.41,0.0,False,False,,,,0.0,0.0,0.0,,,0,,0.0,798208,3790112,0,-12.24,-0.52,48.0,-0.5,32.4,78.4,50.4,52.4,45.4,45.4,50.5,47.5,42.5,39.5,39.5,40.5,40.5,43.8,38.8,40.8,41.8,47.8,53.8,51.8,55.8,48.4,47.4,47.4,46.4,45.4,44.4,43.4,42.4,42.4,41.4,41.4,41.4,42.4,42.4,43.4,44.4,
2026-04-06,211,-12.87,10.9,89.1,Likely R,-13.77,3.67,-12.87,-16.22,3.35,43.57,56.43,0.0,False,False,,,,0.0,0.0,0.0,,,0,,0.0,798208,3790112,0,-12.27,-0.52,47.9,-0.5,32.4,78.4,50.4,52.4,45.4,45.4,50.5,47.5,42.5,39.5,39.5,40.5,40.5,43.8,38.8,40.8,41.8,47.8,53.8,51.8,55.8,48.4,47.4,47.4,46.4,45.4,44.4,43.4,42.4,42.4,41.4,41.4,41.4,42.4,42.4,43.4,44.4,
2026-04-07,210,-12.87,10.9,89.1,Likely R,-13.77,3.67,-12.87,-16.22,3.35,43.57,56.43,0.0,False,False,,,,0.0,0.0,0.0,,,0,,0.0,798208,3790112,0,-12.27,-0.52,47.9,-0.6,32.4,78.4,50.4,52.4,45.4,45.4,50.5,47.5,42.5,39.5,39.5,40.5,40.5,43.8,38.8,40.8,41.8,47.8,53.8,51.8,55.8,48.4,47.4,47.4,46.4,45.4,44.4,43.4,42.4,42.4,41.4,41.4,41.4,42.4,42.4,43.4,44.4,
2026-04-08,209,-12.85,10.9,89.1,Likely R,-13.76,3.68,-12.85,-16.22,3.36,43.57,56.43,0.0,False,False,,,,0.0,0.0,0.0,,,0,,0.0,798208,3790112,0,-12.26,-0.52,47.9,-0.5,32.4,78.4,50.4,52.4,45.4,45.4,50.5,47.5,42.5,39.5,39.5,40.5,40.5,43.8,38.8,40.8,41.8,47.8,53.8,51.8,55.8,48.4,47.4,47.4,46.4,45.4,44.4,43.4,42.4,42.4,41.4,41.4,41.4,42.4,42.4,43.4,44.4,
2026-04-09,208,-12.81,11.0,89.0,Likely R,-13.75,3.71,-12.81,-16.22,3.4,43.59,56.41,0.0,False,False,,,,0.0,0.0,0.0,,,0,,0.0,798208,3790112,0,-12.23,-0.52,47.9,-0.5,32.4,78.4,50.4,52.4,45.4,45.4,50.5,47.5,42.5,39.5,39.5,40.5,40.5,43.8,38.8,40.8,41.8,47.8,53.8,51.8,55.8,48.4,47.4,47.4,46.4,45.4,44.4,43.4,42.4,42.4,41.4,41.4,41.4,42.4,42.4,43.4,44.4,
2026-04-10,207,-12.81,11.0,89.0,Likely R,-13.75,3.71,-12.81,-16.22,3.4,43.59,56.41,0.0,False,False,,,,0.0,0.0,0.0,,,0,,0.0,798208,3790112,0,-12.23,-0.52,47.9,-0.6,32.4,78.4,50.4,52.4,45.4,45.4,50.5,47.5,42.5,39.5,39.5,40.5,40.5,43.8,38.8,40.8,41.8,47.8,53.8,51.8,55.8,48.4,47.4,47.4,46.4,45.4,44.4,43.4,42.4,42.4,41.4,41.4,41.4,42.4,42.4,43.4,44.4,
2026-04-11,206,-12.8,11.0,89.0,Likely R,-13.75,3.72,-12.8,-16.22,3.42,43.6,56.4,0.0,False,False,,,,0.0,0.0,0.0,,,0,,0.0,798208,3790112,0,-12.22,-0.52,47.9,-0.6,32.5,78.5,50.5,52.5,45.5,45.5,50.5,47.5,42.5,39.5,39.5,40.5,40.5,43.8,38.8,40.8,41.8,47.8,53.8,51.8,55.8,48.4,47.4,47.4,46.4,45.4,44.4,43.4,42.4,42.4,41.4,41.4,41.4,42.4,42.4,43.4,44.4,
2026-04-12,205,-12.83,10.9,89.1,Likely R,-13.75,3.7,-12.83,-16.22,3.39,43.59,56.41,0.0,False,False,,,,0.0,0.0,0.0,,,0,,0.0,798208,3790112,0,-12.24,-0.52,48.0,-0.5,32.4,78.4,50.4,52.4,45.4,45.4,50.5,47.5,42.5,39.5,39.5,40.5,40.5,43.8,38.8,40.8,41.8,47.8,53.8,51.8,55.8,48.4,47.4,47.4,46.4,45.4,44.4,43.4,42.4,42.4,41.4,41.4,41.4,42.4,42.4,43.4,44.4,
2026-04-13,204,-12.78,11.0,89.0,Likely R,-13.74,3.73,-12.78,-16.22,3.43,43.61,56.39,0.0,False,False,,,,0.0,0.0,0.0,,,0,,0.0,798208,3790112,0,-12.21,-0.52,47.8,-0.8,32.5,78.5,50.5,52.5,45.5,45.5,50.5,47.5,42.5,39.5,39.5,40.5,40.5,43.8,38.8,40.8,41.8,47.8,53.8,51.8,55.8,48.4,47.4,47.4,46.4,45.4,44.4,43.4,42.4,42.4,41.4,41.4,41.4,42.4,42.4,43.4,44.4,
2026-04-14,203,-12.74,11.1,88.9,Likely R,-13.73,3.76,-12.74,-16.22,3.47,43.63,56.37,0.0,False,False,,,,0.0,0.0,0.0,,,0,,0.0,798208,3790112,0,-12.18,-0.52,47.7,-0.9,32.5,78.5,50.5,52.5,45.5,45.5,50.5,47.5,42.5,39.5,39.5,40.5,40.5,43.9,38.9,40.9,41.9,47.9,53.9,51.9,55.9,48.4,47.4,47.4,46.4,45.4,44.4,43.4,42.4,42.4,41.4,41.4,41.4,42.4,42.4,43.4,44.4,
2026-04-15,202,-12.73,11.1,88.9,Likely R,-13.73,3.77,-12.73,-16.22,3.49,43.64,56.36,0.0,False,False,,,,0.0,0.0,0.0,,,0,,0.0,798208,3790112,0,-12.17,-0.52,47.7,-0.9,32.5,78.5,50.5,52.5,45.5,45.5,50.5,47.5,42.5,39.5,39.5,40.5,40.5,43.9,38.9,40.9,41.9,47.9,53.9,51.9,55.9,48.5,47.5,47.5,46.5,45.5,44.5,43.5,42.5,42.5,41.5,41.5,41.5,42.5,42.5,43.5,44.5,
2026-04-16,201,-12.7,11.2,88.8,Likely R,-13.72,3.79,-12.7,-16.22,3.51,43.65,56.35,0.0,False,False,,,,0.0,0.0,0.0,,,0,,0.0,798208,3790112,0,-12.15,-0.52,47.7,-1.0,32.5,78.5,50.5,52.5,45.5,45.5,50.5,47.5,42.5,39.5,39.5,40.5,40.5,43.9,38.9,40.9,41.9,47.9,53.9,51.9,55.9,48.5,47.5,47.5,46.5,45.5,44.5,43.5,42.5,42.5,41.5,41.5,41.5,42.5,42.5,43.5,44.5,
2026-04-17,200,-12.7,11.2,88.8,Likely R,-13.72,3.79,-12.7,-16.22,3.51,43.65,56.35,0.0,False,False,,,,0.0,0.0,0.0,,,0,,0.0,798208,3790112,0,-12.15,-0.52,47.7,-1.0,32.5,78.5,50.5,52.5,45.5,45.5,50.5,47.5,42.5,39.5,39.5,40.5,40.5,43.9,38.9,40.9,41.9,47.9,53.9,51.9,55.9,48.5,47.5,47.5,46.5,45.5,44.5,43.5,42.5,42.5,41.5,41.5,41.5,42.5,42.5,43.5,44.5,
2026-04-18,199,-12.7,11.2,88.8,Likely R,-13.72,3.79,-12.7,-16.22,3.51,43.65,56.35,0.0,False,False,,,,0.0,0.0,0.0,,,0,,0.0,798208,3790112,0,-12.15,-0.52,47.8,-1.0,32.5,78.5,50.5,52.5,45.5,45.5,50.5,47.5,42.5,39.5,39.5,40.5,40.5,43.9,38.9,40.9,41.9,47.9,53.9,51.9,55.9,48.5,47.5,47.5,46.5,45.5,44.5,43.5,42.5,42.5,41.5,41.5,41.5,42.5,42.5,43.5,44.5,
2026-04-19,198,-12.67,11.2,88.8,Likely R,-13.71,3.81,-12.67,-16.22,3.54,43.66,56.34,0.0,False,False,,,,0.0,0.0,0.0,,,0,,0.0,798208,3790112,0,-12.13,-0.52,47.7,-1.1,32.5,78.5,50.5,52.5,45.5,45.5,50.6,47.6,42.6,39.6,39.6,40.6,40.6,43.9,38.9,40.9,41.9,47.9,53.9,51.9,55.9,48.5,47.5,47.5,46.5,45.5,44.5,43.5,42.5,42.5,41.5,41.5,41.5,42.5,42.5,43.5,44.5,
2026-04-20,197,-12.67,11.2,88.8,Likely R,-13.71,3.81,-12.67,-16.22,3.54,43.66,56.34,0.0,False,False,,,,0.0,0.0,0.0,,,0,,0.0,798208,3790112,0,-12.13,-0.52,47.4,-1.7,32.5,78.5,50.5,52.5,45.5,45.5,50.6,47.6,42.6,39.6,39.6,40.6,40.6,43.9,38.9,40.9,41.9,47.9,53.9,51.9,55.9,48.5,47.5,47.5,46.5,45.5,44.5,43.5,42.5,42.5,41.5,41.5,41.5,42.5,42.5,43.5,44.5,
2026-04-21,196,-12.67,11.2,88.8,Likely R,-13.71,3.81,-12.67,-16.22,3.54,43.66,56.34,0.0,False,False,,,,0.0,0.0,0.0,,,0,,0.0,798208,3790112,0,-12.13,-0.52,47.4,-1.7,32.5,78.5,50.5,52.5,45.5,45.5,50.6,47.6,42.6,39.6,39.6,40.6,40.6,43.9,38.9,40.9,41.9,47.9,53.9,51.9,55.9,48.5,47.5,47.5,46.5,45.5,44.5,43.5,42.5,42.5,41.5,41.5,41.5,42.5,42.5,43.5,44.5,
2026-04-22,195,-12.66,11.2,88.8,Likely R,-13.7,3.82,-12.66,-16.22,3.56,43.67,56.33,0.0,False,False,,,,0.0,0.0,0.0,,,0,,0.0,798208,3790112,0,-12.12,-0.52,47.4,-1.7,32.5,78.5,50.5,52.5,45.5,45.5,50.6,47.6,42.6,39.6,39.6,40.6,40.6,43.9,38.9,40.9,41.9,47.9,53.9,51.9,55.9,48.5,47.5,47.5,46.5,45.5,44.5,43.5,42.5,42.5,41.5,41.5,41.5,42.5,42.5,43.5,44.5,
2026-04-23,194,-12.64,11.3,88.7,Likely R,-13.7,3.83,-12.64,-16.22,3.57,43.68,56.32,0.0,False,False,,,,0.0,0.0,0.0,,,0,,0.0,798208,3790112,0,-12.11,-0.52,47.4,-1.7,32.5,78.5,50.5,52.5,45.5,45.5,50.6,47.6,42.6,39.6,39.6,40.6,40.6,43.9,38.9,40.9,41.9,47.9,53.9,51.9,55.9,48.5,47.5,47.5,46.5,45.5,44.5,43.5,42.5,42.5,41.5,41.5,41.5,42.5,42.5,43.5,44.5,
2026-04-24,193,-12.63,11.3,88.7,Likely R,-13.7,3.84,-12.63,-16.22,3.59,43.69,56.31,0.0,False,False,,,,0.0,0.0,0.0,,,0,,0.0,798208,3790112,0,-12.1,-0.52,47.4,-1.7,32.5,78.5,50.5,52.5,45.5,45.5,50.6,47.6,42.6,39.6,39.6,40.6,40.6,43.9,38.9,40.9,41.9,47.9,53.9,51.9,55.9,48.5,47.5,47.5,46.5,45.5,44.5,43.5,42.5,42.5,41.5,41.5,41.5,42.5,42.5,43.5,44.5,
2026-04-25,192,-12.63,11.3,88.7,Likely R,-13.7,3.84,-12.63,-16.22,3.59,43.69,56.31,0.0,False,False,,,,0.0,0.0,0.0,,,0,,0.0,798208,3790112,0,-12.1,-0.52,47.4,-1.7,32.5,78.5,50.5,52.5,45.5,45.5,50.6,47.6,42.6,39.6,39.6,40.6,40.6,43.9,38.9,40.9,41.9,47.9,53.9,51.9,55.9,48.5,47.5,47.5,46.5,45.5,44.5,43.5,42.5,42.5,41.5,41.5,41.5,42.5,42.5,43.5,44.5,
2026-04-26,191,-12.57,11.4,88.6,Likely R,-13.68,3.88,-12.57,-16.22,3.64,43.71,56.29,0.0,False,False,,,,0.0,0.0,0.0,,,0,,0.0,798208,3790112,0,-12.06,-0.52,47.3,-2.0,32.6,78.6,50.6,52.6,45.6,45.6,50.6,47.6,42.6,39.6,39.6,40.6,40.6,43.9,38.9,40.9,41.9,47.9,53.9,51.9,55.9,48.5,47.5,47.5,46.5,45.5,44.5,43.5,42.5,42.5,41.5,41.5,41.5,42.5,42.5,43.5,44.5,
2026-04-27,190,-12.6,11.3,88.7,Likely R,-13.69,3.86,-12.6,-16.22,3.61,43.7,56.3,0.0,False,False,,,,0.0,0.0,0.0,,,0,,0.0,798208,3790112,0,-12.08,-0.52,47.2,-2.2,32.6,78.6,50.6,52.6,45.6,45.6,50.6,47.6,42.6,39.6,39.6,40.6,40.6,43.9,38.9,40.9,41.9,47.9,53.9,51.9,55.9,48.5,47.5,47.5,46.5,45.5,44.5,43.5,42.5,42.5,41.5,41.5,41.5,42.5,42.5,43.5,44.5,
2026-04-28,189,-12.59,11.4,88.6,Likely R,-13.68,3.87,-12.59,-16.22,3.63,43.71,56.29,0.0,False,False,,,,0.0,0.0,0.0,,,0,,0.0,798208,3790112,0,-12.07,-0.52,47.2,-2.3,32.6,78.6,50.6,52.6,45.6,45.6,50.6,47.6,42.6,39.6,39.6,40.6,40.6,43.9,38.9,40.9,41.9,47.9,53.9,51.9,55.9,48.5,47.5,47.5,46.5,45.5,44.5,43.5,42.5,42.5,41.5,41.5,41.5,42.5,42.5,43.5,44.5,
2026-04-29,188,-12.59,11.4,88.6,Likely R,-13.68,3.87,-12.59,-16.22,3.63,43.71,56.29,0.0,False,False,,,,0.0,0.0,0.0,,,0,,0.0,798208,3790112,0,-12.07,-0.52,47.2,-2.3,32.6,78.6,50.6,52.6,45.6,45.6,50.6,47.6,42.6,39.6,39.6,40.6,40.6,43.9,38.9,40.9,41.9,47.9,53.9,51.9,55.9,48.5,47.5,47.5,46.5,45.5,44.5,43.5,42.5,42.5,41.5,41.5,41.5,42.5,42.5,43.5,44.5,
2026-04-30,187,-12.46,11.6,88.4,Likely R,-13.65,3.96,-12.46,-16.22,3.75,43.77,56.23,0.0,False,False,,,,0.0,0.0,0.0,,,0,,0.0,798208,3790112,0,-11.98,-0.52,47.2,-2.4,32.6,78.6,50.6,52.6,45.6,45.6,50.7,47.7,42.7,39.7,39.7,40.7,40.7,44.0,39.0,41.0,42.0,48.0,54.0,52.0,56.0,48.6,47.6,47.6,46.6,45.6,44.6,43.6,42.6,42.6,41.6,41.6,41.6,42.6,42.6,43.6,44.6,
2026-05-01,186,-11.89,12.7,87.3,Likely R,-13.48,4.36,-11.89,-16.22,4.32,44.05,55.95,0.0,False,False,,,,0.0,0.0,0.0,,,0,,0.0,798208,3790112,0,-11.58,-0.52,47.2,-2.3,32.9,78.9,50.9,52.9,45.9,45.9,50.9,47.9,42.9,39.9,39.9,40.9,40.9,44.3,39.3,41.3,42.3,48.3,54.3,52.3,56.3,48.9,47.9,47.9,46.9,45.9,44.9,43.9,42.9,42.9,41.9,41.9,41.9,42.9,42.9,43.9,44.9,
2026-05-02,185,-11.88,12.7,87.3,Likely R,-13.48,4.37,-11.88,-16.22,4.33,44.06,55.94,0.0,False,False,,,,0.0,0.0,0.0,,,0,,0.0,798208,3790112,0,-11.57,-0.52,47.2,-2.3,32.9,78.9,50.9,52.9,45.9,45.9,51.0,48.0,43.0,40.0,40.0,41.0,41.0,44.3,39.3,41.3,42.3,48.3,54.3,52.3,56.3,48.9,47.9,47.9,46.9,45.9,44.9,43.9,42.9,42.9,41.9,41.9,41.9,42.9,42.9,43.9,44.9,
2026-05-03,184,-11.88,12.7,87.3,Likely R,-13.48,4.37,-11.88,-16.22,4.33,44.06,55.94,0.0,False,False,,,,0.0,0.0,0.0,,,0,,0.0,798208,3790112,0,-11.57,-0.52,47.2,-2.2,32.9,78.9,50.9,52.9,45.9,45.9,51.0,48.0,43.0,40.0,40.0,41.0,41.0,44.3,39.3,41.3,42.3,48.3,54.3,52.3,56.3,48.9,47.9,47.9,46.9,45.9,44.9,43.9,42.9,42.9,41.9,41.9,41.9,42.9,42.9,43.9,44.9,
2026-05-04,183,-11.89,12.7,87.3,Likely R,-13.48,4.36,-11.89,-16.22,4.32,44.05,55.95,0.0,False,False,,,,0.0,0.0,0.0,,,0,,0.0,798208,3790112,0,-11.58,-0.52,47.1,-2.5,32.9,78.9,50.9,52.9,45.9,45.9,50.9,47.9,42.9,39.9,39.9,40.9,40.9,44.3,39.3,41.3,42.3,48.3,54.3,52.3,56.3,48.9,47.9,47.9,46.9,45.9,44.9,43.9,42.9,42.9,41.9,41.9,41.9,42.9,42.9,43.9,44.9,
2026-05-05,182,-11.89,12.7,87.3,Likely R,-13.48,4.36,-11.89,-16.22,4.32,44.05,55.95,0.0,False,False,,,,0.0,0.0,0.0,,,0,,0.0,798208,3790112,0,-11.58,-0.52,47.1,-2.5,32.9,78.9,50.9,52.9,45.9,45.9,50.9,47.9,42.9,39.9,39.9,40.9,40.9,44.3,39.3,41.3,42.3,48.3,54.3,52.3,56.3,48.9,47.9,47.9,46.9,45.9,44.9,43.9,42.9,42.9,41.9,41.9,41.9,42.9,42.9,43.9,44.9,
2026-05-06,181,-11.87,12.7,87.3,Likely R,-13.47,4.38,-11.87,-16.22,4.35,44.07,55.93,0.0,False,False,,,,0.0,0.0,0.0,,,0,,0.0,798208,3790112,0,-11.56,-0.52,47.1,-2.5,32.9,78.9,50.9,52.9,45.9,45.9,51.0,48.0,43.0,40.0,40.0,41.0,41.0,44.3,39.3,41.3,42.3,48.3,54.3,52.3,56.3,48.9,47.9,47.9,46.9,45.9,44.9,43.9,42.9,42.9,41.9,41.9,41.9,42.9,42.9,43.9,44.9,
2026-05-07,180,-11.64,13.2,86.8,Likely R,-13.41,4.54,-11.64,-16.22,4.57,44.18,55.82,0.0,False,False,,,,0.0,0.0,0.0,,,0,,0.0,798208,3790112,0,-11.4,-0.52,47.1,-2.6,33.0,79.0,51.0,53.0,46.0,46.0,51.1,48.1,43.1,40.1,40.1,41.1,41.1,44.4,39.4,41.4,42.4,48.4,54.4,52.4,56.4,49.0,48.0,48.0,47.0,46.0,45.0,44.0,43.0,43.0,42.0,42.0,42.0,43.0,43.0,44.0,45.0,
2026-05-08,179,-11.64,13.2,86.8,Likely R,-13.41,4.54,-11.64,-16.22,4.57,44.18,55.82,0.0,False,False,,,,0.0,0.0,0.0,46.5,42.0,1,1.5,0.15,798208,3790112,0,-11.4,-0.52,47.1,-2.6,33.0,79.0,51.0,53.0,46.0,46.0,51.1,48.1,43.1,40.1,40.1,41.1,41.1,44.4,39.4,41.4,42.4,48.4,54.4,52.4,56.4,49.0,48.0,48.0,47.0,46.0,45.0,44.0,43.0,43.0,42.0,42.0,42.0,43.0,43.0,44.0,45.0,
2026-05-09,178,-11.63,13.2,86.8,Likely R,-13.4,4.55,-11.63,-16.22,4.59,44.19,55.81,0.0,False,False,,,,0.0,0.0,0.0,46.5,42.0,1,1.5,0.15,798208,3790112,0,-11.39,-0.52,47.1,-2.6,33.0,79.0,51.0,53.0,46.0,46.0,51.1,48.1,43.1,40.1,40.1,41.1,41.1,44.4,39.4,41.4,42.4,48.4,54.4,52.4,56.4,49.0,48.0,48.0,47.0,46.0,45.0,44.0,43.0,43.0,42.0,42.0,42.0,43.0,43.0,44.0,45.0,
2026-05-10,177,-11.65,13.2,86.8,Likely R,-13.41,4.53,-11.65,-16.22,4.56,44.17,55.83,0.0,False,False,,,,0.0,0.0,0.0,46.5,42.0,1,1.38,0.15,798208,3790112,0,-11.41,-0.52,47.1,-2.5,33.0,79.0,51.0,53.0,46.0,46.0,51.1,48.1,43.1,40.1,40.1,41.1,41.1,44.4,39.4,41.4,42.4,48.4,54.4,52.4,56.4,49.0,48.0,48.0,47.0,46.0,45.0,44.0,43.0,43.0,42.0,42.0,42.0,43.0,43.0,44.0,45.0,
2026-05-11,176,-11.65,13.2,86.8,Likely R,-13.41,4.53,-11.65,-16.22,4.56,44.17,55.83,0.0,False,False,,,,0.0,0.0,0.0,46.5,42.0,1,1.37,0.15,798208,3790112,0,-11.41,-0.52,47.0,-2.8,33.0,79.0,51.0,53.0,46.0,46.0,51.1,48.1,43.1,40.1,40.1,41.1,41.1,44.4,39.4,41.4,42.4,48.4,54.4,52.4,56.4,49.0,48.0,48.0,47.0,46.0,45.0,44.0,43.0,43.0,42.0,42.0,42.0,43.0,43.0,44.0,45.0,
2026-05-12,175,-11.65,13.2,86.8,Likely R,-13.41,4.53,-11.65,-16.22,4.56,44.17,55.83,0.0,False,False,,,,0.0,0.0,0.0,46.5,42.0,1,1.37,0.15,798208,3790112,0,-11.41,-0.52,47.0,-2.8,33.0,79.0,51.0,53.0,46.0,46.0,51.1,48.1,43.1,40.1,40.1,41.1,41.1,44.4,39.4,41.4,42.4,48.4,54.4,52.4,56.4,49.0,48.0,48.0,47.0,46.0,45.0,44.0,43.0,43.0,42.0,42.0,42.0,43.0,43.0,44.0,45.0,
2026-05-13,174,-11.64,13.2,86.8,Likely R,-13.41,4.54,-11.64,-16.22,4.57,44.18,55.82,0.0,False,False,,,,0.0,0.0,0.0,46.5,42.0,1,1.37,0.15,798208,3790112,0,-11.4,-0.52,47.0,-2.8,33.0,79.0,51.0,53.0,46.0,46.0,51.1,48.1,43.1,40.1,40.1,41.1,41.1,44.4,39.4,41.4,42.4,48.4,54.4,52.4,56.4,49.0,48.0,48.0,47.0,46.0,45.0,44.0,43.0,43.0,42.0,42.0,42.0,43.0,43.0,44.0,45.0,
2026-05-14,173,-11.64,13.2,86.8,Likely R,-13.41,4.54,-11.64,-16.22,4.57,44.18,55.82,0.0,False,False,,,,0.0,0.0,0.0,46.5,42.0,1,1.37,0.15,798208,3790112,0,-11.4,-0.52,47.0,-2.8,33.0,79.0,51.0,53.0,46.0,46.0,51.1,48.1,43.1,40.1,40.1,41.1,41.1,44.4,39.4,41.4,42.4,48.4,54.4,52.4,56.4,49.0,48.0,48.0,47.0,46.0,45.0,44.0,43.0,43.0,42.0,42.0,42.0,43.0,43.0,44.0,45.0,
2026-05-15,172,-11.44,13.6,86.4,Likely R,-13.35,4.68,-11.44,-16.22,4.77,44.28,55.72,0.0,False,False,,,,0.0,0.0,0.0,46.5,42.0,1,1.62,0.15,798208,3790112,0,-11.26,-0.52,46.9,-3.1,33.1,79.1,51.1,53.1,46.1,46.1,51.2,48.2,43.2,40.2,40.2,41.2,41.2,44.5,39.5,41.5,42.5,48.5,54.5,52.5,56.5,49.1,48.1,48.1,47.1,46.1,45.1,44.1,43.1,43.1,42.1,42.1,42.1,43.1,43.1,44.1,45.1,
2026-05-16,171,-11.44,13.6,86.4,Likely R,-13.35,4.68,-11.44,-16.22,4.77,44.28,55.72,0.0,False,False,,,,0.0,0.0,0.0,46.5,42.0,1,1.62,0.15,798208,3790112,0,-11.26,-0.52,46.9,-3.1,33.1,79.1,51.1,53.1,46.1,46.1,51.2,48.2,43.2,40.2,40.2,41.2,41.2,44.5,39.5,41.5,42.5,48.5,54.5,52.5,56.5,49.1,48.1,48.1,47.1,46.1,45.1,44.1,43.1,43.1,42.1,42.1,42.1,43.1,43.1,44.1,45.1,
2026-05-17,170,-11.48,13.5,86.5,Likely R,-13.36,4.65,-11.48,-16.22,4.73,44.26,55.74,0.0,False,False,,,,0.0,0.0,0.0,46.5,42.0,1,1.56,0.15,798208,3790112,0,-11.29,-0.52,46.9,-3.0,33.1,79.1,51.1,53.1,46.1,46.1,51.2,48.2,43.2,40.2,40.2,41.2,41.2,44.5,39.5,41.5,42.5,48.5,54.5,52.5,56.5,49.1,48.1,48.1,47.1,46.1,45.1,44.1,43.1,43.1,42.1,42.1,42.1,43.1,43.1,44.1,45.1,
2026-05-18,169,-11.34,13.8,86.2,Likely R,-13.32,4.75,-11.34,-16.22,4.87,44.33,55.67,0.0,False,False,,,,0.0,0.0,0.0,46.5,42.0,1,1.76,0.15,798208,3790112,0,-11.19,-0.52,46.7,-3.5,33.2,79.2,51.2,53.2,46.2,46.2,51.2,48.2,43.2,40.2,40.2,41.2,41.2,44.6,39.6,41.6,42.6,48.6,54.6,52.6,56.6,49.1,48.1,48.1,47.1,46.1,45.1,44.1,43.1,43.1,42.1,42.1,42.1,43.1,43.1,44.1,45.1,
2026-05-19,168,-11.3,13.9,86.1,Likely R,-13.31,4.78,-11.3,-16.22,4.91,44.35,55.65,0.0,False,False,,,,0.0,0.0,0.0,46.5,42.0,1,1.81,0.15,798208,3790112,0,-11.16,-0.52,46.6,-3.6,33.2,79.2,51.2,53.2,46.2,46.2,51.2,48.2,43.2,40.2,40.2,41.2,41.2,44.6,39.6,41.6,42.6,48.6,54.6,52.6,56.6,49.2,48.2,48.2,47.2,46.2,45.2,44.2,43.2,43.2,42.2,42.2,42.2,43.2,43.2,44.2,45.2,
2026-05-20,167,-11.29,13.9,86.1,Likely R,-13.3,4.79,-11.29,-16.22,4.93,44.36,55.64,0.0,False,False,,,,0.0,0.0,0.0,46.5,42.0,1,1.81,0.15,798208,3790112,0,-11.15,-0.52,46.5,-3.7,33.2,79.2,51.2,53.2,46.2,46.2,51.3,48.3,43.3,40.3,40.3,41.3,41.3,44.6,39.6,41.6,42.6,48.6,54.6,52.6,56.6,49.2,48.2,48.2,47.2,46.2,45.2,44.2,43.2,43.2,42.2,42.2,42.2,43.2,43.2,44.2,45.2,
2026-05-21,166,-11.27,13.9,86.1,Likely R,-13.3,4.8,-11.27,-16.22,4.94,44.36,55.64,0.0,False,False,,,,0.0,0.0,0.0,46.5,42.0,1,1.81,0.15,798208,3790112,0,-11.14,-0.52,46.5,-3.7,33.2,79.2,51.2,53.2,46.2,46.2,51.3,48.3,43.3,40.3,40.3,41.3,41.3,44.6,39.6,41.6,42.6,48.6,54.6,52.6,56.6,49.2,48.2,48.2,47.2,46.2,45.2,44.2,43.2,43.2,42.2,42.2,42.2,43.2,43.2,44.2,45.2,
2026-05-22,165,-11.27,13.9,86.1,Likely R,-13.3,4.8,-11.27,-16.22,4.94,44.36,55.64,0.0,False,False,,,,0.0,0.0,0.0,46.5,42.0,1,1.81,0.15,798208,3790112,0,-11.14,-0.52,46.6,-3.7,33.2,79.2,51.2,53.2,46.2,46.2,51.3,48.3,43.3,40.3,40.3,41.3,41.3,44.6,39.6,41.6,42.6,48.6,54.6,52.6,56.6,49.2,48.2,48.2,47.2,46.2,45.2,44.2,43.2,43.2,42.2,42.2,42.2,43.2,43.2,44.2,45.2,
2026-05-23,164,-11.27,13.9,86.1,Likely R,-13.3,4.8,-11.27,-16.22,4.94,44.36,55.64,0.0,False,False,,,,0.0,0.0,0.0,46.5,42.0,1,1.81,0.15,798208,3790112,0,-11.14,-0.52,46.6,-3.7,33.2,79.2,51.2,53.2,46.2,46.2,51.3,48.3,43.3,40.3,40.3,41.3,41.3,44.6,39.6,41.6,42.6,48.6,54.6,52.6,56.6,49.2,48.2,48.2,47.2,46.2,45.2,44.2,43.2,43.2,42.2,42.2,42.2,43.2,43.2,44.2,45.2,
2026-05-24,163,-11.33,13.8,86.2,Likely R,-13.32,4.76,-11.33,-16.22,4.88,44.33,55.67,0.0,False,False,,,,0.0,0.0,0.0,46.5,42.0,1,1.71,0.15,798208,3790112,0,-11.18,-0.52,46.6,-3.5,33.2,79.2,51.2,53.2,46.2,46.2,51.2,48.2,43.2,40.2,40.2,41.2,41.2,44.6,39.6,41.6,42.6,48.6,54.6,52.6,56.6,49.1,48.1,48.1,47.1,46.1,45.1,44.1,43.1,43.1,42.1,42.1,42.1,43.1,43.1,44.1,45.1,
2026-05-25,162,-11.27,13.9,86.1,Likely R,-13.3,4.8,-11.27,-16.22,4.94,44.36,55.64,0.0,False,False,,,,0.0,0.0,0.0,46.5,42.0,1,1.8,0.15,798208,3790112,0,-11.14,-0.52,46.6,-3.5,33.2,79.2,51.2,53.2,46.2,46.2,51.3,48.3,43.3,40.3,40.3,41.3,41.3,44.6,39.6,41.6,42.6,48.6,54.6,52.6,56.6,49.2,48.2,48.2,47.2,46.2,45.2,44.2,43.2,43.2,42.2,42.2,42.2,43.2,43.2,44.2,45.2,
2026-05-26,161,-11.34,13.8,86.2,Likely R,-13.32,4.75,-11.34,-16.22,4.87,44.33,55.67,0.0,False,False,,,,0.0,0.0,0.0,46.5,42.0,1,1.7,0.15,798208,3790112,0,-11.19,-0.52,46.7,-3.5,33.2,79.2,51.2,53.2,46.2,46.2,51.2,48.2,43.2,40.2,40.2,41.2,41.2,44.6,39.6,41.6,42.6,48.6,54.6,52.6,56.6,49.1,48.1,48.1,47.1,46.1,45.1,44.1,43.1,43.1,42.1,42.1,42.1,43.1,43.1,44.1,45.1,
2026-05-27,160,-11.33,13.8,86.2,Likely R,-13.32,4.76,-11.33,-16.22,4.88,44.33,55.67,0.0,False,False,,,,0.0,0.0,0.0,46.5,42.0,1,1.7,0.15,798208,3790112,0,-11.18,-0.52,46.7,-3.5,33.2,79.2,51.2,53.2,46.2,46.2,51.2,48.2,43.2,40.2,40.2,41.2,41.2,44.6,39.6,41.6,42.6,48.6,54.6,52.6,56.6,49.1,48.1,48.1,47.1,46.1,45.1,44.1,43.1,43.1,42.1,42.1,42.1,43.1,43.1,44.1,45.1,
2026-05-28,159,-11.33,13.8,86.2,Likely R,-13.32,4.76,-11.33,-16.22,4.88,44.33,55.67,0.0,False,False,,,,0.0,0.0,0.0,46.5,42.0,1,1.7,0.15,798208,3790112,0,-11.18,-0.52,46.6,-3.5,33.2,79.2,51.2,53.2,46.2,46.2,51.2,48.2,43.2,40.2,40.2,41.2,41.2,44.6,39.6,41.6,42.6,48.6,54.6,52.6,56.6,49.1,48.1,48.1,47.1,46.1,45.1,44.1,43.1,43.1,42.1,42.1,42.1,43.1,43.1,44.1,45.1,
2026-05-29,158,-11.33,13.8,86.2,Likely R,-13.32,4.76,-11.33,-16.22,4.88,44.33,55.67,0.0,False,False,,,,0.0,0.0,0.0,46.5,42.0,1,1.7,0.15,798208,3790112,0,-11.18,-0.52,46.6,-3.5,33.2,79.2,51.2,53.2,46.2,46.2,51.2,48.2,43.2,40.2,40.2,41.2,41.2,44.6,39.6,41.6,42.6,48.6,54.6,52.6,56.6,49.1,48.1,48.1,47.1,46.1,45.1,44.1,43.1,43.1,42.1,42.1,42.1,43.1,43.1,44.1,45.1,
2026-05-30,157,-11.31,13.8,86.2,Likely R,-13.31,4.77,-11.31,-16.22,4.9,44.34,55.66,0.0,False,False,,,,0.0,0.0,0.0,46.5,42.0,1,1.7,0.15,798208,3790112,0,-11.17,-0.52,46.6,-3.5,33.2,79.2,51.2,53.2,46.2,46.2,51.2,48.2,43.2,40.2,40.2,41.2,41.2,44.6,39.6,41.6,42.6,48.6,54.6,52.6,56.6,49.2,48.2,48.2,47.2,46.2,45.2,44.2,43.2,43.2,42.2,42.2,42.2,43.2,43.2,44.2,45.2,
2026-05-31,156,-11.36,13.7,86.3,Likely R,-13.33,4.74,-11.36,-16.22,4.86,44.32,55.68,0.0,False,False,,,,0.0,0.0,0.0,46.5,42.0,1,1.65,0.15,798208,3790112,0,-11.2,-0.52,46.7,-3.3,33.2,79.2,51.2,53.2,46.2,46.2,51.2,48.2,43.2,40.2,40.2,41.2,41.2,44.6,39.6,41.6,42.6,48.6,54.6,52.6,56.6,49.1,48.1,48.1,47.1,46.1,45.1,44.1,43.1,43.1,42.1,42.1,42.1,43.1,43.1,44.1,45.1,
2026-06-01,155,-10.38,15.9,84.1,Likely R,-13.04,5.43,-10.38,-16.22,5.83,44.81,55.19,0.0,False,False,,,,0.0,0.0,0.0,46.5,42.0,1,1.62,0.15,798208,3790112,0,-10.51,-0.52,46.7,-3.4,33.7,79.7,51.7,53.7,46.7,46.7,51.7,48.7,43.7,40.7,40.7,41.7,41.7,45.0,40.0,42.0,43.0,49.0,55.0,53.0,57.0,49.6,48.6,48.6,47.6,46.6,45.6,44.6,43.6,43.6,42.6,42.6,42.6,43.6,43.6,44.6,45.6,
2026-06-02,154,-10.37,15.9,84.1,Likely R,-13.04,5.44,-10.37,-16.22,5.85,44.82,55.18,0.0,False,False,,,,0.0,0.0,0.0,46.5,42.0,1,1.66,0.15,798208,3790112,0,-10.5,-0.52,46.7,-3.3,33.7,79.7,51.7,53.7,46.7,46.7,51.7,48.7,43.7,40.7,40.7,41.7,41.7,45.1,40.1,42.1,43.1,49.1,55.1,53.1,57.1,49.6,48.6,48.6,47.6,46.6,45.6,44.6,43.6,43.6,42.6,42.6,42.6,43.6,43.6,44.6,45.6,
2026-06-03,153,-10.35,15.9,84.1,Likely R,-13.03,5.45,-10.35,-16.22,5.86,44.82,55.18,0.0,False,False,,,,0.0,0.0,0.0,46.5,42.0,1,1.69,0.15,798208,3790112,0,-10.49,-0.52,46.7,-3.4,33.7,79.7,51.7,53.7,46.7,46.7,51.7,48.7,43.7,40.7,40.7,41.7,41.7,45.1,40.1,42.1,43.1,49.1,55.1,53.1,57.1,49.6,48.6,48.6,47.6,46.6,45.6,44.6,43.6,43.6,42.6,42.6,42.6,43.6,43.6,44.6,45.6,
2026-06-04,152,-10.34,16.0,84.0,Likely R,-13.03,5.46,-10.34,-16.22,5.87,44.83,55.17,0.0,False,False,,,,0.0,0.0,0.0,46.5,42.0,1,1.71,0.15,798208,3790112,0,-10.48,-0.52,46.7,-3.4,33.7,79.7,51.7,53.7,46.7,46.7,51.7,48.7,43.7,40.7,40.7,41.7,41.7,45.1,40.1,42.1,43.1,49.1,55.1,53.1,57.1,49.6,48.6,48.6,47.6,46.6,45.6,44.6,43.6,43.6,42.6,42.6,42.6,43.6,43.6,44.6,45.6,
2026-06-05,151,-10.35,15.9,84.1,Likely R,-13.03,5.45,-10.35,-16.22,5.86,44.82,55.18,0.0,False,False,,,,0.0,0.0,0.0,46.5,42.0,1,1.69,0.15,798208,3790112,0,-10.49,-0.52,46.7,-3.4,33.7,79.7,51.7,53.7,46.7,46.7,51.7,48.7,43.7,40.7,40.7,41.7,41.7,45.1,40.1,42.1,43.1,49.1,55.1,53.1,57.1,49.6,48.6,48.6,47.6,46.6,45.6,44.6,43.6,43.6,42.6,42.6,42.6,43.6,43.6,44.6,45.6,
2026-06-06,150,-10.35,15.9,84.1,Likely R,-13.03,5.45,-10.35,-16.22,5.86,44.82,55.18,0.0,False,False,,,,0.0,0.0,0.0,46.5,42.0,1,1.68,0.15,798208,3790112,0,-10.49,-0.52,46.7,-3.4,33.7,79.7,51.7,53.7,46.7,46.7,51.7,48.7,43.7,40.7,40.7,41.7,41.7,45.1,40.1,42.1,43.1,49.1,55.1,53.1,57.1,49.6,48.6,48.6,47.6,46.6,45.6,44.6,43.6,43.6,42.6,42.6,42.6,43.6,43.6,44.6,45.6,
2026-06-07,149,-10.45,15.7,84.3,Likely R,-13.06,5.38,-10.45,-16.22,5.76,44.77,55.23,0.0,False,False,,,,0.0,0.0,0.0,46.5,42.0,1,1.56,0.15,798208,3790112,0,-10.56,-0.52,46.8,-3.3,33.6,79.6,51.6,53.6,46.6,46.6,51.7,48.7,43.7,40.7,40.7,41.7,41.7,45.0,40.0,42.0,43.0,49.0,55.0,53.0,57.0,49.6,48.6,48.6,47.6,46.6,45.6,44.6,43.6,43.6,42.6,42.6,42.6,43.6,43.6,44.6,45.6,
2026-06-08,148,-10.4,15.8,84.2,Likely R,-13.04,5.42,-10.4,-16.22,5.82,44.8,55.2,0.0,False,False,,,,0.0,0.0,0.0,46.5,42.0,1,1.64,0.15,798208,3790112,0,-10.52,-0.52,46.7,-3.4,33.7,79.7,51.7,53.7,46.7,46.7,51.7,48.7,43.7,40.7,40.7,41.7,41.7,45.0,40.0,42.0,43.0,49.0,55.0,53.0,57.0,49.6,48.6,48.6,47.6,46.6,45.6,44.6,43.6,43.6,42.6,42.6,42.6,43.6,43.6,44.6,45.6,
2026-06-09,147,-10.4,15.8,84.2,Likely R,-13.04,5.42,-10.4,-16.22,5.82,44.8,55.2,0.0,False,False,,,,0.0,0.0,0.0,46.5,42.0,1,1.64,0.15,798208,3790112,0,-10.52,-0.52,46.7,-3.4,33.7,79.7,51.7,53.7,46.7,46.7,51.7,48.7,43.7,40.7,40.7,41.7,41.7,45.0,40.0,42.0,43.0,49.0,55.0,53.0,57.0,49.6,48.6,48.6,47.6,46.6,45.6,44.6,43.6,43.6,42.6,42.6,42.6,43.6,43.6,44.6,45.6,
2026-06-10,146,-10.4,15.8,84.2,Likely R,-13.04,5.42,-10.4,-16.22,5.82,44.8,55.2,0.0,False,False,,,,0.0,0.0,0.0,46.5,42.0,1,1.64,0.15,798208,3790112,0,-10.52,-0.52,46.7,-3.4,33.7,79.7,51.7,53.7,46.7,46.7,51.7,48.7,43.7,40.7,40.7,41.7,41.7,45.0,40.0,42.0,43.0,49.0,55.0,53.0,57.0,49.6,48.6,48.6,47.6,46.6,45.6,44.6,43.6,43.6,42.6,42.6,42.6,43.6,43.6,44.6,45.6,
2026-06-11,145,-10.4,15.8,84.2,Likely R,-13.04,5.42,-10.4,-16.22,5.82,44.8,55.2,0.0,False,False,,,,0.0,0.0,0.0,46.5,42.0,1,1.64,0.15,798208,3790112,0,-10.52,-0.52,46.7,-3.4,33.7,79.7,51.7,53.7,46.7,46.7,51.7,48.7,43.7,40.7,40.7,41.7,41.7,45.0,40.0,42.0,43.0,49.0,55.0,53.0,57.0,49.6,48.6,48.6,47.6,46.6,45.6,44.6,43.6,43.6,42.6,42.6,42.6,43.6,43.6,44.6,45.6,
2026-06-12,144,-10.38,15.9,84.1,Likely R,-13.04,5.43,-10.38,-16.22,5.83,44.81,55.19,0.0,False,False,,,,0.0,0.0,0.0,46.5,42.0,1,1.64,0.15,798208,3790112,0,-10.51,-0.52,46.7,-3.4,33.7,79.7,51.7,53.7,46.7,46.7,51.7,48.7,43.7,40.7,40.7,41.7,41.7,45.0,40.0,42.0,43.0,49.0,55.0,53.0,57.0,49.6,48.6,48.6,47.6,46.6,45.6,44.6,43.6,43.6,42.6,42.6,42.6,43.6,43.6,44.6,45.6,
2026-06-13,143,-10.38,15.9,84.1,Likely R,-13.04,5.43,-10.38,-16.22,5.83,44.81,55.19,0.0,False,False,,,,0.0,0.0,0.0,46.5,42.0,1,1.64,0.15,798208,3790112,0,-10.51,-0.52,46.7,-3.4,33.7,79.7,51.7,53.7,46.7,46.7,51.7,48.7,43.7,40.7,40.7,41.7,41.7,45.0,40.0,42.0,43.0,49.0,55.0,53.0,57.0,49.6,48.6,48.6,47.6,46.6,45.6,44.6,43.6,43.6,42.6,42.6,42.6,43.6,43.6,44.6,45.6,
2026-06-14,142,-10.38,15.9,84.1,Likely R,-13.04,5.43,-10.38,-16.22,5.83,44.81,55.19,0.0,False,False,,,,0.0,0.0,0.0,46.5,42.0,1,1.66,0.15,798208,3790112,0,-10.51,-0.52,46.7,-3.4,33.7,79.7,51.7,53.7,46.7,46.7,51.7,48.7,43.7,40.7,40.7,41.7,41.7,45.0,40.0,42.0,43.0,49.0,55.0,53.0,57.0,49.6,48.6,48.6,47.6,46.6,45.6,44.6,43.6,43.6,42.6,42.6,42.6,43.6,43.6,44.6,45.6,
2026-06-15,141,-10.5,15.6,84.4,Likely R,-13.07,5.35,-10.5,-16.22,5.72,44.75,55.25,0.0,False,False,,,,0.0,0.0,0.0,46.5,42.0,1,1.5,0.15,798208,3790112,0,-10.59,-0.52,46.7,-3.4,33.6,79.6,51.6,53.6,46.6,46.6,51.6,48.6,43.6,40.6,40.6,41.6,41.6,45.0,40.0,42.0,43.0,49.0,55.0,53.0,57.0,49.6,48.6,48.6,47.6,46.6,45.6,44.6,43.6,43.6,42.6,42.6,42.6,43.6,43.6,44.6,45.6,
2026-06-16,140,-10.5,15.6,84.4,Likely R,-13.07,5.35,-10.5,-16.22,5.72,44.75,55.25,0.0,False,False,,,,0.0,0.0,0.0,46.5,42.0,1,1.53,0.15,798208,3790112,0,-10.59,-0.52,46.7,-3.4,33.6,79.6,51.6,53.6,46.6,46.6,51.6,48.6,43.6,40.6,40.6,41.6,41.6,45.0,40.0,42.0,43.0,49.0,55.0,53.0,57.0,49.6,48.6,48.6,47.6,46.6,45.6,44.6,43.6,43.6,42.6,42.6,42.6,43.6,43.6,44.6,45.6,
2026-06-17,139,-10.5,15.6,84.4,Likely R,-13.07,5.35,-10.5,-16.22,5.72,44.75,55.25,0.0,False,False,,,,0.0,0.0,0.0,46.5,42.0,1,1.52,0.15,798208,3790112,0,-10.59,-0.52,46.7,-3.4,33.6,79.6,51.6,53.6,46.6,46.6,51.6,48.6,43.6,40.6,40.6,41.6,41.6,45.0,40.0,42.0,43.0,49.0,55.0,53.0,57.0,49.6,48.6,48.6,47.6,46.6,45.6,44.6,43.6,43.6,42.6,42.6,42.6,43.6,43.6,44.6,45.6,
2026-06-18,138,-10.5,15.6,84.4,Likely R,-13.07,5.35,-10.5,-16.22,5.72,44.75,55.25,0.0,False,False,,,,0.0,0.0,0.0,46.5,42.0,1,1.52,0.15,798208,3790112,0,-10.59,-0.52,46.7,-3.4,33.6,79.6,51.6,53.6,46.6,46.6,51.6,48.6,43.6,40.6,40.6,41.6,41.6,45.0,40.0,42.0,43.0,49.0,55.0,53.0,57.0,49.6,48.6,48.6,47.6,46.6,45.6,44.6,43.6,43.6,42.6,42.6,42.6,43.6,43.6,44.6,45.6,
2026-06-19,137,-10.54,15.5,84.5,Likely R,-13.09,5.32,-10.54,-16.22,5.68,44.73,55.27,0.0,False,False,,,,0.0,0.0,0.0,46.5,42.0,1,1.52,0.15,798208,3790112,0,-10.62,-0.52,46.7,-3.4,33.6,79.6,51.6,53.6,46.6,46.6,51.6,48.6,43.6,40.6,40.6,41.6,41.6,45.0,40.0,42.0,43.0,49.0,55.0,53.0,57.0,49.5,48.5,48.5,47.5,46.5,45.5,44.5,43.5,43.5,42.5,42.5,42.5,43.5,43.5,44.5,45.5,
2026-06-20,136,-10.51,15.5,84.5,Likely R,-13.08,5.34,-10.51,-16.22,5.7,44.74,55.26,0.0,False,False,,,,0.0,0.0,0.0,46.5,42.0,1,1.52,0.15,798208,3790112,0,-10.6,-0.52,46.6,-3.7,33.6,79.6,51.6,53.6,46.6,46.6,51.6,48.6,43.6,40.6,40.6,41.6,41.6,45.0,40.0,42.0,43.0,49.0,55.0,53.0,57.0,49.6,48.6,48.6,47.6,46.6,45.6,44.6,43.6,43.6,42.6,42.6,42.6,43.6,43.6,44.6,45.6,
2026-06-21,135,-10.51,15.5,84.5,Likely R,-13.08,5.34,-10.51,-16.22,5.7,44.74,55.26,0.0,False,False,,,,0.0,0.0,0.0,46.5,42.0,1,1.5,0.15,798208,3790112,0,-10.6,-0.52,46.6,-3.7,33.6,79.6,51.6,53.6,46.6,46.6,51.6,48.6,43.6,40.6,40.6,41.6,41.6,45.0,40.0,42.0,43.0,49.0,55.0,53.0,57.0,49.6,48.6,48.6,47.6,46.6,45.6,44.6,43.6,43.6,42.6,42.6,42.6,43.6,43.6,44.6,45.6,
2026-06-22,134,-10.51,15.5,84.5,Likely R,-13.08,5.34,-10.51,-16.22,5.7,44.74,55.26,0.0,False,False,,,,0.0,0.0,0.0,46.5,42.0,1,1.52,0.15,798208,3790112,0,-10.6,-0.52,46.6,-3.7,33.6,79.6,51.6,53.6,46.6,46.6,51.6,48.6,43.6,40.6,40.6,41.6,41.6,45.0,40.0,42.0,43.0,49.0,55.0,53.0,57.0,49.6,48.6,48.6,47.6,46.6,45.6,44.6,43.6,43.6,42.6,42.6,42.6,43.6,43.6,44.6,45.6,
2026-06-23,133,-10.54,15.5,84.5,Likely R,-13.09,5.32,-10.54,-16.22,5.68,44.73,55.27,0.0,False,False,,,,0.0,0.0,0.0,46.5,42.0,1,1.52,0.15,798208,3790112,0,-10.62,-0.52,46.5,-4.0,33.6,79.6,51.6,53.6,46.6,46.6,51.6,48.6,43.6,40.6,40.6,41.6,41.6,45.0,40.0,42.0,43.0,49.0,55.0,53.0,57.0,49.5,48.5,48.5,47.5,46.5,45.5,44.5,43.5,43.5,42.5,42.5,42.5,43.5,43.5,44.5,45.5,
2026-06-24,132,-10.48,15.6,84.4,Likely R,-13.07,5.36,-10.48,-16.22,5.73,44.76,55.24,0.0,False,False,,,,0.0,0.0,0.0,46.5,42.0,1,1.52,0.15,798208,3790112,0,-10.58,-0.52,46.5,-4.0,33.6,79.6,51.6,53.6,46.6,46.6,51.7,48.7,43.7,40.7,40.7,41.7,41.7,45.0,40.0,42.0,43.0,49.0,55.0,53.0,57.0,49.6,48.6,48.6,47.6,46.6,45.6,44.6,43.6,43.6,42.6,42.6,42.6,43.6,43.6,44.6,45.6,
2026-06-25,131,-10.48,15.6,84.4,Likely R,-13.07,5.36,-10.48,-16.22,5.73,44.76,55.24,0.0,False,False,,,,0.0,0.0,0.0,46.5,42.0,1,1.52,0.15,798208,3790112,0,-10.58,-0.52,46.5,-4.0,33.6,79.6,51.6,53.6,46.6,46.6,51.7,48.7,43.7,40.7,40.7,41.7,41.7,45.0,40.0,42.0,43.0,49.0,55.0,53.0,57.0,49.6,48.6,48.6,47.6,46.6,45.6,44.6,43.6,43.6,42.6,42.6,42.6,43.6,43.6,44.6,45.6,
2026-06-26,130,-10.78,14.9,85.1,Likely R,-13.16,5.15,-10.78,-16.22,5.44,44.61,55.39,0.0,False,False,,,,0.0,0.0,0.0,46.5,42.0,1,1.57,0.15,798208,3790112,0,-10.79,-0.52,46.5,-4.0,33.5,79.5,51.5,53.5,46.5,46.5,51.5,48.5,43.5,40.5,40.5,41.5,41.5,44.8,39.8,41.8,42.8,48.8,54.8,52.8,56.8,49.4,48.4,48.4,47.4,46.4,45.4,44.4,43.4,43.4,42.4,42.4,42.4,43.4,43.4,44.4,45.4,
2026-06-27,129,-10.81,14.8,85.2,Likely R,-13.16,5.13,-10.81,-16.22,5.41,44.6,55.4,0.0,False,False,,,,0.0,0.0,0.0,46.5,42.0,1,1.57,0.15,798208,3790112,0,-10.81,-0.52,46.5,-3.9,33.5,79.5,51.5,53.5,46.5,46.5,51.5,48.5,43.5,40.5,40.5,41.5,41.5,44.8,39.8,41.8,42.8,48.8,54.8,52.8,56.8,49.4,48.4,48.4,47.4,46.4,45.4,44.4,43.4,43.4,42.4,42.4,42.4,43.4,43.4,44.4,45.4,
2026-06-28,128,-10.98,14.5,85.5,Likely R,-13.34,5.13,-10.98,-16.22,5.23,44.51,55.49,0.0,False,False,,,,0.0,0.0,0.0,46.5,42.0,1,1.55,0.15,798208,3790112,0,-10.94,-0.52,46.6,-3.8,33.4,79.4,51.4,53.4,46.4,46.4,51.4,48.4,43.4,40.4,40.4,41.4,41.4,44.7,39.7,41.7,42.7,48.7,54.7,52.7,56.7,49.3,48.3,48.3,47.3,46.3,45.3,44.3,43.3,43.3,42.3,42.3,42.3,43.3,43.3,44.3,45.3,
2026-06-29,127,-10.95,14.5,85.5,Likely R,-13.33,5.15,-10.95,-16.22,5.26,44.52,55.48,0.0,False,False,,,,0.0,0.0,0.0,46.5,42.0,1,1.47,0.15,798208,3790112,0,-10.92,-0.52,46.5,-3.8,33.4,79.4,51.4,53.4,46.4,46.4,51.4,48.4,43.4,40.4,40.4,41.4,41.4,44.8,39.8,41.8,42.8,48.8,54.8,52.8,56.8,49.3,48.3,48.3,47.3,46.3,45.3,44.3,43.3,43.3,42.3,42.3,42.3,43.3,43.3,44.3,45.3,
2026-06-30,126,-10.98,14.4,85.6,Likely R,-13.34,5.13,-10.98,-16.22,5.23,44.51,55.49,0.0,False,False,,,,0.0,0.0,0.0,46.5,42.0,1,1.5,0.15,798208,3790112,0,-10.94,-0.52,46.6,-3.7,33.4,79.4,51.4,53.4,46.4,46.4,51.4,48.4,43.4,40.4,40.4,41.4,41.4,44.7,39.7,41.7,42.7,48.7,54.7,52.7,56.7,49.3,48.3,48.3,47.3,46.3,45.3,44.3,43.3,43.3,42.3,42.3,42.3,43.3,43.3,44.3,45.3,
2026-07-01,125,-11.04,14.3,85.7,Likely R,-13.36,5.09,-11.04,-16.22,5.18,44.48,55.52,0.0,False,False,,,,0.0,0.0,0.0,46.5,42.0,1,1.52,0.15,798208,3790112,0,-10.98,-0.52,46.6,-3.7,33.3,79.3,51.3,53.3,46.3,46.3,51.4,48.4,43.4,40.4,40.4,41.4,41.4,44.7,39.7,41.7,42.7,48.7,54.7,52.7,56.7,49.3,48.3,48.3,47.3,46.3,45.3,44.3,43.3,43.3,42.3,42.3,42.3,43.3,43.3,44.3,45.3,
2026-07-02,124,-11.05,14.3,85.7,Likely R,-13.36,5.08,-11.05,-16.22,5.16,44.47,55.53,0.0,False,False,,,,0.0,0.0,0.0,46.5,42.0,1,1.56,0.15,798208,3790112,0,-10.99,-0.52,46.6,-3.7,33.3,79.3,51.3,53.3,46.3,46.3,51.4,48.4,43.4,40.4,40.4,41.4,41.4,44.7,39.7,41.7,42.7,48.7,54.7,52.7,56.7,49.3,48.3,48.3,47.3,46.3,45.3,44.3,43.3,43.3,42.3,42.3,42.3,43.3,43.3,44.3,45.3,
2026-07-03,123,-11.02,14.3,85.7,Likely R,-13.35,5.1,-11.02,-16.22,5.19,44.49,55.51,0.0,False,False,,,,0.0,0.0,0.0,46.5,42.0,1,1.56,0.15,798208,3790112,0,-10.97,-0.52,46.7,-3.5,33.3,79.3,51.3,53.3,46.3,46.3,51.4,48.4,43.4,40.4,40.4,41.4,41.4,44.7,39.7,41.7,42.7,48.7,54.7,52.7,56.7,49.3,48.3,48.3,47.3,46.3,45.3,44.3,43.3,43.3,42.3,42.3,42.3,43.3,43.3,44.3,45.3,
2026-07-04,122,-11.02,14.3,85.7,Likely R,-13.35,5.1,-11.02,-16.22,5.19,44.49,55.51,0.0,False,False,,,,0.0,0.0,0.0,46.5,42.0,1,1.56,0.15,798208,3790112,0,-10.97,-0.52,46.7,-3.5,33.3,79.3,51.3,53.3,46.3,46.3,51.4,48.4,43.4,40.4,40.4,41.4,41.4,44.7,39.7,41.7,42.7,48.7,54.7,52.7,56.7,49.3,48.3,48.3,47.3,46.3,45.3,44.3,43.3,43.3,42.3,42.3,42.3,43.3,43.3,44.3,45.3,
2026-07-05,121,-10.98,14.4,85.6,Likely R,-13.34,5.13,-10.98,-16.22,5.23,44.51,55.49,0.0,False,False,,,,0.0,0.0,0.0,46.5,42.0,1,1.48,0.15,798208,3790112,0,-10.94,-0.52,46.7,-3.3,33.4,79.4,51.4,53.4,46.4,46.4,51.4,48.4,43.4,40.4,40.4,41.4,41.4,44.7,39.7,41.7,42.7,48.7,54.7,52.7,56.7,49.3,48.3,48.3,47.3,46.3,45.3,44.3,43.3,43.3,42.3,42.3,42.3,43.3,43.3,44.3,45.3,
2026-07-06,120,-10.94,14.5,85.5,Likely R,-13.33,5.16,-10.94,-16.22,5.28,44.53,55.47,0.0,False,False,,,,0.0,0.0,0.0,46.5,42.0,1,1.44,0.15,798208,3790112,0,-10.91,-0.52,46.7,-3.3,33.4,79.4,51.4,53.4,46.4,46.4,51.4,48.4,43.4,40.4,40.4,41.4,41.4,44.8,39.8,41.8,42.8,48.8,54.8,52.8,56.8,49.3,48.3,48.3,47.3,46.3,45.3,44.3,43.3,43.3,42.3,42.3,42.3,43.3,43.3,44.3,45.3,
2026-07-07,119,-10.97,14.5,85.5,Likely R,-13.34,5.14,-10.97,-16.22,5.25,44.52,55.48,0.0,False,False,,,,0.0,0.0,0.0,46.5,42.0,1,1.44,0.15,798208,3790112,0,-10.93,-0.52,46.6,-3.4,33.4,79.4,51.4,53.4,46.4,46.4,51.4,48.4,43.4,40.4,40.4,41.4,41.4,44.8,39.8,41.8,42.8,48.8,54.8,52.8,56.8,49.3,48.3,48.3,47.3,46.3,45.3,44.3,43.3,43.3,42.3,42.3,42.3,43.3,43.3,44.3,45.3,
2026-07-08,118,-11.0,14.4,85.6,Likely R,-13.34,5.12,-11.0,-16.22,5.22,44.5,55.5,0.0,False,False,,,,0.0,0.0,0.0,46.5,42.0,1,1.44,0.15,798208,3790112,0,-10.95,-0.52,46.8,-3.1,33.4,79.4,51.4,53.4,46.4,46.4,51.4,48.4,43.4,40.4,40.4,41.4,41.4,44.7,39.7,41.7,42.7,48.7,54.7,52.7,56.7,49.3,48.3,48.3,47.3,46.3,45.3,44.3,43.3,43.3,42.3,42.3,42.3,43.3,43.3,44.3,45.3,
2026-07-09,117,-10.97,14.4,85.6,Likely R,-13.34,5.14,-10.97,-16.22,5.25,44.52,55.48,0.0,False,False,,,,0.0,0.0,0.0,46.5,42.0,1,1.44,0.15,798208,3790112,0,-10.93,-0.52,46.8,-3.1,33.4,79.4,51.4,53.4,46.4,46.4,51.4,48.4,43.4,40.4,40.4,41.4,41.4,44.8,39.8,41.8,42.8,48.8,54.8,52.8,56.8,49.3,48.3,48.3,47.3,46.3,45.3,44.3,43.3,43.3,42.3,42.3,42.3,43.3,43.3,44.3,45.3,
2026-07-10,116,-10.95,14.5,85.5,Likely R,-13.33,5.15,-10.95,-16.22,5.26,44.52,55.48,0.0,False,False,,,,0.0,0.0,0.0,46.5,42.0,1,1.43,0.15,798208,3790112,0,-10.92,-0.52,46.8,-3.1,33.4,79.4,51.4,53.4,46.4,46.4,51.4,48.4,43.4,40.4,40.4,41.4,41.4,44.8,39.8,41.8,42.8,48.8,54.8,52.8,56.8,49.3,48.3,48.3,47.3,46.3,45.3,44.3,43.3,43.3,42.3,42.3,42.3,43.3,43.3,44.3,45.3,
2026-07-11,115,-10.95,14.5,85.5,Likely R,-13.33,5.15,-10.95,-16.22,5.26,44.52,55.48,0.0,False,False,,,,0.0,0.0,0.0,46.5,42.0,1,1.43,0.15,798208,3790112,0,-10.92,-0.52,46.7,-3.2,33.4,79.4,51.4,53.4,46.4,46.4,51.4,48.4,43.4,40.4,40.4,41.4,41.4,44.8,39.8,41.8,42.8,48.8,54.8,52.8,56.8,49.3,48.3,48.3,47.3,46.3,45.3,44.3,43.3,43.3,42.3,42.3,42.3,43.3,43.3,44.3,45.3,
2026-07-12,114,-10.95,14.5,85.5,Likely R,-13.33,5.15,-10.95,-16.22,5.26,44.52,55.48,0.0,False,False,,,,0.0,0.0,0.0,46.5,42.0,1,1.32,0.15,798208,3790112,0,-10.92,-0.52,46.7,-3.2,33.4,79.4,51.4,53.4,46.4,46.4,51.4,48.4,43.4,40.4,40.4,41.4,41.4,44.8,39.8,41.8,42.8,48.8,54.8,52.8,56.8,49.3,48.3,48.3,47.3,46.3,45.3,44.3,43.3,43.3,42.3,42.3,42.3,43.3,43.3,44.3,45.3,
2026-07-13,113,-10.97,14.4,85.6,Likely R,-13.34,5.14,-10.97,-16.22,5.25,44.52,55.48,0.0,False,False,,,,0.0,0.0,0.0,46.5,42.0,1,1.25,0.15,798208,3790112,0,-10.93,-0.52,46.9,-2.9,33.4,79.4,51.4,53.4,46.4,46.4,51.4,48.4,43.4,40.4,40.4,41.4,41.4,44.8,39.8,41.8,42.8,48.8,54.8,52.8,56.8,49.3,48.3,48.3,47.3,46.3,45.3,44.3,43.3,43.3,42.3,42.3,42.3,43.3,43.3,44.3,45.3,
2026-07-14,112,-11.35,13.6,86.4,Likely R,-13.45,4.87,-11.35,-16.22,4.87,44.33,55.67,0.0,False,False,,,,0.0,0.0,0.0,46.5,42.0,1,1.25,0.15,798208,3790112,0,-11.2,-0.52,46.9,-2.9,33.2,79.2,51.2,53.2,46.2,46.2,51.2,48.2,43.2,40.2,40.2,41.2,41.2,44.6,39.6,41.6,42.6,48.6,54.6,52.6,56.6,49.1,48.1,48.1,47.1,46.1,45.1,44.1,43.1,43.1,42.1,42.1,42.1,43.1,43.1,44.1,45.1,
2026-07-15,111,-11.33,13.6,86.4,Likely R,-13.44,4.88,-11.33,-16.22,4.88,44.33,55.67,0.0,False,False,,,,0.0,0.0,0.0,46.5,42.0,1,1.25,0.15,798208,3790112,0,-11.19,-0.52,46.9,-2.9,33.2,79.2,51.2,53.2,46.2,46.2,51.2,48.2,43.2,40.2,40.2,41.2,41.2,44.6,39.6,41.6,42.6,48.6,54.6,52.6,56.6,49.1,48.1,48.1,47.1,46.1,45.1,44.1,43.1,43.1,42.1,42.1,42.1,43.1,43.1,44.1,45.1,
2026-07-16,110,-11.31,13.7,86.3,Likely R,-13.43,4.9,-11.31,-16.22,4.91,44.35,55.65,0.0,False,False,,,,0.0,0.0,0.0,46.5,42.0,1,1.25,0.15,798208,3790112,0,-11.17,-0.52,46.9,-3.0,33.2,79.2,51.2,53.2,46.2,46.2,51.2,48.2,43.2,40.2,40.2,41.2,41.2,44.6,39.6,41.6,42.6,48.6,54.6,52.6,56.6,49.2,48.2,48.2,47.2,46.2,45.2,44.2,43.2,43.2,42.2,42.2,42.2,43.2,43.2,44.2,45.2,
2026-07-17,109,-11.29,13.7,86.3,Likely R,-13.43,4.91,-11.29,-16.22,4.92,44.35,55.65,0.0,False,False,,,,0.0,0.0,0.0,46.5,42.0,1,1.33,0.15,798208,3790112,0,-11.16,-0.52,46.9,-3.0,33.2,79.2,51.2,53.2,46.2,46.2,51.2,48.2,43.2,40.2,40.2,41.2,41.2,44.6,39.6,41.6,42.6,48.6,54.6,52.6,56.6,49.2,48.2,48.2,47.2,46.2,45.2,44.2,43.2,43.2,42.2,42.2,42.2,43.2,43.2,44.2,45.2,
2026-07-18,108,-11.14,14.0,86.0,Likely R,-13.42,4.91,-11.14,-16.22,5.07,44.43,55.57,0.0,False,False,,,,0.0,0.0,0.0,46.5,42.0,1,1.33,0.15,1174414,4421510,0,-11.16,-0.52,46.9,-3.0,33.3,79.3,51.3,53.3,46.3,46.3,51.3,48.3,43.3,40.3,40.3,41.3,41.3,44.7,39.7,41.7,42.7,48.7,54.7,52.7,56.7,49.2,48.2,48.2,47.2,46.2,45.2,44.2,43.2,43.2,42.2,42.2,42.2,43.2,43.2,44.2,45.2,
2026-07-19,107,-11.21,13.9,86.1,Likely R,-13.44,4.86,-11.21,-16.22,5.0,44.39,55.61,0.0,False,False,,,,0.0,0.0,0.0,46.5,42.0,1,1.25,0.15,1174414,4421510,0,-11.21,-0.52,46.9,-3.0,33.2,79.2,51.2,53.2,46.2,46.2,51.3,48.3,43.3,40.3,40.3,41.3,41.3,44.6,39.6,41.6,42.6,48.6,54.6,52.6,56.6,49.2,48.2,48.2,47.2,46.2,45.2,44.2,43.2,43.2,42.2,42.2,42.2,43.2,43.2,44.2,45.2,
2026-07-20,106,-11.21,13.9,86.1,Likely R,-13.44,4.86,-11.21,-16.22,5.0,44.39,55.61,0.0,False,False,,,,0.0,0.0,0.0,46.5,42.0,1,1.61,0.15,1174414,4421510,0,-11.21,-0.52,46.9,-3.0,33.2,79.2,51.2,53.2,46.2,46.2,51.3,48.3,43.3,40.3,40.3,41.3,41.3,44.6,39.6,41.6,42.6,48.6,54.6,52.6,56.6,49.2,48.2,48.2,47.2,46.2,45.2,44.2,43.2,43.2,42.2,42.2,42.2,43.2,43.2,44.2,45.2,
2026-07-21,105,-11.16,14.0,86.0,Likely R,-13.42,4.9,-11.16,-16.22,5.06,44.42,55.58,0.0,False,False,,,,0.0,0.0,0.0,46.5,42.0,1,1.61,0.15,1174414,4421510,0,-11.17,-0.52,46.7,-3.3,33.3,79.3,51.3,53.3,46.3,46.3,51.3,48.3,43.3,40.3,40.3,41.3,41.3,44.7,39.7,41.7,42.7,48.7,54.7,52.7,56.7,49.2,48.2,48.2,47.2,46.2,45.2,44.2,43.2,43.2,42.2,42.2,42.2,43.2,43.2,44.2,45.2,
2026-07-22,104,-11.14,14.0,86.0,Likely R,-13.42,4.91,-11.14,-16.22,5.07,44.43,55.57,0.0,False,False,,,,0.0,0.0,0.0,46.5,42.0,1,1.64,0.15,1174414,4421510,0,-11.16,-0.52,46.7,-3.3,33.3,79.3,51.3,53.3,46.3,46.3,51.3,48.3,43.3,40.3,40.3,41.3,41.3,44.7,39.7,41.7,42.7,48.7,54.7,52.7,56.7,49.2,48.2,48.2,47.2,46.2,45.2,44.2,43.2,43.2,42.2,42.2,42.2,43.2,43.2,44.2,45.2,
2026-07-23,103,-10.82,14.7,85.3,Likely R,-13.33,5.14,-10.82,-16.22,5.4,44.59,55.41,0.0,False,False,,,,0.0,0.0,0.0,46.5,42.0,1,1.64,0.15,1174414,4421510,0,-10.93,-0.52,46.6,-3.6,33.4,79.4,51.4,53.4,46.4,46.4,51.5,48.5,43.5,40.5,40.5,41.5,41.5,44.8,39.8,41.8,42.8,48.8,54.8,52.8,56.8,49.4,48.4,48.4,47.4,46.4,45.4,44.4,43.4,43.4,42.4,42.4,42.4,43.4,43.4,44.4,45.4,
2026-07-24,102,-10.83,14.7,85.3,Likely R,-13.33,5.13,-10.83,-16.22,5.38,44.58,55.42,0.0,False,False,,,,0.0,0.0,0.0,46.5,42.0,1,1.69,0.15,1174414,4421510,0,-10.94,-0.52,46.6,-3.6,33.4,79.4,51.4,53.4,46.4,46.4,51.5,48.5,43.5,40.5,40.5,41.5,41.5,44.8,39.8,41.8,42.8,48.8,54.8,52.8,56.8,49.4,48.4,48.4,47.4,46.4,45.4,44.4,43.4,43.4,42.4,42.4,42.4,43.4,43.4,44.4,45.4,
2026-07-25,101,-10.83,14.7,85.3,Likely R,-13.33,5.13,-10.83,-16.22,5.38,44.58,55.42,0.0,False,False,,,,0.0,0.0,0.0,46.5,42.0,1,1.69,0.15,1174414,4421510,0,-10.94,-0.52,46.6,-3.6,33.4,79.4,51.4,53.4,46.4,46.4,51.5,48.5,43.5,40.5,40.5,41.5,41.5,44.8,39.8,41.8,42.8,48.8,54.8,52.8,56.8,49.4,48.4,48.4,47.4,46.4,45.4,44.4,43.4,43.4,42.4,42.4,42.4,43.4,43.4,44.4,45.4,
2026-07-26,100,-10.83,14.7,85.3,Likely R,-13.33,5.13,-10.83,-16.22,5.38,44.58,55.42,0.0,False,False,,,,0.0,0.0,0.0,46.5,42.0,1,1.61,0.15,1174414,4421510,0,-10.94,-0.52,46.6,-3.6,33.4,79.4,51.4,53.4,46.4,46.4,51.5,48.5,43.5,40.5,40.5,41.5,41.5,44.8,39.8,41.8,42.8,48.8,54.8,52.8,56.8,49.4,48.4,48.4,47.4,46.4,45.4,44.4,43.4,43.4,42.4,42.4,42.4,43.4,43.4,44.4,45.4,
2026-07-27,99,-10.89,14.5,85.5,Likely R,-13.35,5.09,-10.89,-16.22,5.33,44.55,55.45,0.0,False,False,,,,0.0,0.0,0.0,46.5,42.0,1,1.73,0.15,1174414,4421510,0,-10.98,-0.52,46.6,-3.7,33.4,79.4,51.4,53.4,46.4,46.4,51.4,48.4,43.4,40.4,40.4,41.4,41.4,44.8,39.8,41.8,42.8,48.8,54.8,52.8,56.8,49.4,48.4,48.4,47.4,46.4,45.4,44.4,43.4,43.4,42.4,42.4,42.4,43.4,43.4,44.4,45.4,
2026-07-28,98,-10.79,14.8,85.2,Likely R,-13.32,5.16,-10.79,-16.22,5.42,44.6,55.4,0.0,False,False,,,,0.0,0.0,0.0,46.5,42.0,1,1.73,0.15,1174414,4421510,0,-10.91,-0.52,46.4,-4.3,33.5,79.5,51.5,53.5,46.5,46.5,51.5,48.5,43.5,40.5,40.5,41.5,41.5,44.8,39.8,41.8,42.8,48.8,54.8,52.8,56.8,49.4,48.4,48.4,47.4,46.4,45.4,44.4,43.4,43.4,42.4,42.4,42.4,43.4,43.4,44.4,45.4,
2026-07-29,97,-10.78,14.8,85.2,Likely R,-13.31,5.17,-10.78,-16.22,5.44,44.61,55.39,0.0,False,False,,,,0.0,0.0,0.0,46.5,42.0,1,1.68,0.15,1174414,4421510,0,-10.9,-0.52,46.4,-4.3,33.5,79.5,51.5,53.5,46.5,46.5,51.5,48.5,43.5,40.5,40.5,41.5,41.5,44.8,39.8,41.8,42.8,48.8,54.8,52.8,56.8,49.4,48.4,48.4,47.4,46.4,45.4,44.4,43.4,43.4,42.4,42.4,42.4,43.4,43.4,44.4,45.4,
2026-07-30,96,-10.79,14.7,85.3,Likely R,-13.32,5.16,-10.79,-16.22,5.42,44.6,55.4,0.0,False,False,,,,0.0,0.0,0.0,46.5,42.0,1,1.68,0.15,1174414,4421510,0,-10.91,-0.52,46.4,-4.3,33.5,79.5,51.5,53.5,46.5,46.5,51.5,48.5,43.5,40.5,40.5,41.5,41.5,44.8,39.8,41.8,42.8,48.8,54.8,52.8,56.8,49.4,48.4,48.4,47.4,46.4,45.4,44.4,43.4,43.4,42.4,42.4,42.4,43.4,43.4,44.4,45.4,
2026-07-31,95,-10.86,14.6,85.4,Likely R,-13.34,5.11,-10.86,-16.22,5.35,44.57,55.43,0.0,False,False,,,,0.0,0.0,0.0,46.5,42.0,1,1.68,0.15,1174414,4421510,0,-10.96,-0.52,46.0,-4.9,33.4,79.4,51.4,53.4,46.4,46.4,51.5,48.5,43.5,40.5,40.5,41.5,41.5,44.8,39.8,41.8,42.8,48.8,54.8,52.8,56.8,49.4,48.4,48.4,47.4,46.4,45.4,44.4,43.4,43.4,42.4,42.4,42.4,43.4,43.4,44.4,45.4,
2026-08-01,94,-10.76,14.8,85.2,Likely R,-13.31,5.18,-10.76,-16.22,5.45,44.62,55.38,0.0,False,False,,,,0.0,0.0,0.0,46.5,42.0,1,1.68,0.15,1174414,4421510,0,-10.89,-0.52,46.0,-4.8,33.5,79.5,51.5,53.5,46.5,46.5,51.5,48.5,43.5,40.5,40.5,41.5,41.5,44.9,39.9,41.9,42.9,48.9,54.9,52.9,56.9,49.4,48.4,48.4,47.4,46.4,45.4,44.4,43.4,43.4,42.4,42.4,42.4,43.4,43.4,44.4,45.4,
2026-08-02,93,-10.75,14.8,85.2,Likely R,-13.3,5.19,-10.75,-16.22,5.47,44.63,55.37,0.0,False,False,,,,0.0,0.0,0.0,46.5,42.0,1,1.63,0.15,1174414,4421510,0,-10.88,-0.52,46.0,-4.8,33.5,79.5,51.5,53.5,46.5,46.5,51.5,48.5,43.5,40.5,40.5,41.5,41.5,44.9,39.9,41.9,42.9,48.9,54.9,52.9,56.9,49.4,48.4,48.4,47.4,46.4,45.4,44.4,43.4,43.4,42.4,42.4,42.4,43.4,43.4,44.4,45.4,
2026-08-03,92,-10.71,14.9,85.1,Likely R,-13.29,5.22,-10.71,-16.22,5.51,44.65,55.35,0.0,False,False,,,,0.0,0.0,0.0,46.5,42.0,1,1.66,0.15,1174414,4421510,0,-10.85,-0.52,45.9,-5.0,33.5,79.5,51.5,53.5,46.5,46.5,51.5,48.5,43.5,40.5,40.5,41.5,41.5,44.9,39.9,41.9,42.9,48.9,54.9,52.9,56.9,49.5,48.5,48.5,47.5,46.5,45.5,44.5,43.5,43.5,42.5,42.5,42.5,43.5,43.5,44.5,45.5,
2026-08-04,91,-10.66,15.0,85.0,Likely R,-13.28,5.25,-10.66,-16.22,5.55,44.67,55.33,0.0,False,False,,,,0.0,0.0,0.0,46.5,42.0,1,1.67,0.15,1174414,4421510,0,-10.82,-0.52,46.0,-4.9,33.5,79.5,51.5,53.5,46.5,46.5,51.6,48.6,43.6,40.6,40.6,41.6,41.6,44.9,39.9,41.9,42.9,48.9,54.9,52.9,56.9,49.5,48.5,48.5,47.5,46.5,45.5,44.5,43.5,43.5,42.5,42.5,42.5,43.5,43.5,44.5,45.5,
2026-08-05,90,-10.68,15.0,85.0,Likely R,-13.29,5.24,-10.68,-16.22,5.53,44.66,55.34,0.0,False,False,,,,0.0,0.0,0.0,46.5,42.0,1,1.7,0.15,1174414,4421510,0,-10.83,-0.52,46.0,-4.9,33.5,79.5,51.5,53.5,46.5,46.5,51.6,48.6,43.6,40.6,40.6,41.6,41.6,44.9,39.9,41.9,42.9,48.9,54.9,52.9,56.9,49.5,48.5,48.5,47.5,46.5,45.5,44.5,43.5,43.5,42.5,42.5,42.5,43.5,43.5,44.5,45.5,
2026-08-06,89,-10.68,15.0,85.0,Likely R,-13.29,5.24,-10.68,-16.22,5.53,44.66,55.34,0.0,False,False,,,,0.0,0.0,0.0,46.5,42.0,1,1.7,0.15,1174414,4421510,0,-10.83,-0.52,46.1,-4.8,33.5,79.5,51.5,53.5,46.5,46.5,51.6,48.6,43.6,40.6,40.6,41.6,41.6,44.9,39.9,41.9,42.9,48.9,54.9,52.9,56.9,49.5,48.5,48.5,47.5,46.5,45.5,44.5,43.5,43.5,42.5,42.5,42.5,43.5,43.5,44.5,45.5,
2026-08-07,88,-10.64,15.0,85.0,Likely R,-13.28,5.27,-10.64,-16.22,5.58,44.68,55.32,0.0,False,False,,,,0.0,0.0,0.0,46.5,42.0,1,1.72,0.15,1174414,4421510,0,-10.8,-0.52,46.1,-4.8,33.5,79.5,51.5,53.5,46.5,46.5,51.6,48.6,43.6,40.6,40.6,41.6,41.6,44.9,39.9,41.9,42.9,48.9,54.9,52.9,56.9,49.5,48.5,48.5,47.5,46.5,45.5,44.5,43.5,43.5,42.5,42.5,42.5,43.5,43.5,44.5,45.5,
2026-08-08,87,-8.48,20.5,79.5,Likely R,-12.89,5.28,-10.24,-16.22,7.73,45.76,54.24,0.0,False,False,,,,0.0,0.0,0.0,46.5,42.0,1,1.71,0.15,1174414,4421510,0,-10.79,-0.52,46.1,-4.8,34.6,80.6,52.6,54.6,47.6,47.6,52.7,49.7,44.7,41.7,41.7,42.7,42.7,46.0,41.0,43.0,44.0,50.0,56.0,54.0,58.0,50.6,49.6,49.6,48.6,47.6,46.6,45.6,44.6,44.6,43.6,43.6,43.6,44.6,44.6,45.6,46.6,
2026-08-09,86,-8.48,20.5,79.5,Likely R,-12.89,5.28,-10.24,-16.22,7.73,45.76,54.24,0.0,False,False,,,,0.0,0.0,0.0,46.5,42.0,1,1.67,0.15,1174414,4421510,0,-10.79,-0.52,46.1,-4.8,34.6,80.6,52.6,54.6,47.6,47.6,52.7,49.7,44.7,41.7,41.7,42.7,42.7,46.0,41.0,43.0,44.0,50.0,56.0,54.0,58.0,50.6,49.6,49.6,48.6,47.6,46.6,45.6,44.6,44.6,43.6,43.6,43.6,44.6,44.6,45.6,46.6,
2026-08-10,85,-8.47,20.5,79.5,Likely R,-12.89,5.29,-10.23,-16.22,7.74,45.76,54.24,0.0,False,False,,,,0.0,0.0,0.0,46.5,42.0,1,1.71,0.15,1174414,4421510,0,-10.78,-0.52,46.1,-4.8,34.6,80.6,52.6,54.6,47.6,47.6,52.7,49.7,44.7,41.7,41.7,42.7,42.7,46.0,41.0,43.0,44.0,50.0,56.0,54.0,58.0,50.6,49.6,49.6,48.6,47.6,46.6,45.6,44.6,44.6,43.6,43.6,43.6,44.6,44.6,45.6,46.6,
2026-08-11,84,-8.42,20.6,79.4,Likely R,-12.87,5.33,-10.17,-16.22,7.79,45.79,54.21,0.0,False,False,,,,0.0,0.0,0.0,46.5,42.0,1,1.76,0.15,1174414,4421510,0,-10.74,-0.52,46.0,-5.0,34.6,80.6,52.6,54.6,47.6,47.6,52.7,49.7,44.7,41.7,41.7,42.7,42.7,46.0,41.0,43.0,44.0,50.0,56.0,54.0,58.0,50.6,49.6,49.6,48.6,47.6,46.6,45.6,44.6,44.6,43.6,43.6,43.6,44.6,44.6,45.6,46.6,
2026-08-12,83,-8.42,20.6,79.4,Likely R,-12.87,5.33,-10.17,-16.22,7.79,45.79,54.21,0.0,False,False,,,,0.0,0.0,0.0,48.0,44.0,2,3.99,0.162,1174414,4421510,0,-10.74,-0.52,46.0,-5.0,34.6,80.6,52.6,54.6,47.6,47.6,52.7,49.7,44.7,41.7,41.7,42.7,42.7,46.0,41.0,43.0,44.0,50.0,56.0,54.0,58.0,50.6,49.6,49.6,48.6,47.6,46.6,45.6,44.6,44.6,43.6,43.6,43.6,44.6,44.6,45.6,46.6,
2026-08-13,82,-8.45,20.5,79.5,Likely R,-12.88,5.31,-10.2,-16.22,7.77,45.78,54.22,0.0,False,False,,,,0.0,0.0,0.0,48.0,44.0,2,3.99,0.161,1174414,4421510,0,-10.76,-0.52,46.0,-5.0,34.6,80.6,52.6,54.6,47.6,47.6,52.7,49.7,44.7,41.7,41.7,42.7,42.7,46.0,41.0,43.0,44.0,50.0,56.0,54.0,58.0,50.6,49.6,49.6,48.6,47.6,46.6,45.6,44.6,44.6,43.6,43.6,43.6,44.6,44.6,45.6,46.6,
2026-08-14,81,-8.45,20.5,79.5,Likely R,-12.88,5.31,-10.2,-16.22,7.77,45.78,54.22,0.0,False,False,,,,0.0,0.0,0.0,48.0,44.0,2,3.99,0.161,1174414,4421510,0,-10.76,-0.52,46.0,-5.0,34.6,80.6,52.6,54.6,47.6,47.6,52.7,49.7,44.7,41.7,41.7,42.7,42.7,46.0,41.0,43.0,44.0,50.0,56.0,54.0,58.0,50.6,49.6,49.6,48.6,47.6,46.6,45.6,44.6,44.6,43.6,43.6,43.6,44.6,44.6,45.6,46.6,
2026-08-15,80,-8.43,20.5,79.5,Likely R,-12.87,5.32,-10.19,-16.22,7.78,45.78,54.22,0.0,False,False,,,,0.0,0.0,0.0,48.0,44.0,2,3.99,0.161,1174414,4421510,0,-10.75,-0.52,46.0,-5.0,34.6,80.6,52.6,54.6,47.6,47.6,52.7,49.7,44.7,41.7,41.7,42.7,42.7,46.0,41.0,43.0,44.0,50.0,56.0,54.0,58.0,50.6,49.6,49.6,48.6,47.6,46.6,45.6,44.6,44.6,43.6,43.6,43.6,44.6,44.6,45.6,46.6,
2026-08-16,79,-8.42,20.6,79.4,Likely R,-12.87,5.33,-10.17,-16.22,7.79,45.79,54.21,0.0,False,False,,,,0.0,0.0,0.0,48.0,44.0,2,3.91,0.16,1174414,4421510,0,-10.74,-0.52,46.0,-5.0,34.6,80.6,52.6,54.6,47.6,47.6,52.7,49.7,44.7,41.7,41.7,42.7,42.7,46.0,41.0,43.0,44.0,50.0,56.0,54.0,58.0,50.6,49.6,49.6,48.6,47.6,46.6,45.6,44.6,44.6,43.6,43.6,43.6,44.6,44.6,45.6,46.6,
2026-08-17,78,-8.41,20.6,79.4,Likely R,-12.87,5.34,-10.16,-16.22,7.8,45.79,54.21,0.0,False,False,,,,0.0,0.0,0.0,48.0,44.0,2,4.03,0.16,1174414,4421510,0,-10.73,-0.52,46.0,-4.9,34.6,80.6,52.6,54.6,47.6,47.6,52.7,49.7,44.7,41.7,41.7,42.7,42.7,46.0,41.0,43.0,44.0,50.0,56.0,54.0,58.0,50.6,49.6,49.6,48.6,47.6,46.6,45.6,44.6,44.6,43.6,43.6,43.6,44.6,44.6,45.6,46.6,
2026-08-18,77,-8.36,20.7,79.3,Likely R,-12.85,5.38,-10.1,-16.22,7.85,45.82,54.18,0.0,False,False,,,,0.0,0.0,0.0,48.0,44.0,2,4.03,0.16,1174414,4421510,0,-10.69,-0.52,45.8,-5.2,34.7,80.7,52.7,54.7,47.7,47.7,52.7,49.7,44.7,41.7,41.7,42.7,42.7,46.1,41.1,43.1,44.1,50.1,56.1,54.1,58.1,50.6,49.6,49.6,48.6,47.6,46.6,45.6,44.6,44.6,43.6,43.6,43.6,44.6,44.6,45.6,46.6,
2026-08-19,76,-7.4,23.5,76.5,Likely R,-11.72,5.38,-8.97,-16.22,8.81,46.3,53.7,0.0,False,False,,,,0.0,0.0,0.0,48.0,44.0,2,4.04,0.159,1174414,4421510,0,-10.69,-0.52,45.8,-5.2,35.2,81.2,53.2,55.2,48.2,48.2,53.2,50.2,45.2,42.2,42.2,43.2,43.2,46.5,41.5,43.5,44.5,50.5,56.5,54.5,58.5,51.1,50.1,50.1,49.1,48.1,47.1,46.1,45.1,45.1,44.1,44.1,44.1,45.1,45.1,46.1,47.1,
2026-08-20,75,-7.02,24.6,75.4,Likely R,-11.31,5.43,-8.52,-16.22,9.2,46.49,53.51,0.0,False,False,,,,0.0,0.0,0.0,48.0,44.0,2,4.04,0.159,1174414,4421510,0,-10.64,-0.52,45.8,-5.0,35.3,81.3,53.3,55.3,48.3,48.3,53.4,50.4,45.4,42.4,42.4,43.4,43.4,46.7,41.7,43.7,44.7,50.7,56.7,54.7,58.7,51.3,50.3,50.3,49.3,48.3,47.3,46.3,45.3,45.3,44.3,44.3,44.3,45.3,45.3,46.3,47.3,
2026-08-21,74,-6.86,25.1,74.9,Lean R,-11.42,5.15,-8.9,-16.22,9.36,46.57,53.43,0.0,False,False,,,,0.0,0.0,0.0,48.0,44.0,2,4.04,0.159,1174414,4421510,0,-10.92,-0.52,46.2,-4.4,35.4,81.4,53.4,55.4,48.4,48.4,53.5,50.5,45.5,42.5,42.5,43.5,43.5,46.8,41.8,43.8,44.8,50.8,56.8,54.8,58.8,51.4,50.4,50.4,49.4,48.4,47.4,46.4,45.4,45.4,44.4,44.4,44.4,45.4,45.4,46.4,47.4,
2026-08-22,73,-6.86,25.1,74.9,Lean R,-11.43,5.16,-8.9,-16.22,9.36,46.57,53.43,0.0,False,False,,,,0.0,0.0,0.0,48.0,44.0,2,4.04,0.159,1174414,4421510,0,-10.91,-0.52,46.2,-4.4,35.4,81.4,53.4,55.4,48.4,48.4,53.5,50.5,45.5,42.5,42.5,43.5,43.5,46.8,41.8,43.8,44.8,50.8,56.8,54.8,58.8,51.4,50.4,50.4,49.4,48.4,47.4,46.4,45.4,45.4,44.4,44.4,44.4,45.4,45.4,46.4,47.4,
2026-08-23,72,-6.88,25.0,75.0,Lean R,-11.44,5.15,-8.93,-16.22,9.33,46.56,53.44,0.0,False,False,,,,0.0,0.0,0.0,48.0,44.0,2,4.04,0.158,1174414,4421510,0,-10.92,-0.52,46.4,-3.9,35.4,81.4,53.4,55.4,48.4,48.4,53.5,50.5,45.5,42.5,42.5,43.5,43.5,46.8,41.8,43.8,44.8,50.8,56.8,54.8,58.8,51.4,50.4,50.4,49.4,48.4,47.4,46.4,45.4,45.4,44.4,44.4,44.4,45.4,45.4,46.4,47.4,
2026-08-24,71,-6.87,25.0,75.0,Lean R,-11.45,5.17,-8.91,-16.22,9.34,46.56,53.44,0.0,False,False,,,,0.0,0.0,0.0,48.0,44.0,2,4.06,0.158,1174414,4421510,0,-10.9,-0.52,46.2,-4.3,35.4,81.4,53.4,55.4,48.4,48.4,53.5,50.5,45.5,42.5,42.5,43.5,43.5,46.8,41.8,43.8,44.8,50.8,56.8,54.8,58.8,51.4,50.4,50.4,49.4,48.4,47.4,46.4,45.4,45.4,44.4,44.4,44.4,45.4,45.4,46.4,47.4,
2026-08-25,70,-6.86,25.1,74.9,Lean R,-11.45,5.19,-8.9,-16.22,9.35,46.57,53.43,0.0,False,False,,,,0.0,0.0,0.0,48.0,44.0,2,4.06,0.158,1174414,4421510,0,-10.88,-0.52,46.1,-4.6,35.4,81.4,53.4,55.4,48.4,48.4,53.5,50.5,45.5,42.5,42.5,43.5,43.5,46.8,41.8,43.8,44.8,50.8,56.8,54.8,58.8,51.4,50.4,50.4,49.4,48.4,47.4,46.4,45.4,45.4,44.4,44.4,44.4,45.4,45.4,46.4,47.4,
2026-08-26,69,-6.86,25.0,75.0,Lean R,-11.46,5.2,-8.89,-16.22,9.35,46.57,53.43,0.0,False,False,,,,0.0,0.0,0.0,48.0,44.0,2,4.12,0.158,1174414,4421510,0,-10.87,-0.52,46.2,-4.5,35.4,81.4,53.4,55.4,48.4,48.4,53.5,50.5,45.5,42.5,42.5,43.5,43.5,46.8,41.8,43.8,44.8,50.8,56.8,54.8,58.8,51.4,50.4,50.4,49.4,48.4,47.4,46.4,45.4,45.4,44.4,44.4,44.4,45.4,45.4,46.4,47.4,
2026-08-27,68,-6.85,25.1,74.9,Lean R,-11.46,5.22,-8.88,-16.22,9.37,46.58,53.42,0.0,False,False,,,,0.0,0.0,0.0,48.0,44.0,2,4.12,0.158,1174414,4421510,0,-10.85,-0.52,46.2,-4.5,35.4,81.4,53.4,55.4,48.4,48.4,53.5,50.5,45.5,42.5,42.5,43.5,43.5,46.8,41.8,43.8,44.8,50.8,56.8,54.8,58.8,51.4,50.4,50.4,49.4,48.4,47.4,46.4,45.4,45.4,44.4,44.4,44.4,45.4,45.4,46.4,47.4,
2026-08-28,67,-6.85,25.0,75.0,Lean R,-11.47,5.23,-8.88,-16.22,9.37,46.58,53.42,0.0,False,False,,,,0.0,0.0,0.0,48.0,44.0,2,4.13,0.158,1174414,4421510,0,-10.84,-0.52,46.2,-4.5,35.4,81.4,53.4,55.4,48.4,48.4,53.5,50.5,45.5,42.5,42.5,43.5,43.5,46.8,41.8,43.8,44.8,50.8,56.8,54.8,58.8,51.4,50.4,50.4,49.4,48.4,47.4,46.4,45.4,45.4,44.4,44.4,44.4,45.4,45.4,46.4,47.4,
2026-08-29,66,-6.85,25.0,75.0,Lean R,-11.48,5.24,-8.87,-16.22,9.37,46.58,53.42,0.0,False,False,,,,0.0,0.0,0.0,48.0,44.0,2,4.13,0.157,1174414,4421510,0,-10.83,-0.52,46.2,-4.4,35.4,81.4,53.4,55.4,48.4,48.4,53.5,50.5,45.5,42.5,42.5,43.5,43.5,46.8,41.8,43.8,44.8,50.8,56.8,54.8,58.8,51.4,50.4,50.4,49.4,48.4,47.4,46.4,45.4,45.4,44.4,44.4,44.4,45.4,45.4,46.4,47.4,
2026-08-30,65,-6.85,25.0,75.0,Lean R,-11.49,5.25,-8.87,-16.22,9.37,46.58,53.42,0.0,False,False,,,,0.0,0.0,0.0,48.0,44.0,2,4.02,0.157,1174414,4421510,0,-10.82,-0.52,46.2,-4.4,35.4,81.4,53.4,55.4,48.4,48.4,53.5,50.5,45.5,42.5,42.5,43.5,43.5,46.8,41.8,43.8,44.8,50.8,56.8,54.8,58.8,51.4,50.4,50.4,49.4,48.4,47.4,46.4,45.4,45.4,44.4,44.4,44.4,45.4,45.4,46.4,47.4,
2026-08-31,64,-6.86,24.9,75.1,Likely R,-11.5,5.24,-8.89,-16.22,9.35,46.57,53.43,0.0,False,False,,,,0.0,0.0,0.0,48.0,44.0,2,4.03,0.157,1174414,4421510,0,-10.83,-0.52,46.2,-4.3,35.4,81.4,53.4,55.4,48.4,48.4,53.5,50.5,45.5,42.5,42.5,43.5,43.5,46.8,41.8,43.8,44.8,50.8,56.8,54.8,58.8,51.4,50.4,50.4,49.4,48.4,47.4,46.4,45.4,45.4,44.4,44.4,44.4,45.4,45.4,46.4,47.4,
2026-09-01,63,-6.92,24.7,75.3,Likely R,-11.52,5.2,-8.95,-16.22,9.3,46.54,53.46,0.0,False,False,,,,0.0,0.0,0.0,48.0,44.0,2,4.07,0.157,1174414,4421510,0,-10.87,-0.52,46.1,-4.5,35.4,81.4,53.4,55.4,48.4,48.4,53.4,50.4,45.4,42.4,42.4,43.4,43.4,46.8,41.8,43.8,44.8,50.8,56.8,54.8,58.8,51.4,50.4,50.4,49.4,48.4,47.4,46.4,45.4,45.4,44.4,44.4,44.4,45.4,45.4,46.4,47.4,
2026-09-02,62,-6.92,24.7,75.3,Likely R,-11.53,5.21,-8.95,-16.22,9.3,46.54,53.46,0.0,False,False,,,,0.0,0.0,0.0,48.0,44.0,2,4.11,0.157,1174414,4421510,0,-10.86,-0.52,46.1,-4.5,35.4,81.4,53.4,55.4,48.4,48.4,53.4,50.4,45.4,42.4,42.4,43.4,43.4,46.8,41.8,43.8,44.8,50.8,56.8,54.8,58.8,51.4,50.4,50.4,49.4,48.4,47.4,46.4,45.4,45.4,44.4,44.4,44.4,45.4,45.4,46.4,47.4,
2026-09-03,61,-6.9,24.7,75.3,Likely R,-11.53,5.23,-8.93,-16.22,9.32,46.55,53.45,0.0,False,False,,,,0.0,0.0,0.0,48.0,44.0,2,4.11,0.157,1174414,4421510,0,-10.84,-0.52,46.0,-4.7,35.4,81.4,53.4,55.4,48.4,48.4,53.4,50.4,45.4,42.4,42.4,43.4,43.4,46.8,41.8,43.8,44.8,50.8,56.8,54.8,58.8,51.4,50.4,50.4,49.4,48.4,47.4,46.4,45.4,45.4,44.4,44.4,44.4,45.4,45.4,46.4,47.4,
2026-09-04,60,-6.85,24.9,75.1,Likely R,-11.52,5.28,-8.87,-16.22,9.37,46.58,53.42,0.0,False,False,,,,0.0,0.0,0.0,48.0,44.0,2,4.11,0.157,1174414,4421510,0,-10.79,-0.52,46.1,-4.6,35.4,81.4,53.4,55.4,48.4,48.4,53.5,50.5,45.5,42.5,42.5,43.5,43.5,46.8,41.8,43.8,44.8,50.8,56.8,54.8,58.8,51.4,50.4,50.4,49.4,48.4,47.4,46.4,45.4,45.4,44.4,44.4,44.4,45.4,45.4,46.4,47.4,
2026-09-05,59,-6.86,24.8,75.2,Likely R,-11.53,5.28,-8.88,-16.22,9.36,46.57,53.43,0.0,False,False,,,,0.0,0.0,0.0,48.0,44.0,2,4.11,0.157,1174414,4421510,0,-10.79,-0.52,46.1,-4.6,35.4,81.4,53.4,55.4,48.4,48.4,53.5,50.5,45.5,42.5,42.5,43.5,43.5,46.8,41.8,43.8,44.8,50.8,56.8,54.8,58.8,51.4,50.4,50.4,49.4,48.4,47.4,46.4,45.4,45.4,44.4,44.4,44.4,45.4,45.4,46.4,47.4,
2026-09-06,58,-6.84,24.8,75.2,Likely R,-11.53,5.3,-8.86,-16.22,9.38,46.58,53.42,0.0,False,False,,,,0.0,0.0,0.0,48.0,44.0,2,4.24,0.158,1174414,4421510,0,-10.77,-0.52,46.0,-4.8,35.4,81.4,53.4,55.4,48.4,48.4,53.5,50.5,45.5,42.5,42.5,43.5,43.5,46.8,41.8,43.8,44.8,50.8,56.8,54.8,58.8,51.4,50.4,50.4,49.4,48.4,47.4,46.4,45.4,45.4,44.4,44.4,44.4,45.4,45.4,46.4,47.4,
2026-09-07,57,-6.83,24.8,75.2,Likely R,-11.53,5.31,-8.86,-16.22,9.38,46.58,53.42,0.0,False,False,,,,0.0,0.0,0.0,48.0,44.0,2,4.24,0.158,1174414,4421510,0,-10.76,-0.52,46.0,-4.8,35.4,81.4,53.4,55.4,48.4,48.4,53.5,50.5,45.5,42.5,42.5,43.5,43.5,46.8,41.8,43.8,44.8,50.8,56.8,54.8,58.8,51.4,50.4,50.4,49.4,48.4,47.4,46.4,45.4,45.4,44.4,44.4,44.4,45.4,45.4,46.4,47.4,
2026-09-08,56,-6.88,24.6,75.4,Likely R,-11.56,5.27,-8.92,-16.22,9.33,46.56,53.44,0.0,False,False,,,,0.0,0.0,0.0,48.0,44.0,2,4.32,0.158,1174414,4421510,0,-10.8,-0.52,46.0,-4.6,35.4,81.4,53.4,55.4,48.4,48.4,53.5,50.5,45.5,42.5,42.5,43.5,43.5,46.8,41.8,43.8,44.8,50.8,56.8,54.8,58.8,51.4,50.4,50.4,49.4,48.4,47.4,46.4,45.4,45.4,44.4,44.4,44.4,45.4,45.4,46.4,47.4,
2026-09-09,55,-6.8,24.8,75.2,Likely R,-11.53,5.35,-8.82,-16.22,9.42,46.6,53.4,0.0,False,False,,,,0.0,0.0,0.0,48.0,44.0,2,4.58,0.158,1174414,4421510,0,-10.72,-0.52,46.0,-4.7,35.5,81.5,53.5,55.5,48.5,48.5,53.5,50.5,45.5,42.5,42.5,43.5,43.5,46.8,41.8,43.8,44.8,50.8,56.8,54.8,58.8,51.4,50.4,50.4,49.4,48.4,47.4,46.4,45.4,45.4,44.4,44.4,44.4,45.4,45.4,46.4,47.4,
2026-09-10,54,-6.63,25.3,74.7,Lean R,-11.49,5.5,-8.62,-16.22,9.59,46.68,53.32,0.0,False,False,,,,0.0,0.0,0.0,48.0,44.0,2,4.57,0.158,1174414,4421510,0,-10.57,-0.52,45.8,-5.0,35.5,81.5,53.5,55.5,48.5,48.5,53.6,50.6,45.6,42.6,42.6,43.6,43.6,46.9,41.9,43.9,44.9,50.9,56.9,54.9,58.9,51.5,50.5,50.5,49.5,48.5,47.5,46.5,45.5,45.5,44.5,44.5,44.5,45.5,45.5,46.5,47.5,
2026-09-11,53,-6.18,26.7,73.3,Lean R,-11.01,5.55,-8.09,-16.22,10.03,46.91,53.09,0.0,False,False,,,,0.0,0.0,0.0,48.0,44.0,2,4.63,0.158,1174414,4421510,0,-10.52,-0.52,45.8,-4.9,35.8,81.8,53.8,55.8,48.8,48.8,53.8,50.8,45.8,42.8,42.8,43.8,43.8,47.1,42.1,44.1,45.1,51.1,57.1,55.1,59.1,51.7,50.7,50.7,49.7,48.7,47.7,46.7,45.7,45.7,44.7,44.7,44.7,45.7,45.7,46.7,47.7,
2026-09-12,52,-6.19,26.6,73.4,Lean R,-11.01,5.56,-8.11,-16.22,10.02,46.9,53.1,0.0,False,False,,,,0.0,0.0,0.0,48.0,44.0,2,4.63,0.158,1174414,4421510,0,-10.51,-0.52,45.8,-4.9,35.8,81.8,53.8,55.8,48.8,48.8,53.8,50.8,45.8,42.8,42.8,43.8,43.8,47.1,42.1,44.1,45.1,51.1,57.1,55.1,59.1,51.7,50.7,50.7,49.7,48.7,47.7,46.7,45.7,45.7,44.7,44.7,44.7,45.7,45.7,46.7,47.7,
2026-09-13,51,-6.13,26.7,73.3,Lean R,-11.0,5.62,-8.03,-16.22,10.09,46.94,53.06,0.0,False,False,,,,0.0,0.0,0.0,48.0,44.0,2,4.65,0.159,1174414,4421510,0,-10.45,-0.52,45.9,-5.0,35.8,81.8,53.8,55.8,48.8,48.8,53.8,50.8,45.8,42.8,42.8,43.8,43.8,47.2,42.2,44.2,45.2,51.2,57.2,55.2,59.2,51.8,50.8,50.8,49.8,48.8,47.8,46.8,45.8,45.8,44.8,44.8,44.8,45.8,45.8,46.8,47.8,
2026-09-14,50,-6.13,26.6,73.4,Lean R,-11.01,5.62,-8.04,-16.22,10.08,46.93,53.07,0.0,False,False,,,,0.0,0.0,0.0,48.0,44.0,2,4.77,0.159,1174414,4421510,0,-10.45,-0.52,45.9,-5.0,35.8,81.8,53.8,55.8,48.8,48.8,53.8,50.8,45.8,42.8,42.8,43.8,43.8,47.2,42.2,44.2,45.2,51.2,57.2,55.2,59.2,51.7,50.7,50.7,49.7,48.7,47.7,46.7,45.7,45.7,44.7,44.7,44.7,45.7,45.7,46.7,47.7,
2026-09-15,49,-6.01,27.0,73.0,Lean R,-10.97,5.73,-7.9,-16.22,10.21,47.0,53.0,0.0,False,False,,,,0.0,0.0,0.0,48.0,44.0,2,4.77,0.159,1174414,4421510,0,-10.34,-0.52,45.9,-4.9,35.9,81.9,53.9,55.9,48.9,48.9,53.9,50.9,45.9,42.9,42.9,43.9,43.9,47.2,42.2,44.2,45.2,51.2,57.2,55.2,59.2,51.8,50.8,50.8,49.8,48.8,47.8,46.8,45.8,45.8,44.8,44.8,44.8,45.8,45.8,46.8,47.8,
2026-09-16,48,-5.91,27.2,72.8,Lean R,-10.95,5.82,-7.78,-16.22,10.31,47.05,52.95,0.0,False,False,,,,0.0,0.0,0.0,48.0,44.0,2,4.77,0.159,1174414,4421510,0,-10.25,-0.52,45.9,-5.1,35.9,81.9,53.9,55.9,48.9,48.9,53.9,50.9,45.9,42.9,42.9,43.9,43.9,47.3,42.3,44.3,45.3,51.3,57.3,55.3,59.3,51.9,50.9,50.9,49.9,48.9,47.9,46.9,45.9,45.9,44.9,44.9,44.9,45.9,45.9,46.9,47.9,
2026-09-17,47,-5.76,27.6,72.4,Lean R,-10.91,5.95,-7.61,-16.22,10.46,47.12,52.88,0.0,False,False,,,,0.0,0.0,0.0,48.0,44.0,2,4.77,0.16,1174414,4421510,0,-10.12,-0.52,46.0,-5.1,36.0,82.0,54.0,56.0,49.0,49.0,54.0,51.0,46.0,43.0,43.0,44.0,44.0,47.4,42.4,44.4,45.4,51.4,57.4,55.4,59.4,51.9,50.9,50.9,49.9,48.9,47.9,46.9,45.9,45.9,44.9,44.9,44.9,45.9,45.9,46.9,47.9,
2026-09-18,46,-5.75,27.5,72.5,Lean R,-10.91,5.96,-7.6,-16.22,10.47,47.13,52.87,0.0,False,False,,,,0.0,0.0,0.0,48.0,44.0,2,4.77,0.16,1174414,4421510,0,-10.11,-0.52,46.0,-5.1,36.0,82.0,54.0,56.0,49.0,49.0,54.0,51.0,46.0,43.0,43.0,44.0,44.0,47.4,42.4,44.4,45.4,51.4,57.4,55.4,59.4,51.9,50.9,50.9,49.9,48.9,47.9,46.9,45.9,45.9,44.9,44.9,44.9,45.9,45.9,46.9,47.9,
2026-09-19,45,-5.78,27.3,72.7,Lean R,-10.92,5.93,-7.65,-16.22,10.43,47.11,52.89,0.0,False,False,,,,0.0,0.0,0.0,48.0,44.0,2,4.77,0.16,1174414,4421510,0,-10.14,-0.52,46.1,-4.9,36.0,82.0,54.0,56.0,49.0,49.0,54.0,51.0,46.0,43.0,43.0,44.0,44.0,47.3,42.3,44.3,45.3,51.3,57.3,55.3,59.3,51.9,50.9,50.9,49.9,48.9,47.9,46.9,45.9,45.9,44.9,44.9,44.9,45.9,45.9,46.9,47.9,
2026-09-20,44,-5.59,27.9,72.1,Lean R,-10.85,5.94,-7.57,-16.22,10.63,47.21,52.79,0.0,False,False,,,,0.0,0.0,0.0,48.0,44.0,2,4.81,0.161,1174414,4421510,0,-10.13,-0.52,46.1,-4.9,36.1,82.1,54.1,56.1,49.1,49.1,54.1,51.1,46.1,43.1,43.1,44.1,44.1,47.4,42.4,44.4,45.4,51.4,57.4,55.4,59.4,52.0,51.0,51.0,50.0,49.0,48.0,47.0,46.0,46.0,45.0,45.0,45.0,46.0,46.0,47.0,48.0,
2026-09-21,43,-5.52,28.0,72.0,Lean R,-10.83,5.99,-7.5,-16.22,10.7,47.24,52.76,0.0,False,False,,,,0.0,0.0,0.0,48.0,44.0,2,4.81,0.161,1174414,4421510,0,-10.08,-0.52,46.0,-5.0,36.1,82.1,54.1,56.1,49.1,49.1,54.1,51.1,46.1,43.1,43.1,44.1,44.1,47.5,42.5,44.5,45.5,51.5,57.5,55.5,59.5,52.1,51.1,51.1,50.1,49.1,48.1,47.1,46.1,46.1,45.1,45.1,45.1,46.1,46.1,47.1,48.1,
2026-09-22,42,-5.23,28.8,71.2,Lean R,-10.75,6.19,-7.21,-16.22,10.98,47.38,52.62,0.0,False,False,,,,0.0,0.0,0.0,48.0,44.0,2,5.04,0.162,1174414,4421510,0,-9.88,-0.52,45.8,-5.5,36.2,82.2,54.2,56.2,49.2,49.2,54.3,51.3,46.3,43.3,43.3,44.3,44.3,47.6,42.6,44.6,45.6,51.6,57.6,55.6,59.6,52.2,51.2,51.2,50.2,49.2,48.2,47.2,46.2,46.2,45.2,45.2,45.2,46.2,46.2,47.2,48.2,
2026-09-23,41,-4.93,29.7,70.3,Lean R,-10.65,6.41,-6.9,-16.22,11.29,47.54,52.46,0.0,False,False,,,,0.0,0.0,0.0,48.0,44.0,2,5.29,0.162,1174414,4421510,0,-9.66,-0.52,45.6,-6.0,36.4,82.4,54.4,56.4,49.4,49.4,54.4,51.4,46.4,43.4,43.4,44.4,44.4,47.8,42.8,44.8,45.8,51.8,57.8,55.8,59.8,52.4,51.4,51.4,50.4,49.4,48.4,47.4,46.4,46.4,45.4,45.4,45.4,46.4,46.4,47.4,48.4,
2026-09-24,40,-4.75,30.2,69.8,Lean R,-10.6,6.53,-6.73,-16.22,11.47,47.62,52.38,0.0,False,False,,,,0.0,0.0,0.0,48.0,44.0,2,5.44,0.162,1174414,4421510,0,-9.54,-0.52,45.6,-5.9,36.5,82.5,54.5,56.5,49.5,49.5,54.5,51.5,46.5,43.5,43.5,44.5,44.5,47.9,42.9,44.9,45.9,51.9,57.9,55.9,59.9,52.4,51.4,51.4,50.4,49.4,48.4,47.4,46.4,46.4,45.4,45.4,45.4,46.4,46.4,47.4,48.4,
