date,days_out,margin,dem_prob,rep_prob,rating,lean,gcb,fundamentals,pres_2024,swing_24_26,dem_pct,rep_pct,oth_pct,rcv,threeway,same_party,oth_party,ind_name,ind_prob,ind_pct,cand1_prob,poll_dem,poll_rep,poll_count,polling_avg,polling_weight,dem_funds,rep_funds,ind_funds,environment,demo_env_adj,trump_approve,trump_net,dem_vap_white,dem_vap_black,dem_vap_hispanic,dem_vap_asian,dem_vap_native,dem_vap_pacific,dem_age_20_29,dem_age_30_39,dem_age_40_49,dem_age_50_59,dem_age_60_69,dem_age_70_79,dem_age_80_plus,dem_educ_no_hs,dem_educ_hs,dem_educ_some_college,dem_educ_associate,dem_educ_bachelor,dem_educ_master,dem_educ_professional,dem_educ_doctorate,dem_inc_u10k,dem_inc_10_15k,dem_inc_15_20k,dem_inc_20_25k,dem_inc_25_30k,dem_inc_30_35k,dem_inc_35_40k,dem_inc_40_45k,dem_inc_45_50k,dem_inc_50_60k,dem_inc_60_75k,dem_inc_75_100k,dem_inc_100_125k,dem_inc_125_150k,dem_inc_150_200k,dem_inc_200k_plus
2026-01-01,306,-40.0,0.0,100.0,Safe R,-10.07,3.11,-10.16,-12.6,-27.4,0.0,100.0,0.0,False,False,REP,,,0.0,0.0,80.0,,,0,,0.0,0,5714802,0,-8.07,0.52,45.5,-5.7,2.0,35.4,7.4,9.4,2.4,2.4,7.1,4.1,2.0,2.0,2.0,2.0,2.0,2.0,2.0,2.0,2.0,3.8,9.8,7.8,11.8,5.1,4.1,4.1,3.1,2.1,2.0,2.0,2.0,2.0,2.0,2.0,2.0,2.0,2.0,2.0,2.0
2026-01-02,305,-40.0,0.0,100.0,Safe R,-10.07,3.11,-10.16,-12.6,-27.4,0.0,100.0,0.0,False,False,REP,,,0.0,0.0,80.0,,,0,,0.0,0,5714802,0,-8.07,0.52,45.5,-5.7,2.0,35.4,7.4,9.4,2.4,2.4,7.1,4.1,2.0,2.0,2.0,2.0,2.0,2.0,2.0,2.0,2.0,3.8,9.8,7.8,11.8,5.1,4.1,4.1,3.1,2.1,2.0,2.0,2.0,2.0,2.0,2.0,2.0,2.0,2.0,2.0,2.0
2026-01-03,304,-40.0,0.0,100.0,Safe R,-10.07,3.11,-10.16,-12.6,-27.4,0.0,100.0,0.0,False,False,REP,,,0.0,0.0,80.0,,,0,,0.0,0,5714802,0,-8.07,0.52,45.5,-5.7,2.0,35.4,7.4,9.4,2.4,2.4,7.1,4.1,2.0,2.0,2.0,2.0,2.0,2.0,2.0,2.0,2.0,3.8,9.8,7.8,11.8,5.1,4.1,4.1,3.1,2.1,2.0,2.0,2.0,2.0,2.0,2.0,2.0,2.0,2.0,2.0,2.0
2026-01-04,303,-40.0,0.0,100.0,Safe R,-10.09,3.04,-10.25,-12.6,-27.4,0.0,100.0,0.0,False,False,REP,,,0.0,0.0,80.0,,,0,,0.0,0,5714802,0,-8.14,0.52,45.6,-5.4,2.0,35.4,7.4,9.4,2.4,2.4,7.1,4.1,2.0,2.0,2.0,2.0,2.0,2.0,2.0,2.0,2.0,3.8,9.8,7.8,11.8,5.1,4.1,4.1,3.1,2.1,2.0,2.0,2.0,2.0,2.0,2.0,2.0,2.0,2.0,2.0,2.0
2026-01-05,302,-40.0,0.0,100.0,Safe R,-10.08,3.08,-10.2,-12.6,-27.4,0.0,100.0,0.0,False,False,REP,,,0.0,0.0,80.0,,,0,,0.0,0,5714802,0,-8.1,0.52,45.6,-5.4,2.0,35.4,7.4,9.4,2.4,2.4,7.1,4.1,2.0,2.0,2.0,2.0,2.0,2.0,2.0,2.0,2.0,3.8,9.8,7.8,11.8,5.1,4.1,4.1,3.1,2.1,2.0,2.0,2.0,2.0,2.0,2.0,2.0,2.0,2.0,2.0,2.0
2026-01-06,301,-40.0,0.0,100.0,Safe R,-10.08,3.08,-10.2,-12.6,-27.4,0.0,100.0,0.0,False,False,REP,,,0.0,0.0,80.0,,,0,,0.0,0,5714802,0,-8.1,0.52,45.6,-5.4,2.0,35.4,7.4,9.4,2.4,2.4,7.1,4.1,2.0,2.0,2.0,2.0,2.0,2.0,2.0,2.0,2.0,3.8,9.8,7.8,11.8,5.1,4.1,4.1,3.1,2.1,2.0,2.0,2.0,2.0,2.0,2.0,2.0,2.0,2.0,2.0,2.0
2026-01-07,300,-40.0,0.0,100.0,Safe R,-10.08,3.08,-10.2,-12.6,-27.4,0.0,100.0,0.0,False,False,REP,,,0.0,0.0,80.0,,,0,,0.0,0,5714802,0,-8.1,0.52,45.6,-5.6,2.0,35.4,7.4,9.4,2.4,2.4,7.1,4.1,2.0,2.0,2.0,2.0,2.0,2.0,2.0,2.0,2.0,3.8,9.8,7.8,11.8,5.1,4.1,4.1,3.1,2.1,2.0,2.0,2.0,2.0,2.0,2.0,2.0,2.0,2.0,2.0,2.0
2026-01-08,299,-40.0,0.0,100.0,Safe R,-10.08,3.08,-10.2,-12.6,-27.4,0.0,100.0,0.0,False,False,REP,,,0.0,0.0,80.0,,,0,,0.0,0,5714802,0,-8.1,0.52,45.6,-5.5,2.0,35.4,7.4,9.4,2.4,2.4,7.1,4.1,2.0,2.0,2.0,2.0,2.0,2.0,2.0,2.0,2.0,3.8,9.8,7.8,11.8,5.1,4.1,4.1,3.1,2.1,2.0,2.0,2.0,2.0,2.0,2.0,2.0,2.0,2.0,2.0,2.0
2026-01-09,298,-40.0,0.0,100.0,Safe R,-10.07,3.09,-10.18,-12.6,-27.4,0.0,100.0,0.0,False,False,REP,,,0.0,0.0,80.0,,,0,,0.0,0,5714802,0,-8.09,0.52,45.6,-5.5,2.0,35.4,7.4,9.4,2.4,2.4,7.1,4.1,2.0,2.0,2.0,2.0,2.0,2.0,2.0,2.0,2.0,3.8,9.8,7.8,11.8,5.1,4.1,4.1,3.1,2.1,2.0,2.0,2.0,2.0,2.0,2.0,2.0,2.0,2.0,2.0,2.0
2026-01-10,297,-40.0,0.0,100.0,Safe R,-10.07,3.09,-10.18,-12.6,-27.4,0.0,100.0,0.0,False,False,REP,,,0.0,0.0,80.0,,,0,,0.0,0,5714802,0,-8.09,0.52,45.6,-5.5,2.0,35.4,7.4,9.4,2.4,2.4,7.1,4.1,2.0,2.0,2.0,2.0,2.0,2.0,2.0,2.0,2.0,3.8,9.8,7.8,11.8,5.1,4.1,4.1,3.1,2.1,2.0,2.0,2.0,2.0,2.0,2.0,2.0,2.0,2.0,2.0,2.0
2026-01-11,296,-40.0,0.0,100.0,Safe R,-10.08,3.05,-10.23,-12.6,-27.4,0.0,100.0,0.0,False,False,REP,,,0.0,0.0,80.0,,,0,,0.0,0,5714802,0,-8.13,0.52,45.5,-5.7,2.0,35.4,7.4,9.4,2.4,2.4,7.1,4.1,2.0,2.0,2.0,2.0,2.0,2.0,2.0,2.0,2.0,3.8,9.8,7.8,11.8,5.1,4.1,4.1,3.1,2.1,2.0,2.0,2.0,2.0,2.0,2.0,2.0,2.0,2.0,2.0,2.0
2026-01-12,295,-40.0,0.0,100.0,Safe R,-10.07,3.1,-10.17,-12.6,-27.4,0.0,100.0,0.0,False,False,REP,,,0.0,0.0,80.0,,,0,,0.0,0,5714802,0,-8.08,0.52,45.4,-5.8,2.0,35.4,7.4,9.4,2.4,2.4,7.1,4.1,2.0,2.0,2.0,2.0,2.0,2.0,2.0,2.0,2.0,3.8,9.8,7.8,11.8,5.1,4.1,4.1,3.1,2.1,2.0,2.0,2.0,2.0,2.0,2.0,2.0,2.0,2.0,2.0,2.0
2026-01-13,294,-40.0,0.0,100.0,Safe R,-10.07,3.09,-10.18,-12.6,-27.4,0.0,100.0,0.0,False,False,REP,,,0.0,0.0,80.0,,,0,,0.0,0,5714802,0,-8.09,0.52,45.3,-6.0,2.0,35.4,7.4,9.4,2.4,2.4,7.1,4.1,2.0,2.0,2.0,2.0,2.0,2.0,2.0,2.0,2.0,3.8,9.8,7.8,11.8,5.1,4.1,4.1,3.1,2.1,2.0,2.0,2.0,2.0,2.0,2.0,2.0,2.0,2.0,2.0,2.0
2026-01-14,293,-40.0,0.0,100.0,Safe R,-10.07,3.09,-10.18,-12.6,-27.4,0.0,100.0,0.0,False,False,REP,,,0.0,0.0,80.0,,,0,,0.0,0,5714802,0,-8.09,0.52,45.4,-5.9,2.0,35.4,7.4,9.4,2.4,2.4,7.1,4.1,2.0,2.0,2.0,2.0,2.0,2.0,2.0,2.0,2.0,3.8,9.8,7.8,11.8,5.1,4.1,4.1,3.1,2.1,2.0,2.0,2.0,2.0,2.0,2.0,2.0,2.0,2.0,2.0,2.0
2026-01-15,292,-40.0,0.0,100.0,Safe R,-10.07,3.11,-10.16,-12.6,-27.4,0.0,100.0,0.0,False,False,REP,,,0.0,0.0,80.0,,,0,,0.0,0,5714802,0,-8.07,0.52,45.4,-5.9,2.0,35.4,7.4,9.4,2.4,2.4,7.1,4.1,2.0,2.0,2.0,2.0,2.0,2.0,2.0,2.0,2.0,3.8,9.8,7.8,11.8,5.1,4.1,4.1,3.1,2.1,2.0,2.0,2.0,2.0,2.0,2.0,2.0,2.0,2.0,2.0,2.0
2026-01-16,291,-40.0,0.0,100.0,Safe R,-10.07,3.11,-10.16,-12.6,-27.4,0.0,100.0,0.0,False,False,REP,,,0.0,0.0,80.0,,,0,,0.0,0,5714802,0,-8.07,0.52,45.4,-6.0,2.0,35.4,7.4,9.4,2.4,2.4,7.1,4.1,2.0,2.0,2.0,2.0,2.0,2.0,2.0,2.0,2.0,3.8,9.8,7.8,11.8,5.1,4.1,4.1,3.1,2.1,2.0,2.0,2.0,2.0,2.0,2.0,2.0,2.0,2.0,2.0,2.0
2026-01-17,290,-40.0,0.0,100.0,Safe R,-10.06,3.15,-10.11,-12.6,-27.4,0.0,100.0,0.0,False,False,REP,,,0.0,0.0,80.0,,,0,,0.0,0,5714802,0,-8.03,0.52,45.3,-6.1,2.0,35.4,7.4,9.4,2.4,2.4,7.1,4.1,2.0,2.0,2.0,2.0,2.0,2.0,2.0,2.0,2.0,3.8,9.8,7.8,11.8,5.1,4.1,4.1,3.1,2.1,2.0,2.0,2.0,2.0,2.0,2.0,2.0,2.0,2.0,2.0,2.0
2026-01-18,289,-40.0,0.0,100.0,Safe R,-10.08,3.08,-10.2,-12.6,-27.4,0.0,100.0,0.0,False,False,REP,,,0.0,0.0,80.0,,,0,,0.0,0,5714802,0,-8.1,0.52,45.3,-6.0,2.0,35.4,7.4,9.4,2.4,2.4,7.1,4.1,2.0,2.0,2.0,2.0,2.0,2.0,2.0,2.0,2.0,3.8,9.8,7.8,11.8,5.1,4.1,4.1,3.1,2.1,2.0,2.0,2.0,2.0,2.0,2.0,2.0,2.0,2.0,2.0,2.0
2026-01-19,288,-40.0,0.0,100.0,Safe R,-10.07,3.12,-10.15,-12.6,-27.4,0.0,100.0,0.0,False,False,REP,,,0.0,0.0,80.0,,,0,,0.0,0,5714802,0,-8.06,0.52,45.3,-6.0,2.0,35.4,7.4,9.4,2.4,2.4,7.1,4.1,2.0,2.0,2.0,2.0,2.0,2.0,2.0,2.0,2.0,3.8,9.8,7.8,11.8,5.1,4.1,4.1,3.1,2.1,2.0,2.0,2.0,2.0,2.0,2.0,2.0,2.0,2.0,2.0,2.0
2026-01-20,287,-40.0,0.0,100.0,Safe R,-10.05,3.19,-10.06,-12.6,-27.4,0.0,100.0,0.0,False,False,REP,,,0.0,0.0,80.0,,,0,,0.0,0,5714802,0,-7.99,0.52,45.2,-6.2,2.0,35.4,7.4,9.4,2.4,2.4,7.1,4.1,2.0,2.0,2.0,2.0,2.0,2.0,2.0,2.0,2.0,3.8,9.8,7.8,11.8,5.1,4.1,4.1,3.1,2.1,2.0,2.0,2.0,2.0,2.0,2.0,2.0,2.0,2.0,2.0,2.0
2026-01-21,286,-40.0,0.0,100.0,Safe R,-10.05,3.19,-10.06,-12.6,-27.4,0.0,100.0,0.0,False,False,REP,,,0.0,0.0,80.0,,,0,,0.0,0,5714802,0,-7.99,0.52,45.3,-6.1,2.0,35.4,7.4,9.4,2.4,2.4,7.1,4.1,2.0,2.0,2.0,2.0,2.0,2.0,2.0,2.0,2.0,3.8,9.8,7.8,11.8,5.1,4.1,4.1,3.1,2.1,2.0,2.0,2.0,2.0,2.0,2.0,2.0,2.0,2.0,2.0,2.0
2026-01-22,285,-40.0,0.0,100.0,Safe R,-10.04,3.21,-10.03,-12.6,-27.4,0.0,100.0,0.0,False,False,REP,,,0.0,0.0,80.0,,,0,,0.0,0,5714802,0,-7.97,0.52,45.2,-6.3,2.0,35.4,7.4,9.4,2.4,2.4,7.1,4.1,2.0,2.0,2.0,2.0,2.0,2.0,2.0,2.0,2.0,3.8,9.8,7.8,11.8,5.1,4.1,4.1,3.1,2.1,2.0,2.0,2.0,2.0,2.0,2.0,2.0,2.0,2.0,2.0,2.0
2026-01-23,284,-40.0,0.0,100.0,Safe R,-10.04,3.21,-10.03,-12.6,-27.4,0.0,100.0,0.0,False,False,REP,,,0.0,0.0,80.0,,,0,,0.0,0,5714802,0,-7.97,0.52,45.2,-6.3,2.0,35.4,7.4,9.4,2.4,2.4,7.1,4.1,2.0,2.0,2.0,2.0,2.0,2.0,2.0,2.0,2.0,3.8,9.8,7.8,11.8,5.1,4.1,4.1,3.1,2.1,2.0,2.0,2.0,2.0,2.0,2.0,2.0,2.0,2.0,2.0,2.0
2026-01-24,283,-40.0,0.0,100.0,Safe R,-10.04,3.22,-10.02,-12.6,-27.4,0.0,100.0,0.0,False,False,REP,,,0.0,0.0,80.0,,,0,,0.0,0,5714802,0,-7.96,0.52,45.2,-6.3,2.0,35.4,7.4,9.4,2.4,2.4,7.1,4.1,2.0,2.0,2.0,2.0,2.0,2.0,2.0,2.0,2.0,3.8,9.8,7.8,11.8,5.1,4.1,4.1,3.1,2.1,2.0,2.0,2.0,2.0,2.0,2.0,2.0,2.0,2.0,2.0,2.0
2026-01-25,282,-40.0,0.0,100.0,Safe R,-10.06,3.15,-10.11,-12.6,-27.4,0.0,100.0,0.0,False,False,REP,,,0.0,0.0,80.0,,,0,,0.0,0,5714802,0,-8.03,0.52,45.2,-6.3,2.0,35.4,7.4,9.4,2.4,2.4,7.1,4.1,2.0,2.0,2.0,2.0,2.0,2.0,2.0,2.0,2.0,3.8,9.8,7.8,11.8,5.1,4.1,4.1,3.1,2.1,2.0,2.0,2.0,2.0,2.0,2.0,2.0,2.0,2.0,2.0,2.0
2026-01-26,281,-40.0,0.0,100.0,Safe R,-10.05,3.19,-10.06,-12.6,-27.4,0.0,100.0,0.0,False,False,REP,,,0.0,0.0,80.0,,,0,,0.0,0,5714802,0,-7.99,0.52,45.1,-6.6,2.0,35.4,7.4,9.4,2.4,2.4,7.1,4.1,2.0,2.0,2.0,2.0,2.0,2.0,2.0,2.0,2.0,3.8,9.8,7.8,11.8,5.1,4.1,4.1,3.1,2.1,2.0,2.0,2.0,2.0,2.0,2.0,2.0,2.0,2.0,2.0,2.0
2026-01-27,280,-40.0,0.0,100.0,Safe R,-10.05,3.19,-10.06,-12.6,-27.4,0.0,100.0,0.0,False,False,REP,,,0.0,0.0,80.0,,,0,,0.0,0,5714802,0,-7.99,0.52,45.1,-6.6,2.0,35.4,7.4,9.4,2.4,2.4,7.1,4.1,2.0,2.0,2.0,2.0,2.0,2.0,2.0,2.0,2.0,3.8,9.8,7.8,11.8,5.1,4.1,4.1,3.1,2.1,2.0,2.0,2.0,2.0,2.0,2.0,2.0,2.0,2.0,2.0,2.0
2026-01-28,279,-40.0,0.0,100.0,Safe R,-10.04,3.22,-10.02,-12.6,-27.4,0.0,100.0,0.0,False,False,REP,,,0.0,0.0,80.0,,,0,,0.0,0,5714802,0,-7.96,0.52,45.1,-6.6,2.0,35.4,7.4,9.4,2.4,2.4,7.1,4.1,2.0,2.0,2.0,2.0,2.0,2.0,2.0,2.0,2.0,3.8,9.8,7.8,11.8,5.1,4.1,4.1,3.1,2.1,2.0,2.0,2.0,2.0,2.0,2.0,2.0,2.0,2.0,2.0,2.0
2026-01-29,278,-40.0,0.0,100.0,Safe R,-10.04,3.21,-10.03,-12.6,-27.4,0.0,100.0,0.0,False,False,REP,,,0.0,0.0,80.0,,,0,,0.0,0,5714802,0,-7.97,0.52,45.2,-6.5,2.0,35.4,7.4,9.4,2.4,2.4,7.1,4.1,2.0,2.0,2.0,2.0,2.0,2.0,2.0,2.0,2.0,3.8,9.8,7.8,11.8,5.1,4.1,4.1,3.1,2.1,2.0,2.0,2.0,2.0,2.0,2.0,2.0,2.0,2.0,2.0,2.0
2026-01-30,277,-40.0,0.0,100.0,Safe R,-10.04,3.22,-10.02,-12.6,-27.4,0.0,100.0,0.0,False,False,REP,,,0.0,0.0,80.0,,,0,,0.0,0,5714802,0,-7.96,0.52,45.1,-6.6,2.0,35.4,7.4,9.4,2.4,2.4,7.1,4.1,2.0,2.0,2.0,2.0,2.0,2.0,2.0,2.0,2.0,3.8,9.8,7.8,11.8,5.1,4.1,4.1,3.1,2.1,2.0,2.0,2.0,2.0,2.0,2.0,2.0,2.0,2.0,2.0,2.0
2026-01-31,276,-40.0,0.0,100.0,Safe R,-10.04,3.22,-10.02,-12.6,-27.4,0.0,100.0,0.0,False,False,REP,,,0.0,0.0,80.0,,,0,,0.0,0,5714802,0,-7.96,0.52,45.1,-6.6,2.0,35.4,7.4,9.4,2.4,2.4,7.1,4.1,2.0,2.0,2.0,2.0,2.0,2.0,2.0,2.0,2.0,3.8,9.8,7.8,11.8,5.1,4.1,4.1,3.1,2.1,2.0,2.0,2.0,2.0,2.0,2.0,2.0,2.0,2.0,2.0,2.0
2026-02-01,275,-40.0,0.0,100.0,Safe R,-10.06,3.13,-10.13,-12.6,-27.4,0.0,100.0,0.0,False,False,REP,,,0.0,0.0,80.0,,,0,,0.0,0,5714802,0,-8.05,0.52,45.2,-6.4,2.0,35.4,7.4,9.4,2.4,2.4,7.1,4.1,2.0,2.0,2.0,2.0,2.0,2.0,2.0,2.0,2.0,3.8,9.8,7.8,11.8,5.1,4.1,4.1,3.1,2.1,2.0,2.0,2.0,2.0,2.0,2.0,2.0,2.0,2.0,2.0,2.0
2026-02-02,274,-40.0,0.0,100.0,Safe R,-10.06,3.13,-10.13,-12.6,-27.4,0.0,100.0,0.0,False,False,REP,,,0.0,0.0,80.0,,,0,,0.0,0,5714802,0,-8.05,0.52,45.0,-6.6,2.0,35.4,7.4,9.4,2.4,2.4,7.1,4.1,2.0,2.0,2.0,2.0,2.0,2.0,2.0,2.0,2.0,3.8,9.8,7.8,11.8,5.1,4.1,4.1,3.1,2.1,2.0,2.0,2.0,2.0,2.0,2.0,2.0,2.0,2.0,2.0,2.0
2026-02-03,273,-40.0,0.0,100.0,Safe R,-10.06,3.13,-10.13,-12.6,-27.4,0.0,100.0,0.0,False,False,REP,,,0.0,0.0,80.0,,,0,,0.0,0,5714802,0,-8.05,0.52,45.0,-6.6,2.0,35.4,7.4,9.4,2.4,2.4,7.1,4.1,2.0,2.0,2.0,2.0,2.0,2.0,2.0,2.0,2.0,3.8,9.8,7.8,11.8,5.1,4.1,4.1,3.1,2.1,2.0,2.0,2.0,2.0,2.0,2.0,2.0,2.0,2.0,2.0,2.0
2026-02-04,272,-40.0,0.0,100.0,Safe R,-10.06,3.14,-10.12,-12.6,-27.4,0.0,100.0,0.0,False,False,REP,,,0.0,0.0,80.0,,,0,,0.0,0,5714802,0,-8.04,0.52,45.1,-6.6,2.0,35.4,7.4,9.4,2.4,2.4,7.1,4.1,2.0,2.0,2.0,2.0,2.0,2.0,2.0,2.0,2.0,3.8,9.8,7.8,11.8,5.1,4.1,4.1,3.1,2.1,2.0,2.0,2.0,2.0,2.0,2.0,2.0,2.0,2.0,2.0,2.0
2026-02-05,271,-40.0,0.0,100.0,Safe R,-10.06,3.14,-10.12,-12.6,-27.4,0.0,100.0,0.0,False,False,REP,,,0.0,0.0,80.0,,,0,,0.0,0,5714802,0,-8.04,0.52,45.1,-6.5,2.0,35.4,7.4,9.4,2.4,2.4,7.1,4.1,2.0,2.0,2.0,2.0,2.0,2.0,2.0,2.0,2.0,3.8,9.8,7.8,11.8,5.1,4.1,4.1,3.1,2.1,2.0,2.0,2.0,2.0,2.0,2.0,2.0,2.0,2.0,2.0,2.0
2026-02-06,270,-40.0,0.0,100.0,Safe R,-10.06,3.14,-10.12,-12.6,-27.4,0.0,100.0,0.0,False,False,REP,,,0.0,0.0,80.0,,,0,,0.0,0,5714802,0,-8.04,0.52,45.1,-6.6,2.0,35.4,7.4,9.4,2.4,2.4,7.1,4.1,2.0,2.0,2.0,2.0,2.0,2.0,2.0,2.0,2.0,3.8,9.8,7.8,11.8,5.1,4.1,4.1,3.1,2.1,2.0,2.0,2.0,2.0,2.0,2.0,2.0,2.0,2.0,2.0,2.0
2026-02-07,269,-40.0,0.0,100.0,Safe R,-10.06,3.15,-10.11,-12.6,-27.4,0.0,100.0,0.0,False,False,REP,,,0.0,0.0,80.0,,,0,,0.0,0,5714802,0,-8.03,0.52,45.1,-6.6,2.0,35.4,7.4,9.4,2.4,2.4,7.1,4.1,2.0,2.0,2.0,2.0,2.0,2.0,2.0,2.0,2.0,3.8,9.8,7.8,11.8,5.1,4.1,4.1,3.1,2.1,2.0,2.0,2.0,2.0,2.0,2.0,2.0,2.0,2.0,2.0,2.0
2026-02-08,268,-40.0,0.0,100.0,Safe R,-10.06,3.13,-10.13,-12.6,-27.4,0.0,100.0,0.0,False,False,REP,,,0.0,0.0,80.0,,,0,,0.0,0,5714802,0,-8.05,0.52,44.9,-6.9,2.0,35.4,7.4,9.4,2.4,2.4,7.1,4.1,2.0,2.0,2.0,2.0,2.0,2.0,2.0,2.0,2.0,3.8,9.8,7.8,11.8,5.1,4.1,4.1,3.1,2.1,2.0,2.0,2.0,2.0,2.0,2.0,2.0,2.0,2.0,2.0,2.0
2026-02-09,267,-40.0,0.0,100.0,Safe R,-10.05,3.17,-10.08,-12.6,-27.4,0.0,100.0,0.0,False,False,REP,,,0.0,0.0,80.0,,,0,,0.0,0,5714802,0,-8.01,0.52,44.9,-6.9,2.0,35.4,7.4,9.4,2.4,2.4,7.1,4.1,2.0,2.0,2.0,2.0,2.0,2.0,2.0,2.0,2.0,3.8,9.8,7.8,11.8,5.1,4.1,4.1,3.1,2.1,2.0,2.0,2.0,2.0,2.0,2.0,2.0,2.0,2.0,2.0,2.0
2026-02-10,266,-40.0,0.0,100.0,Safe R,-10.05,3.2,-10.05,-12.6,-27.4,0.0,100.0,0.0,False,False,REP,,,0.0,0.0,80.0,,,0,,0.0,0,5714802,0,-7.98,0.52,44.9,-6.9,2.0,35.4,7.4,9.4,2.4,2.4,7.1,4.1,2.0,2.0,2.0,2.0,2.0,2.0,2.0,2.0,2.0,3.8,9.8,7.8,11.8,5.1,4.1,4.1,3.1,2.1,2.0,2.0,2.0,2.0,2.0,2.0,2.0,2.0,2.0,2.0,2.0
2026-02-11,265,-40.0,0.0,100.0,Safe R,-10.05,3.2,-10.05,-12.6,-27.4,0.0,100.0,0.0,False,False,REP,,,0.0,0.0,80.0,,,0,,0.0,0,5714802,0,-7.98,0.52,44.9,-6.9,2.0,35.4,7.4,9.4,2.4,2.4,7.1,4.1,2.0,2.0,2.0,2.0,2.0,2.0,2.0,2.0,2.0,3.8,9.8,7.8,11.8,5.1,4.1,4.1,3.1,2.1,2.0,2.0,2.0,2.0,2.0,2.0,2.0,2.0,2.0,2.0,2.0
2026-02-12,264,-40.0,0.0,100.0,Safe R,-10.05,3.19,-10.06,-12.6,-27.4,0.0,100.0,0.0,False,False,REP,,,0.0,0.0,80.0,,,0,,0.0,0,5714802,0,-7.99,0.52,44.9,-7.0,2.0,35.4,7.4,9.4,2.4,2.4,7.1,4.1,2.0,2.0,2.0,2.0,2.0,2.0,2.0,2.0,2.0,3.8,9.8,7.8,11.8,5.1,4.1,4.1,3.1,2.1,2.0,2.0,2.0,2.0,2.0,2.0,2.0,2.0,2.0,2.0,2.0
2026-02-13,263,-40.0,0.0,100.0,Safe R,-10.05,3.19,-10.06,-12.6,-27.4,0.0,100.0,0.0,False,False,REP,,,0.0,0.0,80.0,,,0,,0.0,0,5714802,0,-7.99,0.52,44.9,-6.9,2.0,35.4,7.4,9.4,2.4,2.4,7.1,4.1,2.0,2.0,2.0,2.0,2.0,2.0,2.0,2.0,2.0,3.8,9.8,7.8,11.8,5.1,4.1,4.1,3.1,2.1,2.0,2.0,2.0,2.0,2.0,2.0,2.0,2.0,2.0,2.0,2.0
2026-02-14,262,-40.0,0.0,100.0,Safe R,-10.05,3.2,-10.05,-12.6,-27.4,0.0,100.0,0.0,False,False,REP,,,0.0,0.0,80.0,,,0,,0.0,0,5714802,0,-7.98,0.52,44.9,-6.9,2.0,35.4,7.4,9.4,2.4,2.4,7.1,4.1,2.0,2.0,2.0,2.0,2.0,2.0,2.0,2.0,2.0,3.8,9.8,7.8,11.8,5.1,4.1,4.1,3.1,2.1,2.0,2.0,2.0,2.0,2.0,2.0,2.0,2.0,2.0,2.0,2.0
2026-02-15,261,-40.0,0.0,100.0,Safe R,-10.05,3.2,-10.05,-12.6,-27.4,0.0,100.0,0.0,False,False,REP,,,0.0,0.0,80.0,,,0,,0.0,0,5714802,0,-7.98,0.52,44.9,-6.9,2.0,35.4,7.4,9.4,2.4,2.4,7.1,4.1,2.0,2.0,2.0,2.0,2.0,2.0,2.0,2.0,2.0,3.8,9.8,7.8,11.8,5.1,4.1,4.1,3.1,2.1,2.0,2.0,2.0,2.0,2.0,2.0,2.0,2.0,2.0,2.0,2.0
2026-02-16,260,-40.0,0.0,100.0,Safe R,-10.04,3.23,-10.01,-12.6,-27.4,0.0,100.0,0.0,False,False,REP,,,0.0,0.0,80.0,,,0,,0.0,0,5714802,0,-7.95,0.52,44.8,-7.1,2.0,35.4,7.4,9.4,2.4,2.4,7.1,4.1,2.0,2.0,2.0,2.0,2.0,2.0,2.0,2.0,2.0,3.8,9.8,7.8,11.8,5.1,4.1,4.1,3.1,2.1,2.0,2.0,2.0,2.0,2.0,2.0,2.0,2.0,2.0,2.0,2.0
2026-02-17,259,-40.0,0.0,100.0,Safe R,-10.04,3.22,-10.02,-12.6,-27.4,0.0,100.0,0.0,False,False,REP,,,0.0,0.0,80.0,,,0,,0.0,0,5714802,0,-7.96,0.52,44.8,-7.2,2.0,35.4,7.4,9.4,2.4,2.4,7.1,4.1,2.0,2.0,2.0,2.0,2.0,2.0,2.0,2.0,2.0,3.8,9.8,7.8,11.8,5.1,4.1,4.1,3.1,2.1,2.0,2.0,2.0,2.0,2.0,2.0,2.0,2.0,2.0,2.0,2.0
2026-02-18,258,-40.0,0.0,100.0,Safe R,-10.04,3.23,-10.01,-12.6,-27.4,0.0,100.0,0.0,False,False,REP,,,0.0,0.0,80.0,,,0,,0.0,0,5714802,0,-7.95,0.52,44.8,-7.2,2.0,35.4,7.4,9.4,2.4,2.4,7.1,4.1,2.0,2.0,2.0,2.0,2.0,2.0,2.0,2.0,2.0,3.8,9.8,7.8,11.8,5.1,4.1,4.1,3.1,2.1,2.0,2.0,2.0,2.0,2.0,2.0,2.0,2.0,2.0,2.0,2.0
2026-02-19,257,-40.0,0.0,100.0,Safe R,-10.04,3.23,-10.01,-12.6,-27.4,0.0,100.0,0.0,False,False,REP,,,0.0,0.0,80.0,,,0,,0.0,0,5714802,0,-7.95,0.52,44.9,-7.0,2.0,35.4,7.4,9.4,2.4,2.4,7.1,4.1,2.0,2.0,2.0,2.0,2.0,2.0,2.0,2.0,2.0,3.8,9.8,7.8,11.8,5.1,4.1,4.1,3.1,2.1,2.0,2.0,2.0,2.0,2.0,2.0,2.0,2.0,2.0,2.0,2.0
2026-02-20,256,-40.0,0.0,100.0,Safe R,-10.02,3.29,-9.93,-12.6,-27.4,0.0,100.0,0.0,False,False,REP,,,0.0,0.0,80.0,,,0,,0.0,0,5714802,0,-7.89,0.52,44.7,-7.5,2.0,35.4,7.4,9.4,2.4,2.4,7.1,4.1,2.0,2.0,2.0,2.0,2.0,2.0,2.0,2.0,2.0,3.8,9.8,7.8,11.8,5.1,4.1,4.1,3.1,2.1,2.0,2.0,2.0,2.0,2.0,2.0,2.0,2.0,2.0,2.0,2.0
2026-02-21,255,-40.0,0.0,100.0,Safe R,-10.02,3.29,-9.93,-12.6,-27.4,0.0,100.0,0.0,False,False,REP,,,0.0,0.0,80.0,,,0,,0.0,0,5714802,0,-7.89,0.52,44.7,-7.5,2.0,35.4,7.4,9.4,2.4,2.4,7.1,4.1,2.0,2.0,2.0,2.0,2.0,2.0,2.0,2.0,2.0,3.8,9.8,7.8,11.8,5.1,4.1,4.1,3.1,2.1,2.0,2.0,2.0,2.0,2.0,2.0,2.0,2.0,2.0,2.0,2.0
2026-02-22,254,-40.0,0.0,100.0,Safe R,-10.02,3.31,-9.91,-12.6,-27.4,0.0,100.0,0.0,False,False,REP,,,0.0,0.0,80.0,,,0,,0.0,0,5714802,0,-7.87,0.52,44.8,-7.3,2.0,35.4,7.4,9.4,2.4,2.4,7.1,4.1,2.0,2.0,2.0,2.0,2.0,2.0,2.0,2.0,2.0,3.8,9.8,7.8,11.8,5.1,4.1,4.1,3.1,2.1,2.0,2.0,2.0,2.0,2.0,2.0,2.0,2.0,2.0,2.0,2.0
2026-02-23,253,-40.0,0.0,100.0,Safe R,-10.02,3.3,-9.92,-12.6,-27.4,0.0,100.0,0.0,False,False,REP,,,0.0,0.0,80.0,,,0,,0.0,0,5714802,0,-7.88,0.52,44.7,-7.5,2.0,35.4,7.4,9.4,2.4,2.4,7.1,4.1,2.0,2.0,2.0,2.0,2.0,2.0,2.0,2.0,2.0,3.8,9.8,7.8,11.8,5.1,4.1,4.1,3.1,2.1,2.0,2.0,2.0,2.0,2.0,2.0,2.0,2.0,2.0,2.0,2.0
2026-02-24,252,-40.0,0.0,100.0,Safe R,-10.02,3.3,-9.92,-12.6,-27.4,0.0,100.0,0.0,False,False,REP,,,0.0,0.0,80.0,,,0,,0.0,0,5714802,0,-7.88,0.52,44.7,-7.5,2.0,35.4,7.4,9.4,2.4,2.4,7.1,4.1,2.0,2.0,2.0,2.0,2.0,2.0,2.0,2.0,2.0,3.8,9.8,7.8,11.8,5.1,4.1,4.1,3.1,2.1,2.0,2.0,2.0,2.0,2.0,2.0,2.0,2.0,2.0,2.0,2.0
2026-02-25,251,-40.0,0.0,100.0,Safe R,-10.02,3.3,-9.92,-12.6,-27.4,0.0,100.0,0.0,False,False,REP,,,0.0,0.0,80.0,,,0,,0.0,0,5714802,0,-7.88,0.52,44.8,-7.5,2.0,35.4,7.4,9.4,2.4,2.4,7.1,4.1,2.0,2.0,2.0,2.0,2.0,2.0,2.0,2.0,2.0,3.8,9.8,7.8,11.8,5.1,4.1,4.1,3.1,2.1,2.0,2.0,2.0,2.0,2.0,2.0,2.0,2.0,2.0,2.0,2.0
2026-02-26,250,-40.0,0.0,100.0,Safe R,-10.03,3.28,-9.95,-12.6,-27.4,0.0,100.0,0.0,False,False,REP,,,0.0,0.0,80.0,,,0,,0.0,0,5714802,0,-7.9,0.52,44.9,-7.2,2.0,35.4,7.4,9.4,2.4,2.4,7.1,4.1,2.0,2.0,2.0,2.0,2.0,2.0,2.0,2.0,2.0,3.8,9.8,7.8,11.8,5.1,4.1,4.1,3.1,2.1,2.0,2.0,2.0,2.0,2.0,2.0,2.0,2.0,2.0,2.0,2.0
2026-02-27,249,-40.0,0.0,100.0,Safe R,-10.03,3.28,-9.95,-12.6,-27.4,0.0,100.0,0.0,False,False,REP,,,0.0,0.0,80.0,,,0,,0.0,0,5714802,0,-7.9,0.52,44.9,-7.1,2.0,35.4,7.4,9.4,2.4,2.4,7.1,4.1,2.0,2.0,2.0,2.0,2.0,2.0,2.0,2.0,2.0,3.8,9.8,7.8,11.8,5.1,4.1,4.1,3.1,2.1,2.0,2.0,2.0,2.0,2.0,2.0,2.0,2.0,2.0,2.0,2.0
2026-02-28,248,-40.0,0.0,100.0,Safe R,-10.03,3.28,-9.95,-12.6,-27.4,0.0,100.0,0.0,False,False,REP,,,0.0,0.0,80.0,,,0,,0.0,0,5714802,0,-7.9,0.52,44.9,-7.0,2.0,35.4,7.4,9.4,2.4,2.4,7.1,4.1,2.0,2.0,2.0,2.0,2.0,2.0,2.0,2.0,2.0,3.8,9.8,7.8,11.8,5.1,4.1,4.1,3.1,2.1,2.0,2.0,2.0,2.0,2.0,2.0,2.0,2.0,2.0,2.0,2.0
2026-03-01,247,-40.0,0.0,100.0,Safe R,-10.02,3.29,-9.93,-12.6,-27.4,0.0,100.0,0.0,False,False,REP,,,0.0,0.0,80.0,,,0,,0.0,0,5714802,0,-7.89,0.52,44.9,-7.1,2.0,35.4,7.4,9.4,2.4,2.4,7.1,4.1,2.0,2.0,2.0,2.0,2.0,2.0,2.0,2.0,2.0,3.8,9.8,7.8,11.8,5.1,4.1,4.1,3.1,2.1,2.0,2.0,2.0,2.0,2.0,2.0,2.0,2.0,2.0,2.0,2.0
2026-03-02,246,-40.0,0.0,100.0,Safe R,-10.02,3.31,-9.91,-12.6,-27.4,0.0,100.0,0.0,False,False,REP,,,0.0,0.0,80.0,,,0,,0.0,0,5714802,0,-7.87,0.52,44.9,-7.2,2.0,35.4,7.4,9.4,2.4,2.4,7.1,4.1,2.0,2.0,2.0,2.0,2.0,2.0,2.0,2.0,2.0,3.8,9.8,7.8,11.8,5.1,4.1,4.1,3.1,2.1,2.0,2.0,2.0,2.0,2.0,2.0,2.0,2.0,2.0,2.0,2.0
2026-03-03,245,-40.0,0.0,100.0,Safe R,-10.02,3.32,-9.9,-12.6,-27.4,0.0,100.0,0.0,False,False,REP,,,0.0,0.0,80.0,,,0,,0.0,0,5714802,0,-7.86,0.52,45.0,-7.0,2.0,35.4,7.4,9.4,2.4,2.4,7.1,4.1,2.0,2.0,2.0,2.0,2.0,2.0,2.0,2.0,2.0,3.8,9.8,7.8,11.8,5.1,4.1,4.1,3.1,2.1,2.0,2.0,2.0,2.0,2.0,2.0,2.0,2.0,2.0,2.0,2.0
2026-03-04,244,-40.0,0.0,100.0,Safe R,-10.0,3.4,-9.8,-12.6,-27.4,0.0,100.0,0.0,False,False,REP,,,0.0,0.0,80.0,,,0,,0.0,0,5714802,0,-7.78,0.52,44.9,-7.2,2.0,35.4,7.4,9.4,2.4,2.4,7.1,4.1,2.0,2.0,2.0,2.0,2.0,2.0,2.0,2.0,2.0,3.8,9.8,7.8,11.8,5.1,4.1,4.1,3.1,2.1,2.0,2.0,2.0,2.0,2.0,2.0,2.0,2.0,2.0,2.0,2.0
2026-03-05,243,-40.0,0.0,100.0,Safe R,-10.0,3.37,-9.83,-12.6,-27.4,0.0,100.0,0.0,False,False,REP,,,0.0,0.0,80.0,,,0,,0.0,0,5714802,0,-7.81,0.52,44.9,-7.1,2.0,35.4,7.4,9.4,2.4,2.4,7.1,4.1,2.0,2.0,2.0,2.0,2.0,2.0,2.0,2.0,2.0,3.8,9.8,7.8,11.8,5.1,4.1,4.1,3.1,2.1,2.0,2.0,2.0,2.0,2.0,2.0,2.0,2.0,2.0,2.0,2.0
2026-03-06,242,-40.0,0.0,100.0,Safe R,-10.0,3.38,-9.82,-12.6,-27.4,0.0,100.0,0.0,False,False,REP,,,0.0,0.0,80.0,,,0,,0.0,0,5714802,0,-7.8,0.52,44.9,-7.1,2.0,35.4,7.4,9.4,2.4,2.4,7.1,4.1,2.0,2.0,2.0,2.0,2.0,2.0,2.0,2.0,2.0,3.8,9.8,7.8,11.8,5.1,4.1,4.1,3.1,2.1,2.0,2.0,2.0,2.0,2.0,2.0,2.0,2.0,2.0,2.0,2.0
2026-03-07,241,-40.0,0.0,100.0,Safe R,-10.0,3.38,-9.82,-12.6,-27.4,0.0,100.0,0.0,False,False,REP,,,0.0,0.0,80.0,,,0,,0.0,0,5714802,0,-7.8,0.52,44.9,-7.1,2.0,35.4,7.4,9.4,2.4,2.4,7.1,4.1,2.0,2.0,2.0,2.0,2.0,2.0,2.0,2.0,2.0,3.8,9.8,7.8,11.8,5.1,4.1,4.1,3.1,2.1,2.0,2.0,2.0,2.0,2.0,2.0,2.0,2.0,2.0,2.0,2.0
2026-03-08,240,-40.0,0.0,100.0,Safe R,-10.0,3.38,-9.82,-12.6,-27.4,0.0,100.0,0.0,False,False,REP,,,0.0,0.0,80.0,,,0,,0.0,0,5714802,0,-7.8,0.52,44.8,-7.2,2.0,35.4,7.4,9.4,2.4,2.4,7.1,4.1,2.0,2.0,2.0,2.0,2.0,2.0,2.0,2.0,2.0,3.8,9.8,7.8,11.8,5.1,4.1,4.1,3.1,2.1,2.0,2.0,2.0,2.0,2.0,2.0,2.0,2.0,2.0,2.0,2.0
2026-03-09,239,-40.0,0.0,100.0,Safe R,-10.0,3.37,-9.83,-12.6,-27.4,0.0,100.0,0.0,False,False,REP,,,0.0,0.0,80.0,,,0,,0.0,0,5714802,0,-7.81,0.52,44.8,-7.1,2.0,35.4,7.4,9.4,2.4,2.4,7.1,4.1,2.0,2.0,2.0,2.0,2.0,2.0,2.0,2.0,2.0,3.8,9.8,7.8,11.8,5.1,4.1,4.1,3.1,2.1,2.0,2.0,2.0,2.0,2.0,2.0,2.0,2.0,2.0,2.0,2.0
2026-03-10,238,-40.0,0.0,100.0,Safe R,-10.0,3.38,-9.82,-12.6,-27.4,0.0,100.0,0.0,False,False,REP,,,0.0,0.0,80.0,,,0,,0.0,0,5714802,0,-7.8,0.52,44.8,-7.1,2.0,35.4,7.4,9.4,2.4,2.4,7.1,4.1,2.0,2.0,2.0,2.0,2.0,2.0,2.0,2.0,2.0,3.8,9.8,7.8,11.8,5.1,4.1,4.1,3.1,2.1,2.0,2.0,2.0,2.0,2.0,2.0,2.0,2.0,2.0,2.0,2.0
2026-03-11,237,-40.0,0.0,100.0,Safe R,-10.0,3.39,-9.81,-12.6,-27.4,0.0,100.0,0.0,False,False,REP,,,0.0,0.0,80.0,,,0,,0.0,0,5714802,0,-7.79,0.52,44.8,-7.1,2.0,35.4,7.4,9.4,2.4,2.4,7.1,4.1,2.0,2.0,2.0,2.0,2.0,2.0,2.0,2.0,2.0,3.8,9.8,7.8,11.8,5.1,4.1,4.1,3.1,2.1,2.0,2.0,2.0,2.0,2.0,2.0,2.0,2.0,2.0,2.0,2.0
2026-03-12,236,-40.0,0.0,100.0,Safe R,-10.0,3.39,-9.81,-12.6,-27.4,0.0,100.0,0.0,False,False,REP,,,0.0,0.0,80.0,,,0,,0.0,0,5714802,0,-7.79,0.52,44.8,-7.1,2.0,35.4,7.4,9.4,2.4,2.4,7.1,4.1,2.0,2.0,2.0,2.0,2.0,2.0,2.0,2.0,2.0,3.8,9.8,7.8,11.8,5.1,4.1,4.1,3.1,2.1,2.0,2.0,2.0,2.0,2.0,2.0,2.0,2.0,2.0,2.0,2.0
2026-03-13,235,-40.0,0.0,100.0,Safe R,-10.0,3.39,-9.81,-12.6,-27.4,0.0,100.0,0.0,False,False,REP,,,0.0,0.0,80.0,,,0,,0.0,0,5714802,0,-7.79,0.52,44.8,-7.1,2.0,35.4,7.4,9.4,2.4,2.4,7.1,4.1,2.0,2.0,2.0,2.0,2.0,2.0,2.0,2.0,2.0,3.8,9.8,7.8,11.8,5.1,4.1,4.1,3.1,2.1,2.0,2.0,2.0,2.0,2.0,2.0,2.0,2.0,2.0,2.0,2.0
2026-03-14,234,-40.0,0.0,100.0,Safe R,-10.0,3.39,-9.81,-12.6,-27.4,0.0,100.0,0.0,False,False,REP,,,0.0,0.0,80.0,,,0,,0.0,0,5714802,0,-7.79,0.52,44.8,-7.1,2.0,35.4,7.4,9.4,2.4,2.4,7.1,4.1,2.0,2.0,2.0,2.0,2.0,2.0,2.0,2.0,2.0,3.8,9.8,7.8,11.8,5.1,4.1,4.1,3.1,2.1,2.0,2.0,2.0,2.0,2.0,2.0,2.0,2.0,2.0,2.0,2.0
2026-03-15,233,-40.0,0.0,100.0,Safe R,-10.0,3.39,-9.81,-12.6,-27.4,0.0,100.0,0.0,False,False,REP,,,0.0,0.0,80.0,,,0,,0.0,0,5714802,0,-7.79,0.52,44.8,-7.1,2.0,35.4,7.4,9.4,2.4,2.4,7.1,4.1,2.0,2.0,2.0,2.0,2.0,2.0,2.0,2.0,2.0,3.8,9.8,7.8,11.8,5.1,4.1,4.1,3.1,2.1,2.0,2.0,2.0,2.0,2.0,2.0,2.0,2.0,2.0,2.0,2.0
2026-03-16,232,-40.0,0.0,100.0,Safe R,-9.99,3.43,-9.76,-12.6,-27.4,0.0,100.0,0.0,False,False,REP,,,0.0,0.0,80.0,,,0,,0.0,0,5714802,0,-7.75,0.52,44.6,-7.3,2.0,35.4,7.4,9.4,2.4,2.4,7.1,4.1,2.0,2.0,2.0,2.0,2.0,2.0,2.0,2.0,2.0,3.8,9.8,7.8,11.8,5.1,4.1,4.1,3.1,2.1,2.0,2.0,2.0,2.0,2.0,2.0,2.0,2.0,2.0,2.0,2.0
2026-03-17,231,-40.0,0.0,100.0,Safe R,-9.97,3.52,-9.65,-12.6,-27.4,0.0,100.0,0.0,False,False,REP,,,0.0,0.0,80.0,,,0,,0.0,0,5714802,0,-7.66,0.52,44.6,-7.2,2.0,35.4,7.4,9.4,2.4,2.4,7.1,4.1,2.0,2.0,2.0,2.0,2.0,2.0,2.0,2.0,2.0,3.8,9.8,7.8,11.8,5.1,4.1,4.1,3.1,2.1,2.0,2.0,2.0,2.0,2.0,2.0,2.0,2.0,2.0,2.0,2.0
2026-03-18,230,-40.0,0.0,100.0,Safe R,-9.96,3.53,-9.63,-12.6,-27.4,0.0,100.0,0.0,False,False,REP,,,0.0,0.0,80.0,,,0,,0.0,0,5714802,0,-7.65,0.52,44.6,-7.3,2.0,35.4,7.4,9.4,2.4,2.4,7.1,4.1,2.0,2.0,2.0,2.0,2.0,2.0,2.0,2.0,2.0,3.8,9.8,7.8,11.8,5.1,4.1,4.1,3.1,2.1,2.0,2.0,2.0,2.0,2.0,2.0,2.0,2.0,2.0,2.0,2.0
2026-03-19,229,-40.0,0.0,100.0,Safe R,-9.97,3.52,-9.65,-12.6,-27.4,0.0,100.0,0.0,False,False,REP,,,0.0,0.0,80.0,,,0,,0.0,0,5714802,0,-7.66,0.52,44.6,-7.4,2.0,35.4,7.4,9.4,2.4,2.4,7.1,4.1,2.0,2.0,2.0,2.0,2.0,2.0,2.0,2.0,2.0,3.8,9.8,7.8,11.8,5.1,4.1,4.1,3.1,2.1,2.0,2.0,2.0,2.0,2.0,2.0,2.0,2.0,2.0,2.0,2.0
2026-03-20,228,-40.0,0.0,100.0,Safe R,-9.97,3.52,-9.65,-12.6,-27.4,0.0,100.0,0.0,False,False,REP,,,0.0,0.0,80.0,,,0,,0.0,0,5714802,0,-7.66,0.52,44.5,-7.6,2.0,35.4,7.4,9.4,2.4,2.4,7.1,4.1,2.0,2.0,2.0,2.0,2.0,2.0,2.0,2.0,2.0,3.8,9.8,7.8,11.8,5.1,4.1,4.1,3.1,2.1,2.0,2.0,2.0,2.0,2.0,2.0,2.0,2.0,2.0,2.0,2.0
2026-03-21,227,-40.0,0.0,100.0,Safe R,-9.96,3.53,-9.63,-12.6,-27.4,0.0,100.0,0.0,False,False,REP,,,0.0,0.0,80.0,,,0,,0.0,0,5714802,0,-7.65,0.52,44.5,-7.6,2.0,35.4,7.4,9.4,2.4,2.4,7.1,4.1,2.0,2.0,2.0,2.0,2.0,2.0,2.0,2.0,2.0,3.8,9.8,7.8,11.8,5.1,4.1,4.1,3.1,2.1,2.0,2.0,2.0,2.0,2.0,2.0,2.0,2.0,2.0,2.0,2.0
2026-03-22,226,-40.0,0.0,100.0,Safe R,-9.96,3.54,-9.62,-12.6,-27.4,0.0,100.0,0.0,False,False,REP,,,0.0,0.0,80.0,,,0,,0.0,0,5714802,0,-7.64,0.52,44.5,-7.5,2.0,35.4,7.4,9.4,2.4,2.4,7.1,4.1,2.0,2.0,2.0,2.0,2.0,2.0,2.0,2.0,2.0,3.8,9.8,7.8,11.8,5.1,4.1,4.1,3.1,2.1,2.0,2.0,2.0,2.0,2.0,2.0,2.0,2.0,2.0,2.0,2.0
2026-03-23,225,-40.0,0.0,100.0,Safe R,-9.95,3.6,-9.55,-12.6,-27.4,0.0,100.0,0.0,False,False,REP,,,0.0,0.0,80.0,,,0,,0.0,0,5714802,0,-7.58,0.52,44.3,-8.0,2.0,35.4,7.4,9.4,2.4,2.4,7.1,4.1,2.0,2.0,2.0,2.0,2.0,2.0,2.0,2.0,2.0,3.8,9.8,7.8,11.8,5.1,4.1,4.1,3.1,2.1,2.0,2.0,2.0,2.0,2.0,2.0,2.0,2.0,2.0,2.0,2.0
2026-03-24,224,-40.0,0.0,100.0,Safe R,-9.95,3.6,-9.55,-12.6,-27.4,0.0,100.0,0.0,False,False,REP,,,0.0,0.0,80.0,,,0,,0.0,0,5714802,0,-7.58,0.52,44.3,-7.9,2.0,35.4,7.4,9.4,2.4,2.4,7.1,4.1,2.0,2.0,2.0,2.0,2.0,2.0,2.0,2.0,2.0,3.8,9.8,7.8,11.8,5.1,4.1,4.1,3.1,2.1,2.0,2.0,2.0,2.0,2.0,2.0,2.0,2.0,2.0,2.0,2.0
2026-03-25,223,-40.0,0.0,100.0,Safe R,-9.94,3.61,-9.53,-12.6,-27.4,0.0,100.0,0.0,False,False,REP,,,0.0,0.0,80.0,,,0,,0.0,0,5714802,0,-7.57,0.52,44.3,-7.9,2.0,35.4,7.4,9.4,2.4,2.4,7.1,4.1,2.0,2.0,2.0,2.0,2.0,2.0,2.0,2.0,2.0,3.8,9.8,7.8,11.8,5.1,4.1,4.1,3.1,2.1,2.0,2.0,2.0,2.0,2.0,2.0,2.0,2.0,2.0,2.0,2.0
2026-03-26,222,-40.0,0.0,100.0,Safe R,-9.95,3.6,-9.55,-12.6,-27.4,0.0,100.0,0.0,False,False,REP,,,0.0,0.0,80.0,,,0,,0.0,0,5714802,0,-7.58,0.52,44.3,-7.9,2.0,35.4,7.4,9.4,2.4,2.4,7.1,4.1,2.0,2.0,2.0,2.0,2.0,2.0,2.0,2.0,2.0,3.8,9.8,7.8,11.8,5.1,4.1,4.1,3.1,2.1,2.0,2.0,2.0,2.0,2.0,2.0,2.0,2.0,2.0,2.0,2.0
2026-03-27,221,-40.0,0.0,100.0,Safe R,-9.94,3.61,-9.53,-12.6,-27.4,0.0,100.0,0.0,False,False,REP,,,0.0,0.0,80.0,,,0,,0.0,0,5714802,0,-7.57,0.52,44.3,-7.9,2.0,35.4,7.4,9.4,2.4,2.4,7.1,4.1,2.0,2.0,2.0,2.0,2.0,2.0,2.0,2.0,2.0,3.8,9.8,7.8,11.8,5.1,4.1,4.1,3.1,2.1,2.0,2.0,2.0,2.0,2.0,2.0,2.0,2.0,2.0,2.0,2.0
2026-03-28,220,-40.0,0.0,100.0,Safe R,-9.94,3.61,-9.53,-12.6,-27.4,0.0,100.0,0.0,False,False,REP,,,0.0,0.0,80.0,,,0,,0.0,0,5714802,0,-7.57,0.52,44.3,-7.8,2.0,35.4,7.4,9.4,2.4,2.4,7.1,4.1,2.0,2.0,2.0,2.0,2.0,2.0,2.0,2.0,2.0,3.8,9.8,7.8,11.8,5.1,4.1,4.1,3.1,2.1,2.0,2.0,2.0,2.0,2.0,2.0,2.0,2.0,2.0,2.0,2.0
2026-03-29,219,-40.0,0.0,100.0,Safe R,-9.94,3.61,-9.53,-12.6,-27.4,0.0,100.0,0.0,False,False,REP,,,0.0,0.0,80.0,,,0,,0.0,0,5714802,0,-7.57,0.52,44.4,-7.8,2.0,35.4,7.4,9.4,2.4,2.4,7.1,4.1,2.0,2.0,2.0,2.0,2.0,2.0,2.0,2.0,2.0,3.8,9.8,7.8,11.8,5.1,4.1,4.1,3.1,2.1,2.0,2.0,2.0,2.0,2.0,2.0,2.0,2.0,2.0,2.0,2.0
2026-03-30,218,-40.0,0.0,100.0,Safe R,-9.93,3.65,-9.48,-12.6,-27.4,0.0,100.0,0.0,False,False,REP,,,0.0,0.0,80.0,,,0,,0.0,0,5714802,0,-7.53,0.52,44.2,-8.2,2.0,35.4,7.4,9.4,2.4,2.4,7.1,4.1,2.0,2.0,2.0,2.0,2.0,2.0,2.0,2.0,2.0,3.8,9.8,7.8,11.8,5.1,4.1,4.1,3.1,2.1,2.0,2.0,2.0,2.0,2.0,2.0,2.0,2.0,2.0,2.0,2.0
2026-03-31,217,-40.0,0.0,100.0,Safe R,-9.93,3.66,-9.47,-12.6,-27.4,0.0,100.0,0.0,False,False,REP,,,0.0,0.0,80.0,,,0,,0.0,0,5714802,0,-7.52,0.52,44.2,-8.2,2.0,35.4,7.4,9.4,2.4,2.4,7.1,4.1,2.0,2.0,2.0,2.0,2.0,2.0,2.0,2.0,2.0,3.8,9.8,7.8,11.8,5.1,4.1,4.1,3.1,2.1,2.0,2.0,2.0,2.0,2.0,2.0,2.0,2.0,2.0,2.0,2.0
2026-04-01,216,-40.0,0.0,100.0,Safe R,-9.93,3.68,-9.45,-12.6,-27.4,0.0,100.0,0.0,False,False,REP,,,0.0,0.0,80.0,,,0,,0.0,0,5714802,0,-7.5,0.52,44.2,-8.2,2.0,35.4,7.4,9.4,2.4,2.4,7.1,4.1,2.0,2.0,2.0,2.0,2.0,2.0,2.0,2.0,2.0,3.8,9.8,7.8,11.8,5.1,4.1,4.1,3.1,2.1,2.0,2.0,2.0,2.0,2.0,2.0,2.0,2.0,2.0,2.0,2.0
2026-04-02,215,-40.0,0.0,100.0,Safe R,-9.92,3.69,-9.43,-12.6,-27.4,0.0,100.0,0.0,False,False,REP,,,0.0,0.0,80.0,,,0,,0.0,0,5714802,0,-7.49,0.52,44.2,-8.2,2.0,35.4,7.4,9.4,2.4,2.4,7.1,4.1,2.0,2.0,2.0,2.0,2.0,2.0,2.0,2.0,2.0,3.8,9.8,7.8,11.8,5.1,4.1,4.1,3.1,2.1,2.0,2.0,2.0,2.0,2.0,2.0,2.0,2.0,2.0,2.0,2.0
2026-04-03,214,-40.0,0.0,100.0,Safe R,-9.92,3.7,-9.42,-12.6,-27.4,0.0,100.0,0.0,False,False,REP,,,0.0,0.0,80.0,,,0,,0.0,0,5714802,0,-7.48,0.52,44.1,-8.1,2.0,35.4,7.4,9.4,2.4,2.4,7.1,4.1,2.0,2.0,2.0,2.0,2.0,2.0,2.0,2.0,2.0,3.8,9.8,7.8,11.8,5.1,4.1,4.1,3.1,2.1,2.0,2.0,2.0,2.0,2.0,2.0,2.0,2.0,2.0,2.0,2.0
2026-04-04,213,-40.0,0.0,100.0,Safe R,-9.92,3.7,-9.42,-12.6,-27.4,0.0,100.0,0.0,False,False,REP,,,0.0,0.0,80.0,,,0,,0.0,0,5714802,0,-7.48,0.52,44.1,-8.1,2.0,35.4,7.4,9.4,2.4,2.4,7.1,4.1,2.0,2.0,2.0,2.0,2.0,2.0,2.0,2.0,2.0,3.8,9.8,7.8,11.8,5.1,4.1,4.1,3.1,2.1,2.0,2.0,2.0,2.0,2.0,2.0,2.0,2.0,2.0,2.0,2.0
2026-04-05,212,-40.0,0.0,100.0,Safe R,-9.92,3.7,-9.42,-12.6,-27.4,0.0,100.0,0.0,False,False,REP,,,0.0,0.0,80.0,,,0,,0.0,0,5714802,0,-7.48,0.52,44.2,-8.0,2.0,35.4,7.4,9.4,2.4,2.4,7.1,4.1,2.0,2.0,2.0,2.0,2.0,2.0,2.0,2.0,2.0,3.8,9.8,7.8,11.8,5.1,4.1,4.1,3.1,2.1,2.0,2.0,2.0,2.0,2.0,2.0,2.0,2.0,2.0,2.0,2.0
2026-04-06,211,-40.0,0.0,100.0,Safe R,-9.93,3.67,-9.46,-12.6,-27.4,0.0,100.0,0.0,False,False,REP,,,0.0,0.0,80.0,,,0,,0.0,0,5714802,0,-7.51,0.52,44.2,-8.0,2.0,35.4,7.4,9.4,2.4,2.4,7.1,4.1,2.0,2.0,2.0,2.0,2.0,2.0,2.0,2.0,2.0,3.8,9.8,7.8,11.8,5.1,4.1,4.1,3.1,2.1,2.0,2.0,2.0,2.0,2.0,2.0,2.0,2.0,2.0,2.0,2.0
2026-04-07,210,-40.0,0.0,100.0,Safe R,-9.93,3.67,-9.46,-12.6,-27.4,0.0,100.0,0.0,False,False,REP,,,0.0,0.0,80.0,,,0,,0.0,0,5714802,0,-7.51,0.52,44.2,-8.1,2.0,35.4,7.4,9.4,2.4,2.4,7.1,4.1,2.0,2.0,2.0,2.0,2.0,2.0,2.0,2.0,2.0,3.8,9.8,7.8,11.8,5.1,4.1,4.1,3.1,2.1,2.0,2.0,2.0,2.0,2.0,2.0,2.0,2.0,2.0,2.0,2.0
2026-04-08,209,-40.0,0.0,100.0,Safe R,-9.93,3.68,-9.45,-12.6,-27.4,0.0,100.0,0.0,False,False,REP,,,0.0,0.0,80.0,,,0,,0.0,0,5714802,0,-7.5,0.52,44.1,-8.0,2.0,35.4,7.4,9.4,2.4,2.4,7.1,4.1,2.0,2.0,2.0,2.0,2.0,2.0,2.0,2.0,2.0,3.8,9.8,7.8,11.8,5.1,4.1,4.1,3.1,2.1,2.0,2.0,2.0,2.0,2.0,2.0,2.0,2.0,2.0,2.0,2.0
2026-04-09,208,-40.0,0.0,100.0,Safe R,-9.92,3.71,-9.41,-12.6,-27.4,0.0,100.0,0.0,False,False,REP,,,0.0,0.0,80.0,,,0,,0.0,0,5714802,0,-7.47,0.52,44.2,-8.0,2.0,35.4,7.4,9.4,2.4,2.4,7.1,4.1,2.0,2.0,2.0,2.0,2.0,2.0,2.0,2.0,2.0,3.8,9.8,7.8,11.8,5.1,4.1,4.1,3.1,2.1,2.0,2.0,2.0,2.0,2.0,2.0,2.0,2.0,2.0,2.0,2.0
2026-04-10,207,-40.0,0.0,100.0,Safe R,-9.92,3.71,-9.41,-12.6,-27.4,0.0,100.0,0.0,False,False,REP,,,0.0,0.0,80.0,,,0,,0.0,0,5714802,0,-7.47,0.52,44.1,-8.1,2.0,35.4,7.4,9.4,2.4,2.4,7.1,4.1,2.0,2.0,2.0,2.0,2.0,2.0,2.0,2.0,2.0,3.8,9.8,7.8,11.8,5.1,4.1,4.1,3.1,2.1,2.0,2.0,2.0,2.0,2.0,2.0,2.0,2.0,2.0,2.0,2.0
2026-04-11,206,-40.0,0.0,100.0,Safe R,-9.92,3.72,-9.4,-12.6,-27.4,0.0,100.0,0.0,False,False,REP,,,0.0,0.0,80.0,,,0,,0.0,0,5714802,0,-7.46,0.52,44.1,-8.1,2.0,35.4,7.4,9.4,2.4,2.4,7.1,4.1,2.0,2.0,2.0,2.0,2.0,2.0,2.0,2.0,2.0,3.8,9.8,7.8,11.8,5.1,4.1,4.1,3.1,2.1,2.0,2.0,2.0,2.0,2.0,2.0,2.0,2.0,2.0,2.0,2.0
2026-04-12,205,-40.0,0.0,100.0,Safe R,-9.92,3.7,-9.42,-12.6,-27.4,0.0,100.0,0.0,False,False,REP,,,0.0,0.0,80.0,,,0,,0.0,0,5714802,0,-7.48,0.52,44.2,-8.0,2.0,35.4,7.4,9.4,2.4,2.4,7.1,4.1,2.0,2.0,2.0,2.0,2.0,2.0,2.0,2.0,2.0,3.8,9.8,7.8,11.8,5.1,4.1,4.1,3.1,2.1,2.0,2.0,2.0,2.0,2.0,2.0,2.0,2.0,2.0,2.0,2.0
2026-04-13,204,-40.0,0.0,100.0,Safe R,-9.91,3.73,-9.38,-12.6,-27.4,0.0,100.0,0.0,False,False,REP,,,0.0,0.0,80.0,,,0,,0.0,0,5714802,0,-7.45,0.52,44.1,-8.3,2.0,35.4,7.4,9.4,2.4,2.4,7.1,4.1,2.0,2.0,2.0,2.0,2.0,2.0,2.0,2.0,2.0,3.8,9.8,7.8,11.8,5.1,4.1,4.1,3.1,2.1,2.0,2.0,2.0,2.0,2.0,2.0,2.0,2.0,2.0,2.0,2.0
2026-04-14,203,-40.0,0.0,100.0,Safe R,-9.91,3.76,-9.35,-12.6,-27.4,0.0,100.0,0.0,False,False,REP,,,0.0,0.0,80.0,,,0,,0.0,0,5714802,0,-7.42,0.52,44.0,-8.4,2.0,35.4,7.4,9.4,2.4,2.4,7.1,4.1,2.0,2.0,2.0,2.0,2.0,2.0,2.0,2.0,2.0,3.8,9.8,7.8,11.8,5.1,4.1,4.1,3.1,2.1,2.0,2.0,2.0,2.0,2.0,2.0,2.0,2.0,2.0,2.0,2.0
2026-04-15,202,-40.0,0.0,100.0,Safe R,-9.9,3.77,-9.33,-12.6,-27.4,0.0,100.0,0.0,False,False,REP,,,0.0,0.0,80.0,,,0,,0.0,0,5714802,0,-7.41,0.52,44.0,-8.4,2.0,35.4,7.4,9.4,2.4,2.4,7.1,4.1,2.0,2.0,2.0,2.0,2.0,2.0,2.0,2.0,2.0,3.8,9.8,7.8,11.8,5.1,4.1,4.1,3.1,2.1,2.0,2.0,2.0,2.0,2.0,2.0,2.0,2.0,2.0,2.0,2.0
2026-04-16,201,-40.0,0.0,100.0,Safe R,-9.9,3.79,-9.31,-12.6,-27.4,0.0,100.0,0.0,False,False,REP,,,0.0,0.0,80.0,,,0,,0.0,0,5714802,0,-7.39,0.52,44.0,-8.5,2.0,35.4,7.4,9.4,2.4,2.4,7.1,4.1,2.0,2.0,2.0,2.0,2.0,2.0,2.0,2.0,2.0,3.8,9.8,7.8,11.8,5.1,4.1,4.1,3.1,2.1,2.0,2.0,2.0,2.0,2.0,2.0,2.0,2.0,2.0,2.0,2.0
2026-04-17,200,-40.0,0.0,100.0,Safe R,-9.9,3.79,-9.31,-12.6,-27.4,0.0,100.0,0.0,False,False,REP,,,0.0,0.0,80.0,,,0,,0.0,0,5714802,0,-7.39,0.52,44.0,-8.5,2.0,35.4,7.4,9.4,2.4,2.4,7.1,4.1,2.0,2.0,2.0,2.0,2.0,2.0,2.0,2.0,2.0,3.8,9.8,7.8,11.8,5.1,4.1,4.1,3.1,2.1,2.0,2.0,2.0,2.0,2.0,2.0,2.0,2.0,2.0,2.0,2.0
2026-04-18,199,-40.0,0.0,100.0,Safe R,-9.9,3.79,-9.31,-12.6,-27.4,0.0,100.0,0.0,False,False,REP,,,0.0,0.0,80.0,,,0,,0.0,0,5714802,0,-7.39,0.52,44.0,-8.5,2.0,35.4,7.4,9.4,2.4,2.4,7.1,4.1,2.0,2.0,2.0,2.0,2.0,2.0,2.0,2.0,2.0,3.8,9.8,7.8,11.8,5.1,4.1,4.1,3.1,2.1,2.0,2.0,2.0,2.0,2.0,2.0,2.0,2.0,2.0,2.0,2.0
2026-04-19,198,-40.0,0.0,100.0,Safe R,-9.89,3.81,-9.28,-12.6,-27.4,0.0,100.0,0.0,False,False,REP,,,0.0,0.0,80.0,,,0,,0.0,0,5714802,0,-7.37,0.52,44.0,-8.6,2.0,35.4,7.4,9.4,2.4,2.4,7.1,4.1,2.0,2.0,2.0,2.0,2.0,2.0,2.0,2.0,2.0,3.8,9.8,7.8,11.8,5.1,4.1,4.1,3.1,2.1,2.0,2.0,2.0,2.0,2.0,2.0,2.0,2.0,2.0,2.0,2.0
2026-04-20,197,-40.0,0.0,100.0,Safe R,-9.89,3.81,-9.28,-12.6,-27.4,0.0,100.0,0.0,False,False,REP,,,0.0,0.0,80.0,,,0,,0.0,0,5714802,0,-7.37,0.52,43.7,-9.2,2.0,35.4,7.4,9.4,2.4,2.4,7.1,4.1,2.0,2.0,2.0,2.0,2.0,2.0,2.0,2.0,2.0,3.8,9.8,7.8,11.8,5.1,4.1,4.1,3.1,2.1,2.0,2.0,2.0,2.0,2.0,2.0,2.0,2.0,2.0,2.0,2.0
2026-04-21,196,-40.0,0.0,100.0,Safe R,-9.89,3.81,-9.28,-12.6,-27.4,0.0,100.0,0.0,False,False,REP,,,0.0,0.0,80.0,,,0,,0.0,0,5714802,0,-7.37,0.52,43.7,-9.2,2.0,35.4,7.4,9.4,2.4,2.4,7.1,4.1,2.0,2.0,2.0,2.0,2.0,2.0,2.0,2.0,2.0,3.8,9.8,7.8,11.8,5.1,4.1,4.1,3.1,2.1,2.0,2.0,2.0,2.0,2.0,2.0,2.0,2.0,2.0,2.0,2.0
2026-04-22,195,-40.0,0.0,100.0,Safe R,-9.89,3.82,-9.27,-12.6,-27.4,0.0,100.0,0.0,False,False,REP,,,0.0,0.0,80.0,,,0,,0.0,0,5714802,0,-7.36,0.52,43.7,-9.2,2.0,35.4,7.4,9.4,2.4,2.4,7.1,4.1,2.0,2.0,2.0,2.0,2.0,2.0,2.0,2.0,2.0,3.8,9.8,7.8,11.8,5.1,4.1,4.1,3.1,2.1,2.0,2.0,2.0,2.0,2.0,2.0,2.0,2.0,2.0,2.0,2.0
2026-04-23,194,-40.0,0.0,100.0,Safe R,-9.89,3.83,-9.26,-12.6,-27.4,0.0,100.0,0.0,False,False,REP,,,0.0,0.0,80.0,,,0,,0.0,0,5714802,0,-7.35,0.52,43.7,-9.2,2.0,35.4,7.4,9.4,2.4,2.4,7.1,4.1,2.0,2.0,2.0,2.0,2.0,2.0,2.0,2.0,2.0,3.8,9.8,7.8,11.8,5.1,4.1,4.1,3.1,2.1,2.0,2.0,2.0,2.0,2.0,2.0,2.0,2.0,2.0,2.0,2.0
2026-04-24,193,-40.0,0.0,100.0,Safe R,-9.89,3.84,-9.25,-12.6,-27.4,0.0,100.0,0.0,False,False,REP,,,0.0,0.0,80.0,,,0,,0.0,0,5714802,0,-7.34,0.52,43.7,-9.2,2.0,35.4,7.4,9.4,2.4,2.4,7.1,4.1,2.0,2.0,2.0,2.0,2.0,2.0,2.0,2.0,2.0,3.8,9.8,7.8,11.8,5.1,4.1,4.1,3.1,2.1,2.0,2.0,2.0,2.0,2.0,2.0,2.0,2.0,2.0,2.0,2.0
2026-04-25,192,-40.0,0.0,100.0,Safe R,-9.89,3.84,-9.25,-12.6,-27.4,0.0,100.0,0.0,False,False,REP,,,0.0,0.0,80.0,,,0,,0.0,0,5714802,0,-7.34,0.52,43.7,-9.2,2.0,35.4,7.4,9.4,2.4,2.4,7.1,4.1,2.0,2.0,2.0,2.0,2.0,2.0,2.0,2.0,2.0,3.8,9.8,7.8,11.8,5.1,4.1,4.1,3.1,2.1,2.0,2.0,2.0,2.0,2.0,2.0,2.0,2.0,2.0,2.0,2.0
2026-04-26,191,-40.0,0.0,100.0,Safe R,-9.88,3.88,-9.2,-12.6,-27.4,0.0,100.0,0.0,False,False,REP,,,0.0,0.0,80.0,,,0,,0.0,0,5714802,0,-7.3,0.52,43.5,-9.5,2.0,35.4,7.4,9.4,2.4,2.4,7.1,4.1,2.0,2.0,2.0,2.0,2.0,2.0,2.0,2.0,2.0,3.8,9.8,7.8,11.8,5.1,4.1,4.1,3.1,2.1,2.0,2.0,2.0,2.0,2.0,2.0,2.0,2.0,2.0,2.0,2.0
2026-04-27,190,-40.0,0.0,100.0,Safe R,-9.88,3.86,-9.22,-12.6,-27.4,0.0,100.0,0.0,False,False,REP,,,0.0,0.0,80.0,,,0,,0.0,0,5714802,0,-7.32,0.52,43.5,-9.7,2.0,35.4,7.4,9.4,2.4,2.4,7.1,4.1,2.0,2.0,2.0,2.0,2.0,2.0,2.0,2.0,2.0,3.8,9.8,7.8,11.8,5.1,4.1,4.1,3.1,2.1,2.0,2.0,2.0,2.0,2.0,2.0,2.0,2.0,2.0,2.0,2.0
2026-04-28,189,-40.0,0.0,100.0,Safe R,-9.88,3.87,-9.21,-12.6,-27.4,0.0,100.0,0.0,False,False,REP,,,0.0,0.0,80.0,,,0,,0.0,0,5714802,0,-7.31,0.52,43.5,-9.8,2.0,35.4,7.4,9.4,2.4,2.4,7.1,4.1,2.0,2.0,2.0,2.0,2.0,2.0,2.0,2.0,2.0,3.8,9.8,7.8,11.8,5.1,4.1,4.1,3.1,2.1,2.0,2.0,2.0,2.0,2.0,2.0,2.0,2.0,2.0,2.0,2.0
2026-04-29,188,-40.0,0.0,100.0,Safe R,-9.88,3.87,-9.21,-12.6,-27.4,0.0,100.0,0.0,False,False,REP,,,0.0,0.0,80.0,,,0,,0.0,0,5714802,0,-7.31,0.52,43.5,-9.8,2.0,35.4,7.4,9.4,2.4,2.4,7.1,4.1,2.0,2.0,2.0,2.0,2.0,2.0,2.0,2.0,2.0,3.8,9.8,7.8,11.8,5.1,4.1,4.1,3.1,2.1,2.0,2.0,2.0,2.0,2.0,2.0,2.0,2.0,2.0,2.0,2.0
2026-04-30,187,-40.0,0.0,100.0,Safe R,-9.86,3.96,-9.1,-12.6,-27.4,0.0,100.0,0.0,False,False,REP,,,0.0,0.0,80.0,,,0,,0.0,0,5714802,0,-7.22,0.52,43.4,-9.9,2.0,35.4,7.4,9.4,2.4,2.4,7.1,4.1,2.0,2.0,2.0,2.0,2.0,2.0,2.0,2.0,2.0,3.8,9.8,7.8,11.8,5.1,4.1,4.1,3.1,2.1,2.0,2.0,2.0,2.0,2.0,2.0,2.0,2.0,2.0,2.0,2.0
2026-05-01,186,-40.0,0.0,100.0,Safe R,-9.76,4.36,-8.6,-12.6,-27.4,0.0,100.0,0.0,False,False,REP,,,0.0,0.0,80.0,,,0,,0.0,0,5714802,0,-6.82,0.52,43.4,-9.8,2.0,35.4,7.4,9.4,2.4,2.4,7.1,4.1,2.0,2.0,2.0,2.0,2.0,2.0,2.0,2.0,2.0,3.8,9.8,7.8,11.8,5.1,4.1,4.1,3.1,2.1,2.0,2.0,2.0,2.0,2.0,2.0,2.0,2.0,2.0,2.0,2.0
2026-05-02,185,-40.0,0.0,100.0,Safe R,-9.75,4.37,-8.58,-12.6,-27.4,0.0,100.0,0.0,False,False,REP,,,0.0,0.0,80.0,,,0,,0.0,0,5714802,0,-6.81,0.52,43.4,-9.8,2.0,35.4,7.4,9.4,2.4,2.4,7.1,4.1,2.0,2.0,2.0,2.0,2.0,2.0,2.0,2.0,2.0,3.8,9.8,7.8,11.8,5.1,4.1,4.1,3.1,2.1,2.0,2.0,2.0,2.0,2.0,2.0,2.0,2.0,2.0,2.0,2.0
2026-05-03,184,-40.0,0.0,100.0,Safe R,-9.75,4.37,-8.58,-12.6,-27.4,0.0,100.0,0.0,False,False,REP,,,0.0,0.0,80.0,,,0,,0.0,0,5714802,0,-6.81,0.52,43.5,-9.7,2.0,35.4,7.4,9.4,2.4,2.4,7.1,4.1,2.0,2.0,2.0,2.0,2.0,2.0,2.0,2.0,2.0,3.8,9.8,7.8,11.8,5.1,4.1,4.1,3.1,2.1,2.0,2.0,2.0,2.0,2.0,2.0,2.0,2.0,2.0,2.0,2.0
2026-05-04,183,-40.0,0.0,100.0,Safe R,-9.76,4.36,-8.6,-12.6,-27.4,0.0,100.0,0.0,False,False,REP,,,0.0,0.0,80.0,,,0,,0.0,0,5714802,0,-6.82,0.52,43.3,-10.0,2.0,35.4,7.4,9.4,2.4,2.4,7.1,4.1,2.0,2.0,2.0,2.0,2.0,2.0,2.0,2.0,2.0,3.8,9.8,7.8,11.8,5.1,4.1,4.1,3.1,2.1,2.0,2.0,2.0,2.0,2.0,2.0,2.0,2.0,2.0,2.0,2.0
2026-05-05,182,-40.0,0.0,100.0,Safe R,-9.76,4.36,-8.6,-12.6,-27.4,0.0,100.0,0.0,False,False,REP,,,0.0,0.0,80.0,,,0,,0.0,0,5714802,0,-6.82,0.52,43.4,-10.0,2.0,35.4,7.4,9.4,2.4,2.4,7.1,4.1,2.0,2.0,2.0,2.0,2.0,2.0,2.0,2.0,2.0,3.8,9.8,7.8,11.8,5.1,4.1,4.1,3.1,2.1,2.0,2.0,2.0,2.0,2.0,2.0,2.0,2.0,2.0,2.0,2.0
2026-05-06,181,-40.0,0.0,100.0,Safe R,-9.75,4.38,-8.57,-12.6,-27.4,0.0,100.0,0.0,False,False,REP,,,0.0,0.0,80.0,,,0,,0.0,0,5714802,0,-6.8,0.52,43.4,-10.0,2.0,35.4,7.4,9.4,2.4,2.4,7.1,4.1,2.0,2.0,2.0,2.0,2.0,2.0,2.0,2.0,2.0,3.8,9.8,7.8,11.8,5.1,4.1,4.1,3.1,2.1,2.0,2.0,2.0,2.0,2.0,2.0,2.0,2.0,2.0,2.0,2.0
2026-05-07,180,-40.0,0.0,100.0,Safe R,-9.71,4.54,-8.37,-12.6,-27.4,0.0,100.0,0.0,False,False,REP,,,0.0,0.0,80.0,,,0,,0.0,0,5714802,0,-6.64,0.52,43.4,-10.1,2.0,35.4,7.4,9.4,2.4,2.4,7.1,4.1,2.0,2.0,2.0,2.0,2.0,2.0,2.0,2.0,2.0,3.8,9.8,7.8,11.8,5.1,4.1,4.1,3.1,2.1,2.0,2.0,2.0,2.0,2.0,2.0,2.0,2.0,2.0,2.0,2.0
2026-05-08,179,-40.0,0.0,100.0,Safe R,-9.71,4.54,-8.37,-12.6,-27.4,0.0,100.0,0.0,False,False,REP,,,0.0,0.0,80.0,,,0,,0.0,0,5714802,0,-6.64,0.52,43.4,-10.1,2.0,35.4,7.4,9.4,2.4,2.4,7.1,4.1,2.0,2.0,2.0,2.0,2.0,2.0,2.0,2.0,2.0,3.8,9.8,7.8,11.8,5.1,4.1,4.1,3.1,2.1,2.0,2.0,2.0,2.0,2.0,2.0,2.0,2.0,2.0,2.0,2.0
2026-05-09,178,-40.0,0.0,100.0,Safe R,-9.71,4.55,-8.36,-12.6,-27.4,0.0,100.0,0.0,False,False,REP,,,0.0,0.0,80.0,,,0,,0.0,0,5714802,0,-6.63,0.52,43.4,-10.1,2.0,35.4,7.4,9.4,2.4,2.4,7.1,4.1,2.0,2.0,2.0,2.0,2.0,2.0,2.0,2.0,2.0,3.8,9.8,7.8,11.8,5.1,4.1,4.1,3.1,2.1,2.0,2.0,2.0,2.0,2.0,2.0,2.0,2.0,2.0,2.0,2.0
2026-05-10,177,-40.0,0.0,100.0,Safe R,-9.71,4.53,-8.38,-12.6,-27.4,0.0,100.0,0.0,False,False,REP,,,0.0,0.0,80.0,,,0,,0.0,0,5714802,0,-6.65,0.52,43.4,-10.0,2.0,35.4,7.4,9.4,2.4,2.4,7.1,4.1,2.0,2.0,2.0,2.0,2.0,2.0,2.0,2.0,2.0,3.8,9.8,7.8,11.8,5.1,4.1,4.1,3.1,2.1,2.0,2.0,2.0,2.0,2.0,2.0,2.0,2.0,2.0,2.0,2.0
2026-05-11,176,-40.0,0.0,100.0,Safe R,-9.71,4.53,-8.38,-12.6,-27.4,0.0,100.0,0.0,False,False,REP,,,0.0,0.0,80.0,,,0,,0.0,0,5714802,0,-6.65,0.52,43.3,-10.3,2.0,35.4,7.4,9.4,2.4,2.4,7.1,4.1,2.0,2.0,2.0,2.0,2.0,2.0,2.0,2.0,2.0,3.8,9.8,7.8,11.8,5.1,4.1,4.1,3.1,2.1,2.0,2.0,2.0,2.0,2.0,2.0,2.0,2.0,2.0,2.0,2.0
2026-05-12,175,-40.0,0.0,100.0,Safe R,-9.71,4.53,-8.38,-12.6,-27.4,0.0,100.0,0.0,False,False,REP,,,0.0,0.0,80.0,,,0,,0.0,0,5714802,0,-6.65,0.52,43.3,-10.3,2.0,35.4,7.4,9.4,2.4,2.4,7.1,4.1,2.0,2.0,2.0,2.0,2.0,2.0,2.0,2.0,2.0,3.8,9.8,7.8,11.8,5.1,4.1,4.1,3.1,2.1,2.0,2.0,2.0,2.0,2.0,2.0,2.0,2.0,2.0,2.0,2.0
2026-05-13,174,-40.0,0.0,100.0,Safe R,-9.71,4.54,-8.37,-12.6,-27.4,0.0,100.0,0.0,False,False,REP,,,0.0,0.0,80.0,,,0,,0.0,0,5714802,0,-6.64,0.52,43.3,-10.3,2.0,35.4,7.4,9.4,2.4,2.4,7.1,4.1,2.0,2.0,2.0,2.0,2.0,2.0,2.0,2.0,2.0,3.8,9.8,7.8,11.8,5.1,4.1,4.1,3.1,2.1,2.0,2.0,2.0,2.0,2.0,2.0,2.0,2.0,2.0,2.0,2.0
2026-05-14,173,-40.0,0.0,100.0,Safe R,-9.71,4.54,-8.37,-12.6,-27.4,0.0,100.0,0.0,False,False,REP,,,0.0,0.0,80.0,,,0,,0.0,0,5714802,0,-6.64,0.52,43.3,-10.3,2.0,35.4,7.4,9.4,2.4,2.4,7.1,4.1,2.0,2.0,2.0,2.0,2.0,2.0,2.0,2.0,2.0,3.8,9.8,7.8,11.8,5.1,4.1,4.1,3.1,2.1,2.0,2.0,2.0,2.0,2.0,2.0,2.0,2.0,2.0,2.0,2.0
2026-05-15,172,-40.0,0.0,100.0,Safe R,-9.68,4.68,-8.2,-12.6,-27.4,0.0,100.0,0.0,False,False,REP,,,0.0,0.0,80.0,,,0,,0.0,0,5714802,0,-6.5,0.52,43.1,-10.6,2.0,35.4,7.4,9.4,2.4,2.4,7.1,4.1,2.0,2.0,2.0,2.0,2.0,2.0,2.0,2.0,2.0,3.8,9.8,7.8,11.8,5.1,4.1,4.1,3.1,2.1,2.0,2.0,2.0,2.0,2.0,2.0,2.0,2.0,2.0,2.0,2.0
2026-05-16,171,-40.0,0.0,100.0,Safe R,-9.68,4.68,-8.2,-12.6,-27.4,0.0,100.0,0.0,False,False,REP,,,0.0,0.0,80.0,,,0,,0.0,0,5714802,0,-6.5,0.52,43.1,-10.6,2.0,35.4,7.4,9.4,2.4,2.4,7.1,4.1,2.0,2.0,2.0,2.0,2.0,2.0,2.0,2.0,2.0,3.8,9.8,7.8,11.8,5.1,4.1,4.1,3.1,2.1,2.0,2.0,2.0,2.0,2.0,2.0,2.0,2.0,2.0,2.0,2.0
2026-05-17,170,-40.0,0.0,100.0,Safe R,-9.68,4.65,-8.23,-12.6,-27.4,0.0,100.0,0.0,False,False,REP,,,0.0,0.0,80.0,,,0,,0.0,0,5714802,0,-6.53,0.52,43.2,-10.5,2.0,35.4,7.4,9.4,2.4,2.4,7.1,4.1,2.0,2.0,2.0,2.0,2.0,2.0,2.0,2.0,2.0,3.8,9.8,7.8,11.8,5.1,4.1,4.1,3.1,2.1,2.0,2.0,2.0,2.0,2.0,2.0,2.0,2.0,2.0,2.0,2.0
2026-05-18,169,-40.0,0.0,100.0,Safe R,-9.66,4.75,-8.11,-12.6,-27.4,0.0,100.0,0.0,False,False,REP,,,0.0,0.0,80.0,,,0,,0.0,0,5714802,0,-6.43,0.52,42.9,-11.0,2.0,35.4,7.4,9.4,2.4,2.4,7.1,4.1,2.0,2.0,2.0,2.0,2.0,2.0,2.0,2.0,2.0,3.8,9.8,7.8,11.8,5.1,4.1,4.1,3.1,2.1,2.0,2.0,2.0,2.0,2.0,2.0,2.0,2.0,2.0,2.0,2.0
2026-05-19,168,-40.0,0.0,100.0,Safe R,-9.65,4.78,-8.07,-12.6,-27.4,0.0,100.0,0.0,False,False,REP,,,0.0,0.0,80.0,,,0,,0.0,0,5714802,0,-6.4,0.52,42.9,-11.1,2.0,35.4,7.4,9.4,2.4,2.4,7.1,4.1,2.0,2.0,2.0,2.0,2.0,2.0,2.0,2.0,2.0,3.8,9.8,7.8,11.8,5.1,4.1,4.1,3.1,2.1,2.0,2.0,2.0,2.0,2.0,2.0,2.0,2.0,2.0,2.0,2.0
2026-05-20,167,-40.0,0.0,100.0,Safe R,-9.65,4.79,-8.06,-12.6,-27.4,0.0,100.0,0.0,False,False,REP,,,0.0,0.0,80.0,,,0,,0.0,0,5714802,0,-6.39,0.52,42.8,-11.2,2.0,35.4,7.4,9.4,2.4,2.4,7.1,4.1,2.0,2.0,2.0,2.0,2.0,2.0,2.0,2.0,2.0,3.8,9.8,7.8,11.8,5.1,4.1,4.1,3.1,2.1,2.0,2.0,2.0,2.0,2.0,2.0,2.0,2.0,2.0,2.0,2.0
2026-05-21,166,-40.0,0.0,100.0,Safe R,-9.65,4.8,-8.05,-12.6,-27.4,0.0,100.0,0.0,False,False,REP,,,0.0,0.0,80.0,,,0,,0.0,0,5714802,0,-6.38,0.52,42.8,-11.2,2.0,35.4,7.4,9.4,2.4,2.4,7.1,4.1,2.0,2.0,2.0,2.0,2.0,2.0,2.0,2.0,2.0,3.8,9.8,7.8,11.8,5.1,4.1,4.1,3.1,2.1,2.0,2.0,2.0,2.0,2.0,2.0,2.0,2.0,2.0,2.0,2.0
2026-05-22,165,-40.0,0.0,100.0,Safe R,-9.65,4.8,-8.05,-12.6,-27.4,0.0,100.0,0.0,False,False,REP,,,0.0,0.0,80.0,,,0,,0.0,0,5714802,0,-6.38,0.52,42.8,-11.2,2.0,35.4,7.4,9.4,2.4,2.4,7.1,4.1,2.0,2.0,2.0,2.0,2.0,2.0,2.0,2.0,2.0,3.8,9.8,7.8,11.8,5.1,4.1,4.1,3.1,2.1,2.0,2.0,2.0,2.0,2.0,2.0,2.0,2.0,2.0,2.0,2.0
2026-05-23,164,-40.0,0.0,100.0,Safe R,-9.65,4.8,-8.05,-12.6,-27.4,0.0,100.0,0.0,False,False,REP,,,0.0,0.0,80.0,,,0,,0.0,0,5714802,0,-6.38,0.52,42.8,-11.2,2.0,35.4,7.4,9.4,2.4,2.4,7.1,4.1,2.0,2.0,2.0,2.0,2.0,2.0,2.0,2.0,2.0,3.8,9.8,7.8,11.8,5.1,4.1,4.1,3.1,2.1,2.0,2.0,2.0,2.0,2.0,2.0,2.0,2.0,2.0,2.0,2.0
2026-05-24,163,-40.0,0.0,100.0,Safe R,-9.96,4.76,-8.4,-12.6,-27.4,0.0,100.0,0.0,False,False,REP,,,0.0,0.0,80.0,,,0,,0.0,0,5714802,0,-6.42,0.52,42.9,-11.0,2.0,35.4,7.4,9.4,2.4,2.4,7.1,4.1,2.0,2.0,2.0,2.0,2.0,2.0,2.0,2.0,2.0,3.8,9.8,7.8,11.8,5.1,4.1,4.1,3.1,2.1,2.0,2.0,2.0,2.0,2.0,2.0,2.0,2.0,2.0,2.0,2.0
2026-05-25,162,-40.0,0.0,100.0,Safe R,-9.95,4.8,-8.35,-12.6,-27.4,0.0,100.0,0.0,False,False,REP,,,0.0,0.0,80.0,,,0,,0.0,0,5714802,0,-6.38,0.52,42.9,-11.0,2.0,35.4,7.4,9.4,2.4,2.4,7.1,4.1,2.0,2.0,2.0,2.0,2.0,2.0,2.0,2.0,2.0,3.8,9.8,7.8,11.8,5.1,4.1,4.1,3.1,2.1,2.0,2.0,2.0,2.0,2.0,2.0,2.0,2.0,2.0,2.0,2.0
2026-05-26,161,-40.0,0.0,100.0,Safe R,-9.94,4.75,-8.39,-12.6,-27.4,0.0,100.0,0.0,False,False,REP,,,0.0,0.0,80.0,,,0,,0.0,0,5714802,0,-6.43,0.52,42.9,-11.0,2.0,35.4,7.4,9.4,2.4,2.4,7.1,4.1,2.0,2.0,2.0,2.0,2.0,2.0,2.0,2.0,2.0,3.8,9.8,7.8,11.8,5.1,4.1,4.1,3.1,2.1,2.0,2.0,2.0,2.0,2.0,2.0,2.0,2.0,2.0,2.0,2.0
2026-05-27,160,-40.0,0.0,100.0,Safe R,-9.94,4.76,-8.38,-12.6,-27.4,0.0,100.0,0.0,False,False,REP,,,0.0,0.0,80.0,,,0,,0.0,0,5714802,0,-6.42,0.52,42.9,-11.0,2.0,35.4,7.4,9.4,2.4,2.4,7.1,4.1,2.0,2.0,2.0,2.0,2.0,2.0,2.0,2.0,2.0,3.8,9.8,7.8,11.8,5.1,4.1,4.1,3.1,2.1,2.0,2.0,2.0,2.0,2.0,2.0,2.0,2.0,2.0,2.0,2.0
2026-05-28,159,-40.0,0.0,100.0,Safe R,-9.94,4.76,-8.38,-12.6,-27.4,0.0,100.0,0.0,False,False,REP,,,0.0,0.0,80.0,,,0,,0.0,0,5714802,0,-6.42,0.52,42.9,-11.0,2.0,35.4,7.4,9.4,2.4,2.4,7.1,4.1,2.0,2.0,2.0,2.0,2.0,2.0,2.0,2.0,2.0,3.8,9.8,7.8,11.8,5.1,4.1,4.1,3.1,2.1,2.0,2.0,2.0,2.0,2.0,2.0,2.0,2.0,2.0,2.0,2.0
2026-05-29,158,-40.0,0.0,100.0,Safe R,-9.94,4.76,-8.38,-12.6,-27.4,0.0,100.0,0.0,False,False,REP,,,0.0,0.0,80.0,,,0,,0.0,0,5714802,0,-6.42,0.52,42.9,-11.0,2.0,35.4,7.4,9.4,2.4,2.4,7.1,4.1,2.0,2.0,2.0,2.0,2.0,2.0,2.0,2.0,2.0,3.8,9.8,7.8,11.8,5.1,4.1,4.1,3.1,2.1,2.0,2.0,2.0,2.0,2.0,2.0,2.0,2.0,2.0,2.0,2.0
2026-05-30,157,-40.0,0.0,100.0,Safe R,-9.93,4.77,-8.36,-12.6,-27.4,0.0,100.0,0.0,False,False,REP,,,0.0,0.0,80.0,,,0,,0.0,0,5714802,0,-6.41,0.52,42.9,-11.0,2.0,35.4,7.4,9.4,2.4,2.4,7.1,4.1,2.0,2.0,2.0,2.0,2.0,2.0,2.0,2.0,2.0,3.8,9.8,7.8,11.8,5.1,4.1,4.1,3.1,2.1,2.0,2.0,2.0,2.0,2.0,2.0,2.0,2.0,2.0,2.0,2.0
2026-05-31,156,-40.0,0.0,100.0,Safe R,-9.94,4.74,-8.4,-12.6,-27.4,0.0,100.0,0.0,False,False,REP,,,0.0,0.0,80.0,,,0,,0.0,0,5714802,0,-6.44,0.52,43.0,-10.8,2.0,35.4,7.4,9.4,2.4,2.4,7.1,4.1,2.0,2.0,2.0,2.0,2.0,2.0,2.0,2.0,2.0,3.8,9.8,7.8,11.8,5.1,4.1,4.1,3.1,2.1,2.0,2.0,2.0,2.0,2.0,2.0,2.0,2.0,2.0,2.0,2.0
2026-06-01,155,-40.0,0.0,100.0,Safe R,-9.79,5.43,-7.56,-12.6,-27.4,0.0,100.0,0.0,False,False,REP,,,0.0,0.0,80.0,,,0,,0.0,0,5714802,0,-5.75,0.52,42.9,-10.9,2.0,35.4,7.4,9.4,2.4,2.4,7.1,4.1,2.0,2.0,2.0,2.0,2.0,2.0,2.0,2.0,2.0,3.8,9.8,7.8,11.8,5.1,4.1,4.1,3.1,2.1,2.0,2.0,2.0,2.0,2.0,2.0,2.0,2.0,2.0,2.0,2.0
2026-06-02,154,-40.0,0.0,100.0,Safe R,-9.79,5.44,-7.55,-12.6,-27.4,0.0,100.0,0.0,False,False,REP,,,0.0,0.0,80.0,,,0,,0.0,0,5714802,0,-5.74,0.52,43.0,-10.8,2.0,35.4,7.4,9.4,2.4,2.4,7.1,4.1,2.0,2.0,2.0,2.0,2.0,2.0,2.0,2.0,2.0,3.8,9.8,7.8,11.8,5.1,4.1,4.1,3.1,2.1,2.0,2.0,2.0,2.0,2.0,2.0,2.0,2.0,2.0,2.0,2.0
2026-06-03,153,-40.0,0.0,100.0,Safe R,-9.79,5.45,-7.54,-12.6,-27.4,0.0,100.0,0.0,False,False,REP,,,0.0,0.0,80.0,,,0,,0.0,0,5714802,0,-5.73,0.52,42.9,-10.9,2.0,35.4,7.4,9.4,2.4,2.4,7.1,4.1,2.0,2.0,2.0,2.0,2.0,2.0,2.0,2.0,2.0,3.8,9.8,7.8,11.8,5.1,4.1,4.1,3.1,2.1,2.0,2.0,2.0,2.0,2.0,2.0,2.0,2.0,2.0,2.0,2.0
2026-06-04,152,-40.0,0.0,100.0,Safe R,-9.79,5.46,-7.53,-12.6,-27.4,0.0,100.0,0.0,False,False,REP,,,0.0,0.0,80.0,,,0,,0.0,0,5714802,0,-5.72,0.52,43.0,-10.9,2.0,35.4,7.4,9.4,2.4,2.4,7.1,4.1,2.0,2.0,2.0,2.0,2.0,2.0,2.0,2.0,2.0,3.8,9.8,7.8,11.8,5.1,4.1,4.1,3.1,2.1,2.0,2.0,2.0,2.0,2.0,2.0,2.0,2.0,2.0,2.0,2.0
2026-06-05,151,-40.0,0.0,100.0,Safe R,-9.79,5.45,-7.54,-12.6,-27.4,0.0,100.0,0.0,False,False,REP,,,0.0,0.0,80.0,,,0,,0.0,0,5714802,0,-5.73,0.52,43.0,-10.9,2.0,35.4,7.4,9.4,2.4,2.4,7.1,4.1,2.0,2.0,2.0,2.0,2.0,2.0,2.0,2.0,2.0,3.8,9.8,7.8,11.8,5.1,4.1,4.1,3.1,2.1,2.0,2.0,2.0,2.0,2.0,2.0,2.0,2.0,2.0,2.0,2.0
2026-06-06,150,-40.0,0.0,100.0,Safe R,-9.79,5.45,-7.54,-12.6,-27.4,0.0,100.0,0.0,False,False,REP,,,0.0,0.0,80.0,,,0,,0.0,0,5714802,0,-5.73,0.52,43.0,-10.9,2.0,35.4,7.4,9.4,2.4,2.4,7.1,4.1,2.0,2.0,2.0,2.0,2.0,2.0,2.0,2.0,2.0,3.8,9.8,7.8,11.8,5.1,4.1,4.1,3.1,2.1,2.0,2.0,2.0,2.0,2.0,2.0,2.0,2.0,2.0,2.0,2.0
2026-06-07,149,-40.0,0.0,100.0,Safe R,-9.8,5.38,-7.62,-12.6,-27.4,0.0,100.0,0.0,False,False,REP,,,0.0,0.0,80.0,,,0,,0.0,0,5714802,0,-5.8,0.52,43.0,-10.8,2.0,35.4,7.4,9.4,2.4,2.4,7.1,4.1,2.0,2.0,2.0,2.0,2.0,2.0,2.0,2.0,2.0,3.8,9.8,7.8,11.8,5.1,4.1,4.1,3.1,2.1,2.0,2.0,2.0,2.0,2.0,2.0,2.0,2.0,2.0,2.0,2.0
2026-06-08,148,-40.0,0.0,100.0,Safe R,-9.79,5.42,-7.57,-12.6,-27.4,0.0,100.0,0.0,False,False,REP,,,0.0,0.0,80.0,,,0,,0.0,0,5714802,0,-5.76,0.52,43.0,-10.9,2.0,35.4,7.4,9.4,2.4,2.4,7.1,4.1,2.0,2.0,2.0,2.0,2.0,2.0,2.0,2.0,2.0,3.8,9.8,7.8,11.8,5.1,4.1,4.1,3.1,2.1,2.0,2.0,2.0,2.0,2.0,2.0,2.0,2.0,2.0,2.0,2.0
2026-06-09,147,-40.0,0.0,100.0,Safe R,-9.79,5.42,-7.57,-12.6,-27.4,0.0,100.0,0.0,False,False,REP,,,0.0,0.0,80.0,,,0,,0.0,0,5714802,0,-5.76,0.52,43.0,-10.9,2.0,35.4,7.4,9.4,2.4,2.4,7.1,4.1,2.0,2.0,2.0,2.0,2.0,2.0,2.0,2.0,2.0,3.8,9.8,7.8,11.8,5.1,4.1,4.1,3.1,2.1,2.0,2.0,2.0,2.0,2.0,2.0,2.0,2.0,2.0,2.0,2.0
2026-06-10,146,-40.0,0.0,100.0,Safe R,-9.79,5.42,-7.57,-12.6,-27.4,0.0,100.0,0.0,False,False,REP,,,0.0,0.0,80.0,,,0,,0.0,0,5714802,0,-5.76,0.52,43.0,-10.9,2.0,35.4,7.4,9.4,2.4,2.4,7.1,4.1,2.0,2.0,2.0,2.0,2.0,2.0,2.0,2.0,2.0,3.8,9.8,7.8,11.8,5.1,4.1,4.1,3.1,2.1,2.0,2.0,2.0,2.0,2.0,2.0,2.0,2.0,2.0,2.0,2.0
2026-06-11,145,-40.0,0.0,100.0,Safe R,-9.79,5.42,-7.57,-12.6,-27.4,0.0,100.0,0.0,False,False,REP,,,0.0,0.0,80.0,,,0,,0.0,0,5714802,0,-5.76,0.52,43.0,-10.9,2.0,35.4,7.4,9.4,2.4,2.4,7.1,4.1,2.0,2.0,2.0,2.0,2.0,2.0,2.0,2.0,2.0,3.8,9.8,7.8,11.8,5.1,4.1,4.1,3.1,2.1,2.0,2.0,2.0,2.0,2.0,2.0,2.0,2.0,2.0,2.0,2.0
2026-06-12,144,-40.0,0.0,100.0,Safe R,-9.79,5.43,-7.56,-12.6,-27.4,0.0,100.0,0.0,False,False,REP,,,0.0,0.0,80.0,,,0,,0.0,0,5714802,0,-5.75,0.52,43.0,-10.9,2.0,35.4,7.4,9.4,2.4,2.4,7.1,4.1,2.0,2.0,2.0,2.0,2.0,2.0,2.0,2.0,2.0,3.8,9.8,7.8,11.8,5.1,4.1,4.1,3.1,2.1,2.0,2.0,2.0,2.0,2.0,2.0,2.0,2.0,2.0,2.0,2.0
2026-06-13,143,-40.0,0.0,100.0,Safe R,-9.79,5.43,-7.56,-12.6,-27.4,0.0,100.0,0.0,False,False,REP,,,0.0,0.0,80.0,,,0,,0.0,0,5714802,0,-5.75,0.52,43.0,-10.9,2.0,35.4,7.4,9.4,2.4,2.4,7.1,4.1,2.0,2.0,2.0,2.0,2.0,2.0,2.0,2.0,2.0,3.8,9.8,7.8,11.8,5.1,4.1,4.1,3.1,2.1,2.0,2.0,2.0,2.0,2.0,2.0,2.0,2.0,2.0,2.0,2.0
2026-06-14,142,-40.0,0.0,100.0,Safe R,-9.79,5.43,-7.56,-12.6,-27.4,0.0,100.0,0.0,False,False,REP,,,0.0,0.0,80.0,,,0,,0.0,0,5714802,0,-5.75,0.52,43.0,-10.9,2.0,35.4,7.4,9.4,2.4,2.4,7.1,4.1,2.0,2.0,2.0,2.0,2.0,2.0,2.0,2.0,2.0,3.8,9.8,7.8,11.8,5.1,4.1,4.1,3.1,2.1,2.0,2.0,2.0,2.0,2.0,2.0,2.0,2.0,2.0,2.0,2.0
2026-06-15,141,-40.0,0.0,100.0,Safe R,-9.81,5.35,-7.66,-12.6,-27.4,0.0,100.0,0.0,False,False,REP,,,0.0,0.0,80.0,,,0,,0.0,0,5714802,0,-5.83,0.52,43.0,-10.9,2.0,35.4,7.4,9.4,2.4,2.4,7.1,4.1,2.0,2.0,2.0,2.0,2.0,2.0,2.0,2.0,2.0,3.8,9.8,7.8,11.8,5.1,4.1,4.1,3.1,2.1,2.0,2.0,2.0,2.0,2.0,2.0,2.0,2.0,2.0,2.0,2.0
2026-06-16,140,-40.0,0.0,100.0,Safe R,-9.81,5.35,-7.66,-12.6,-27.4,0.0,100.0,0.0,False,False,REP,,,0.0,0.0,80.0,,,0,,0.0,0,5714802,0,-5.83,0.52,43.0,-10.9,2.0,35.4,7.4,9.4,2.4,2.4,7.1,4.1,2.0,2.0,2.0,2.0,2.0,2.0,2.0,2.0,2.0,3.8,9.8,7.8,11.8,5.1,4.1,4.1,3.1,2.1,2.0,2.0,2.0,2.0,2.0,2.0,2.0,2.0,2.0,2.0,2.0
2026-06-17,139,-40.0,0.0,100.0,Safe R,-9.81,5.35,-7.66,-12.6,-27.4,0.0,100.0,0.0,False,False,REP,,,0.0,0.0,80.0,,,0,,0.0,0,5714802,0,-5.83,0.52,43.0,-10.9,2.0,35.4,7.4,9.4,2.4,2.4,7.1,4.1,2.0,2.0,2.0,2.0,2.0,2.0,2.0,2.0,2.0,3.8,9.8,7.8,11.8,5.1,4.1,4.1,3.1,2.1,2.0,2.0,2.0,2.0,2.0,2.0,2.0,2.0,2.0,2.0,2.0
2026-06-18,138,-40.0,0.0,100.0,Safe R,-9.81,5.35,-7.66,-12.6,-27.4,0.0,100.0,0.0,False,False,REP,,,0.0,0.0,80.0,,,0,,0.0,0,5714802,0,-5.83,0.52,43.0,-10.9,2.0,35.4,7.4,9.4,2.4,2.4,7.1,4.1,2.0,2.0,2.0,2.0,2.0,2.0,2.0,2.0,2.0,3.8,9.8,7.8,11.8,5.1,4.1,4.1,3.1,2.1,2.0,2.0,2.0,2.0,2.0,2.0,2.0,2.0,2.0,2.0,2.0
2026-06-19,137,-40.0,0.0,100.0,Safe R,-9.82,5.32,-7.7,-12.6,-27.4,0.0,100.0,0.0,False,False,REP,,,0.0,0.0,80.0,,,0,,0.0,0,5714802,0,-5.86,0.52,43.0,-10.9,2.0,35.4,7.4,9.4,2.4,2.4,7.1,4.1,2.0,2.0,2.0,2.0,2.0,2.0,2.0,2.0,2.0,3.8,9.8,7.8,11.8,5.1,4.1,4.1,3.1,2.1,2.0,2.0,2.0,2.0,2.0,2.0,2.0,2.0,2.0,2.0,2.0
2026-06-20,136,-40.0,0.0,100.0,Safe R,-9.77,5.34,-7.63,-12.6,-27.4,0.0,100.0,0.0,False,False,REP,,,0.0,0.0,80.0,,,0,,0.0,0,5714802,0,-5.84,0.52,42.8,-11.2,2.0,35.4,7.4,9.4,2.4,2.4,7.1,4.1,2.0,2.0,2.0,2.0,2.0,2.0,2.0,2.0,2.0,3.8,9.8,7.8,11.8,5.1,4.1,4.1,3.1,2.1,2.0,2.0,2.0,2.0,2.0,2.0,2.0,2.0,2.0,2.0,2.0
2026-06-21,135,-40.0,0.0,100.0,Safe R,-9.77,5.34,-7.63,-12.6,-27.4,0.0,100.0,0.0,False,False,REP,,,0.0,0.0,80.0,,,0,,0.0,0,5714802,0,-5.84,0.52,42.8,-11.2,2.0,35.4,7.4,9.4,2.4,2.4,7.1,4.1,2.0,2.0,2.0,2.0,2.0,2.0,2.0,2.0,2.0,3.8,9.8,7.8,11.8,5.1,4.1,4.1,3.1,2.1,2.0,2.0,2.0,2.0,2.0,2.0,2.0,2.0,2.0,2.0,2.0
2026-06-22,134,-40.0,0.0,100.0,Safe R,-9.77,5.34,-7.63,-12.6,-27.4,0.0,100.0,0.0,False,False,REP,,,0.0,0.0,80.0,,,0,,0.0,0,5714802,0,-5.84,0.52,42.8,-11.2,2.0,35.4,7.4,9.4,2.4,2.4,7.1,4.1,2.0,2.0,2.0,2.0,2.0,2.0,2.0,2.0,2.0,3.8,9.8,7.8,11.8,5.1,4.1,4.1,3.1,2.1,2.0,2.0,2.0,2.0,2.0,2.0,2.0,2.0,2.0,2.0,2.0
2026-06-23,133,-40.0,0.0,100.0,Safe R,-9.77,5.32,-7.65,-12.6,-27.4,0.0,100.0,0.0,False,False,REP,,,0.0,0.0,80.0,,,0,,0.0,0,5714802,0,-5.86,0.52,42.7,-11.5,2.0,35.4,7.4,9.4,2.4,2.4,7.1,4.1,2.0,2.0,2.0,2.0,2.0,2.0,2.0,2.0,2.0,3.8,9.8,7.8,11.8,5.1,4.1,4.1,3.1,2.1,2.0,2.0,2.0,2.0,2.0,2.0,2.0,2.0,2.0,2.0,2.0
2026-06-24,132,-40.0,0.0,100.0,Safe R,-9.76,5.36,-7.6,-12.6,-27.4,0.0,100.0,0.0,False,False,REP,,,0.0,0.0,80.0,,,0,,0.0,0,5714802,0,-5.82,0.52,42.7,-11.5,2.0,35.4,7.4,9.4,2.4,2.4,7.1,4.1,2.0,2.0,2.0,2.0,2.0,2.0,2.0,2.0,2.0,3.8,9.8,7.8,11.8,5.1,4.1,4.1,3.1,2.1,2.0,2.0,2.0,2.0,2.0,2.0,2.0,2.0,2.0,2.0,2.0
2026-06-25,131,-40.0,0.0,100.0,Safe R,-9.76,5.36,-7.6,-12.6,-27.4,0.0,100.0,0.0,False,False,REP,,,0.0,0.0,80.0,,,0,,0.0,0,5714802,0,-5.82,0.52,42.7,-11.5,2.0,35.4,7.4,9.4,2.4,2.4,7.1,4.1,2.0,2.0,2.0,2.0,2.0,2.0,2.0,2.0,2.0,3.8,9.8,7.8,11.8,5.1,4.1,4.1,3.1,2.1,2.0,2.0,2.0,2.0,2.0,2.0,2.0,2.0,2.0,2.0,2.0
2026-06-26,130,-40.0,0.0,100.0,Safe R,-9.81,5.15,-7.86,-12.6,-27.4,0.0,100.0,0.0,False,False,REP,,,0.0,0.0,80.0,,,0,,0.0,0,5714802,0,-6.03,0.52,42.7,-11.5,2.0,35.4,7.4,9.4,2.4,2.4,7.1,4.1,2.0,2.0,2.0,2.0,2.0,2.0,2.0,2.0,2.0,3.8,9.8,7.8,11.8,5.1,4.1,4.1,3.1,2.1,2.0,2.0,2.0,2.0,2.0,2.0,2.0,2.0,2.0,2.0,2.0
2026-06-27,129,-40.0,0.0,100.0,Safe R,-9.81,5.13,-7.88,-12.6,-27.4,0.0,100.0,0.0,False,False,REP,,,0.0,0.0,80.0,,,0,,0.0,0,5714802,0,-6.05,0.52,42.8,-11.4,2.0,35.4,7.4,9.4,2.4,2.4,7.1,4.1,2.0,2.0,2.0,2.0,2.0,2.0,2.0,2.0,2.0,3.8,9.8,7.8,11.8,5.1,4.1,4.1,3.1,2.1,2.0,2.0,2.0,2.0,2.0,2.0,2.0,2.0,2.0,2.0,2.0
2026-06-28,128,-40.0,0.0,100.0,Safe R,-9.82,5.13,-7.89,-12.6,-27.4,0.0,100.0,0.0,False,False,REP,,,0.0,0.0,80.0,,,0,,0.0,0,5714802,0,-6.07,0.52,42.8,-11.4,2.0,35.4,7.4,9.4,2.4,2.4,7.1,4.1,2.0,2.0,2.0,2.0,2.0,2.0,2.0,2.0,2.0,3.8,9.8,7.8,11.8,5.1,4.1,4.1,3.1,2.1,2.0,2.0,2.0,2.0,2.0,2.0,2.0,2.0,2.0,2.0,2.0
2026-06-29,127,-40.0,0.0,100.0,Safe R,-9.81,5.15,-7.86,-12.6,-27.4,0.0,100.0,0.0,False,False,REP,,,0.0,0.0,80.0,,,0,,0.0,0,5714802,0,-6.05,0.52,42.8,-11.4,2.0,35.4,7.4,9.4,2.4,2.4,7.1,4.1,2.0,2.0,2.0,2.0,2.0,2.0,2.0,2.0,2.0,3.8,9.8,7.8,11.8,5.1,4.1,4.1,3.1,2.1,2.0,2.0,2.0,2.0,2.0,2.0,2.0,2.0,2.0,2.0,2.0
2026-06-30,126,-40.0,0.0,100.0,Safe R,-9.82,5.13,-7.89,-12.6,-27.4,0.0,100.0,0.0,False,False,REP,,,0.0,0.0,80.0,,,0,,0.0,0,5714802,0,-6.07,0.52,42.8,-11.3,2.0,35.4,7.4,9.4,2.4,2.4,7.1,4.1,2.0,2.0,2.0,2.0,2.0,2.0,2.0,2.0,2.0,3.8,9.8,7.8,11.8,5.1,4.1,4.1,3.1,2.1,2.0,2.0,2.0,2.0,2.0,2.0,2.0,2.0,2.0,2.0,2.0
2026-07-01,125,-40.0,0.0,100.0,Safe R,-9.83,5.09,-7.94,-12.6,-27.4,0.0,100.0,0.0,False,False,REP,,,0.0,0.0,80.0,,,0,,0.0,0,5714802,0,-6.11,0.52,42.8,-11.3,2.0,35.4,7.4,9.4,2.4,2.4,7.1,4.1,2.0,2.0,2.0,2.0,2.0,2.0,2.0,2.0,2.0,3.8,9.8,7.8,11.8,5.1,4.1,4.1,3.1,2.1,2.0,2.0,2.0,2.0,2.0,2.0,2.0,2.0,2.0,2.0,2.0
2026-07-02,124,-40.0,0.0,100.0,Safe R,-9.83,5.08,-7.95,-12.6,-27.4,0.0,100.0,0.0,False,False,REP,,,0.0,0.0,80.0,,,0,,0.0,0,5714802,0,-6.12,0.52,42.8,-11.3,2.0,35.4,7.4,9.4,2.4,2.4,7.1,4.1,2.0,2.0,2.0,2.0,2.0,2.0,2.0,2.0,2.0,3.8,9.8,7.8,11.8,5.1,4.1,4.1,3.1,2.1,2.0,2.0,2.0,2.0,2.0,2.0,2.0,2.0,2.0,2.0,2.0
2026-07-03,123,-40.0,0.0,100.0,Safe R,-9.82,5.1,-7.92,-12.6,-27.4,0.0,100.0,0.0,False,False,REP,,,0.0,0.0,80.0,,,0,,0.0,0,5714802,0,-6.1,0.52,42.9,-11.1,2.0,35.4,7.4,9.4,2.4,2.4,7.1,4.1,2.0,2.0,2.0,2.0,2.0,2.0,2.0,2.0,2.0,3.8,9.8,7.8,11.8,5.1,4.1,4.1,3.1,2.1,2.0,2.0,2.0,2.0,2.0,2.0,2.0,2.0,2.0,2.0,2.0
