date,days_out,margin,dem_prob,rep_prob,rating,lean,gcb,fundamentals,pres_2024,swing_24_26,dem_pct,rep_pct,oth_pct,rcv,threeway,same_party,oth_party,ind_name,ind_prob,ind_pct,cand1_prob,poll_dem,poll_rep,poll_count,polling_avg,polling_weight,dem_funds,rep_funds,ind_funds,environment,demo_env_adj,trump_approve,trump_net,dem_vap_white,dem_vap_black,dem_vap_hispanic,dem_vap_asian,dem_vap_native,dem_vap_pacific,dem_age_20_29,dem_age_30_39,dem_age_40_49,dem_age_50_59,dem_age_60_69,dem_age_70_79,dem_age_80_plus,dem_educ_no_hs,dem_educ_hs,dem_educ_some_college,dem_educ_associate,dem_educ_bachelor,dem_educ_master,dem_educ_professional,dem_educ_doctorate,dem_inc_u10k,dem_inc_10_15k,dem_inc_15_20k,dem_inc_20_25k,dem_inc_25_30k,dem_inc_30_35k,dem_inc_35_40k,dem_inc_40_45k,dem_inc_45_50k,dem_inc_50_60k,dem_inc_60_75k,dem_inc_75_100k,dem_inc_100_125k,dem_inc_125_150k,dem_inc_150_200k,dem_inc_200k_plus
2026-01-01,306,3.24,62.2,37.8,Lean D,2.11,3.11,5.03,-1.44,4.68,51.62,48.38,0.0,False,False,,,,0.0,0.0,0.0,35.57,42.44,3,-6.87,0.15,7646728,7676445,0,2.12,-0.63,42.7,-11.1,43.2,89.2,61.2,63.2,56.2,56.2,58.7,55.7,50.7,47.7,47.7,48.7,48.7,51.9,46.9,48.9,49.9,55.9,61.9,59.9,63.9,56.6,55.6,55.6,54.6,53.6,52.6,51.6,50.6,50.6,49.6,49.6,49.6,50.6,50.6,51.6,52.6
2026-01-02,305,3.24,62.2,37.8,Lean D,2.11,3.11,5.03,-1.44,4.68,51.62,48.38,0.0,False,False,,,,0.0,0.0,0.0,35.57,42.44,3,-6.87,0.15,7646728,7676445,0,2.12,-0.63,42.7,-11.1,43.2,89.2,61.2,63.2,56.2,56.2,58.7,55.7,50.7,47.7,47.7,48.7,48.7,51.9,46.9,48.9,49.9,55.9,61.9,59.9,63.9,56.6,55.6,55.6,54.6,53.6,52.6,51.6,50.6,50.6,49.6,49.6,49.6,50.6,50.6,51.6,52.6
2026-01-03,304,3.24,62.2,37.8,Lean D,2.11,3.11,5.03,-1.44,4.68,51.62,48.38,0.0,False,False,,,,0.0,0.0,0.0,35.57,42.44,3,-6.87,0.15,7646728,7676445,0,2.12,-0.63,42.7,-11.1,43.2,89.2,61.2,63.2,56.2,56.2,58.7,55.7,50.7,47.7,47.7,48.7,48.7,51.9,46.9,48.9,49.9,55.9,61.9,59.9,63.9,56.6,55.6,55.6,54.6,53.6,52.6,51.6,50.6,50.6,49.6,49.6,49.6,50.6,50.6,51.6,52.6
2026-01-04,303,3.17,61.9,38.1,Lean D,2.1,3.04,4.94,-1.44,4.61,51.59,48.41,0.0,False,False,,,,0.0,0.0,0.0,35.57,42.44,3,-6.87,0.15,7646728,7676445,0,2.05,-0.63,42.9,-10.8,43.2,89.2,61.2,63.2,56.2,56.2,58.7,55.7,50.7,47.7,47.7,48.7,48.7,51.9,46.9,48.9,49.9,55.9,61.9,59.9,63.9,56.6,55.6,55.6,54.6,53.6,52.6,51.6,50.6,50.6,49.6,49.6,49.6,50.6,50.6,51.6,52.6
2026-01-05,302,3.21,62.0,38.0,Lean D,2.11,3.08,4.99,-1.44,4.65,51.61,48.39,0.0,False,False,,,,0.0,0.0,0.0,35.57,42.44,3,-6.87,0.15,7646728,7676445,0,2.09,-0.63,42.8,-10.9,43.2,89.2,61.2,63.2,56.2,56.2,58.7,55.7,50.7,47.7,47.7,48.7,48.7,51.9,46.9,48.9,49.9,55.9,61.9,59.9,63.9,56.6,55.6,55.6,54.6,53.6,52.6,51.6,50.6,50.6,49.6,49.6,49.6,50.6,50.6,51.6,52.6
2026-01-06,301,3.06,61.5,38.5,Lean D,2.22,3.08,5.11,-1.44,4.5,51.53,48.47,0.0,False,False,,,,0.0,0.0,0.0,39.47,46.04,4,-6.57,0.175,7646728,7676445,0,2.09,-0.63,42.8,-10.9,43.1,89.1,61.1,63.1,56.1,56.1,58.6,55.6,50.6,47.6,47.6,48.6,48.6,51.9,46.9,48.9,49.9,55.9,61.9,59.9,63.9,56.5,55.5,55.5,54.5,53.5,52.5,51.5,50.5,50.5,49.5,49.5,49.5,50.5,50.5,51.5,52.5
2026-01-07,300,3.06,61.5,38.5,Lean D,2.22,3.08,5.11,-1.44,4.5,51.53,48.47,0.0,False,False,,,,0.0,0.0,0.0,39.47,46.04,4,-6.57,0.175,7646728,7676445,0,2.09,-0.63,42.8,-11.0,43.1,89.1,61.1,63.1,56.1,56.1,58.6,55.6,50.6,47.6,47.6,48.6,48.6,51.9,46.9,48.9,49.9,55.9,61.9,59.9,63.9,56.5,55.5,55.5,54.5,53.5,52.5,51.5,50.5,50.5,49.5,49.5,49.5,50.5,50.5,51.5,52.5
2026-01-08,299,3.06,61.5,38.5,Lean D,2.22,3.08,5.11,-1.44,4.5,51.53,48.47,0.0,False,False,,,,0.0,0.0,0.0,39.47,46.04,4,-6.57,0.175,7646728,7676445,0,2.09,-0.63,42.9,-11.0,43.1,89.1,61.1,63.1,56.1,56.1,58.6,55.6,50.6,47.6,47.6,48.6,48.6,51.9,46.9,48.9,49.9,55.9,61.9,59.9,63.9,56.5,55.5,55.5,54.5,53.5,52.5,51.5,50.5,50.5,49.5,49.5,49.5,50.5,50.5,51.5,52.5
2026-01-09,298,3.07,61.5,38.5,Lean D,2.22,3.09,5.12,-1.44,4.51,51.54,48.46,0.0,False,False,,,,0.0,0.0,0.0,39.47,46.04,4,-6.57,0.175,7646728,7676445,0,2.1,-0.63,42.8,-10.9,43.2,89.2,61.2,63.2,56.2,56.2,58.6,55.6,50.6,47.6,47.6,48.6,48.6,51.9,46.9,48.9,49.9,55.9,61.9,59.9,63.9,56.5,55.5,55.5,54.5,53.5,52.5,51.5,50.5,50.5,49.5,49.5,49.5,50.5,50.5,51.5,52.5
2026-01-10,297,3.07,61.5,38.5,Lean D,2.22,3.09,5.12,-1.44,4.51,51.54,48.46,0.0,False,False,,,,0.0,0.0,0.0,39.47,46.04,4,-6.57,0.175,7646728,7676445,0,2.1,-0.63,42.8,-10.9,43.2,89.2,61.2,63.2,56.2,56.2,58.6,55.6,50.6,47.6,47.6,48.6,48.6,51.9,46.9,48.9,49.9,55.9,61.9,59.9,63.9,56.5,55.5,55.5,54.5,53.5,52.5,51.5,50.5,50.5,49.5,49.5,49.5,50.5,50.5,51.5,52.5
2026-01-11,296,3.03,61.4,38.6,Lean D,2.21,3.05,5.07,-1.44,4.47,51.52,48.48,0.0,False,False,,,,0.0,0.0,0.0,39.47,46.04,4,-6.57,0.175,7646728,7676445,0,2.06,-0.63,42.8,-11.1,43.1,89.1,61.1,63.1,56.1,56.1,58.6,55.6,50.6,47.6,47.6,48.6,48.6,51.8,46.8,48.8,49.8,55.8,61.8,59.8,63.8,56.5,55.5,55.5,54.5,53.5,52.5,51.5,50.5,50.5,49.5,49.5,49.5,50.5,50.5,51.5,52.5
2026-01-12,295,3.08,61.6,38.4,Lean D,2.22,3.1,5.13,-1.44,4.52,51.54,48.46,0.0,False,False,,,,0.0,0.0,0.0,39.47,46.04,4,-6.57,0.175,7646728,7676445,0,2.11,-0.63,42.7,-11.3,43.2,89.2,61.2,63.2,56.2,56.2,58.6,55.6,50.6,47.6,47.6,48.6,48.6,51.9,46.9,48.9,49.9,55.9,61.9,59.9,63.9,56.5,55.5,55.5,54.5,53.5,52.5,51.5,50.5,50.5,49.5,49.5,49.5,50.5,50.5,51.5,52.5
2026-01-13,294,3.07,61.5,38.5,Lean D,2.22,3.09,5.12,-1.44,4.51,51.54,48.46,0.0,False,False,,,,0.0,0.0,0.0,39.47,46.04,4,-6.57,0.175,7646728,7676445,0,2.1,-0.63,42.6,-11.4,43.2,89.2,61.2,63.2,56.2,56.2,58.6,55.6,50.6,47.6,47.6,48.6,48.6,51.9,46.9,48.9,49.9,55.9,61.9,59.9,63.9,56.5,55.5,55.5,54.5,53.5,52.5,51.5,50.5,50.5,49.5,49.5,49.5,50.5,50.5,51.5,52.5
2026-01-14,293,3.07,61.5,38.5,Lean D,2.22,3.09,5.12,-1.44,4.51,51.54,48.46,0.0,False,False,,,,0.0,0.0,0.0,39.47,46.04,4,-6.57,0.175,7646728,7676445,0,2.1,-0.63,42.7,-11.4,43.2,89.2,61.2,63.2,56.2,56.2,58.6,55.6,50.6,47.6,47.6,48.6,48.6,51.9,46.9,48.9,49.9,55.9,61.9,59.9,63.9,56.5,55.5,55.5,54.5,53.5,52.5,51.5,50.5,50.5,49.5,49.5,49.5,50.5,50.5,51.5,52.5
2026-01-15,292,3.09,61.6,38.4,Lean D,2.23,3.11,5.14,-1.44,4.53,51.55,48.45,0.0,False,False,,,,0.0,0.0,0.0,39.47,46.04,4,-6.57,0.175,7646728,7676445,0,2.12,-0.63,42.7,-11.3,43.2,89.2,61.2,63.2,56.2,56.2,58.6,55.6,50.6,47.6,47.6,48.6,48.6,51.9,46.9,48.9,49.9,55.9,61.9,59.9,63.9,56.5,55.5,55.5,54.5,53.5,52.5,51.5,50.5,50.5,49.5,49.5,49.5,50.5,50.5,51.5,52.5
2026-01-16,291,3.09,61.6,38.4,Lean D,2.23,3.11,5.14,-1.44,4.53,51.55,48.45,0.0,False,False,,,,0.0,0.0,0.0,39.47,46.04,4,-6.57,0.175,7646728,7676445,0,2.12,-0.63,42.6,-11.4,43.2,89.2,61.2,63.2,56.2,56.2,58.6,55.6,50.6,47.6,47.6,48.6,48.6,51.9,46.9,48.9,49.9,55.9,61.9,59.9,63.9,56.5,55.5,55.5,54.5,53.5,52.5,51.5,50.5,50.5,49.5,49.5,49.5,50.5,50.5,51.5,52.5
2026-01-17,290,3.13,61.8,38.2,Lean D,2.23,3.15,5.19,-1.44,4.57,51.57,48.43,0.0,False,False,,,,0.0,0.0,0.0,39.47,46.04,4,-6.57,0.175,7646728,7676445,0,2.16,-0.63,42.6,-11.5,43.2,89.2,61.2,63.2,56.2,56.2,58.7,55.7,50.7,47.7,47.7,48.7,48.7,51.9,46.9,48.9,49.9,55.9,61.9,59.9,63.9,56.5,55.5,55.5,54.5,53.5,52.5,51.5,50.5,50.5,49.5,49.5,49.5,50.5,50.5,51.5,52.5
2026-01-18,289,3.06,61.5,38.5,Lean D,2.22,3.08,5.11,-1.44,4.5,51.53,48.47,0.0,False,False,,,,0.0,0.0,0.0,39.47,46.04,4,-6.57,0.175,7646728,7676445,0,2.09,-0.63,42.6,-11.5,43.1,89.1,61.1,63.1,56.1,56.1,58.6,55.6,50.6,47.6,47.6,48.6,48.6,51.9,46.9,48.9,49.9,55.9,61.9,59.9,63.9,56.5,55.5,55.5,54.5,53.5,52.5,51.5,50.5,50.5,49.5,49.5,49.5,50.5,50.5,51.5,52.5
2026-01-19,288,3.1,61.7,38.3,Lean D,2.23,3.12,5.15,-1.44,4.54,51.55,48.45,0.0,False,False,,,,0.0,0.0,0.0,39.47,46.04,4,-6.57,0.175,7646728,7676445,0,2.13,-0.63,42.6,-11.4,43.2,89.2,61.2,63.2,56.2,56.2,58.6,55.6,50.6,47.6,47.6,48.6,48.6,51.9,46.9,48.9,49.9,55.9,61.9,59.9,63.9,56.5,55.5,55.5,54.5,53.5,52.5,51.5,50.5,50.5,49.5,49.5,49.5,50.5,50.5,51.5,52.5
2026-01-20,287,3.17,61.9,38.1,Lean D,2.24,3.19,5.24,-1.44,4.61,51.59,48.41,0.0,False,False,,,,0.0,0.0,0.0,39.47,46.04,4,-6.57,0.175,7646728,7676445,0,2.2,-0.63,42.5,-11.6,43.2,89.2,61.2,63.2,56.2,56.2,58.7,55.7,50.7,47.7,47.7,48.7,48.7,51.9,46.9,48.9,49.9,55.9,61.9,59.9,63.9,56.6,55.6,55.6,54.6,53.6,52.6,51.6,50.6,50.6,49.6,49.6,49.6,50.6,50.6,51.6,52.6
2026-01-21,286,3.17,61.9,38.1,Lean D,2.24,3.19,5.24,-1.44,4.61,51.59,48.41,0.0,False,False,,,,0.0,0.0,0.0,39.47,46.04,4,-6.57,0.175,7646728,7676445,0,2.2,-0.63,42.5,-11.6,43.2,89.2,61.2,63.2,56.2,56.2,58.7,55.7,50.7,47.7,47.7,48.7,48.7,51.9,46.9,48.9,49.9,55.9,61.9,59.9,63.9,56.6,55.6,55.6,54.6,53.6,52.6,51.6,50.6,50.6,49.6,49.6,49.6,50.6,50.6,51.6,52.6
2026-01-22,285,3.19,62.0,38.0,Lean D,2.24,3.21,5.26,-1.44,4.63,51.59,48.41,0.0,False,False,,,,0.0,0.0,0.0,39.47,46.04,4,-6.57,0.175,7646728,7676445,0,2.22,-0.63,42.5,-11.7,43.2,89.2,61.2,63.2,56.2,56.2,58.7,55.7,50.7,47.7,47.7,48.7,48.7,51.9,46.9,48.9,49.9,55.9,61.9,59.9,63.9,56.6,55.6,55.6,54.6,53.6,52.6,51.6,50.6,50.6,49.6,49.6,49.6,50.6,50.6,51.6,52.6
2026-01-23,284,3.19,62.0,38.0,Lean D,2.24,3.21,5.26,-1.44,4.63,51.59,48.41,0.0,False,False,,,,0.0,0.0,0.0,39.47,46.04,4,-6.57,0.175,7646728,7676445,0,2.22,-0.63,42.5,-11.7,43.2,89.2,61.2,63.2,56.2,56.2,58.7,55.7,50.7,47.7,47.7,48.7,48.7,51.9,46.9,48.9,49.9,55.9,61.9,59.9,63.9,56.6,55.6,55.6,54.6,53.6,52.6,51.6,50.6,50.6,49.6,49.6,49.6,50.6,50.6,51.6,52.6
2026-01-24,283,3.2,62.0,38.0,Lean D,2.25,3.22,5.27,-1.44,4.64,51.6,48.4,0.0,False,False,,,,0.0,0.0,0.0,39.47,46.04,4,-6.57,0.175,7646728,7676445,0,2.23,-0.63,42.5,-11.7,43.2,89.2,61.2,63.2,56.2,56.2,58.7,55.7,50.7,47.7,47.7,48.7,48.7,51.9,46.9,48.9,49.9,55.9,61.9,59.9,63.9,56.6,55.6,55.6,54.6,53.6,52.6,51.6,50.6,50.6,49.6,49.6,49.6,50.6,50.6,51.6,52.6
2026-01-25,282,3.91,64.6,35.4,Lean D,2.23,3.15,5.19,-1.44,5.35,51.96,48.04,0.0,False,False,,,,0.0,0.0,0.0,41.98,43.36,5,-1.38,0.194,7646728,7676445,0,2.16,-0.63,42.5,-11.7,43.6,89.6,61.6,63.6,56.6,56.6,59.1,56.1,51.1,48.1,48.1,49.1,49.1,52.3,47.3,49.3,50.3,56.3,62.3,60.3,64.3,56.9,55.9,55.9,54.9,53.9,52.9,51.9,50.9,50.9,49.9,49.9,49.9,50.9,50.9,51.9,52.9
2026-01-26,281,3.95,64.7,35.3,Lean D,2.24,3.19,5.24,-1.44,5.39,51.98,48.02,0.0,False,False,,,,0.0,0.0,0.0,41.98,43.36,5,-1.38,0.194,7646728,7676445,0,2.2,-0.63,42.4,-12.0,43.6,89.6,61.6,63.6,56.6,56.6,59.1,56.1,51.1,48.1,48.1,49.1,49.1,52.3,47.3,49.3,50.3,56.3,62.3,60.3,64.3,57.0,56.0,56.0,55.0,54.0,53.0,52.0,51.0,51.0,50.0,50.0,50.0,51.0,51.0,52.0,53.0
2026-01-27,280,3.95,64.7,35.3,Lean D,2.24,3.19,5.24,-1.44,5.39,51.98,48.02,0.0,False,False,,,,0.0,0.0,0.0,41.98,43.36,5,-1.38,0.194,7646728,7676445,0,2.2,-0.63,42.4,-12.0,43.6,89.6,61.6,63.6,56.6,56.6,59.1,56.1,51.1,48.1,48.1,49.1,49.1,52.3,47.3,49.3,50.3,56.3,62.3,60.3,64.3,57.0,56.0,56.0,55.0,54.0,53.0,52.0,51.0,51.0,50.0,50.0,50.0,51.0,51.0,52.0,53.0
2026-01-28,279,3.98,64.8,35.2,Lean D,2.25,3.22,5.27,-1.44,5.42,51.99,48.01,0.0,False,False,,,,0.0,0.0,0.0,41.98,43.36,5,-1.38,0.194,7646728,7676445,0,2.23,-0.63,42.4,-12.0,43.6,89.6,61.6,63.6,56.6,56.6,59.1,56.1,51.1,48.1,48.1,49.1,49.1,52.3,47.3,49.3,50.3,56.3,62.3,60.3,64.3,57.0,56.0,56.0,55.0,54.0,53.0,52.0,51.0,51.0,50.0,50.0,50.0,51.0,51.0,52.0,53.0
2026-01-29,278,3.97,64.8,35.2,Lean D,2.24,3.21,5.26,-1.44,5.41,51.98,48.02,0.0,False,False,,,,0.0,0.0,0.0,41.98,43.36,5,-1.38,0.194,7646728,7676445,0,2.22,-0.63,42.4,-11.9,43.6,89.6,61.6,63.6,56.6,56.6,59.1,56.1,51.1,48.1,48.1,49.1,49.1,52.3,47.3,49.3,50.3,56.3,62.3,60.3,64.3,57.0,56.0,56.0,55.0,54.0,53.0,52.0,51.0,51.0,50.0,50.0,50.0,51.0,51.0,52.0,53.0
2026-01-30,277,3.98,64.8,35.2,Lean D,2.25,3.22,5.27,-1.44,5.42,51.99,48.01,0.0,False,False,,,,0.0,0.0,0.0,41.98,43.36,5,-1.38,0.194,7646728,7676445,0,2.23,-0.63,42.4,-12.0,43.6,89.6,61.6,63.6,56.6,56.6,59.1,56.1,51.1,48.1,48.1,49.1,49.1,52.3,47.3,49.3,50.3,56.3,62.3,60.3,64.3,57.0,56.0,56.0,55.0,54.0,53.0,52.0,51.0,51.0,50.0,50.0,50.0,51.0,51.0,52.0,53.0
2026-01-31,276,3.98,64.8,35.2,Lean D,2.25,3.22,5.27,-1.44,5.42,51.99,48.01,0.0,False,False,,,,0.0,0.0,0.0,41.98,43.36,5,-1.38,0.194,7646728,7676445,0,2.23,-0.63,42.4,-12.0,43.6,89.6,61.6,63.6,56.6,56.6,59.1,56.1,51.1,48.1,48.1,49.1,49.1,52.3,47.3,49.3,50.3,56.3,62.3,60.3,64.3,57.0,56.0,56.0,55.0,54.0,53.0,52.0,51.0,51.0,50.0,50.0,50.0,51.0,51.0,52.0,53.0
2026-02-01,275,3.89,64.5,35.5,Lean D,2.23,3.13,5.16,-1.44,5.33,51.95,48.05,0.0,False,False,,,,0.0,0.0,0.0,41.98,43.36,5,-1.38,0.194,7646728,7676445,0,2.14,-0.63,42.5,-11.9,43.6,89.6,61.6,63.6,56.6,56.6,59.0,56.0,51.0,48.0,48.0,49.0,49.0,52.3,47.3,49.3,50.3,56.3,62.3,60.3,64.3,56.9,55.9,55.9,54.9,53.9,52.9,51.9,50.9,50.9,49.9,49.9,49.9,50.9,50.9,51.9,52.9
2026-02-02,274,3.99,64.9,35.1,Lean D,2.35,3.13,5.29,-1.44,5.43,52.0,48.0,0.0,False,False,,,,0.0,0.0,0.0,41.98,43.36,5,-1.38,0.194,7646728,7676445,0,2.14,-0.63,42.3,-12.0,43.6,89.6,61.6,63.6,56.6,56.6,59.1,56.1,51.1,48.1,48.1,49.1,49.1,52.3,47.3,49.3,50.3,56.3,62.3,60.3,64.3,57.0,56.0,56.0,55.0,54.0,53.0,52.0,51.0,51.0,50.0,50.0,50.0,51.0,51.0,52.0,53.0
2026-02-03,273,3.99,64.9,35.1,Lean D,2.35,3.13,5.29,-1.44,5.43,52.0,48.0,0.0,False,False,,,,0.0,0.0,0.0,41.98,43.36,5,-1.38,0.194,7646728,7676445,0,2.14,-0.63,42.3,-12.0,43.6,89.6,61.6,63.6,56.6,56.6,59.1,56.1,51.1,48.1,48.1,49.1,49.1,52.3,47.3,49.3,50.3,56.3,62.3,60.3,64.3,57.0,56.0,56.0,55.0,54.0,53.0,52.0,51.0,51.0,50.0,50.0,50.0,51.0,51.0,52.0,53.0
2026-02-04,272,4.0,64.9,35.1,Lean D,2.35,3.14,5.3,-1.44,5.44,52.0,48.0,0.0,False,False,,,,0.0,0.0,0.0,41.98,43.36,5,-1.38,0.194,7646728,7676445,0,2.15,-0.63,42.3,-12.0,43.6,89.6,61.6,63.6,56.6,56.6,59.1,56.1,51.1,48.1,48.1,49.1,49.1,52.3,47.3,49.3,50.3,56.3,62.3,60.3,64.3,57.0,56.0,56.0,55.0,54.0,53.0,52.0,51.0,51.0,50.0,50.0,50.0,51.0,51.0,52.0,53.0
2026-02-05,271,4.0,64.9,35.1,Lean D,2.35,3.14,5.3,-1.44,5.44,52.0,48.0,0.0,False,False,,,,0.0,0.0,0.0,41.98,43.36,5,-1.38,0.194,7646728,7676445,0,2.15,-0.63,42.4,-12.0,43.6,89.6,61.6,63.6,56.6,56.6,59.1,56.1,51.1,48.1,48.1,49.1,49.1,52.3,47.3,49.3,50.3,56.3,62.3,60.3,64.3,57.0,56.0,56.0,55.0,54.0,53.0,52.0,51.0,51.0,50.0,50.0,50.0,51.0,51.0,52.0,53.0
2026-02-06,270,4.0,64.9,35.1,Lean D,2.35,3.14,5.3,-1.44,5.44,52.0,48.0,0.0,False,False,,,,0.0,0.0,0.0,41.98,43.36,5,-1.38,0.194,7646728,7676445,0,2.15,-0.63,42.3,-12.0,43.6,89.6,61.6,63.6,56.6,56.6,59.1,56.1,51.1,48.1,48.1,49.1,49.1,52.3,47.3,49.3,50.3,56.3,62.3,60.3,64.3,57.0,56.0,56.0,55.0,54.0,53.0,52.0,51.0,51.0,50.0,50.0,50.0,51.0,51.0,52.0,53.0
2026-02-07,269,4.01,64.9,35.1,Lean D,2.36,3.15,5.31,-1.44,5.45,52.01,47.99,0.0,False,False,,,,0.0,0.0,0.0,41.98,43.36,5,-1.38,0.194,7646728,7676445,0,2.16,-0.63,42.3,-12.0,43.6,89.6,61.6,63.6,56.6,56.6,59.1,56.1,51.1,48.1,48.1,49.1,49.1,52.3,47.3,49.3,50.3,56.3,62.3,60.3,64.3,57.0,56.0,56.0,55.0,54.0,53.0,52.0,51.0,51.0,50.0,50.0,50.0,51.0,51.0,52.0,53.0
2026-02-08,268,3.99,64.9,35.1,Lean D,2.35,3.13,5.29,-1.44,5.43,52.0,48.0,0.0,False,False,,,,0.0,0.0,0.0,41.98,43.36,5,-1.38,0.194,7646728,7676445,0,2.14,-0.63,42.2,-12.3,43.6,89.6,61.6,63.6,56.6,56.6,59.1,56.1,51.1,48.1,48.1,49.1,49.1,52.3,47.3,49.3,50.3,56.3,62.3,60.3,64.3,57.0,56.0,56.0,55.0,54.0,53.0,52.0,51.0,51.0,50.0,50.0,50.0,51.0,51.0,52.0,53.0
2026-02-09,267,4.03,65.0,35.0,Lean D,2.36,3.17,5.34,-1.44,5.47,52.02,47.98,0.0,False,False,,,,0.0,0.0,0.0,41.98,43.36,5,-1.38,0.194,7646728,7676445,0,2.18,-0.63,42.2,-12.3,43.6,89.6,61.6,63.6,56.6,56.6,59.1,56.1,51.1,48.1,48.1,49.1,49.1,52.3,47.3,49.3,50.3,56.3,62.3,60.3,64.3,57.0,56.0,56.0,55.0,54.0,53.0,52.0,51.0,51.0,50.0,50.0,50.0,51.0,51.0,52.0,53.0
2026-02-10,266,4.06,65.1,34.9,Lean D,2.37,3.2,5.37,-1.44,5.5,52.03,47.97,0.0,False,False,,,,0.0,0.0,0.0,41.98,43.36,5,-1.38,0.194,7646728,7676445,0,2.21,-0.63,42.1,-12.4,43.6,89.6,61.6,63.6,56.6,56.6,59.1,56.1,51.1,48.1,48.1,49.1,49.1,52.4,47.4,49.4,50.4,56.4,62.4,60.4,64.4,57.0,56.0,56.0,55.0,54.0,53.0,52.0,51.0,51.0,50.0,50.0,50.0,51.0,51.0,52.0,53.0
2026-02-11,265,4.06,65.1,34.9,Lean D,2.37,3.2,5.37,-1.44,5.5,52.03,47.97,0.0,False,False,,,,0.0,0.0,0.0,41.98,43.36,5,-1.38,0.194,7646728,7676445,0,2.21,-0.63,42.1,-12.4,43.6,89.6,61.6,63.6,56.6,56.6,59.1,56.1,51.1,48.1,48.1,49.1,49.1,52.4,47.4,49.4,50.4,56.4,62.4,60.4,64.4,57.0,56.0,56.0,55.0,54.0,53.0,52.0,51.0,51.0,50.0,50.0,50.0,51.0,51.0,52.0,53.0
2026-02-12,264,4.05,65.1,34.9,Lean D,2.36,3.19,5.36,-1.44,5.49,52.02,47.98,0.0,False,False,,,,0.0,0.0,0.0,41.98,43.36,5,-1.38,0.194,7646728,7676445,0,2.2,-0.63,42.1,-12.4,43.6,89.6,61.6,63.6,56.6,56.6,59.1,56.1,51.1,48.1,48.1,49.1,49.1,52.3,47.3,49.3,50.3,56.3,62.3,60.3,64.3,57.0,56.0,56.0,55.0,54.0,53.0,52.0,51.0,51.0,50.0,50.0,50.0,51.0,51.0,52.0,53.0
2026-02-13,263,4.05,65.1,34.9,Lean D,2.36,3.19,5.36,-1.44,5.49,52.02,47.98,0.0,False,False,,,,0.0,0.0,0.0,41.98,43.36,5,-1.38,0.194,7646728,7676445,0,2.2,-0.63,42.2,-12.4,43.6,89.6,61.6,63.6,56.6,56.6,59.1,56.1,51.1,48.1,48.1,49.1,49.1,52.3,47.3,49.3,50.3,56.3,62.3,60.3,64.3,57.0,56.0,56.0,55.0,54.0,53.0,52.0,51.0,51.0,50.0,50.0,50.0,51.0,51.0,52.0,53.0
2026-02-14,262,4.06,65.1,34.9,Lean D,2.37,3.2,5.37,-1.44,5.5,52.03,47.97,0.0,False,False,,,,0.0,0.0,0.0,41.98,43.36,5,-1.38,0.194,7646728,7676445,0,2.21,-0.63,42.2,-12.4,43.6,89.6,61.6,63.6,56.6,56.6,59.1,56.1,51.1,48.1,48.1,49.1,49.1,52.4,47.4,49.4,50.4,56.4,62.4,60.4,64.4,57.0,56.0,56.0,55.0,54.0,53.0,52.0,51.0,51.0,50.0,50.0,50.0,51.0,51.0,52.0,53.0
2026-02-15,261,4.06,65.1,34.9,Lean D,2.37,3.2,5.37,-1.44,5.5,52.03,47.97,0.0,False,False,,,,0.0,0.0,0.0,41.98,43.36,5,-1.38,0.194,7646728,7676445,0,2.21,-0.63,42.2,-12.4,43.6,89.6,61.6,63.6,56.6,56.6,59.1,56.1,51.1,48.1,48.1,49.1,49.1,52.4,47.4,49.4,50.4,56.4,62.4,60.4,64.4,57.0,56.0,56.0,55.0,54.0,53.0,52.0,51.0,51.0,50.0,50.0,50.0,51.0,51.0,52.0,53.0
2026-02-16,260,4.06,65.1,34.9,Lean D,2.34,3.23,5.37,-1.44,5.5,52.03,47.97,0.0,False,False,,,,0.0,0.0,0.0,41.98,43.36,5,-1.38,0.194,7646728,7676445,0,2.24,-0.63,42.1,-12.5,43.6,89.6,61.6,63.6,56.6,56.6,59.1,56.1,51.1,48.1,48.1,49.1,49.1,52.4,47.4,49.4,50.4,56.4,62.4,60.4,64.4,57.0,56.0,56.0,55.0,54.0,53.0,52.0,51.0,51.0,50.0,50.0,50.0,51.0,51.0,52.0,53.0
2026-02-17,259,4.05,65.1,34.9,Lean D,2.33,3.22,5.36,-1.44,5.49,52.02,47.98,0.0,False,False,,,,0.0,0.0,0.0,41.98,43.36,5,-1.38,0.194,7646728,7676445,0,2.23,-0.63,42.1,-12.6,43.6,89.6,61.6,63.6,56.6,56.6,59.1,56.1,51.1,48.1,48.1,49.1,49.1,52.3,47.3,49.3,50.3,56.3,62.3,60.3,64.3,57.0,56.0,56.0,55.0,54.0,53.0,52.0,51.0,51.0,50.0,50.0,50.0,51.0,51.0,52.0,53.0
2026-02-18,258,4.06,65.1,34.9,Lean D,2.34,3.23,5.37,-1.44,5.5,52.03,47.97,0.0,False,False,,,,0.0,0.0,0.0,41.98,43.36,5,-1.38,0.194,7646728,7676445,0,2.24,-0.63,42.1,-12.6,43.6,89.6,61.6,63.6,56.6,56.6,59.1,56.1,51.1,48.1,48.1,49.1,49.1,52.4,47.4,49.4,50.4,56.4,62.4,60.4,64.4,57.0,56.0,56.0,55.0,54.0,53.0,52.0,51.0,51.0,50.0,50.0,50.0,51.0,51.0,52.0,53.0
2026-02-19,257,4.06,65.1,34.9,Lean D,2.34,3.23,5.37,-1.44,5.5,52.03,47.97,0.0,False,False,,,,0.0,0.0,0.0,41.98,43.36,5,-1.38,0.194,7646728,7676445,0,2.24,-0.63,42.1,-12.5,43.6,89.6,61.6,63.6,56.6,56.6,59.1,56.1,51.1,48.1,48.1,49.1,49.1,52.4,47.4,49.4,50.4,56.4,62.4,60.4,64.4,57.0,56.0,56.0,55.0,54.0,53.0,52.0,51.0,51.0,50.0,50.0,50.0,51.0,51.0,52.0,53.0
2026-02-20,256,4.12,65.3,34.7,Lean D,2.35,3.29,5.44,-1.44,5.55,52.06,47.94,0.0,False,False,,,,0.0,0.0,0.0,41.98,43.36,5,-1.38,0.194,7646728,7676445,0,2.3,-0.63,41.9,-12.9,43.7,89.7,61.7,63.7,56.7,56.7,59.2,56.2,51.2,48.2,48.2,49.2,49.2,52.4,47.4,49.4,50.4,56.4,62.4,60.4,64.4,57.0,56.0,56.0,55.0,54.0,53.0,52.0,51.0,51.0,50.0,50.0,50.0,51.0,51.0,52.0,53.0
2026-02-21,255,4.12,65.3,34.7,Lean D,2.35,3.29,5.44,-1.44,5.55,52.06,47.94,0.0,False,False,,,,0.0,0.0,0.0,41.98,43.36,5,-1.38,0.194,7646728,7676445,0,2.3,-0.63,41.9,-12.9,43.7,89.7,61.7,63.7,56.7,56.7,59.2,56.2,51.2,48.2,48.2,49.2,49.2,52.4,47.4,49.4,50.4,56.4,62.4,60.4,64.4,57.0,56.0,56.0,55.0,54.0,53.0,52.0,51.0,51.0,50.0,50.0,50.0,51.0,51.0,52.0,53.0
2026-02-22,254,4.14,65.4,34.6,Lean D,2.35,3.31,5.47,-1.44,5.57,52.07,47.93,0.0,False,False,,,,0.0,0.0,0.0,41.98,43.36,5,-1.38,0.194,7646728,7676445,0,2.32,-0.63,42.0,-12.8,43.7,89.7,61.7,63.7,56.7,56.7,59.2,56.2,51.2,48.2,48.2,49.2,49.2,52.4,47.4,49.4,50.4,56.4,62.4,60.4,64.4,57.0,56.0,56.0,55.0,54.0,53.0,52.0,51.0,51.0,50.0,50.0,50.0,51.0,51.0,52.0,53.0
2026-02-23,253,4.13,65.3,34.7,Lean D,2.35,3.3,5.45,-1.44,5.56,52.06,47.94,0.0,False,False,,,,0.0,0.0,0.0,41.98,43.36,5,-1.38,0.194,7646728,7676445,0,2.31,-0.63,42.0,-12.9,43.7,89.7,61.7,63.7,56.7,56.7,59.2,56.2,51.2,48.2,48.2,49.2,49.2,52.4,47.4,49.4,50.4,56.4,62.4,60.4,64.4,57.0,56.0,56.0,55.0,54.0,53.0,52.0,51.0,51.0,50.0,50.0,50.0,51.0,51.0,52.0,53.0
2026-02-24,252,4.13,65.3,34.7,Lean D,2.35,3.3,5.45,-1.44,5.56,52.06,47.94,0.0,False,False,,,,0.0,0.0,0.0,41.98,43.36,5,-1.38,0.194,7646728,7676445,0,2.31,-0.63,42.0,-12.9,43.7,89.7,61.7,63.7,56.7,56.7,59.2,56.2,51.2,48.2,48.2,49.2,49.2,52.4,47.4,49.4,50.4,56.4,62.4,60.4,64.4,57.0,56.0,56.0,55.0,54.0,53.0,52.0,51.0,51.0,50.0,50.0,50.0,51.0,51.0,52.0,53.0
2026-02-25,251,4.13,65.3,34.7,Lean D,2.35,3.3,5.45,-1.44,5.56,52.06,47.94,0.0,False,False,,,,0.0,0.0,0.0,41.98,43.36,5,-1.38,0.194,7646728,7676445,0,2.31,-0.63,42.0,-12.9,43.7,89.7,61.7,63.7,56.7,56.7,59.2,56.2,51.2,48.2,48.2,49.2,49.2,52.4,47.4,49.4,50.4,56.4,62.4,60.4,64.4,57.0,56.0,56.0,55.0,54.0,53.0,52.0,51.0,51.0,50.0,50.0,50.0,51.0,51.0,52.0,53.0
2026-02-26,250,4.11,65.3,34.7,Lean D,2.34,3.28,5.43,-1.44,5.54,52.05,47.95,0.0,False,False,,,,0.0,0.0,0.0,41.98,43.36,5,-1.38,0.194,7646728,7676445,0,2.29,-0.63,42.1,-12.7,43.7,89.7,61.7,63.7,56.7,56.7,59.1,56.1,51.1,48.1,48.1,49.1,49.1,52.4,47.4,49.4,50.4,56.4,62.4,60.4,64.4,57.0,56.0,56.0,55.0,54.0,53.0,52.0,51.0,51.0,50.0,50.0,50.0,51.0,51.0,52.0,53.0
2026-02-27,249,4.11,65.3,34.7,Lean D,2.34,3.28,5.43,-1.44,5.54,52.05,47.95,0.0,False,False,,,,0.0,0.0,0.0,41.98,43.36,5,-1.38,0.194,7646728,7676445,0,2.29,-0.63,42.2,-12.6,43.7,89.7,61.7,63.7,56.7,56.7,59.1,56.1,51.1,48.1,48.1,49.1,49.1,52.4,47.4,49.4,50.4,56.4,62.4,60.4,64.4,57.0,56.0,56.0,55.0,54.0,53.0,52.0,51.0,51.0,50.0,50.0,50.0,51.0,51.0,52.0,53.0
2026-02-28,248,4.11,65.3,34.7,Lean D,2.34,3.28,5.43,-1.44,5.54,52.05,47.95,0.0,False,False,,,,0.0,0.0,0.0,41.98,43.36,5,-1.38,0.194,7646728,7676445,0,2.29,-0.63,42.2,-12.5,43.7,89.7,61.7,63.7,56.7,56.7,59.1,56.1,51.1,48.1,48.1,49.1,49.1,52.4,47.4,49.4,50.4,56.4,62.4,60.4,64.4,57.0,56.0,56.0,55.0,54.0,53.0,52.0,51.0,51.0,50.0,50.0,50.0,51.0,51.0,52.0,53.0
2026-03-01,247,4.12,65.3,34.7,Lean D,2.35,3.29,5.44,-1.44,5.55,52.06,47.94,0.0,False,False,,,,0.0,0.0,0.0,41.98,43.36,5,-1.38,0.194,7646728,7676445,0,2.3,-0.63,42.2,-12.6,43.7,89.7,61.7,63.7,56.7,56.7,59.2,56.2,51.2,48.2,48.2,49.2,49.2,52.4,47.4,49.4,50.4,56.4,62.4,60.4,64.4,57.0,56.0,56.0,55.0,54.0,53.0,52.0,51.0,51.0,50.0,50.0,50.0,51.0,51.0,52.0,53.0
2026-03-02,246,4.14,65.4,34.6,Lean D,2.35,3.31,5.47,-1.44,5.57,52.07,47.93,0.0,False,False,,,,0.0,0.0,0.0,41.98,43.36,5,-1.38,0.194,7646728,7676445,0,2.32,-0.63,42.2,-12.6,43.7,89.7,61.7,63.7,56.7,56.7,59.2,56.2,51.2,48.2,48.2,49.2,49.2,52.4,47.4,49.4,50.4,56.4,62.4,60.4,64.4,57.0,56.0,56.0,55.0,54.0,53.0,52.0,51.0,51.0,50.0,50.0,50.0,51.0,51.0,52.0,53.0
2026-03-03,245,4.14,65.4,34.6,Lean D,2.35,3.32,5.48,-1.44,5.58,52.07,47.93,0.0,False,False,,,,0.0,0.0,0.0,41.98,43.36,5,-1.38,0.194,7646728,7676445,0,2.33,-0.63,42.2,-12.5,43.7,89.7,61.7,63.7,56.7,56.7,59.2,56.2,51.2,48.2,48.2,49.2,49.2,52.4,47.4,49.4,50.4,56.4,62.4,60.4,64.4,57.0,56.0,56.0,55.0,54.0,53.0,52.0,51.0,51.0,50.0,50.0,50.0,51.0,51.0,52.0,53.0
2026-03-04,244,4.22,65.7,34.3,Lean D,2.37,3.4,5.57,-1.44,5.66,52.11,47.89,0.0,False,False,,,,0.0,0.0,0.0,41.98,43.36,5,-1.38,0.194,7646728,7676445,0,2.41,-0.63,42.1,-12.6,43.7,89.7,61.7,63.7,56.7,56.7,59.2,56.2,51.2,48.2,48.2,49.2,49.2,52.4,47.4,49.4,50.4,56.4,62.4,60.4,64.4,57.1,56.1,56.1,55.1,54.1,53.1,52.1,51.1,51.1,50.1,50.1,50.1,51.1,51.1,52.1,53.1
2026-03-05,243,4.19,65.6,34.4,Lean D,2.36,3.37,5.54,-1.44,5.63,52.1,47.9,0.0,False,False,,,,0.0,0.0,0.0,41.98,43.36,5,-1.38,0.194,7646728,7676445,0,2.38,-0.63,42.1,-12.5,43.7,89.7,61.7,63.7,56.7,56.7,59.2,56.2,51.2,48.2,48.2,49.2,49.2,52.4,47.4,49.4,50.4,56.4,62.4,60.4,64.4,57.1,56.1,56.1,55.1,54.1,53.1,52.1,51.1,51.1,50.1,50.1,50.1,51.1,51.1,52.1,53.1
2026-03-06,242,4.2,65.6,34.4,Lean D,2.36,3.38,5.55,-1.44,5.64,52.1,47.9,0.0,False,False,,,,0.0,0.0,0.0,41.98,43.36,5,-1.38,0.194,7646728,7676445,0,2.39,-0.63,42.1,-12.5,43.7,89.7,61.7,63.7,56.7,56.7,59.2,56.2,51.2,48.2,48.2,49.2,49.2,52.4,47.4,49.4,50.4,56.4,62.4,60.4,64.4,57.1,56.1,56.1,55.1,54.1,53.1,52.1,51.1,51.1,50.1,50.1,50.1,51.1,51.1,52.1,53.1
2026-03-07,241,4.2,65.6,34.4,Lean D,2.36,3.38,5.55,-1.44,5.64,52.1,47.9,0.0,False,False,,,,0.0,0.0,0.0,41.98,43.36,5,-1.38,0.194,7646728,7676445,0,2.39,-0.63,42.2,-12.5,43.7,89.7,61.7,63.7,56.7,56.7,59.2,56.2,51.2,48.2,48.2,49.2,49.2,52.4,47.4,49.4,50.4,56.4,62.4,60.4,64.4,57.1,56.1,56.1,55.1,54.1,53.1,52.1,51.1,51.1,50.1,50.1,50.1,51.1,51.1,52.1,53.1
2026-03-08,240,4.2,65.6,34.4,Lean D,2.36,3.38,5.55,-1.44,5.64,52.1,47.9,0.0,False,False,,,,0.0,0.0,0.0,41.98,43.36,5,-1.38,0.194,7646728,7676445,0,2.39,-0.63,42.1,-12.6,43.7,89.7,61.7,63.7,56.7,56.7,59.2,56.2,51.2,48.2,48.2,49.2,49.2,52.4,47.4,49.4,50.4,56.4,62.4,60.4,64.4,57.1,56.1,56.1,55.1,54.1,53.1,52.1,51.1,51.1,50.1,50.1,50.1,51.1,51.1,52.1,53.1
2026-03-09,239,4.19,65.6,34.4,Lean D,2.36,3.37,5.54,-1.44,5.63,52.1,47.9,0.0,False,False,,,,0.0,0.0,0.0,41.98,43.36,5,-1.38,0.194,7646728,7676445,0,2.38,-0.63,42.1,-12.6,43.7,89.7,61.7,63.7,56.7,56.7,59.2,56.2,51.2,48.2,48.2,49.2,49.2,52.4,47.4,49.4,50.4,56.4,62.4,60.4,64.4,57.1,56.1,56.1,55.1,54.1,53.1,52.1,51.1,51.1,50.1,50.1,50.1,51.1,51.1,52.1,53.1
2026-03-10,238,4.2,65.6,34.4,Lean D,2.36,3.38,5.55,-1.44,5.64,52.1,47.9,0.0,False,False,,,,0.0,0.0,0.0,41.98,43.36,5,-1.38,0.194,7646728,7676445,0,2.39,-0.63,42.0,-12.5,43.7,89.7,61.7,63.7,56.7,56.7,59.2,56.2,51.2,48.2,48.2,49.2,49.2,52.4,47.4,49.4,50.4,56.4,62.4,60.4,64.4,57.1,56.1,56.1,55.1,54.1,53.1,52.1,51.1,51.1,50.1,50.1,50.1,51.1,51.1,52.1,53.1
2026-03-11,237,4.21,65.7,34.3,Lean D,2.37,3.39,5.56,-1.44,5.65,52.11,47.89,0.0,False,False,,,,0.0,0.0,0.0,41.98,43.36,5,-1.38,0.194,7646728,7676445,0,2.4,-0.63,42.0,-12.5,43.7,89.7,61.7,63.7,56.7,56.7,59.2,56.2,51.2,48.2,48.2,49.2,49.2,52.4,47.4,49.4,50.4,56.4,62.4,60.4,64.4,57.1,56.1,56.1,55.1,54.1,53.1,52.1,51.1,51.1,50.1,50.1,50.1,51.1,51.1,52.1,53.1
2026-03-12,236,4.21,65.7,34.3,Lean D,2.37,3.39,5.56,-1.44,5.65,52.11,47.89,0.0,False,False,,,,0.0,0.0,0.0,41.98,43.36,5,-1.38,0.194,7646728,7676445,0,2.4,-0.63,42.1,-12.5,43.7,89.7,61.7,63.7,56.7,56.7,59.2,56.2,51.2,48.2,48.2,49.2,49.2,52.4,47.4,49.4,50.4,56.4,62.4,60.4,64.4,57.1,56.1,56.1,55.1,54.1,53.1,52.1,51.1,51.1,50.1,50.1,50.1,51.1,51.1,52.1,53.1
2026-03-13,235,4.21,65.7,34.3,Lean D,2.37,3.39,5.56,-1.44,5.65,52.11,47.89,0.0,False,False,,,,0.0,0.0,0.0,41.98,43.36,5,-1.38,0.194,7646728,7676445,0,2.4,-0.63,42.1,-12.5,43.7,89.7,61.7,63.7,56.7,56.7,59.2,56.2,51.2,48.2,48.2,49.2,49.2,52.4,47.4,49.4,50.4,56.4,62.4,60.4,64.4,57.1,56.1,56.1,55.1,54.1,53.1,52.1,51.1,51.1,50.1,50.1,50.1,51.1,51.1,52.1,53.1
2026-03-14,234,4.21,65.7,34.3,Lean D,2.37,3.39,5.56,-1.44,5.65,52.11,47.89,0.0,False,False,,,,0.0,0.0,0.0,41.98,43.36,5,-1.38,0.194,7646728,7676445,0,2.4,-0.63,42.1,-12.5,43.7,89.7,61.7,63.7,56.7,56.7,59.2,56.2,51.2,48.2,48.2,49.2,49.2,52.4,47.4,49.4,50.4,56.4,62.4,60.4,64.4,57.1,56.1,56.1,55.1,54.1,53.1,52.1,51.1,51.1,50.1,50.1,50.1,51.1,51.1,52.1,53.1
2026-03-15,233,4.21,65.7,34.3,Lean D,2.37,3.39,5.56,-1.44,5.65,52.11,47.89,0.0,False,False,,,,0.0,0.0,0.0,41.98,43.36,5,-1.38,0.194,7646728,7676445,0,2.4,-0.63,42.0,-12.6,43.7,89.7,61.7,63.7,56.7,56.7,59.2,56.2,51.2,48.2,48.2,49.2,49.2,52.4,47.4,49.4,50.4,56.4,62.4,60.4,64.4,57.1,56.1,56.1,55.1,54.1,53.1,52.1,51.1,51.1,50.1,50.1,50.1,51.1,51.1,52.1,53.1
2026-03-16,232,4.25,65.8,34.2,Lean D,2.37,3.43,5.61,-1.44,5.69,52.13,47.87,0.0,False,False,,,,0.0,0.0,0.0,41.98,43.36,5,-1.38,0.194,7646728,7676445,0,2.44,-0.63,41.9,-12.8,43.7,89.7,61.7,63.7,56.7,56.7,59.2,56.2,51.2,48.2,48.2,49.2,49.2,52.5,47.5,49.5,50.5,56.5,62.5,60.5,64.5,57.1,56.1,56.1,55.1,54.1,53.1,52.1,51.1,51.1,50.1,50.1,50.1,51.1,51.1,52.1,53.1
2026-03-17,231,4.34,66.1,33.9,Lean D,2.39,3.52,5.71,-1.44,5.77,52.17,47.83,0.0,False,False,,,,0.0,0.0,0.0,41.98,43.36,5,-1.38,0.194,7646728,7676445,0,2.53,-0.63,41.9,-12.7,43.8,89.8,61.8,63.8,56.8,56.8,59.3,56.3,51.3,48.3,48.3,49.3,49.3,52.5,47.5,49.5,50.5,56.5,62.5,60.5,64.5,57.1,56.1,56.1,55.1,54.1,53.1,52.1,51.1,51.1,50.1,50.1,50.1,51.1,51.1,52.1,53.1
2026-03-18,230,4.35,66.1,33.9,Lean D,2.39,3.53,5.73,-1.44,5.78,52.17,47.83,0.0,False,False,,,,0.0,0.0,0.0,41.98,43.36,5,-1.38,0.194,7646728,7676445,0,2.54,-0.63,41.9,-12.7,43.8,89.8,61.8,63.8,56.8,56.8,59.3,56.3,51.3,48.3,48.3,49.3,49.3,52.5,47.5,49.5,50.5,56.5,62.5,60.5,64.5,57.1,56.1,56.1,55.1,54.1,53.1,52.1,51.1,51.1,50.1,50.1,50.1,51.1,51.1,52.1,53.1
2026-03-19,229,4.34,66.1,33.9,Lean D,2.39,3.52,5.71,-1.44,5.77,52.17,47.83,0.0,False,False,,,,0.0,0.0,0.0,41.98,43.36,5,-1.38,0.194,7646728,7676445,0,2.53,-0.63,41.9,-12.8,43.8,89.8,61.8,63.8,56.8,56.8,59.3,56.3,51.3,48.3,48.3,49.3,49.3,52.5,47.5,49.5,50.5,56.5,62.5,60.5,64.5,57.1,56.1,56.1,55.1,54.1,53.1,52.1,51.1,51.1,50.1,50.1,50.1,51.1,51.1,52.1,53.1
2026-03-20,228,4.34,66.1,33.9,Lean D,2.39,3.52,5.71,-1.44,5.77,52.17,47.83,0.0,False,False,,,,0.0,0.0,0.0,41.98,43.36,5,-1.38,0.194,7646728,7676445,0,2.53,-0.63,41.8,-13.0,43.8,89.8,61.8,63.8,56.8,56.8,59.3,56.3,51.3,48.3,48.3,49.3,49.3,52.5,47.5,49.5,50.5,56.5,62.5,60.5,64.5,57.1,56.1,56.1,55.1,54.1,53.1,52.1,51.1,51.1,50.1,50.1,50.1,51.1,51.1,52.1,53.1
2026-03-21,227,4.35,66.1,33.9,Lean D,2.39,3.53,5.73,-1.44,5.78,52.17,47.83,0.0,False,False,,,,0.0,0.0,0.0,41.98,43.36,5,-1.38,0.194,7646728,7676445,0,2.54,-0.63,41.8,-13.0,43.8,89.8,61.8,63.8,56.8,56.8,59.3,56.3,51.3,48.3,48.3,49.3,49.3,52.5,47.5,49.5,50.5,56.5,62.5,60.5,64.5,57.1,56.1,56.1,55.1,54.1,53.1,52.1,51.1,51.1,50.1,50.1,50.1,51.1,51.1,52.1,53.1
2026-03-22,226,4.36,66.2,33.8,Lean D,2.39,3.54,5.74,-1.44,5.79,52.18,47.82,0.0,False,False,,,,0.0,0.0,0.0,41.98,43.36,5,-1.38,0.194,7646728,7676445,0,2.55,-0.63,41.8,-12.9,43.8,89.8,61.8,63.8,56.8,56.8,59.3,56.3,51.3,48.3,48.3,49.3,49.3,52.5,47.5,49.5,50.5,56.5,62.5,60.5,64.5,57.2,56.2,56.2,55.2,54.2,53.2,52.2,51.2,51.2,50.2,50.2,50.2,51.2,51.2,52.2,53.2
2026-03-23,225,4.41,66.4,33.6,Lean D,2.4,3.6,5.81,-1.44,5.85,52.21,47.79,0.0,False,False,,,,0.0,0.0,0.0,41.98,43.36,5,-1.38,0.194,7646728,7676445,0,2.61,-0.63,41.6,-13.4,43.8,89.8,61.8,63.8,56.8,56.8,59.3,56.3,51.3,48.3,48.3,49.3,49.3,52.5,47.5,49.5,50.5,56.5,62.5,60.5,64.5,57.2,56.2,56.2,55.2,54.2,53.2,52.2,51.2,51.2,50.2,50.2,50.2,51.2,51.2,52.2,53.2
2026-03-24,224,4.58,66.9,33.1,Lean D,2.61,3.6,6.02,-1.44,6.02,52.29,47.71,0.0,False,False,,,,0.0,0.0,0.0,41.98,43.36,5,-1.38,0.194,7646728,7676445,0,2.61,-0.63,41.6,-13.3,43.9,89.9,61.9,63.9,56.9,56.9,59.4,56.4,51.4,48.4,48.4,49.4,49.4,52.6,47.6,49.6,50.6,56.6,62.6,60.6,64.6,57.3,56.3,56.3,55.3,54.3,53.3,52.3,51.3,51.3,50.3,50.3,50.3,51.3,51.3,52.3,53.3
2026-03-25,223,4.59,67.0,33.0,Lean D,2.61,3.61,6.03,-1.44,6.03,52.29,47.71,0.0,False,False,,,,0.0,0.0,0.0,41.98,43.36,5,-1.38,0.194,7646728,7676445,0,2.62,-0.63,41.6,-13.4,43.9,89.9,61.9,63.9,56.9,56.9,59.4,56.4,51.4,48.4,48.4,49.4,49.4,52.6,47.6,49.6,50.6,56.6,62.6,60.6,64.6,57.3,56.3,56.3,55.3,54.3,53.3,52.3,51.3,51.3,50.3,50.3,50.3,51.3,51.3,52.3,53.3
2026-03-26,222,4.58,66.9,33.1,Lean D,2.61,3.6,6.02,-1.44,6.02,52.29,47.71,0.0,False,False,,,,0.0,0.0,0.0,41.98,43.36,5,-1.38,0.194,7646728,7676445,0,2.61,-0.63,41.6,-13.3,43.9,89.9,61.9,63.9,56.9,56.9,59.4,56.4,51.4,48.4,48.4,49.4,49.4,52.6,47.6,49.6,50.6,56.6,62.6,60.6,64.6,57.3,56.3,56.3,55.3,54.3,53.3,52.3,51.3,51.3,50.3,50.3,50.3,51.3,51.3,52.3,53.3
2026-03-27,221,4.59,67.0,33.0,Lean D,2.61,3.61,6.03,-1.44,6.03,52.29,47.71,0.0,False,False,,,,0.0,0.0,0.0,41.98,43.36,5,-1.38,0.194,7646728,7676445,0,2.62,-0.63,41.6,-13.3,43.9,89.9,61.9,63.9,56.9,56.9,59.4,56.4,51.4,48.4,48.4,49.4,49.4,52.6,47.6,49.6,50.6,56.6,62.6,60.6,64.6,57.3,56.3,56.3,55.3,54.3,53.3,52.3,51.3,51.3,50.3,50.3,50.3,51.3,51.3,52.3,53.3
2026-03-28,220,4.59,67.0,33.0,Lean D,2.61,3.61,6.03,-1.44,6.03,52.29,47.71,0.0,False,False,,,,0.0,0.0,0.0,41.98,43.36,5,-1.38,0.194,7646728,7676445,0,2.62,-0.63,41.6,-13.3,43.9,89.9,61.9,63.9,56.9,56.9,59.4,56.4,51.4,48.4,48.4,49.4,49.4,52.6,47.6,49.6,50.6,56.6,62.6,60.6,64.6,57.3,56.3,56.3,55.3,54.3,53.3,52.3,51.3,51.3,50.3,50.3,50.3,51.3,51.3,52.3,53.3
2026-03-29,219,4.55,66.8,33.2,Lean D,2.56,3.61,5.98,-1.44,5.99,52.27,47.73,0.0,False,False,,,,0.0,0.0,0.0,41.98,43.36,5,-1.38,0.194,7646728,7676445,0,2.62,-0.63,41.6,-13.2,43.9,89.9,61.9,63.9,56.9,56.9,59.4,56.4,51.4,48.4,48.4,49.4,49.4,52.6,47.6,49.6,50.6,56.6,62.6,60.6,64.6,57.2,56.2,56.2,55.2,54.2,53.2,52.2,51.2,51.2,50.2,50.2,50.2,51.2,51.2,52.2,53.2
2026-03-30,218,4.58,67.0,33.0,Lean D,2.57,3.65,6.02,-1.44,6.02,52.29,47.71,0.0,False,False,,,,0.0,0.0,0.0,41.98,43.36,5,-1.38,0.194,7646728,7676445,0,2.66,-0.63,41.5,-13.6,43.9,89.9,61.9,63.9,56.9,56.9,59.4,56.4,51.4,48.4,48.4,49.4,49.4,52.6,47.6,49.6,50.6,56.6,62.6,60.6,64.6,57.3,56.3,56.3,55.3,54.3,53.3,52.3,51.3,51.3,50.3,50.3,50.3,51.3,51.3,52.3,53.3
2026-03-31,217,4.59,67.0,33.0,Lean D,2.57,3.66,6.04,-1.44,6.03,52.3,47.7,0.0,False,False,,,,0.0,0.0,0.0,41.98,43.36,5,-1.38,0.194,7646728,7676445,0,2.67,-0.63,41.5,-13.6,43.9,89.9,61.9,63.9,56.9,56.9,59.4,56.4,51.4,48.4,48.4,49.4,49.4,52.6,47.6,49.6,50.6,56.6,62.6,60.6,64.6,57.3,56.3,56.3,55.3,54.3,53.3,52.3,51.3,51.3,50.3,50.3,50.3,51.3,51.3,52.3,53.3
2026-04-01,216,4.61,67.1,32.9,Lean D,2.57,3.68,6.06,-1.44,6.05,52.31,47.69,0.0,False,False,,,,0.0,0.0,0.0,41.98,43.36,5,-1.38,0.194,7646728,7676445,0,2.69,-0.63,41.5,-13.6,43.9,89.9,61.9,63.9,56.9,56.9,59.4,56.4,51.4,48.4,48.4,49.4,49.4,52.6,47.6,49.6,50.6,56.6,62.6,60.6,64.6,57.3,56.3,56.3,55.3,54.3,53.3,52.3,51.3,51.3,50.3,50.3,50.3,51.3,51.3,52.3,53.3
2026-04-02,215,4.62,67.1,32.9,Lean D,2.58,3.69,6.07,-1.44,6.06,52.31,47.69,0.0,False,False,,,,0.0,0.0,0.0,41.98,43.36,5,-1.38,0.194,7646728,7676445,0,2.7,-0.63,41.5,-13.6,43.9,89.9,61.9,63.9,56.9,56.9,59.4,56.4,51.4,48.4,48.4,49.4,49.4,52.6,47.6,49.6,50.6,56.6,62.6,60.6,64.6,57.3,56.3,56.3,55.3,54.3,53.3,52.3,51.3,51.3,50.3,50.3,50.3,51.3,51.3,52.3,53.3
2026-04-03,214,4.63,67.1,32.9,Lean D,2.58,3.7,6.08,-1.44,6.07,52.32,47.68,0.0,False,False,,,,0.0,0.0,0.0,41.98,43.36,5,-1.38,0.194,7646728,7676445,0,2.71,-0.63,41.4,-13.6,43.9,89.9,61.9,63.9,56.9,56.9,59.4,56.4,51.4,48.4,48.4,49.4,49.4,52.6,47.6,49.6,50.6,56.6,62.6,60.6,64.6,57.3,56.3,56.3,55.3,54.3,53.3,52.3,51.3,51.3,50.3,50.3,50.3,51.3,51.3,52.3,53.3
2026-04-04,213,4.63,67.1,32.9,Lean D,2.58,3.7,6.08,-1.44,6.07,52.32,47.68,0.0,False,False,,,,0.0,0.0,0.0,41.98,43.36,5,-1.38,0.194,7646728,7676445,0,2.71,-0.63,41.4,-13.6,43.9,89.9,61.9,63.9,56.9,56.9,59.4,56.4,51.4,48.4,48.4,49.4,49.4,52.6,47.6,49.6,50.6,56.6,62.6,60.6,64.6,57.3,56.3,56.3,55.3,54.3,53.3,52.3,51.3,51.3,50.3,50.3,50.3,51.3,51.3,52.3,53.3
2026-04-05,212,4.63,67.1,32.9,Lean D,2.58,3.7,6.08,-1.44,6.07,52.32,47.68,0.0,False,False,,,,0.0,0.0,0.0,41.98,43.36,5,-1.38,0.194,7646728,7676445,0,2.71,-0.63,41.5,-13.4,43.9,89.9,61.9,63.9,56.9,56.9,59.4,56.4,51.4,48.4,48.4,49.4,49.4,52.6,47.6,49.6,50.6,56.6,62.6,60.6,64.6,57.3,56.3,56.3,55.3,54.3,53.3,52.3,51.3,51.3,50.3,50.3,50.3,51.3,51.3,52.3,53.3
2026-04-06,211,4.61,67.0,33.0,Lean D,2.57,3.67,6.05,-1.44,6.04,52.3,47.7,0.0,False,False,,,,0.0,0.0,0.0,41.98,43.36,5,-1.38,0.194,7646728,7676445,0,2.68,-0.63,41.5,-13.4,43.9,89.9,61.9,63.9,56.9,56.9,59.4,56.4,51.4,48.4,48.4,49.4,49.4,52.6,47.6,49.6,50.6,56.6,62.6,60.6,64.6,57.3,56.3,56.3,55.3,54.3,53.3,52.3,51.3,51.3,50.3,50.3,50.3,51.3,51.3,52.3,53.3
2026-04-07,210,4.61,67.0,33.0,Lean D,2.57,3.67,6.05,-1.44,6.04,52.3,47.7,0.0,False,False,,,,0.0,0.0,0.0,41.98,43.36,5,-1.38,0.194,7646728,7676445,0,2.68,-0.63,41.4,-13.5,43.9,89.9,61.9,63.9,56.9,56.9,59.4,56.4,51.4,48.4,48.4,49.4,49.4,52.6,47.6,49.6,50.6,56.6,62.6,60.6,64.6,57.3,56.3,56.3,55.3,54.3,53.3,52.3,51.3,51.3,50.3,50.3,50.3,51.3,51.3,52.3,53.3
2026-04-08,209,4.61,67.1,32.9,Lean D,2.57,3.68,6.06,-1.44,6.05,52.31,47.69,0.0,False,False,,,,0.0,0.0,0.0,41.98,43.36,5,-1.38,0.194,7646728,7676445,0,2.69,-0.63,41.4,-13.5,43.9,89.9,61.9,63.9,56.9,56.9,59.4,56.4,51.4,48.4,48.4,49.4,49.4,52.6,47.6,49.6,50.6,56.6,62.6,60.6,64.6,57.3,56.3,56.3,55.3,54.3,53.3,52.3,51.3,51.3,50.3,50.3,50.3,51.3,51.3,52.3,53.3
2026-04-09,208,4.64,67.2,32.8,Lean D,2.58,3.71,6.1,-1.44,6.08,52.32,47.68,0.0,False,False,,,,0.0,0.0,0.0,41.98,43.36,5,-1.38,0.194,7646728,7676445,0,2.72,-0.63,41.5,-13.4,43.9,89.9,61.9,63.9,56.9,56.9,59.4,56.4,51.4,48.4,48.4,49.4,49.4,52.6,47.6,49.6,50.6,56.6,62.6,60.6,64.6,57.3,56.3,56.3,55.3,54.3,53.3,52.3,51.3,51.3,50.3,50.3,50.3,51.3,51.3,52.3,53.3
2026-04-10,207,4.64,67.2,32.8,Lean D,2.58,3.71,6.1,-1.44,6.08,52.32,47.68,0.0,False,False,,,,0.0,0.0,0.0,41.98,43.36,5,-1.38,0.194,7646728,7676445,0,2.72,-0.63,41.4,-13.6,43.9,89.9,61.9,63.9,56.9,56.9,59.4,56.4,51.4,48.4,48.4,49.4,49.4,52.6,47.6,49.6,50.6,56.6,62.6,60.6,64.6,57.3,56.3,56.3,55.3,54.3,53.3,52.3,51.3,51.3,50.3,50.3,50.3,51.3,51.3,52.3,53.3
2026-04-11,206,4.65,67.2,32.8,Lean D,2.58,3.72,6.11,-1.44,6.09,52.33,47.67,0.0,False,False,,,,0.0,0.0,0.0,41.98,43.36,5,-1.38,0.194,7646728,7676445,0,2.73,-0.63,41.4,-13.6,43.9,89.9,61.9,63.9,56.9,56.9,59.4,56.4,51.4,48.4,48.4,49.4,49.4,52.7,47.7,49.7,50.7,56.7,62.7,60.7,64.7,57.3,56.3,56.3,55.3,54.3,53.3,52.3,51.3,51.3,50.3,50.3,50.3,51.3,51.3,52.3,53.3
2026-04-12,205,4.63,67.1,32.9,Lean D,2.58,3.7,6.08,-1.44,6.07,52.32,47.68,0.0,False,False,,,,0.0,0.0,0.0,41.98,43.36,5,-1.38,0.194,7646728,7676445,0,2.71,-0.63,41.5,-13.5,43.9,89.9,61.9,63.9,56.9,56.9,59.4,56.4,51.4,48.4,48.4,49.4,49.4,52.6,47.6,49.6,50.6,56.6,62.6,60.6,64.6,57.3,56.3,56.3,55.3,54.3,53.3,52.3,51.3,51.3,50.3,50.3,50.3,51.3,51.3,52.3,53.3
2026-04-13,204,4.66,67.2,32.8,Lean D,2.58,3.73,6.12,-1.44,6.1,52.33,47.67,0.0,False,False,,,,0.0,0.0,0.0,41.98,43.36,5,-1.38,0.194,7646728,7676445,0,2.74,-0.63,41.3,-13.7,43.9,89.9,61.9,63.9,56.9,56.9,59.4,56.4,51.4,48.4,48.4,49.4,49.4,52.7,47.7,49.7,50.7,56.7,62.7,60.7,64.7,57.3,56.3,56.3,55.3,54.3,53.3,52.3,51.3,51.3,50.3,50.3,50.3,51.3,51.3,52.3,53.3
2026-04-14,203,4.69,67.3,32.7,Lean D,2.59,3.76,6.15,-1.44,6.13,52.34,47.66,0.0,False,False,,,,0.0,0.0,0.0,41.98,43.36,5,-1.38,0.194,7646728,7676445,0,2.77,-0.63,41.3,-13.8,44.0,90.0,62.0,64.0,57.0,57.0,59.4,56.4,51.4,48.4,48.4,49.4,49.4,52.7,47.7,49.7,50.7,56.7,62.7,60.7,64.7,57.3,56.3,56.3,55.3,54.3,53.3,52.3,51.3,51.3,50.3,50.3,50.3,51.3,51.3,52.3,53.3
2026-04-15,202,4.7,67.4,32.6,Lean D,2.59,3.77,6.17,-1.44,6.14,52.35,47.65,0.0,False,False,,,,0.0,0.0,0.0,41.98,43.36,5,-1.38,0.194,7646728,7676445,0,2.78,-0.63,41.3,-13.8,44.0,90.0,62.0,64.0,57.0,57.0,59.4,56.4,51.4,48.4,48.4,49.4,49.4,52.7,47.7,49.7,50.7,56.7,62.7,60.7,64.7,57.3,56.3,56.3,55.3,54.3,53.3,52.3,51.3,51.3,50.3,50.3,50.3,51.3,51.3,52.3,53.3
2026-04-16,201,4.72,67.4,32.6,Lean D,2.59,3.79,6.19,-1.44,6.16,52.36,47.64,0.0,False,False,,,,0.0,0.0,0.0,41.98,43.36,5,-1.38,0.194,7646728,7676445,0,2.8,-0.63,41.3,-13.9,44.0,90.0,62.0,64.0,57.0,57.0,59.5,56.5,51.5,48.5,48.5,49.5,49.5,52.7,47.7,49.7,50.7,56.7,62.7,60.7,64.7,57.3,56.3,56.3,55.3,54.3,53.3,52.3,51.3,51.3,50.3,50.3,50.3,51.3,51.3,52.3,53.3
2026-04-17,200,4.72,67.4,32.6,Lean D,2.59,3.79,6.19,-1.44,6.16,52.36,47.64,0.0,False,False,,,,0.0,0.0,0.0,41.98,43.36,5,-1.38,0.194,7646728,7676445,0,2.8,-0.63,41.3,-13.9,44.0,90.0,62.0,64.0,57.0,57.0,59.5,56.5,51.5,48.5,48.5,49.5,49.5,52.7,47.7,49.7,50.7,56.7,62.7,60.7,64.7,57.3,56.3,56.3,55.3,54.3,53.3,52.3,51.3,51.3,50.3,50.3,50.3,51.3,51.3,52.3,53.3
2026-04-18,199,4.72,67.4,32.6,Lean D,2.59,3.79,6.19,-1.44,6.16,52.36,47.64,0.0,False,False,,,,0.0,0.0,0.0,41.98,43.36,5,-1.38,0.194,7646728,7676445,0,2.8,-0.63,41.3,-13.9,44.0,90.0,62.0,64.0,57.0,57.0,59.5,56.5,51.5,48.5,48.5,49.5,49.5,52.7,47.7,49.7,50.7,56.7,62.7,60.7,64.7,57.3,56.3,56.3,55.3,54.3,53.3,52.3,51.3,51.3,50.3,50.3,50.3,51.3,51.3,52.3,53.3
2026-04-19,198,4.74,67.5,32.5,Lean D,2.6,3.81,6.21,-1.44,6.18,52.37,47.63,0.0,False,False,,,,0.0,0.0,0.0,41.98,43.36,5,-1.38,0.194,7646728,7676445,0,2.82,-0.63,41.2,-14.0,44.0,90.0,62.0,64.0,57.0,57.0,59.5,56.5,51.5,48.5,48.5,49.5,49.5,52.7,47.7,49.7,50.7,56.7,62.7,60.7,64.7,57.3,56.3,56.3,55.3,54.3,53.3,52.3,51.3,51.3,50.3,50.3,50.3,51.3,51.3,52.3,53.3
2026-04-20,197,4.74,67.5,32.5,Lean D,2.6,3.81,6.21,-1.44,6.18,52.37,47.63,0.0,False,False,,,,0.0,0.0,0.0,41.98,43.36,5,-1.38,0.194,7646728,7676445,0,2.82,-0.63,40.9,-14.6,44.0,90.0,62.0,64.0,57.0,57.0,59.5,56.5,51.5,48.5,48.5,49.5,49.5,52.7,47.7,49.7,50.7,56.7,62.7,60.7,64.7,57.3,56.3,56.3,55.3,54.3,53.3,52.3,51.3,51.3,50.3,50.3,50.3,51.3,51.3,52.3,53.3
2026-04-21,196,4.74,67.5,32.5,Lean D,2.6,3.81,6.21,-1.44,6.18,52.37,47.63,0.0,False,False,,,,0.0,0.0,0.0,41.98,43.36,5,-1.38,0.194,7646728,7676445,0,2.82,-0.63,40.9,-14.6,44.0,90.0,62.0,64.0,57.0,57.0,59.5,56.5,51.5,48.5,48.5,49.5,49.5,52.7,47.7,49.7,50.7,56.7,62.7,60.7,64.7,57.3,56.3,56.3,55.3,54.3,53.3,52.3,51.3,51.3,50.3,50.3,50.3,51.3,51.3,52.3,53.3
2026-04-22,195,4.75,67.6,32.4,Lean D,2.6,3.82,6.23,-1.44,6.19,52.37,47.63,0.0,False,False,,,,0.0,0.0,0.0,41.98,43.36,5,-1.38,0.194,7646728,7676445,0,2.83,-0.63,40.9,-14.6,44.0,90.0,62.0,64.0,57.0,57.0,59.5,56.5,51.5,48.5,48.5,49.5,49.5,52.7,47.7,49.7,50.7,56.7,62.7,60.7,64.7,57.3,56.3,56.3,55.3,54.3,53.3,52.3,51.3,51.3,50.3,50.3,50.3,51.3,51.3,52.3,53.3
2026-04-23,194,4.76,67.6,32.4,Lean D,2.6,3.83,6.24,-1.44,6.2,52.38,47.62,0.0,False,False,,,,0.0,0.0,0.0,41.98,43.36,5,-1.38,0.194,7646728,7676445,0,2.84,-0.63,40.9,-14.7,44.0,90.0,62.0,64.0,57.0,57.0,59.5,56.5,51.5,48.5,48.5,49.5,49.5,52.7,47.7,49.7,50.7,56.7,62.7,60.7,64.7,57.4,56.4,56.4,55.4,54.4,53.4,52.4,51.4,51.4,50.4,50.4,50.4,51.4,51.4,52.4,53.4
2026-04-24,193,4.77,67.6,32.4,Lean D,2.6,3.84,6.25,-1.44,6.21,52.38,47.62,0.0,False,False,,,,0.0,0.0,0.0,41.98,43.36,5,-1.38,0.194,7646728,7676445,0,2.85,-0.63,41.0,-14.6,44.0,90.0,62.0,64.0,57.0,57.0,59.5,56.5,51.5,48.5,48.5,49.5,49.5,52.7,47.7,49.7,50.7,56.7,62.7,60.7,64.7,57.4,56.4,56.4,55.4,54.4,53.4,52.4,51.4,51.4,50.4,50.4,50.4,51.4,51.4,52.4,53.4
2026-04-25,192,4.77,67.6,32.4,Lean D,2.6,3.84,6.25,-1.44,6.21,52.38,47.62,0.0,False,False,,,,0.0,0.0,0.0,41.98,43.36,5,-1.38,0.194,7646728,7676445,0,2.85,-0.63,41.0,-14.6,44.0,90.0,62.0,64.0,57.0,57.0,59.5,56.5,51.5,48.5,48.5,49.5,49.5,52.7,47.7,49.7,50.7,56.7,62.7,60.7,64.7,57.4,56.4,56.4,55.4,54.4,53.4,52.4,51.4,51.4,50.4,50.4,50.4,51.4,51.4,52.4,53.4
2026-04-26,191,4.8,67.8,32.2,Lean D,2.61,3.88,6.3,-1.44,6.24,52.4,47.6,0.0,False,False,,,,0.0,0.0,0.0,41.98,43.36,5,-1.38,0.194,7646728,7676445,0,2.89,-0.63,40.8,-15.0,44.0,90.0,62.0,64.0,57.0,57.0,59.5,56.5,51.5,48.5,48.5,49.5,49.5,52.7,47.7,49.7,50.7,56.7,62.7,60.7,64.7,57.4,56.4,56.4,55.4,54.4,53.4,52.4,51.4,51.4,50.4,50.4,50.4,51.4,51.4,52.4,53.4
2026-04-27,190,4.79,67.7,32.3,Lean D,2.61,3.86,6.27,-1.44,6.23,52.39,47.61,0.0,False,False,,,,0.0,0.0,0.0,41.98,43.36,5,-1.38,0.194,7646728,7676445,0,2.87,-0.63,40.8,-15.1,44.0,90.0,62.0,64.0,57.0,57.0,59.5,56.5,51.5,48.5,48.5,49.5,49.5,52.7,47.7,49.7,50.7,56.7,62.7,60.7,64.7,57.4,56.4,56.4,55.4,54.4,53.4,52.4,51.4,51.4,50.4,50.4,50.4,51.4,51.4,52.4,53.4
2026-04-28,189,4.79,67.7,32.3,Lean D,2.61,3.87,6.28,-1.44,6.23,52.4,47.6,0.0,False,False,,,,0.0,0.0,0.0,41.98,43.36,5,-1.38,0.194,7646728,7676445,0,2.88,-0.63,40.7,-15.2,44.0,90.0,62.0,64.0,57.0,57.0,59.5,56.5,51.5,48.5,48.5,49.5,49.5,52.7,47.7,49.7,50.7,56.7,62.7,60.7,64.7,57.4,56.4,56.4,55.4,54.4,53.4,52.4,51.4,51.4,50.4,50.4,50.4,51.4,51.4,52.4,53.4
2026-04-29,188,4.79,67.7,32.3,Lean D,2.61,3.87,6.28,-1.44,6.23,52.4,47.6,0.0,False,False,,,,0.0,0.0,0.0,41.98,43.36,5,-1.38,0.194,7646728,7676445,0,2.88,-0.63,40.7,-15.2,44.0,90.0,62.0,64.0,57.0,57.0,59.5,56.5,51.5,48.5,48.5,49.5,49.5,52.7,47.7,49.7,50.7,56.7,62.7,60.7,64.7,57.4,56.4,56.4,55.4,54.4,53.4,52.4,51.4,51.4,50.4,50.4,50.4,51.4,51.4,52.4,53.4
2026-04-30,187,4.88,68.0,32.0,Lean D,2.63,3.96,6.39,-1.44,6.32,52.44,47.56,0.0,False,False,,,,0.0,0.0,0.0,41.98,43.36,5,-1.38,0.194,7646728,7676445,0,2.97,-0.63,40.7,-15.3,44.1,90.1,62.1,64.1,57.1,57.1,59.5,56.5,51.5,48.5,48.5,49.5,49.5,52.8,47.8,49.8,50.8,56.8,62.8,60.8,64.8,57.4,56.4,56.4,55.4,54.4,53.4,52.4,51.4,51.4,50.4,50.4,50.4,51.4,51.4,52.4,53.4
2026-05-01,186,4.7,67.4,32.6,Lean D,2.72,4.36,6.89,-1.44,6.14,52.35,47.65,0.0,False,False,,,,0.0,0.0,0.0,40.64,44.18,6,-3.54,0.21,7646728,7676445,0,3.37,-0.63,40.7,-15.3,44.0,90.0,62.0,64.0,57.0,57.0,59.4,56.4,51.4,48.4,48.4,49.4,49.4,52.7,47.7,49.7,50.7,56.7,62.7,60.7,64.7,57.3,56.3,56.3,55.3,54.3,53.3,52.3,51.3,51.3,50.3,50.3,50.3,51.3,51.3,52.3,53.3
2026-05-02,185,4.71,67.4,32.6,Lean D,2.73,4.37,6.9,-1.44,6.15,52.35,47.65,0.0,False,False,,,,0.0,0.0,0.0,40.64,44.18,6,-3.54,0.21,7646728,7676445,0,3.38,-0.63,40.7,-15.3,44.0,90.0,62.0,64.0,57.0,57.0,59.4,56.4,51.4,48.4,48.4,49.4,49.4,52.7,47.7,49.7,50.7,56.7,62.7,60.7,64.7,57.3,56.3,56.3,55.3,54.3,53.3,52.3,51.3,51.3,50.3,50.3,50.3,51.3,51.3,52.3,53.3
2026-05-03,184,4.71,67.4,32.6,Lean D,2.73,4.37,6.9,-1.44,6.15,52.35,47.65,0.0,False,False,,,,0.0,0.0,0.0,40.64,44.18,6,-3.54,0.21,7646728,7676445,0,3.38,-0.63,40.8,-15.1,44.0,90.0,62.0,64.0,57.0,57.0,59.4,56.4,51.4,48.4,48.4,49.4,49.4,52.7,47.7,49.7,50.7,56.7,62.7,60.7,64.7,57.3,56.3,56.3,55.3,54.3,53.3,52.3,51.3,51.3,50.3,50.3,50.3,51.3,51.3,52.3,53.3
2026-05-04,183,4.7,67.4,32.6,Lean D,2.72,4.36,6.89,-1.44,6.14,52.35,47.65,0.0,False,False,,,,0.0,0.0,0.0,40.64,44.18,6,-3.54,0.21,7646728,7676445,0,3.37,-0.63,40.6,-15.5,44.0,90.0,62.0,64.0,57.0,57.0,59.4,56.4,51.4,48.4,48.4,49.4,49.4,52.7,47.7,49.7,50.7,56.7,62.7,60.7,64.7,57.3,56.3,56.3,55.3,54.3,53.3,52.3,51.3,51.3,50.3,50.3,50.3,51.3,51.3,52.3,53.3
2026-05-05,182,4.7,67.4,32.6,Lean D,2.72,4.36,6.89,-1.44,6.14,52.35,47.65,0.0,False,False,,,,0.0,0.0,0.0,40.64,44.18,6,-3.54,0.21,7646728,7676445,0,3.37,-0.63,40.6,-15.4,44.0,90.0,62.0,64.0,57.0,57.0,59.4,56.4,51.4,48.4,48.4,49.4,49.4,52.7,47.7,49.7,50.7,56.7,62.7,60.7,64.7,57.3,56.3,56.3,55.3,54.3,53.3,52.3,51.3,51.3,50.3,50.3,50.3,51.3,51.3,52.3,53.3
2026-05-06,181,4.72,67.5,32.5,Lean D,2.73,4.38,6.91,-1.44,6.16,52.36,47.64,0.0,False,False,,,,0.0,0.0,0.0,40.64,44.18,6,-3.54,0.21,7646728,7676445,0,3.39,-0.63,40.6,-15.4,44.0,90.0,62.0,64.0,57.0,57.0,59.5,56.5,51.5,48.5,48.5,49.5,49.5,52.7,47.7,49.7,50.7,56.7,62.7,60.7,64.7,57.3,56.3,56.3,55.3,54.3,53.3,52.3,51.3,51.3,50.3,50.3,50.3,51.3,51.3,52.3,53.3
2026-05-07,180,5.1,68.8,31.2,Lean D,2.93,4.54,7.28,-1.44,6.54,52.55,47.45,0.0,False,False,,,,0.0,0.0,0.0,40.79,43.28,7,-2.49,0.223,7646728,7676445,0,3.55,-0.63,40.6,-15.5,44.2,90.2,62.2,64.2,57.2,57.2,59.6,56.6,51.6,48.6,48.6,49.6,49.6,52.9,47.9,49.9,50.9,56.9,62.9,60.9,64.9,57.5,56.5,56.5,55.5,54.5,53.5,52.5,51.5,51.5,50.5,50.5,50.5,51.5,51.5,52.5,53.5
2026-05-08,179,5.1,68.8,31.2,Lean D,2.93,4.54,7.28,-1.44,6.54,52.55,47.45,0.0,False,False,,,,0.0,0.0,0.0,40.79,43.28,7,-2.49,0.223,7646728,7676445,0,3.55,-0.63,40.6,-15.5,44.2,90.2,62.2,64.2,57.2,57.2,59.6,56.6,51.6,48.6,48.6,49.6,49.6,52.9,47.9,49.9,50.9,56.9,62.9,60.9,64.9,57.5,56.5,56.5,55.5,54.5,53.5,52.5,51.5,51.5,50.5,50.5,50.5,51.5,51.5,52.5,53.5
2026-05-09,178,5.11,68.8,31.2,Lean D,2.94,4.55,7.29,-1.44,6.55,52.56,47.44,0.0,False,False,,,,0.0,0.0,0.0,40.79,43.28,7,-2.49,0.223,7646728,7676445,0,3.56,-0.63,40.6,-15.5,44.2,90.2,62.2,64.2,57.2,57.2,59.7,56.7,51.7,48.7,48.7,49.7,49.7,52.9,47.9,49.9,50.9,56.9,62.9,60.9,64.9,57.5,56.5,56.5,55.5,54.5,53.5,52.5,51.5,51.5,50.5,50.5,50.5,51.5,51.5,52.5,53.5
2026-05-10,177,5.1,68.8,31.2,Lean D,2.93,4.53,7.27,-1.44,6.54,52.55,47.45,0.0,False,False,,,,0.0,0.0,0.0,40.79,43.28,7,-2.49,0.223,7646728,7676445,0,3.54,-0.63,40.7,-15.5,44.2,90.2,62.2,64.2,57.2,57.2,59.6,56.6,51.6,48.6,48.6,49.6,49.6,52.9,47.9,49.9,50.9,56.9,62.9,60.9,64.9,57.5,56.5,56.5,55.5,54.5,53.5,52.5,51.5,51.5,50.5,50.5,50.5,51.5,51.5,52.5,53.5
2026-05-11,176,5.1,68.8,31.2,Lean D,2.93,4.53,7.27,-1.44,6.54,52.55,47.45,0.0,False,False,,,,0.0,0.0,0.0,40.79,43.28,7,-2.49,0.223,7646728,7676445,0,3.54,-0.63,40.6,-15.7,44.2,90.2,62.2,64.2,57.2,57.2,59.6,56.6,51.6,48.6,48.6,49.6,49.6,52.9,47.9,49.9,50.9,56.9,62.9,60.9,64.9,57.5,56.5,56.5,55.5,54.5,53.5,52.5,51.5,51.5,50.5,50.5,50.5,51.5,51.5,52.5,53.5
2026-05-12,175,5.1,68.8,31.2,Lean D,2.93,4.53,7.27,-1.44,6.54,52.55,47.45,0.0,False,False,,,,0.0,0.0,0.0,40.79,43.28,7,-2.49,0.223,7646728,7676445,0,3.54,-0.63,40.6,-15.7,44.2,90.2,62.2,64.2,57.2,57.2,59.6,56.6,51.6,48.6,48.6,49.6,49.6,52.9,47.9,49.9,50.9,56.9,62.9,60.9,64.9,57.5,56.5,56.5,55.5,54.5,53.5,52.5,51.5,51.5,50.5,50.5,50.5,51.5,51.5,52.5,53.5
2026-05-13,174,5.1,68.8,31.2,Lean D,2.93,4.54,7.28,-1.44,6.54,52.55,47.45,0.0,False,False,,,,0.0,0.0,0.0,40.79,43.28,7,-2.49,0.223,7646728,7676445,0,3.55,-0.63,40.6,-15.7,44.2,90.2,62.2,64.2,57.2,57.2,59.6,56.6,51.6,48.6,48.6,49.6,49.6,52.9,47.9,49.9,50.9,56.9,62.9,60.9,64.9,57.5,56.5,56.5,55.5,54.5,53.5,52.5,51.5,51.5,50.5,50.5,50.5,51.5,51.5,52.5,53.5
2026-05-14,173,5.1,68.8,31.2,Lean D,2.93,4.54,7.28,-1.44,6.54,52.55,47.45,0.0,False,False,,,,0.0,0.0,0.0,40.79,43.28,7,-2.49,0.223,7646728,7676445,0,3.55,-0.63,40.6,-15.7,44.2,90.2,62.2,64.2,57.2,57.2,59.6,56.6,51.6,48.6,48.6,49.6,49.6,52.9,47.9,49.9,50.9,56.9,62.9,60.9,64.9,57.5,56.5,56.5,55.5,54.5,53.5,52.5,51.5,51.5,50.5,50.5,50.5,51.5,51.5,52.5,53.5
2026-05-15,172,5.23,69.2,30.8,Lean D,2.96,4.68,7.44,-1.44,6.67,52.62,47.38,0.0,False,False,,,,0.0,0.0,0.0,40.79,43.28,7,-2.49,0.223,7646728,7676445,0,3.69,-0.63,40.4,-16.0,44.2,90.2,62.2,64.2,57.2,57.2,59.7,56.7,51.7,48.7,48.7,49.7,49.7,52.9,47.9,49.9,50.9,56.9,62.9,60.9,64.9,57.6,56.6,56.6,55.6,54.6,53.6,52.6,51.6,51.6,50.6,50.6,50.6,51.6,51.6,52.6,53.6
2026-05-16,171,5.23,69.2,30.8,Lean D,2.96,4.68,7.44,-1.44,6.67,52.62,47.38,0.0,False,False,,,,0.0,0.0,0.0,40.79,43.28,7,-2.49,0.223,7646728,7676445,0,3.69,-0.63,40.4,-16.0,44.2,90.2,62.2,64.2,57.2,57.2,59.7,56.7,51.7,48.7,48.7,49.7,49.7,52.9,47.9,49.9,50.9,56.9,62.9,60.9,64.9,57.6,56.6,56.6,55.6,54.6,53.6,52.6,51.6,51.6,50.6,50.6,50.6,51.6,51.6,52.6,53.6
2026-05-17,170,5.2,69.1,30.9,Lean D,2.95,4.65,7.41,-1.44,6.64,52.6,47.4,0.0,False,False,,,,0.0,0.0,0.0,40.79,43.28,7,-2.49,0.223,7646728,7676445,0,3.66,-0.63,40.4,-16.0,44.2,90.2,62.2,64.2,57.2,57.2,59.7,56.7,51.7,48.7,48.7,49.7,49.7,52.9,47.9,49.9,50.9,56.9,62.9,60.9,64.9,57.6,56.6,56.6,55.6,54.6,53.6,52.6,51.6,51.6,50.6,50.6,50.6,51.6,51.6,52.6,53.6
2026-05-18,169,5.3,69.5,30.5,Lean D,2.97,4.75,7.53,-1.44,6.74,52.65,47.35,0.0,False,False,,,,0.0,0.0,0.0,40.79,43.28,7,-2.49,0.223,7646728,7676445,0,3.76,-0.63,40.2,-16.4,44.3,90.3,62.3,64.3,57.3,57.3,59.7,56.7,51.7,48.7,48.7,49.7,49.7,53.0,48.0,50.0,51.0,57.0,63.0,61.0,65.0,57.6,56.6,56.6,55.6,54.6,53.6,52.6,51.6,51.6,50.6,50.6,50.6,51.6,51.6,52.6,53.6
2026-05-19,168,5.33,69.6,30.4,Lean D,2.98,4.78,7.56,-1.44,6.76,52.66,47.34,0.0,False,False,,,,0.0,0.0,0.0,40.79,43.28,7,-2.49,0.223,7646728,7676445,0,3.79,-0.63,40.2,-16.5,44.3,90.3,62.3,64.3,57.3,57.3,59.8,56.8,51.8,48.8,48.8,49.8,49.8,53.0,48.0,50.0,51.0,57.0,63.0,61.0,65.0,57.6,56.6,56.6,55.6,54.6,53.6,52.6,51.6,51.6,50.6,50.6,50.6,51.6,51.6,52.6,53.6
2026-05-20,167,5.33,69.6,30.4,Lean D,2.98,4.79,7.57,-1.44,6.77,52.67,47.33,0.0,False,False,,,,0.0,0.0,0.0,40.79,43.28,7,-2.49,0.223,7646728,7676445,0,3.8,-0.63,40.1,-16.7,44.3,90.3,62.3,64.3,57.3,57.3,59.8,56.8,51.8,48.8,48.8,49.8,49.8,53.0,48.0,50.0,51.0,57.0,63.0,61.0,65.0,57.6,56.6,56.6,55.6,54.6,53.6,52.6,51.6,51.6,50.6,50.6,50.6,51.6,51.6,52.6,53.6
2026-05-21,166,5.34,69.6,30.4,Lean D,2.98,4.8,7.59,-1.44,6.78,52.67,47.33,0.0,False,False,,,,0.0,0.0,0.0,40.79,43.28,7,-2.49,0.223,7646728,7676445,0,3.81,-0.63,40.1,-16.7,44.3,90.3,62.3,64.3,57.3,57.3,59.8,56.8,51.8,48.8,48.8,49.8,49.8,53.0,48.0,50.0,51.0,57.0,63.0,61.0,65.0,57.6,56.6,56.6,55.6,54.6,53.6,52.6,51.6,51.6,50.6,50.6,50.6,51.6,51.6,52.6,53.6
2026-05-22,165,5.34,69.6,30.4,Lean D,2.98,4.8,7.59,-1.44,6.78,52.67,47.33,0.0,False,False,,,,0.0,0.0,0.0,40.79,43.28,7,-2.49,0.223,7646728,7676445,0,3.81,-0.63,40.1,-16.6,44.3,90.3,62.3,64.3,57.3,57.3,59.8,56.8,51.8,48.8,48.8,49.8,49.8,53.0,48.0,50.0,51.0,57.0,63.0,61.0,65.0,57.6,56.6,56.6,55.6,54.6,53.6,52.6,51.6,51.6,50.6,50.6,50.6,51.6,51.6,52.6,53.6
2026-05-23,164,6.03,71.9,28.1,Lean D,3.17,4.8,7.77,-1.44,7.47,53.02,46.98,0.0,False,False,,,,0.0,0.0,0.0,41.11,42.15,8,0.31,0.233,7646728,7676445,0,3.81,-0.63,40.1,-16.6,44.6,90.6,62.6,64.6,57.6,57.6,60.1,57.1,52.1,49.1,49.1,50.1,50.1,53.3,48.3,50.3,51.3,57.3,63.3,61.3,65.3,58.0,57.0,57.0,56.0,55.0,54.0,53.0,52.0,52.0,51.0,51.0,51.0,52.0,52.0,53.0,54.0
2026-05-24,163,5.99,71.8,28.2,Lean D,3.16,4.76,7.72,-1.44,7.43,53.0,47.0,0.0,False,False,,,,0.0,0.0,0.0,41.11,42.15,8,0.31,0.233,7646728,7676445,0,3.77,-0.63,40.2,-16.5,44.6,90.6,62.6,64.6,57.6,57.6,60.1,57.1,52.1,49.1,49.1,50.1,50.1,53.3,48.3,50.3,51.3,57.3,63.3,61.3,65.3,58.0,57.0,57.0,56.0,55.0,54.0,53.0,52.0,52.0,51.0,51.0,51.0,52.0,52.0,53.0,54.0
2026-05-25,162,6.03,71.9,28.1,Lean D,3.17,4.8,7.77,-1.44,7.47,53.02,46.98,0.0,False,False,,,,0.0,0.0,0.0,41.11,42.15,8,0.31,0.233,7646728,7676445,0,3.81,-0.63,40.2,-16.4,44.6,90.6,62.6,64.6,57.6,57.6,60.1,57.1,52.1,49.1,49.1,50.1,50.1,53.3,48.3,50.3,51.3,57.3,63.3,61.3,65.3,58.0,57.0,57.0,56.0,55.0,54.0,53.0,52.0,52.0,51.0,51.0,51.0,52.0,52.0,53.0,54.0
2026-05-26,161,5.99,71.8,28.2,Lean D,3.16,4.75,7.71,-1.44,7.42,52.99,47.01,0.0,False,False,,,,0.0,0.0,0.0,41.11,42.15,8,0.31,0.233,7646728,7676445,0,3.76,-0.63,40.2,-16.5,44.6,90.6,62.6,64.6,57.6,57.6,60.1,57.1,52.1,49.1,49.1,50.1,50.1,53.3,48.3,50.3,51.3,57.3,63.3,61.3,65.3,58.0,57.0,57.0,56.0,55.0,54.0,53.0,52.0,52.0,51.0,51.0,51.0,52.0,52.0,53.0,54.0
2026-05-27,160,5.99,71.8,28.2,Lean D,3.16,4.76,7.72,-1.44,7.43,53.0,47.0,0.0,False,False,,,,0.0,0.0,0.0,41.11,42.15,8,0.31,0.233,7646728,7676445,0,3.77,-0.63,40.2,-16.5,44.6,90.6,62.6,64.6,57.6,57.6,60.1,57.1,52.1,49.1,49.1,50.1,50.1,53.3,48.3,50.3,51.3,57.3,63.3,61.3,65.3,58.0,57.0,57.0,56.0,55.0,54.0,53.0,52.0,52.0,51.0,51.0,51.0,52.0,52.0,53.0,54.0
2026-05-28,159,5.99,71.8,28.2,Lean D,3.16,4.76,7.72,-1.44,7.43,53.0,47.0,0.0,False,False,,,,0.0,0.0,0.0,41.11,42.15,8,0.31,0.233,7646728,7676445,0,3.77,-0.63,40.2,-16.4,44.6,90.6,62.6,64.6,57.6,57.6,60.1,57.1,52.1,49.1,49.1,50.1,50.1,53.3,48.3,50.3,51.3,57.3,63.3,61.3,65.3,58.0,57.0,57.0,56.0,55.0,54.0,53.0,52.0,52.0,51.0,51.0,51.0,52.0,52.0,53.0,54.0
2026-05-29,158,5.99,71.8,28.2,Lean D,3.16,4.76,7.72,-1.44,7.43,53.0,47.0,0.0,False,False,,,,0.0,0.0,0.0,41.11,42.15,8,0.31,0.233,7646728,7676445,0,3.77,-0.63,40.2,-16.4,44.6,90.6,62.6,64.6,57.6,57.6,60.1,57.1,52.1,49.1,49.1,50.1,50.1,53.3,48.3,50.3,51.3,57.3,63.3,61.3,65.3,58.0,57.0,57.0,56.0,55.0,54.0,53.0,52.0,52.0,51.0,51.0,51.0,52.0,52.0,53.0,54.0
2026-05-30,157,6.0,71.8,28.2,Lean D,3.16,4.77,7.74,-1.44,7.44,53.0,47.0,0.0,False,False,,,,0.0,0.0,0.0,41.11,42.15,8,0.31,0.233,7646728,7676445,0,3.78,-0.63,40.2,-16.4,44.6,90.6,62.6,64.6,57.6,57.6,60.1,57.1,52.1,49.1,49.1,50.1,50.1,53.3,48.3,50.3,51.3,57.3,63.3,61.3,65.3,58.0,57.0,57.0,56.0,55.0,54.0,53.0,52.0,52.0,51.0,51.0,51.0,52.0,52.0,53.0,54.0
2026-05-31,156,5.98,71.7,28.3,Lean D,3.16,4.74,7.7,-1.44,7.42,52.99,47.01,0.0,False,False,,,,0.0,0.0,0.0,41.11,42.15,8,0.31,0.233,7646728,7676445,0,3.75,-0.63,40.3,-16.2,44.6,90.6,62.6,64.6,57.6,57.6,60.1,57.1,52.1,49.1,49.1,50.1,50.1,53.3,48.3,50.3,51.3,57.3,63.3,61.3,65.3,58.0,57.0,57.0,56.0,55.0,54.0,53.0,52.0,52.0,51.0,51.0,51.0,52.0,52.0,53.0,54.0
2026-06-01,155,6.6,73.7,26.3,Lean D,3.28,5.43,8.51,-1.44,8.04,53.3,46.7,0.0,False,False,,,,0.0,0.0,0.0,41.11,42.15,8,0.31,0.233,7646728,7676445,0,4.44,-0.63,40.2,-16.3,44.9,90.9,62.9,64.9,57.9,57.9,60.4,57.4,52.4,49.4,49.4,50.4,50.4,53.6,48.6,50.6,51.6,57.6,63.6,61.6,65.6,58.3,57.3,57.3,56.3,55.3,54.3,53.3,52.3,52.3,51.3,51.3,51.3,52.3,52.3,53.3,54.3
2026-06-02,154,6.61,73.8,26.2,Lean D,3.28,5.44,8.53,-1.44,8.05,53.3,46.7,0.0,False,False,,,,0.0,0.0,0.0,41.11,42.15,8,0.31,0.233,7646728,7676445,0,4.45,-0.63,40.2,-16.3,44.9,90.9,62.9,64.9,57.9,57.9,60.4,57.4,52.4,49.4,49.4,50.4,50.4,53.6,48.6,50.6,51.6,57.6,63.6,61.6,65.6,58.3,57.3,57.3,56.3,55.3,54.3,53.3,52.3,52.3,51.3,51.3,51.3,52.3,52.3,53.3,54.3
2026-06-03,153,6.62,73.8,26.2,Lean D,3.28,5.45,8.54,-1.44,8.06,53.31,46.69,0.0,False,False,,,,0.0,0.0,0.0,41.11,42.15,8,0.31,0.233,7646728,7676445,0,4.46,-0.63,40.2,-16.3,44.9,90.9,62.9,64.9,57.9,57.9,60.4,57.4,52.4,49.4,49.4,50.4,50.4,53.6,48.6,50.6,51.6,57.6,63.6,61.6,65.6,58.3,57.3,57.3,56.3,55.3,54.3,53.3,52.3,52.3,51.3,51.3,51.3,52.3,52.3,53.3,54.3
2026-06-04,152,6.88,74.6,25.4,Lean D,3.29,5.46,8.55,-1.44,8.32,53.44,46.56,0.0,False,False,,,,0.0,0.0,0.0,41.7,42.01,9,0.52,0.242,7646728,7676445,0,4.47,-0.63,40.2,-16.3,45.1,91.1,63.1,65.1,58.1,58.1,60.5,57.5,52.5,49.5,49.5,50.5,50.5,53.8,48.8,50.8,51.8,57.8,63.8,61.8,65.8,58.4,57.4,57.4,56.4,55.4,54.4,53.4,52.4,52.4,51.4,51.4,51.4,52.4,52.4,53.4,54.4
2026-06-05,151,6.87,74.6,25.4,Lean D,3.28,5.45,8.54,-1.44,8.31,53.43,46.57,0.0,False,False,,,,0.0,0.0,0.0,41.7,42.01,9,0.52,0.242,7646728,7676445,0,4.46,-0.63,40.3,-16.3,45.0,91.0,63.0,65.0,58.0,58.0,60.5,57.5,52.5,49.5,49.5,50.5,50.5,53.8,48.8,50.8,51.8,57.8,63.8,61.8,65.8,58.4,57.4,57.4,56.4,55.4,54.4,53.4,52.4,52.4,51.4,51.4,51.4,52.4,52.4,53.4,54.4
2026-06-06,150,6.87,74.6,25.4,Lean D,3.28,5.45,8.54,-1.44,8.31,53.43,46.57,0.0,False,False,,,,0.0,0.0,0.0,41.7,42.01,9,0.52,0.242,7646728,7676445,0,4.46,-0.63,40.2,-16.3,45.0,91.0,63.0,65.0,58.0,58.0,60.5,57.5,52.5,49.5,49.5,50.5,50.5,53.8,48.8,50.8,51.8,57.8,63.8,61.8,65.8,58.4,57.4,57.4,56.4,55.4,54.4,53.4,52.4,52.4,51.4,51.4,51.4,52.4,52.4,53.4,54.4
2026-06-07,149,6.81,74.4,25.6,Lean D,3.27,5.38,8.46,-1.44,8.24,53.4,46.6,0.0,False,False,,,,0.0,0.0,0.0,41.7,42.01,9,0.52,0.242,7646728,7676445,0,4.39,-0.63,40.3,-16.2,45.0,91.0,63.0,65.0,58.0,58.0,60.5,57.5,52.5,49.5,49.5,50.5,50.5,53.7,48.7,50.7,51.7,57.7,63.7,61.7,65.7,58.4,57.4,57.4,56.4,55.4,54.4,53.4,52.4,52.4,51.4,51.4,51.4,52.4,52.4,53.4,54.4
2026-06-08,148,6.84,74.5,25.5,Lean D,3.28,5.42,8.5,-1.44,8.28,53.42,46.58,0.0,False,False,,,,0.0,0.0,0.0,41.7,42.01,9,0.52,0.242,7646728,7676445,0,4.43,-0.63,40.2,-16.3,45.0,91.0,63.0,65.0,58.0,58.0,60.5,57.5,52.5,49.5,49.5,50.5,50.5,53.7,48.7,50.7,51.7,57.7,63.7,61.7,65.7,58.4,57.4,57.4,56.4,55.4,54.4,53.4,52.4,52.4,51.4,51.4,51.4,52.4,52.4,53.4,54.4
2026-06-09,147,6.84,74.5,25.5,Lean D,3.28,5.42,8.5,-1.44,8.28,53.42,46.58,0.0,False,False,,,,0.0,0.0,0.0,41.7,42.01,9,0.52,0.242,7646728,7676445,0,4.43,-0.63,40.2,-16.3,45.0,91.0,63.0,65.0,58.0,58.0,60.5,57.5,52.5,49.5,49.5,50.5,50.5,53.7,48.7,50.7,51.7,57.7,63.7,61.7,65.7,58.4,57.4,57.4,56.4,55.4,54.4,53.4,52.4,52.4,51.4,51.4,51.4,52.4,52.4,53.4,54.4
2026-06-10,146,6.84,74.5,25.5,Lean D,3.28,5.42,8.5,-1.44,8.28,53.42,46.58,0.0,False,False,,,,0.0,0.0,0.0,41.7,42.01,9,0.52,0.242,7646728,7676445,0,4.43,-0.63,40.2,-16.3,45.0,91.0,63.0,65.0,58.0,58.0,60.5,57.5,52.5,49.5,49.5,50.5,50.5,53.7,48.7,50.7,51.7,57.7,63.7,61.7,65.7,58.4,57.4,57.4,56.4,55.4,54.4,53.4,52.4,52.4,51.4,51.4,51.4,52.4,52.4,53.4,54.4
2026-06-11,145,6.84,74.5,25.5,Lean D,3.28,5.42,8.5,-1.44,8.28,53.42,46.58,0.0,False,False,,,,0.0,0.0,0.0,41.7,42.01,9,0.52,0.242,7646728,7676445,0,4.43,-0.63,40.2,-16.3,45.0,91.0,63.0,65.0,58.0,58.0,60.5,57.5,52.5,49.5,49.5,50.5,50.5,53.7,48.7,50.7,51.7,57.7,63.7,61.7,65.7,58.4,57.4,57.4,56.4,55.4,54.4,53.4,52.4,52.4,51.4,51.4,51.4,52.4,52.4,53.4,54.4
2026-06-12,144,6.85,74.5,25.5,Lean D,3.28,5.43,8.51,-1.44,8.29,53.42,46.58,0.0,False,False,,,,0.0,0.0,0.0,41.7,42.01,9,0.52,0.242,7646728,7676445,0,4.44,-0.63,40.2,-16.3,45.0,91.0,63.0,65.0,58.0,58.0,60.5,57.5,52.5,49.5,49.5,50.5,50.5,53.7,48.7,50.7,51.7,57.7,63.7,61.7,65.7,58.4,57.4,57.4,56.4,55.4,54.4,53.4,52.4,52.4,51.4,51.4,51.4,52.4,52.4,53.4,54.4
2026-06-13,143,6.85,74.5,25.5,Lean D,3.28,5.43,8.51,-1.44,8.29,53.42,46.58,0.0,False,False,,,,0.0,0.0,0.0,43.58,42.01,10,2.11,0.25,7646728,7676445,0,4.44,-0.63,40.2,-16.3,45.0,91.0,63.0,65.0,58.0,58.0,60.5,57.5,52.5,49.5,49.5,50.5,50.5,53.7,48.7,50.7,51.7,57.7,63.7,61.7,65.7,58.4,57.4,57.4,56.4,55.4,54.4,53.4,52.4,52.4,51.4,51.4,51.4,52.4,52.4,53.4,54.4
2026-06-14,142,6.85,74.5,25.5,Lean D,3.28,5.43,8.51,-1.44,8.29,53.42,46.58,0.0,False,False,,,,0.0,0.0,0.0,43.72,42.01,11,1.9,0.257,7646728,7676445,0,4.44,-0.63,40.2,-16.3,45.0,91.0,63.0,65.0,58.0,58.0,60.5,57.5,52.5,49.5,49.5,50.5,50.5,53.7,48.7,50.7,51.7,57.7,63.7,61.7,65.7,58.4,57.4,57.4,56.4,55.4,54.4,53.4,52.4,52.4,51.4,51.4,51.4,52.4,52.4,53.4,54.4
2026-06-15,141,6.78,74.3,25.7,Lean D,3.27,5.35,8.42,-1.44,8.22,53.39,46.61,0.0,False,False,,,,0.0,0.0,0.0,43.72,42.01,11,1.9,0.257,7646728,7676445,0,4.36,-0.63,40.2,-16.3,45.0,91.0,63.0,65.0,58.0,58.0,60.5,57.5,52.5,49.5,49.5,50.5,50.5,53.7,48.7,50.7,51.7,57.7,63.7,61.7,65.7,58.4,57.4,57.4,56.4,55.4,54.4,53.4,52.4,52.4,51.4,51.4,51.4,52.4,52.4,53.4,54.4
2026-06-16,140,6.78,74.3,25.7,Lean D,3.27,5.35,8.42,-1.44,8.22,53.39,46.61,0.0,False,False,,,,0.0,0.0,0.0,43.72,42.01,11,1.9,0.257,7646728,7676445,0,4.36,-0.63,40.2,-16.3,45.0,91.0,63.0,65.0,58.0,58.0,60.5,57.5,52.5,49.5,49.5,50.5,50.5,53.7,48.7,50.7,51.7,57.7,63.7,61.7,65.7,58.4,57.4,57.4,56.4,55.4,54.4,53.4,52.4,52.4,51.4,51.4,51.4,52.4,52.4,53.4,54.4
2026-06-17,139,6.78,74.3,25.7,Lean D,3.27,5.35,8.42,-1.44,8.22,53.39,46.61,0.0,False,False,,,,0.0,0.0,0.0,43.72,42.01,11,1.9,0.257,7646728,7676445,0,4.36,-0.63,40.2,-16.3,45.0,91.0,63.0,65.0,58.0,58.0,60.5,57.5,52.5,49.5,49.5,50.5,50.5,53.7,48.7,50.7,51.7,57.7,63.7,61.7,65.7,58.4,57.4,57.4,56.4,55.4,54.4,53.4,52.4,52.4,51.4,51.4,51.4,52.4,52.4,53.4,54.4
2026-06-18,138,6.78,74.3,25.7,Lean D,3.27,5.35,8.42,-1.44,8.22,53.39,46.61,0.0,False,False,,,,0.0,0.0,0.0,43.72,42.01,11,1.9,0.257,7646728,7676445,0,4.36,-0.63,40.2,-16.3,45.0,91.0,63.0,65.0,58.0,58.0,60.5,57.5,52.5,49.5,49.5,50.5,50.5,53.7,48.7,50.7,51.7,57.7,63.7,61.7,65.7,58.4,57.4,57.4,56.4,55.4,54.4,53.4,52.4,52.4,51.4,51.4,51.4,52.4,52.4,53.4,54.4
2026-06-19,137,6.75,74.2,25.8,Lean D,3.26,5.32,8.38,-1.44,8.19,53.38,46.62,0.0,False,False,,,,0.0,0.0,0.0,43.72,42.01,11,1.9,0.257,7646728,7676445,0,4.33,-0.63,40.2,-16.3,45.0,91.0,63.0,65.0,58.0,58.0,60.5,57.5,52.5,49.5,49.5,50.5,50.5,53.7,48.7,50.7,51.7,57.7,63.7,61.7,65.7,58.4,57.4,57.4,56.4,55.4,54.4,53.4,52.4,52.4,51.4,51.4,51.4,52.4,52.4,53.4,54.4
2026-06-20,136,6.67,74.0,26.0,Lean D,3.26,5.34,8.41,-1.44,8.11,53.33,46.67,0.0,False,False,,,,0.0,0.0,0.0,43.72,42.01,11,1.9,0.257,7646728,7676445,0,4.35,-0.63,40.1,-16.7,44.9,90.9,62.9,64.9,57.9,57.9,60.4,57.4,52.4,49.4,49.4,50.4,50.4,53.7,48.7,50.7,51.7,57.7,63.7,61.7,65.7,58.3,57.3,57.3,56.3,55.3,54.3,53.3,52.3,52.3,51.3,51.3,51.3,52.3,52.3,53.3,54.3
2026-06-21,135,6.67,74.0,26.0,Lean D,3.26,5.34,8.41,-1.44,8.11,53.33,46.67,0.0,False,False,,,,0.0,0.0,0.0,43.72,42.01,11,1.9,0.257,7646728,7676445,0,4.35,-0.63,40.1,-16.7,44.9,90.9,62.9,64.9,57.9,57.9,60.4,57.4,52.4,49.4,49.4,50.4,50.4,53.7,48.7,50.7,51.7,57.7,63.7,61.7,65.7,58.3,57.3,57.3,56.3,55.3,54.3,53.3,52.3,52.3,51.3,51.3,51.3,52.3,52.3,53.3,54.3
2026-06-22,134,6.67,74.0,26.0,Lean D,3.26,5.34,8.41,-1.44,8.11,53.33,46.67,0.0,False,False,,,,0.0,0.0,0.0,44.42,42.86,12,1.06,0.262,7646728,7676445,0,4.35,-0.63,40.1,-16.7,44.9,90.9,62.9,64.9,57.9,57.9,60.4,57.4,52.4,49.4,49.4,50.4,50.4,53.7,48.7,50.7,51.7,57.7,63.7,61.7,65.7,58.3,57.3,57.3,56.3,55.3,54.3,53.3,52.3,52.3,51.3,51.3,51.3,52.3,52.3,53.3,54.3
2026-06-23,133,6.65,73.9,26.1,Lean D,3.26,5.32,8.38,-1.44,8.09,53.32,46.68,0.0,False,False,,,,0.0,0.0,0.0,44.42,42.86,12,1.06,0.262,7646728,7676445,0,4.33,-0.63,40.0,-16.9,44.9,90.9,62.9,64.9,57.9,57.9,60.4,57.4,52.4,49.4,49.4,50.4,50.4,53.6,48.6,50.6,51.6,57.6,63.6,61.6,65.6,58.3,57.3,57.3,56.3,55.3,54.3,53.3,52.3,52.3,51.3,51.3,51.3,52.3,52.3,53.3,54.3
2026-06-24,132,6.68,74.0,26.0,Lean D,3.27,5.36,8.43,-1.44,8.12,53.34,46.66,0.0,False,False,,,,0.0,0.0,0.0,44.42,42.86,12,1.06,0.262,7646728,7676445,0,4.37,-0.63,40.0,-16.9,45.0,91.0,63.0,65.0,58.0,58.0,60.4,57.4,52.4,49.4,49.4,50.4,50.4,53.7,48.7,50.7,51.7,57.7,63.7,61.7,65.7,58.3,57.3,57.3,56.3,55.3,54.3,53.3,52.3,52.3,51.3,51.3,51.3,52.3,52.3,53.3,54.3
2026-06-25,131,6.68,74.1,25.9,Lean D,3.27,5.36,8.43,-1.44,8.12,53.34,46.66,0.0,False,False,,,,0.0,0.0,0.0,44.42,42.86,12,1.06,0.262,7646728,7676445,0,4.37,-0.63,40.0,-16.9,45.0,91.0,63.0,65.0,58.0,58.0,60.4,57.4,52.4,49.4,49.4,50.4,50.4,53.7,48.7,50.7,51.7,57.7,63.7,61.7,65.7,58.3,57.3,57.3,56.3,55.3,54.3,53.3,52.3,52.3,51.3,51.3,51.3,52.3,52.3,53.3,54.3
2026-06-26,130,6.5,73.5,26.5,Lean D,3.23,5.15,8.18,-1.44,7.94,53.25,46.75,0.0,False,False,,,,0.0,0.0,0.0,44.42,42.86,12,1.06,0.262,7646728,7676445,0,4.16,-0.63,40.0,-16.9,44.9,90.9,62.9,64.9,57.9,57.9,60.3,57.3,52.3,49.3,49.3,50.3,50.3,53.6,48.6,50.6,51.6,57.6,63.6,61.6,65.6,58.2,57.2,57.2,56.2,55.2,54.2,53.2,52.2,52.2,51.2,51.2,51.2,52.2,52.2,53.2,54.2
2026-06-27,129,6.71,74.2,25.8,Lean D,3.25,5.13,8.19,-1.44,8.15,53.36,46.64,0.0,False,False,,,,0.0,0.0,0.0,44.42,42.86,12,1.06,0.262,7646728,7676445,0,4.14,-0.63,40.0,-16.9,45.0,91.0,63.0,65.0,58.0,58.0,60.5,57.5,52.5,49.5,49.5,50.5,50.5,53.7,48.7,50.7,51.7,57.7,63.7,61.7,65.7,58.3,57.3,57.3,56.3,55.3,54.3,53.3,52.3,52.3,51.3,51.3,51.3,52.3,52.3,53.3,54.3
2026-06-28,128,6.66,74.0,26.0,Lean D,3.18,5.13,8.11,-1.44,8.1,53.33,46.67,0.0,False,False,,,,0.0,0.0,0.0,45.49,43.13,13,1.98,0.268,7646728,7676445,0,4.07,-0.63,40.1,-16.8,44.9,90.9,62.9,64.9,57.9,57.9,60.4,57.4,52.4,49.4,49.4,50.4,50.4,53.7,48.7,50.7,51.7,57.7,63.7,61.7,65.7,58.3,57.3,57.3,56.3,55.3,54.3,53.3,52.3,52.3,51.3,51.3,51.3,52.3,52.3,53.3,54.3
2026-06-29,127,6.81,74.5,25.5,Lean D,3.18,5.15,8.14,-1.44,8.25,53.41,46.59,0.0,False,False,,,,0.0,0.0,0.0,45.49,43.13,13,1.98,0.268,7646728,7676445,0,4.09,-0.63,40.1,-16.8,45.0,91.0,63.0,65.0,58.0,58.0,60.5,57.5,52.5,49.5,49.5,50.5,50.5,53.7,48.7,50.7,51.7,57.7,63.7,61.7,65.7,58.4,57.4,57.4,56.4,55.4,54.4,53.4,52.4,52.4,51.4,51.4,51.4,52.4,52.4,53.4,54.4
2026-06-30,126,6.8,74.4,25.6,Lean D,3.18,5.13,8.11,-1.44,8.24,53.4,46.6,0.0,False,False,,,,0.0,0.0,0.0,45.47,43.18,14,2.11,0.272,7646728,7676445,0,4.07,-0.63,40.1,-16.7,45.0,91.0,63.0,65.0,58.0,58.0,60.5,57.5,52.5,49.5,49.5,50.5,50.5,53.7,48.7,50.7,51.7,57.7,63.7,61.7,65.7,58.4,57.4,57.4,56.4,55.4,54.4,53.4,52.4,52.4,51.4,51.4,51.4,52.4,52.4,53.4,54.4
2026-07-01,125,6.76,74.3,25.7,Lean D,3.17,5.09,8.07,-1.44,8.2,53.38,46.62,0.0,False,False,,,,0.0,0.0,0.0,45.47,43.18,14,2.11,0.272,7646728,7676445,0,4.03,-0.63,40.1,-16.7,45.0,91.0,63.0,65.0,58.0,58.0,60.5,57.5,52.5,49.5,49.5,50.5,50.5,53.7,48.7,50.7,51.7,57.7,63.7,61.7,65.7,58.4,57.4,57.4,56.4,55.4,54.4,53.4,52.4,52.4,51.4,51.4,51.4,52.4,52.4,53.4,54.4
2026-07-02,124,6.74,74.3,25.7,Lean D,3.17,5.08,8.05,-1.44,8.18,53.37,46.63,0.0,False,False,,,,0.0,0.0,0.0,45.47,43.18,14,2.11,0.272,7646728,7676445,0,4.02,-0.63,40.1,-16.7,45.0,91.0,63.0,65.0,58.0,58.0,60.5,57.5,52.5,49.5,49.5,50.5,50.5,53.7,48.7,50.7,51.7,57.7,63.7,61.7,65.7,58.3,57.3,57.3,56.3,55.3,54.3,53.3,52.3,52.3,51.3,51.3,51.3,52.3,52.3,53.3,54.3
2026-07-03,123,6.76,74.3,25.7,Lean D,3.17,5.1,8.08,-1.44,8.2,53.38,46.62,0.0,False,False,,,,0.0,0.0,0.0,45.47,43.18,14,2.11,0.272,7646728,7676445,0,4.04,-0.63,40.2,-16.5,45.0,91.0,63.0,65.0,58.0,58.0,60.5,57.5,52.5,49.5,49.5,50.5,50.5,53.7,48.7,50.7,51.7,57.7,63.7,61.7,65.7,58.4,57.4,57.4,56.4,55.4,54.4,53.4,52.4,52.4,51.4,51.4,51.4,52.4,52.4,53.4,54.4
2026-07-04,122,6.76,74.3,25.7,Lean D,3.17,5.1,8.08,-1.44,8.2,53.38,46.62,0.0,False,False,,,,0.0,0.0,0.0,45.47,43.18,14,2.11,0.272,7646728,7676445,0,4.04,-0.63,40.2,-16.5,45.0,91.0,63.0,65.0,58.0,58.0,60.5,57.5,52.5,49.5,49.5,50.5,50.5,53.7,48.7,50.7,51.7,57.7,63.7,61.7,65.7,58.4,57.4,57.4,56.4,55.4,54.4,53.4,52.4,52.4,51.4,51.4,51.4,52.4,52.4,53.4,54.4
2026-07-05,121,6.79,74.4,25.6,Lean D,3.18,5.13,8.11,-1.44,8.23,53.39,46.61,0.0,False,False,,,,0.0,0.0,0.0,45.47,43.18,14,2.11,0.272,7646728,7676445,0,4.07,-0.63,40.2,-16.3,45.0,91.0,63.0,65.0,58.0,58.0,60.5,57.5,52.5,49.5,49.5,50.5,50.5,53.7,48.7,50.7,51.7,57.7,63.7,61.7,65.7,58.4,57.4,57.4,56.4,55.4,54.4,53.4,52.4,52.4,51.4,51.4,51.4,52.4,52.4,53.4,54.4
2026-07-06,120,6.81,74.5,25.5,Lean D,3.18,5.16,8.15,-1.44,8.25,53.41,46.59,0.0,False,False,,,,0.0,0.0,0.0,45.47,43.18,14,2.11,0.272,7646728,7676445,0,4.1,-0.63,40.2,-16.3,45.0,91.0,63.0,65.0,58.0,58.0,60.5,57.5,52.5,49.5,49.5,50.5,50.5,53.7,48.7,50.7,51.7,57.7,63.7,61.7,65.7,58.4,57.4,57.4,56.4,55.4,54.4,53.4,52.4,52.4,51.4,51.4,51.4,52.4,52.4,53.4,54.4
2026-07-07,119,6.8,74.4,25.6,Lean D,3.18,5.14,8.12,-1.44,8.23,53.4,46.6,0.0,False,False,,,,0.0,0.0,0.0,45.47,43.18,14,2.11,0.272,7646728,7676445,0,4.08,-0.63,40.1,-16.4,45.0,91.0,63.0,65.0,58.0,58.0,60.5,57.5,52.5,49.5,49.5,50.5,50.5,53.7,48.7,50.7,51.7,57.7,63.7,61.7,65.7,58.4,57.4,57.4,56.4,55.4,54.4,53.4,52.4,52.4,51.4,51.4,51.4,52.4,52.4,53.4,54.4
2026-07-08,118,6.78,74.4,25.6,Lean D,3.17,5.12,8.1,-1.44,8.22,53.39,46.61,0.0,False,False,,,,0.0,0.0,0.0,45.47,43.18,14,2.11,0.272,7646728,7676445,0,4.06,-0.63,40.3,-16.1,45.0,91.0,63.0,65.0,58.0,58.0,60.5,57.5,52.5,49.5,49.5,50.5,50.5,53.7,48.7,50.7,51.7,57.7,63.7,61.7,65.7,58.4,57.4,57.4,56.4,55.4,54.4,53.4,52.4,52.4,51.4,51.4,51.4,52.4,52.4,53.4,54.4
2026-07-09,117,6.8,74.4,25.6,Lean D,3.18,5.14,8.12,-1.44,8.23,53.4,46.6,0.0,False,False,,,,0.0,0.0,0.0,45.47,43.18,14,2.11,0.272,7646728,7676445,0,4.08,-0.63,40.3,-16.1,45.0,91.0,63.0,65.0,58.0,58.0,60.5,57.5,52.5,49.5,49.5,50.5,50.5,53.7,48.7,50.7,51.7,57.7,63.7,61.7,65.7,58.4,57.4,57.4,56.4,55.4,54.4,53.4,52.4,52.4,51.4,51.4,51.4,52.4,52.4,53.4,54.4
2026-07-10,116,6.8,74.5,25.5,Lean D,3.18,5.15,8.14,-1.44,8.24,53.4,46.6,0.0,False,False,,,,0.0,0.0,0.0,45.47,43.18,14,2.11,0.272,7646728,7676445,0,4.09,-0.63,40.3,-16.1,45.0,91.0,63.0,65.0,58.0,58.0,60.5,57.5,52.5,49.5,49.5,50.5,50.5,53.7,48.7,50.7,51.7,57.7,63.7,61.7,65.7,58.4,57.4,57.4,56.4,55.4,54.4,53.4,52.4,52.4,51.4,51.4,51.4,52.4,52.4,53.4,54.4
2026-07-11,115,6.8,74.5,25.5,Lean D,3.18,5.15,8.14,-1.44,8.24,53.4,46.6,0.0,False,False,,,,0.0,0.0,0.0,45.47,43.18,14,2.11,0.272,7646728,7676445,0,4.09,-0.63,40.2,-16.2,45.0,91.0,63.0,65.0,58.0,58.0,60.5,57.5,52.5,49.5,49.5,50.5,50.5,53.7,48.7,50.7,51.7,57.7,63.7,61.7,65.7,58.4,57.4,57.4,56.4,55.4,54.4,53.4,52.4,52.4,51.4,51.4,51.4,52.4,52.4,53.4,54.4
2026-07-12,114,6.8,74.5,25.5,Lean D,3.18,5.15,8.14,-1.44,8.24,53.4,46.6,0.0,False,False,,,,0.0,0.0,0.0,45.47,43.18,14,2.11,0.272,7646728,7676445,0,4.09,-0.63,40.2,-16.2,45.0,91.0,63.0,65.0,58.0,58.0,60.5,57.5,52.5,49.5,49.5,50.5,50.5,53.7,48.7,50.7,51.7,57.7,63.7,61.7,65.7,58.4,57.4,57.4,56.4,55.4,54.4,53.4,52.4,52.4,51.4,51.4,51.4,52.4,52.4,53.4,54.4
2026-07-13,113,6.57,73.8,26.2,Lean D,3.18,5.14,8.12,-1.44,8.01,53.29,46.71,0.0,False,False,,,,0.0,0.0,0.0,45.47,43.18,14,2.11,0.272,7646728,7676445,0,4.08,-0.63,40.4,-15.9,44.9,90.9,62.9,64.9,57.9,57.9,60.4,57.4,52.4,49.4,49.4,50.4,50.4,53.6,48.6,50.6,51.6,57.6,63.6,61.6,65.6,58.3,57.3,57.3,56.3,55.3,54.3,53.3,52.3,52.3,51.3,51.3,51.3,52.3,52.3,53.3,54.3
2026-07-14,112,6.37,73.1,26.9,Lean D,3.17,4.87,7.84,-1.44,7.81,53.18,46.82,0.0,False,False,,,,0.0,0.0,0.0,45.47,43.18,14,2.11,0.272,7646728,7676445,0,3.81,-0.63,40.4,-15.8,44.8,90.8,62.8,64.8,57.8,57.8,60.3,57.3,52.3,49.3,49.3,50.3,50.3,53.5,48.5,50.5,51.5,57.5,63.5,61.5,65.5,58.2,57.2,57.2,56.2,55.2,54.2,53.2,52.2,52.2,51.2,51.2,51.2,52.2,52.2,53.2,54.2
2026-07-15,111,6.38,73.1,26.9,Lean D,3.17,4.88,7.86,-1.44,7.82,53.19,46.81,0.0,False,False,,,,0.0,0.0,0.0,45.47,43.18,14,2.11,0.272,7646728,7676445,0,3.82,-0.63,40.4,-15.8,44.8,90.8,62.8,64.8,57.8,57.8,60.3,57.3,52.3,49.3,49.3,50.3,50.3,53.5,48.5,50.5,51.5,57.5,63.5,61.5,65.5,58.2,57.2,57.2,56.2,55.2,54.2,53.2,52.2,52.2,51.2,51.2,51.2,52.2,52.2,53.2,54.2
2026-07-16,110,6.39,73.2,26.8,Lean D,3.17,4.9,7.88,-1.44,7.83,53.2,46.8,0.0,False,False,,,,0.0,0.0,0.0,45.47,43.18,14,2.11,0.272,7646728,7676445,0,3.84,-0.63,40.4,-16.0,44.8,90.8,62.8,64.8,57.8,57.8,60.3,57.3,52.3,49.3,49.3,50.3,50.3,53.5,48.5,50.5,51.5,57.5,63.5,61.5,65.5,58.2,57.2,57.2,56.2,55.2,54.2,53.2,52.2,52.2,51.2,51.2,51.2,52.2,52.2,53.2,54.2
2026-07-17,109,6.4,73.2,26.8,Lean D,3.17,4.91,7.89,-1.44,7.84,53.2,46.8,0.0,False,False,,,,0.0,0.0,0.0,45.47,43.18,14,2.11,0.272,7646728,7676445,0,3.85,-0.63,40.4,-16.0,44.8,90.8,62.8,64.8,57.8,57.8,60.3,57.3,52.3,49.3,49.3,50.3,50.3,53.5,48.5,50.5,51.5,57.5,63.5,61.5,65.5,58.2,57.2,57.2,56.2,55.2,54.2,53.2,52.2,52.2,51.2,51.2,51.2,52.2,52.2,53.2,54.2
2026-07-18,108,6.2,72.6,27.4,Lean D,3.17,4.91,7.62,-1.44,7.64,53.1,46.9,0.0,False,False,,,,0.0,0.0,0.0,45.47,43.18,14,2.11,0.272,12222407,10582463,0,3.85,-0.63,40.4,-16.0,44.7,90.7,62.7,64.7,57.7,57.7,60.2,57.2,52.2,49.2,49.2,50.2,50.2,53.4,48.4,50.4,51.4,57.4,63.4,61.4,65.4,58.1,57.1,57.1,56.1,55.1,54.1,53.1,52.1,52.1,51.1,51.1,51.1,52.1,52.1,53.1,54.1
2026-07-19,107,6.16,72.5,27.5,Lean D,3.16,4.86,7.56,-1.44,7.6,53.08,46.92,0.0,False,False,,,,0.0,0.0,0.0,45.47,43.18,14,2.11,0.272,12222407,10582463,0,3.8,-0.63,40.4,-15.9,44.7,90.7,62.7,64.7,57.7,57.7,60.2,57.2,52.2,49.2,49.2,50.2,50.2,53.4,48.4,50.4,51.4,57.4,63.4,61.4,65.4,58.1,57.1,57.1,56.1,55.1,54.1,53.1,52.1,52.1,51.1,51.1,51.1,52.1,52.1,53.1,54.1
2026-07-20,106,6.16,72.5,27.5,Lean D,3.16,4.86,7.56,-1.44,7.6,53.08,46.92,0.0,False,False,,,,0.0,0.0,0.0,45.47,43.18,14,2.11,0.272,12222407,10582463,0,3.8,-0.63,40.4,-15.9,44.7,90.7,62.7,64.7,57.7,57.7,60.2,57.2,52.2,49.2,49.2,50.2,50.2,53.4,48.4,50.4,51.4,57.4,63.4,61.4,65.4,58.1,57.1,57.1,56.1,55.1,54.1,53.1,52.1,52.1,51.1,51.1,51.1,52.1,52.1,53.1,54.1
2026-07-21,105,6.19,72.6,27.4,Lean D,3.17,4.9,7.61,-1.44,7.63,53.1,46.9,0.0,False,False,,,,0.0,0.0,0.0,45.47,43.18,14,2.11,0.272,12222407,10582463,0,3.84,-0.63,40.2,-16.3,44.7,90.7,62.7,64.7,57.7,57.7,60.2,57.2,52.2,49.2,49.2,50.2,50.2,53.4,48.4,50.4,51.4,57.4,63.4,61.4,65.4,58.1,57.1,57.1,56.1,55.1,54.1,53.1,52.1,52.1,51.1,51.1,51.1,52.1,52.1,53.1,54.1
2026-07-22,104,6.2,72.6,27.4,Lean D,3.17,4.91,7.62,-1.44,7.64,53.1,46.9,0.0,False,False,,,,0.0,0.0,0.0,45.47,43.18,14,2.11,0.272,12222407,10582463,0,3.85,-0.63,40.2,-16.3,44.7,90.7,62.7,64.7,57.7,57.7,60.2,57.2,52.2,49.2,49.2,50.2,50.2,53.4,48.4,50.4,51.4,57.4,63.4,61.4,65.4,58.1,57.1,57.1,56.1,55.1,54.1,53.1,52.1,52.1,51.1,51.1,51.1,52.1,52.1,53.1,54.1
2026-07-23,103,6.4,73.2,26.8,Lean D,3.22,5.14,7.89,-1.44,7.84,53.2,46.8,0.0,False,False,,,,0.0,0.0,0.0,45.47,43.18,14,2.11,0.272,12222407,10582463,0,4.08,-0.63,40.1,-16.6,44.8,90.8,62.8,64.8,57.8,57.8,60.3,57.3,52.3,49.3,49.3,50.3,50.3,53.5,48.5,50.5,51.5,57.5,63.5,61.5,65.5,58.2,57.2,57.2,56.2,55.2,54.2,53.2,52.2,52.2,51.2,51.2,51.2,52.2,52.2,53.2,54.2
2026-07-24,102,6.39,73.2,26.8,Lean D,3.21,5.13,7.88,-1.44,7.83,53.2,46.8,0.0,False,False,,,,0.0,0.0,0.0,43.54,44.84,15,-1.43,0.276,12222407,10582463,0,4.07,-0.63,40.1,-16.6,44.8,90.8,62.8,64.8,57.8,57.8,60.3,57.3,52.3,49.3,49.3,50.3,50.3,53.5,48.5,50.5,51.5,57.5,63.5,61.5,65.5,58.2,57.2,57.2,56.2,55.2,54.2,53.2,52.2,52.2,51.2,51.2,51.2,52.2,52.2,53.2,54.2
2026-07-25,101,6.38,73.2,26.8,Lean D,3.19,5.13,7.86,-1.44,7.82,53.19,46.81,0.0,False,False,,,,0.0,0.0,0.0,43.54,44.84,15,-1.43,0.276,12222407,10582463,0,4.07,-0.63,40.1,-16.6,44.8,90.8,62.8,64.8,57.8,57.8,60.3,57.3,52.3,49.3,49.3,50.3,50.3,53.5,48.5,50.5,51.5,57.5,63.5,61.5,65.5,58.2,57.2,57.2,56.2,55.2,54.2,53.2,52.2,52.2,51.2,51.2,51.2,52.2,52.2,53.2,54.2
2026-07-26,100,6.38,73.2,26.8,Lean D,3.19,5.13,7.86,-1.44,7.82,53.19,46.81,0.0,False,False,,,,0.0,0.0,0.0,43.54,44.84,15,-1.43,0.276,12222407,10582463,0,4.07,-0.63,40.1,-16.6,44.8,90.8,62.8,64.8,57.8,57.8,60.3,57.3,52.3,49.3,49.3,50.3,50.3,53.5,48.5,50.5,51.5,57.5,63.5,61.5,65.5,58.2,57.2,57.2,56.2,55.2,54.2,53.2,52.2,52.2,51.2,51.2,51.2,52.2,52.2,53.2,54.2
2026-07-27,99,6.34,73.1,26.9,Lean D,3.19,5.09,7.81,-1.44,7.78,53.17,46.83,0.0,False,False,,,,0.0,0.0,0.0,43.54,44.84,15,-1.43,0.276,12222407,10582463,0,4.03,-0.63,40.1,-16.7,44.8,90.8,62.8,64.8,57.8,57.8,60.3,57.3,52.3,49.3,49.3,50.3,50.3,53.5,48.5,50.5,51.5,57.5,63.5,61.5,65.5,58.1,57.1,57.1,56.1,55.1,54.1,53.1,52.1,52.1,51.1,51.1,51.1,52.1,52.1,53.1,54.1
2026-07-28,98,5.31,69.7,30.3,Lean D,3.04,5.16,7.73,-1.44,6.75,52.66,47.34,0.0,False,False,,,,0.0,0.0,0.0,43.54,44.84,15,-1.43,0.276,12222407,10582463,0,4.1,-0.63,39.9,-17.3,44.3,90.3,62.3,64.3,57.3,57.3,59.8,56.8,51.8,48.8,48.8,49.8,49.8,53.0,48.0,50.0,51.0,57.0,63.0,61.0,65.0,57.6,56.6,56.6,55.6,54.6,53.6,52.6,51.6,51.6,50.6,50.6,50.6,51.6,51.6,52.6,53.6
2026-07-29,97,5.32,69.7,30.3,Lean D,3.04,5.17,7.74,-1.44,6.76,52.66,47.34,0.0,False,False,,,,0.0,0.0,0.0,43.91,44.88,16,-1.07,0.28,12222407,10582463,0,4.11,-0.63,39.9,-17.3,44.3,90.3,62.3,64.3,57.3,57.3,59.8,56.8,51.8,48.8,48.8,49.8,49.8,53.0,48.0,50.0,51.0,57.0,63.0,61.0,65.0,57.6,56.6,56.6,55.6,54.6,53.6,52.6,51.6,51.6,50.6,50.6,50.6,51.6,51.6,52.6,53.6
2026-07-30,96,5.31,69.7,30.3,Lean D,3.03,5.16,7.72,-1.44,6.75,52.65,47.35,0.0,False,False,,,,0.0,0.0,0.0,43.67,44.65,17,-0.82,0.283,12222407,10582463,0,4.1,-0.63,39.9,-17.3,44.3,90.3,62.3,64.3,57.3,57.3,59.7,56.7,51.7,48.7,48.7,49.7,49.7,53.0,48.0,50.0,51.0,57.0,63.0,61.0,65.0,57.6,56.6,56.6,55.6,54.6,53.6,52.6,51.6,51.6,50.6,50.6,50.6,51.6,51.6,52.6,53.6
2026-07-31,95,5.27,69.5,30.5,Lean D,3.02,5.11,7.67,-1.44,6.7,52.63,47.37,0.0,False,False,,,,0.0,0.0,0.0,43.55,44.9,18,-1.23,0.286,12222407,10582463,0,4.05,-0.63,39.5,-17.8,44.2,90.2,62.2,64.2,57.2,57.2,59.7,56.7,51.7,48.7,48.7,49.7,49.7,53.0,48.0,50.0,51.0,57.0,63.0,61.0,65.0,57.6,56.6,56.6,55.6,54.6,53.6,52.6,51.6,51.6,50.6,50.6,50.6,51.6,51.6,52.6,53.6
2026-08-01,94,5.28,69.6,30.4,Lean D,3.04,5.18,7.75,-1.44,6.72,52.64,47.36,0.0,False,False,,,,0.0,0.0,0.0,43.55,44.9,18,-1.23,0.286,12222407,10582463,0,4.12,-0.63,39.5,-17.8,44.3,90.3,62.3,64.3,57.3,57.3,59.7,56.7,51.7,48.7,48.7,49.7,49.7,53.0,48.0,50.0,51.0,57.0,63.0,61.0,65.0,57.6,56.6,56.6,55.6,54.6,53.6,52.6,51.6,51.6,50.6,50.6,50.6,51.6,51.6,52.6,53.6
2026-08-02,93,5.29,69.6,30.4,Lean D,3.04,5.19,7.76,-1.44,6.73,52.64,47.36,0.0,False,False,,,,0.0,0.0,0.0,43.55,44.9,18,-1.23,0.286,12222407,10582463,0,4.13,-0.63,39.5,-17.8,44.3,90.3,62.3,64.3,57.3,57.3,59.7,56.7,51.7,48.7,48.7,49.7,49.7,53.0,48.0,50.0,51.0,57.0,63.0,61.0,65.0,57.6,56.6,56.6,55.6,54.6,53.6,52.6,51.6,51.6,50.6,50.6,50.6,51.6,51.6,52.6,53.6
2026-08-03,92,5.14,69.1,30.9,Lean D,2.95,5.22,7.7,-1.44,6.58,52.57,47.43,0.0,False,False,,,,0.0,0.0,0.0,43.55,44.9,18,-1.23,0.286,12222407,10582463,0,4.16,-0.63,39.4,-17.9,44.2,90.2,62.2,64.2,57.2,57.2,59.7,56.7,51.7,48.7,48.7,49.7,49.7,52.9,47.9,49.9,50.9,56.9,62.9,60.9,64.9,57.5,56.5,56.5,55.5,54.5,53.5,52.5,51.5,51.5,50.5,50.5,50.5,51.5,51.5,52.5,53.5
2026-08-04,91,5.17,69.2,30.8,Lean D,2.96,5.25,7.74,-1.44,6.61,52.58,47.42,0.0,False,False,,,,0.0,0.0,0.0,43.55,44.9,18,-1.23,0.286,12222407,10582463,0,4.19,-0.63,39.5,-17.9,44.2,90.2,62.2,64.2,57.2,57.2,59.7,56.7,51.7,48.7,48.7,49.7,49.7,52.9,47.9,49.9,50.9,56.9,62.9,60.9,64.9,57.6,56.6,56.6,55.6,54.6,53.6,52.6,51.6,51.6,50.6,50.6,50.6,51.6,51.6,52.6,53.6
2026-08-05,90,5.16,69.2,30.8,Lean D,2.95,5.24,7.73,-1.44,6.6,52.58,47.42,0.0,False,False,,,,0.0,0.0,0.0,43.55,44.9,18,-1.23,0.286,14528336,10898177,0,4.18,-0.63,39.5,-17.9,44.2,90.2,62.2,64.2,57.2,57.2,59.7,56.7,51.7,48.7,48.7,49.7,49.7,52.9,47.9,49.9,50.9,56.9,62.9,60.9,64.9,57.6,56.6,56.6,55.6,54.6,53.6,52.6,51.6,51.6,50.6,50.6,50.6,51.6,51.6,52.6,53.6
2026-08-06,89,5.17,69.3,30.7,Lean D,2.95,5.24,7.74,-1.44,6.61,52.59,47.41,0.0,False,False,,,,0.0,0.0,0.0,43.55,44.9,18,-1.23,0.286,14528336,10898177,0,4.18,-0.63,39.6,-17.8,44.2,90.2,62.2,64.2,57.2,57.2,59.7,56.7,51.7,48.7,48.7,49.7,49.7,52.9,47.9,49.9,50.9,56.9,62.9,60.9,64.9,57.6,56.6,56.6,55.6,54.6,53.6,52.6,51.6,51.6,50.6,50.6,50.6,51.6,51.6,52.6,53.6
2026-08-07,88,5.2,69.3,30.7,Lean D,2.96,5.27,7.78,-1.44,6.64,52.6,47.4,0.0,False,False,,,,0.0,0.0,0.0,43.55,44.9,18,-1.23,0.286,14528336,10898177,0,4.21,-0.63,39.6,-17.8,44.2,90.2,62.2,64.2,57.2,57.2,59.7,56.7,51.7,48.7,48.7,49.7,49.7,52.9,47.9,49.9,50.9,56.9,62.9,60.9,64.9,57.6,56.6,56.6,55.6,54.6,53.6,52.6,51.6,51.6,50.6,50.6,50.6,51.6,51.6,52.6,53.6
2026-08-08,87,5.19,69.3,30.7,Lean D,2.96,5.28,7.76,-1.44,6.63,52.59,47.41,0.0,False,False,,,,0.0,0.0,0.0,43.55,44.9,18,-1.23,0.286,14528336,10898177,0,4.22,-0.63,39.6,-17.8,44.2,90.2,62.2,64.2,57.2,57.2,59.7,56.7,51.7,48.7,48.7,49.7,49.7,52.9,47.9,49.9,50.9,56.9,62.9,60.9,64.9,57.6,56.6,56.6,55.6,54.6,53.6,52.6,51.6,51.6,50.6,50.6,50.6,51.6,51.6,52.6,53.6
2026-08-09,86,5.19,69.3,30.7,Lean D,2.96,5.28,7.76,-1.44,6.63,52.59,47.41,0.0,False,False,,,,0.0,0.0,0.0,43.55,44.9,18,-1.23,0.286,14528336,10898177,0,4.22,-0.63,39.6,-17.8,44.2,90.2,62.2,64.2,57.2,57.2,59.7,56.7,51.7,48.7,48.7,49.7,49.7,52.9,47.9,49.9,50.9,56.9,62.9,60.9,64.9,57.6,56.6,56.6,55.6,54.6,53.6,52.6,51.6,51.6,50.6,50.6,50.6,51.6,51.6,52.6,53.6
2026-08-10,85,5.2,69.4,30.6,Lean D,2.96,5.29,7.77,-1.44,6.63,52.6,47.4,0.0,False,False,,,,0.0,0.0,0.0,45.47,46.93,21,-1.22,0.294,14528336,10898177,0,4.23,-0.63,39.6,-17.8,44.2,90.2,62.2,64.2,57.2,57.2,59.7,56.7,51.7,48.7,48.7,49.7,49.7,52.9,47.9,49.9,50.9,56.9,62.9,60.9,64.9,57.6,56.6,56.6,55.6,54.6,53.6,52.6,51.6,51.6,50.6,50.6,50.6,51.6,51.6,52.6,53.6
2026-08-11,84,5.23,69.5,30.5,Lean D,2.97,5.33,7.82,-1.44,6.67,52.61,47.39,0.0,False,False,,,,0.0,0.0,0.0,45.47,46.93,21,-1.22,0.294,14528336,10898177,0,4.27,-0.63,39.5,-18.0,44.2,90.2,62.2,64.2,57.2,57.2,59.7,56.7,51.7,48.7,48.7,49.7,49.7,52.9,47.9,49.9,50.9,56.9,62.9,60.9,64.9,57.6,56.6,56.6,55.6,54.6,53.6,52.6,51.6,51.6,50.6,50.6,50.6,51.6,51.6,52.6,53.6
2026-08-12,83,5.23,69.5,30.5,Lean D,2.97,5.33,7.82,-1.44,6.67,52.61,47.39,0.0,False,False,,,,0.0,0.0,0.0,45.47,46.93,21,-1.22,0.294,14528336,10898177,0,4.27,-0.63,39.5,-18.0,44.2,90.2,62.2,64.2,57.2,57.2,59.7,56.7,51.7,48.7,48.7,49.7,49.7,52.9,47.9,49.9,50.9,56.9,62.9,60.9,64.9,57.6,56.6,56.6,55.6,54.6,53.6,52.6,51.6,51.6,50.6,50.6,50.6,51.6,51.6,52.6,53.6
2026-08-13,82,5.21,69.4,30.6,Lean D,2.97,5.31,7.8,-1.44,6.65,52.61,47.39,0.0,False,False,,,,0.0,0.0,0.0,45.47,46.93,21,-1.22,0.294,14514336,10898177,0,4.25,-0.63,39.5,-18.0,44.2,90.2,62.2,64.2,57.2,57.2,59.7,56.7,51.7,48.7,48.7,49.7,49.7,52.9,47.9,49.9,50.9,56.9,62.9,60.9,64.9,57.6,56.6,56.6,55.6,54.6,53.6,52.6,51.6,51.6,50.6,50.6,50.6,51.6,51.6,52.6,53.6
2026-08-14,81,4.79,68.0,32.0,Lean D,2.89,5.31,7.71,-1.44,6.23,52.4,47.6,0.0,False,False,,,,0.0,0.0,0.0,45.47,46.93,21,-1.22,0.294,14514336,10898177,0,4.25,-0.63,39.5,-18.0,44.0,90.0,62.0,64.0,57.0,57.0,59.5,56.5,51.5,48.5,48.5,49.5,49.5,52.7,47.7,49.7,50.7,56.7,62.7,60.7,64.7,57.4,56.4,56.4,55.4,54.4,53.4,52.4,51.4,51.4,50.4,50.4,50.4,51.4,51.4,52.4,53.4
2026-08-15,80,4.8,68.0,32.0,Lean D,2.89,5.32,7.72,-1.44,6.24,52.4,47.6,0.0,False,False,,,,0.0,0.0,0.0,45.47,46.93,21,-1.22,0.294,14514336,10898177,0,4.26,-0.63,39.5,-18.0,44.0,90.0,62.0,64.0,57.0,57.0,59.5,56.5,51.5,48.5,48.5,49.5,49.5,52.7,47.7,49.7,50.7,56.7,62.7,60.7,64.7,57.4,56.4,56.4,55.4,54.4,53.4,52.4,51.4,51.4,50.4,50.4,50.4,51.4,51.4,52.4,53.4
2026-08-16,79,4.81,68.1,31.9,Lean D,2.9,5.33,7.73,-1.44,6.25,52.4,47.6,0.0,False,False,,,,0.0,0.0,0.0,45.47,46.93,21,-1.22,0.294,14514336,10898177,0,4.27,-0.63,39.5,-17.9,44.0,90.0,62.0,64.0,57.0,57.0,59.5,56.5,51.5,48.5,48.5,49.5,49.5,52.7,47.7,49.7,50.7,56.7,62.7,60.7,64.7,57.4,56.4,56.4,55.4,54.4,53.4,52.4,51.4,51.4,50.4,50.4,50.4,51.4,51.4,52.4,53.4
2026-08-17,78,4.82,68.1,31.9,Lean D,2.9,5.34,7.74,-1.44,6.26,52.41,47.59,0.0,False,False,,,,0.0,0.0,0.0,45.47,46.93,21,-1.22,0.294,14514336,10898177,0,4.28,-0.63,39.5,-17.9,44.0,90.0,62.0,64.0,57.0,57.0,59.5,56.5,51.5,48.5,48.5,49.5,49.5,52.7,47.7,49.7,50.7,56.7,62.7,60.7,64.7,57.4,56.4,56.4,55.4,54.4,53.4,52.4,51.4,51.4,50.4,50.4,50.4,51.4,51.4,52.4,53.4
2026-08-18,77,4.85,68.2,31.8,Lean D,2.91,5.38,7.79,-1.44,6.29,52.43,47.57,0.0,False,False,,,,0.0,0.0,0.0,45.47,46.93,21,-1.22,0.294,14514336,10898177,0,4.32,-0.63,39.3,-18.1,44.0,90.0,62.0,64.0,57.0,57.0,59.5,56.5,51.5,48.5,48.5,49.5,49.5,52.8,47.8,49.8,50.8,56.8,62.8,60.8,64.8,57.4,56.4,56.4,55.4,54.4,53.4,52.4,51.4,51.4,50.4,50.4,50.4,51.4,51.4,52.4,53.4
2026-08-19,76,5.24,69.6,30.4,Lean D,3.05,5.38,7.93,-1.44,6.68,52.62,47.38,0.0,False,False,,,,0.0,0.0,0.0,45.47,46.93,21,-1.22,0.294,14514336,10898177,0,4.32,-0.63,39.3,-18.1,44.2,90.2,62.2,64.2,57.2,57.2,59.7,56.7,51.7,48.7,48.7,49.7,49.7,52.9,47.9,49.9,50.9,56.9,62.9,60.9,64.9,57.6,56.6,56.6,55.6,54.6,53.6,52.6,51.6,51.6,50.6,50.6,50.6,51.6,51.6,52.6,53.6
2026-08-20,75,5.52,70.5,29.5,Lean D,3.05,5.43,7.98,-1.44,6.96,52.76,47.24,0.0,False,False,,,,0.0,0.0,0.0,45.53,46.07,22,-0.32,0.296,14514336,10898177,0,4.37,-0.63,39.3,-18.0,44.4,90.4,62.4,64.4,57.4,57.4,59.9,56.9,51.9,48.9,48.9,49.9,49.9,53.1,48.1,50.1,51.1,57.1,63.1,61.1,65.1,57.7,56.7,56.7,55.7,54.7,53.7,52.7,51.7,51.7,50.7,50.7,50.7,51.7,51.7,52.7,53.7
2026-08-21,74,5.29,69.8,30.2,Lean D,2.98,5.15,7.62,-1.44,6.73,52.64,47.36,0.0,False,False,,,,0.0,0.0,0.0,45.75,46.15,23,-0.21,0.298,14514336,10898177,0,4.09,-0.63,39.7,-17.4,44.3,90.3,62.3,64.3,57.3,57.3,59.7,56.7,51.7,48.7,48.7,49.7,49.7,53.0,48.0,50.0,51.0,57.0,63.0,61.0,65.0,57.6,56.6,56.6,55.6,54.6,53.6,52.6,51.6,51.6,50.6,50.6,50.6,51.6,51.6,52.6,53.6
2026-08-22,73,5.3,69.8,30.2,Lean D,2.98,5.16,7.63,-1.44,6.73,52.65,47.35,0.0,False,False,,,,0.0,0.0,0.0,45.75,46.15,23,-0.21,0.298,14514336,10898177,0,4.1,-0.63,39.7,-17.4,44.3,90.3,62.3,64.3,57.3,57.3,59.7,56.7,51.7,48.7,48.7,49.7,49.7,53.0,48.0,50.0,51.0,57.0,63.0,61.0,65.0,57.6,56.6,56.6,55.6,54.6,53.6,52.6,51.6,51.6,50.6,50.6,50.6,51.6,51.6,52.6,53.6
2026-08-23,72,5.27,69.7,30.3,Lean D,2.98,5.15,7.6,-1.44,6.71,52.64,47.36,0.0,False,False,,,,0.0,0.0,0.0,45.75,46.15,23,-0.21,0.298,14514336,10898177,0,4.09,-0.63,39.9,-16.9,44.3,90.3,62.3,64.3,57.3,57.3,59.7,56.7,51.7,48.7,48.7,49.7,49.7,53.0,48.0,50.0,51.0,57.0,63.0,61.0,65.0,57.6,56.6,56.6,55.6,54.6,53.6,52.6,51.6,51.6,50.6,50.6,50.6,51.6,51.6,52.6,53.6
2026-08-24,71,5.29,69.8,30.2,Lean D,2.98,5.17,7.63,-1.44,6.73,52.65,47.35,0.0,False,False,,,,0.0,0.0,0.0,45.75,46.15,23,-0.21,0.298,14514336,10898177,0,4.11,-0.63,39.7,-17.3,44.3,90.3,62.3,64.3,57.3,57.3,59.7,56.7,51.7,48.7,48.7,49.7,49.7,53.0,48.0,50.0,51.0,57.0,63.0,61.0,65.0,57.6,56.6,56.6,55.6,54.6,53.6,52.6,51.6,51.6,50.6,50.6,50.6,51.6,51.6,52.6,53.6
