date,days_out,margin,dem_prob,rep_prob,rating,lean,gcb,fundamentals,pres_2024,swing_24_26,dem_pct,rep_pct,oth_pct,rcv,threeway,same_party,oth_party,ind_name,ind_prob,ind_pct,cand1_prob,poll_dem,poll_rep,poll_count,polling_avg,polling_weight,environment,demo_env_adj,trump_approve,trump_net,dem_vap_white,dem_vap_black,dem_vap_hispanic,dem_vap_asian,dem_vap_native,dem_vap_pacific,dem_age_20_29,dem_age_30_39,dem_age_40_49,dem_age_50_59,dem_age_60_69,dem_age_70_79,dem_age_80_plus,dem_educ_no_hs,dem_educ_hs,dem_educ_some_college,dem_educ_associate,dem_educ_bachelor,dem_educ_master,dem_educ_professional,dem_educ_doctorate,dem_inc_u10k,dem_inc_10_15k,dem_inc_15_20k,dem_inc_20_25k,dem_inc_25_30k,dem_inc_30_35k,dem_inc_35_40k,dem_inc_40_45k,dem_inc_45_50k,dem_inc_50_60k,dem_inc_60_75k,dem_inc_75_100k,dem_inc_100_125k,dem_inc_125_150k,dem_inc_150_200k,dem_inc_200k_plus
2026-01-01,306,7.92,77.5,22.5,Likely D,0.09,3.18,7.47,2.82,5.1,53.96,46.04,0.0,False,False,,,,0.0,0.0,0.0,45.7,36.45,10,9.25,0.25,7.66,0.82,41.0,-14.5,51.6,97.6,69.6,71.6,64.6,64.6,61.3,58.3,53.3,50.3,50.3,51.3,51.3,53.6,48.6,50.6,51.6,57.6,63.6,61.6,65.6,59.1,58.1,58.1,57.1,56.1,55.1,54.1,53.1,53.1,52.1,52.1,52.1,53.1,53.1,54.1,55.1
2026-01-02,305,7.92,77.5,22.5,Likely D,0.09,3.18,7.47,2.82,5.1,53.96,46.04,0.0,False,False,,,,0.0,0.0,0.0,45.7,36.45,10,9.25,0.25,7.66,0.82,41.0,-14.5,51.6,97.6,69.6,71.6,64.6,64.6,61.3,58.3,53.3,50.3,50.3,51.3,51.3,53.6,48.6,50.6,51.6,57.6,63.6,61.6,65.6,59.1,58.1,58.1,57.1,56.1,55.1,54.1,53.1,53.1,52.1,52.1,52.1,53.1,53.1,54.1,55.1
2026-01-03,304,7.93,77.5,22.5,Likely D,0.1,3.19,7.49,2.82,5.11,53.96,46.04,0.0,False,False,,,,0.0,0.0,0.0,45.7,36.45,10,9.25,0.25,7.67,0.82,41.0,-14.5,51.6,97.6,69.6,71.6,64.6,64.6,61.3,58.3,53.3,50.3,50.3,51.3,51.3,53.6,48.6,50.6,51.6,57.6,63.6,61.6,65.6,59.1,58.1,58.1,57.1,56.1,55.1,54.1,53.1,53.1,52.1,52.1,52.1,53.1,53.1,54.1,55.1
2026-01-04,303,7.87,77.4,22.6,Likely D,0.08,3.13,7.41,2.82,5.05,53.94,46.06,0.0,False,False,,,,0.0,0.0,0.0,45.7,36.45,10,9.25,0.25,7.61,0.82,41.2,-14.2,51.5,97.5,69.5,71.5,64.5,64.5,61.3,58.3,53.3,50.3,50.3,51.3,51.3,53.5,48.5,50.5,51.5,57.5,63.5,61.5,65.5,59.1,58.1,58.1,57.1,56.1,55.1,54.1,53.1,53.1,52.1,52.1,52.1,53.1,53.1,54.1,55.1
2026-01-05,302,7.91,77.5,22.5,Likely D,0.09,3.17,7.46,2.82,5.09,53.95,46.05,0.0,False,False,,,,0.0,0.0,0.0,45.7,36.45,10,9.25,0.25,7.65,0.82,41.2,-14.3,51.6,97.6,69.6,71.6,64.6,64.6,61.3,58.3,53.3,50.3,50.3,51.3,51.3,53.6,48.6,50.6,51.6,57.6,63.6,61.6,65.6,59.1,58.1,58.1,57.1,56.1,55.1,54.1,53.1,53.1,52.1,52.1,52.1,53.1,53.1,54.1,55.1
2026-01-06,301,7.91,77.5,22.5,Likely D,0.09,3.17,7.46,2.82,5.09,53.95,46.05,0.0,False,False,,,,0.0,0.0,0.0,45.7,36.45,10,9.25,0.25,7.65,0.82,41.2,-14.3,51.6,97.6,69.6,71.6,64.6,64.6,61.3,58.3,53.3,50.3,50.3,51.3,51.3,53.6,48.6,50.6,51.6,57.6,63.6,61.6,65.6,59.1,58.1,58.1,57.1,56.1,55.1,54.1,53.1,53.1,52.1,52.1,52.1,53.1,53.1,54.1,55.1
2026-01-07,300,7.91,77.5,22.5,Likely D,0.09,3.17,7.46,2.82,5.09,53.95,46.05,0.0,False,False,,,,0.0,0.0,0.0,45.7,36.45,10,9.25,0.25,7.65,0.82,41.1,-14.4,51.6,97.6,69.6,71.6,64.6,64.6,61.3,58.3,53.3,50.3,50.3,51.3,51.3,53.6,48.6,50.6,51.6,57.6,63.6,61.6,65.6,59.1,58.1,58.1,57.1,56.1,55.1,54.1,53.1,53.1,52.1,52.1,52.1,53.1,53.1,54.1,55.1
2026-01-08,299,7.91,77.5,22.5,Likely D,0.09,3.17,7.46,2.82,5.09,53.95,46.05,0.0,False,False,,,,0.0,0.0,0.0,45.7,36.45,10,9.25,0.25,7.65,0.82,41.2,-14.3,51.6,97.6,69.6,71.6,64.6,64.6,61.3,58.3,53.3,50.3,50.3,51.3,51.3,53.6,48.6,50.6,51.6,57.6,63.6,61.6,65.6,59.1,58.1,58.1,57.1,56.1,55.1,54.1,53.1,53.1,52.1,52.1,52.1,53.1,53.1,54.1,55.1
2026-01-09,298,7.91,77.5,22.5,Likely D,0.09,3.17,7.46,2.82,5.09,53.95,46.05,0.0,False,False,,,,0.0,0.0,0.0,45.7,36.45,10,9.25,0.25,7.65,0.82,41.1,-14.3,51.6,97.6,69.6,71.6,64.6,64.6,61.3,58.3,53.3,50.3,50.3,51.3,51.3,53.6,48.6,50.6,51.6,57.6,63.6,61.6,65.6,59.1,58.1,58.1,57.1,56.1,55.1,54.1,53.1,53.1,52.1,52.1,52.1,53.1,53.1,54.1,55.1
2026-01-10,297,7.91,77.5,22.5,Likely D,0.09,3.17,7.46,2.82,5.09,53.95,46.05,0.0,False,False,,,,0.0,0.0,0.0,45.7,36.45,10,9.25,0.25,7.65,0.82,41.1,-14.3,51.6,97.6,69.6,71.6,64.6,64.6,61.3,58.3,53.3,50.3,50.3,51.3,51.3,53.6,48.6,50.6,51.6,57.6,63.6,61.6,65.6,59.1,58.1,58.1,57.1,56.1,55.1,54.1,53.1,53.1,52.1,52.1,52.1,53.1,53.1,54.1,55.1
2026-01-11,296,7.89,77.4,22.6,Likely D,0.09,3.15,7.44,2.82,5.07,53.95,46.05,0.0,False,False,,,,0.0,0.0,0.0,45.7,36.45,10,9.25,0.25,7.63,0.82,41.1,-14.5,51.6,97.6,69.6,71.6,64.6,64.6,61.3,58.3,53.3,50.3,50.3,51.3,51.3,53.6,48.6,50.6,51.6,57.6,63.6,61.6,65.6,59.1,58.1,58.1,57.1,56.1,55.1,54.1,53.1,53.1,52.1,52.1,52.1,53.1,53.1,54.1,55.1
2026-01-12,295,7.93,77.5,22.5,Likely D,0.1,3.19,7.49,2.82,5.11,53.96,46.04,0.0,False,False,,,,0.0,0.0,0.0,45.7,36.45,10,9.25,0.25,7.67,0.82,41.0,-14.6,51.6,97.6,69.6,71.6,64.6,64.6,61.3,58.3,53.3,50.3,50.3,51.3,51.3,53.6,48.6,50.6,51.6,57.6,63.6,61.6,65.6,59.1,58.1,58.1,57.1,56.1,55.1,54.1,53.1,53.1,52.1,52.1,52.1,53.1,53.1,54.1,55.1
2026-01-13,294,7.91,77.5,22.5,Likely D,0.09,3.17,7.46,2.82,5.09,53.95,46.05,0.0,False,False,,,,0.0,0.0,0.0,45.7,36.45,10,9.25,0.25,7.65,0.82,40.9,-14.8,51.6,97.6,69.6,71.6,64.6,64.6,61.3,58.3,53.3,50.3,50.3,51.3,51.3,53.6,48.6,50.6,51.6,57.6,63.6,61.6,65.6,59.1,58.1,58.1,57.1,56.1,55.1,54.1,53.1,53.1,52.1,52.1,52.1,53.1,53.1,54.1,55.1
2026-01-14,293,7.92,77.5,22.5,Likely D,0.09,3.18,7.47,2.82,5.1,53.96,46.04,0.0,False,False,,,,0.0,0.0,0.0,45.7,36.45,10,9.25,0.25,7.66,0.82,41.0,-14.8,51.6,97.6,69.6,71.6,64.6,64.6,61.3,58.3,53.3,50.3,50.3,51.3,51.3,53.6,48.6,50.6,51.6,57.6,63.6,61.6,65.6,59.1,58.1,58.1,57.1,56.1,55.1,54.1,53.1,53.1,52.1,52.1,52.1,53.1,53.1,54.1,55.1
2026-01-15,292,7.94,77.6,22.4,Likely D,0.1,3.2,7.5,2.82,5.11,53.97,46.03,0.0,False,False,,,,0.0,0.0,0.0,45.7,36.45,10,9.25,0.25,7.68,0.82,41.0,-14.7,51.6,97.6,69.6,71.6,64.6,64.6,61.3,58.3,53.3,50.3,50.3,51.3,51.3,53.6,48.6,50.6,51.6,57.6,63.6,61.6,65.6,59.1,58.1,58.1,57.1,56.1,55.1,54.1,53.1,53.1,52.1,52.1,52.1,53.1,53.1,54.1,55.1
2026-01-16,291,7.94,77.6,22.4,Likely D,0.1,3.2,7.5,2.82,5.11,53.97,46.03,0.0,False,False,,,,0.0,0.0,0.0,45.7,36.45,10,9.25,0.25,7.68,0.82,40.9,-14.8,51.6,97.6,69.6,71.6,64.6,64.6,61.3,58.3,53.3,50.3,50.3,51.3,51.3,53.6,48.6,50.6,51.6,57.6,63.6,61.6,65.6,59.1,58.1,58.1,57.1,56.1,55.1,54.1,53.1,53.1,52.1,52.1,52.1,53.1,53.1,54.1,55.1
2026-01-17,290,7.97,77.7,22.3,Likely D,0.11,3.24,7.55,2.82,5.15,53.99,46.01,0.0,False,False,,,,0.0,0.0,0.0,45.7,36.45,10,9.25,0.25,7.72,0.82,40.9,-14.9,51.6,97.6,69.6,71.6,64.6,64.6,61.3,58.3,53.3,50.3,50.3,51.3,51.3,53.6,48.6,50.6,51.6,57.6,63.6,61.6,65.6,59.1,58.1,58.1,57.1,56.1,55.1,54.1,53.1,53.1,52.1,52.1,52.1,53.1,53.1,54.1,55.1
2026-01-18,289,7.93,77.5,22.5,Likely D,0.1,3.19,7.49,2.82,5.11,53.96,46.04,0.0,False,False,,,,0.0,0.0,0.0,45.7,36.45,10,9.25,0.25,7.67,0.82,40.9,-14.9,51.6,97.6,69.6,71.6,64.6,64.6,61.3,58.3,53.3,50.3,50.3,51.3,51.3,53.6,48.6,50.6,51.6,57.6,63.6,61.6,65.6,59.1,58.1,58.1,57.1,56.1,55.1,54.1,53.1,53.1,52.1,52.1,52.1,53.1,53.1,54.1,55.1
2026-01-19,288,7.61,76.6,23.4,Likely D,-0.14,3.23,7.29,2.82,4.79,53.8,46.2,0.0,False,False,,,,0.0,0.0,0.0,47.89,39.37,11,8.520000000000003,0.257,7.71,0.82,40.9,-14.8,51.4,97.4,69.4,71.4,64.4,64.4,61.2,58.2,53.2,50.2,50.2,51.2,51.2,53.4,48.4,50.4,51.4,57.4,63.4,61.4,65.4,58.9,57.9,57.9,56.9,55.9,54.9,53.9,52.9,52.9,51.9,51.9,51.9,52.9,52.9,53.9,54.9
2026-01-20,287,7.68,76.8,23.2,Likely D,-0.12,3.31,7.39,2.82,4.86,53.84,46.16,0.0,False,False,,,,0.0,0.0,0.0,47.89,39.37,11,8.520000000000003,0.257,7.79,0.82,40.8,-15.0,51.4,97.4,69.4,71.4,64.4,64.4,61.2,58.2,53.2,50.2,50.2,51.2,51.2,53.4,48.4,50.4,51.4,57.4,63.4,61.4,65.4,59.0,58.0,58.0,57.0,56.0,55.0,54.0,53.0,53.0,52.0,52.0,52.0,53.0,53.0,54.0,55.0
2026-01-21,286,7.68,76.8,23.2,Likely D,-0.12,3.31,7.39,2.82,4.86,53.84,46.16,0.0,False,False,,,,0.0,0.0,0.0,47.89,39.37,11,8.520000000000003,0.257,7.79,0.82,40.8,-15.0,51.4,97.4,69.4,71.4,64.4,64.4,61.2,58.2,53.2,50.2,50.2,51.2,51.2,53.4,48.4,50.4,51.4,57.4,63.4,61.4,65.4,59.0,58.0,58.0,57.0,56.0,55.0,54.0,53.0,53.0,52.0,52.0,52.0,53.0,53.0,54.0,55.0
2026-01-22,285,7.7,76.9,23.1,Likely D,-0.12,3.33,7.41,2.82,4.88,53.85,46.15,0.0,False,False,,,,0.0,0.0,0.0,47.89,39.37,11,8.520000000000003,0.257,7.81,0.82,40.8,-15.1,51.5,97.5,69.5,71.5,64.5,64.5,61.2,58.2,53.2,50.2,50.2,51.2,51.2,53.5,48.5,50.5,51.5,57.5,63.5,61.5,65.5,59.0,58.0,58.0,57.0,56.0,55.0,54.0,53.0,53.0,52.0,52.0,52.0,53.0,53.0,54.0,55.0
2026-01-23,284,7.71,76.9,23.1,Likely D,-0.11,3.34,7.43,2.82,4.89,53.85,46.15,0.0,False,False,,,,0.0,0.0,0.0,47.89,39.37,11,8.520000000000003,0.257,7.82,0.82,40.8,-15.1,51.5,97.5,69.5,71.5,64.5,64.5,61.2,58.2,53.2,50.2,50.2,51.2,51.2,53.5,48.5,50.5,51.5,57.5,63.5,61.5,65.5,59.0,58.0,58.0,57.0,56.0,55.0,54.0,53.0,53.0,52.0,52.0,52.0,53.0,53.0,54.0,55.0
2026-01-24,283,7.71,76.9,23.1,Likely D,-0.11,3.34,7.43,2.82,4.89,53.85,46.15,0.0,False,False,,,,0.0,0.0,0.0,47.89,39.37,11,8.520000000000003,0.257,7.82,0.82,40.8,-15.1,51.5,97.5,69.5,71.5,64.5,64.5,61.2,58.2,53.2,50.2,50.2,51.2,51.2,53.5,48.5,50.5,51.5,57.5,63.5,61.5,65.5,59.0,58.0,58.0,57.0,56.0,55.0,54.0,53.0,53.0,52.0,52.0,52.0,53.0,53.0,54.0,55.0
2026-01-25,282,7.65,76.8,23.2,Likely D,-0.13,3.28,7.35,2.82,4.83,53.83,46.17,0.0,False,False,,,,0.0,0.0,0.0,47.89,39.37,11,8.520000000000003,0.257,7.76,0.82,40.8,-15.1,51.4,97.4,69.4,71.4,64.4,64.4,61.2,58.2,53.2,50.2,50.2,51.2,51.2,53.4,48.4,50.4,51.4,57.4,63.4,61.4,65.4,59.0,58.0,58.0,57.0,56.0,55.0,54.0,53.0,53.0,52.0,52.0,52.0,53.0,53.0,54.0,55.0
2026-01-26,281,7.68,76.8,23.2,Likely D,-0.12,3.31,7.39,2.82,4.86,53.84,46.16,0.0,False,False,,,,0.0,0.0,0.0,47.89,39.37,11,8.520000000000003,0.257,7.79,0.82,40.7,-15.4,51.4,97.4,69.4,71.4,64.4,64.4,61.2,58.2,53.2,50.2,50.2,51.2,51.2,53.4,48.4,50.4,51.4,57.4,63.4,61.4,65.4,59.0,58.0,58.0,57.0,56.0,55.0,54.0,53.0,53.0,52.0,52.0,52.0,53.0,53.0,54.0,55.0
2026-01-27,280,7.68,76.8,23.2,Likely D,-0.12,3.31,7.39,2.82,4.86,53.84,46.16,0.0,False,False,,,,0.0,0.0,0.0,47.89,39.37,11,8.520000000000003,0.257,7.79,0.82,40.7,-15.4,51.4,97.4,69.4,71.4,64.4,64.4,61.2,58.2,53.2,50.2,50.2,51.2,51.2,53.4,48.4,50.4,51.4,57.4,63.4,61.4,65.4,59.0,58.0,58.0,57.0,56.0,55.0,54.0,53.0,53.0,52.0,52.0,52.0,53.0,53.0,54.0,55.0
2026-01-28,279,7.71,76.9,23.1,Likely D,-0.11,3.34,7.43,2.82,4.89,53.85,46.15,0.0,False,False,,,,0.0,0.0,0.0,47.89,39.37,11,8.520000000000003,0.257,7.82,0.82,40.7,-15.4,51.5,97.5,69.5,71.5,64.5,64.5,61.2,58.2,53.2,50.2,50.2,51.2,51.2,53.5,48.5,50.5,51.5,57.5,63.5,61.5,65.5,59.0,58.0,58.0,57.0,56.0,55.0,54.0,53.0,53.0,52.0,52.0,52.0,53.0,53.0,54.0,55.0
2026-01-29,278,7.45,76.2,23.8,Likely D,-0.12,3.33,7.41,2.82,4.63,53.73,46.27,0.0,False,False,,,,0.0,0.0,0.0,47.29,39.7,12,7.589999999999996,0.262,7.81,0.82,40.7,-15.3,51.3,97.3,69.3,71.3,64.3,64.3,61.1,58.1,53.1,50.1,50.1,51.1,51.1,53.3,48.3,50.3,51.3,57.3,63.3,61.3,65.3,58.9,57.9,57.9,56.9,55.9,54.9,53.9,52.9,52.9,51.9,51.9,51.9,52.9,52.9,53.9,54.9
2026-01-30,277,7.46,76.2,23.8,Likely D,-0.12,3.34,7.42,2.82,4.64,53.73,46.27,0.0,False,False,,,,0.0,0.0,0.0,47.29,39.7,12,7.589999999999996,0.262,7.82,0.82,40.7,-15.4,51.3,97.3,69.3,71.3,64.3,64.3,61.1,58.1,53.1,50.1,50.1,51.1,51.1,53.3,48.3,50.3,51.3,57.3,63.3,61.3,65.3,58.9,57.9,57.9,56.9,55.9,54.9,53.9,52.9,52.9,51.9,51.9,51.9,52.9,52.9,53.9,54.9
2026-01-31,276,7.46,76.2,23.8,Likely D,-0.12,3.34,7.42,2.82,4.64,53.73,46.27,0.0,False,False,,,,0.0,0.0,0.0,47.29,39.7,12,7.589999999999996,0.262,7.82,0.82,40.7,-15.4,51.3,97.3,69.3,71.3,64.3,64.3,61.1,58.1,53.1,50.1,50.1,51.1,51.1,53.3,48.3,50.3,51.3,57.3,63.3,61.3,65.3,58.9,57.9,57.9,56.9,55.9,54.9,53.9,52.9,52.9,51.9,51.9,51.9,52.9,52.9,53.9,54.9
2026-02-01,275,7.39,76.0,24.0,Likely D,-0.14,3.26,7.32,2.82,4.57,53.7,46.3,0.0,False,False,,,,0.0,0.0,0.0,47.29,39.7,12,7.589999999999996,0.262,7.74,0.82,40.8,-15.3,51.3,97.3,69.3,71.3,64.3,64.3,61.1,58.1,53.1,50.1,50.1,51.1,51.1,53.3,48.3,50.3,51.3,57.3,63.3,61.3,65.3,58.8,57.8,57.8,56.8,55.8,54.8,53.8,52.8,52.8,51.8,51.8,51.8,52.8,52.8,53.8,54.8
2026-02-02,274,7.38,76.0,24.0,Likely D,-0.14,3.25,7.31,2.82,4.56,53.69,46.31,0.0,False,False,,,,0.0,0.0,0.0,47.29,39.7,12,7.589999999999996,0.262,7.73,0.82,40.6,-15.4,51.3,97.3,69.3,71.3,64.3,64.3,61.0,58.0,53.0,50.0,50.0,51.0,51.0,53.3,48.3,50.3,51.3,57.3,63.3,61.3,65.3,58.8,57.8,57.8,56.8,55.8,54.8,53.8,52.8,52.8,51.8,51.8,51.8,52.8,52.8,53.8,54.8
2026-02-03,273,7.38,76.0,24.0,Likely D,-0.14,3.25,7.31,2.82,4.56,53.69,46.31,0.0,False,False,,,,0.0,0.0,0.0,47.29,39.7,12,7.589999999999996,0.262,7.73,0.82,40.6,-15.4,51.3,97.3,69.3,71.3,64.3,64.3,61.0,58.0,53.0,50.0,50.0,51.0,51.0,53.3,48.3,50.3,51.3,57.3,63.3,61.3,65.3,58.8,57.8,57.8,56.8,55.8,54.8,53.8,52.8,52.8,51.8,51.8,51.8,52.8,52.8,53.8,54.8
2026-02-04,272,7.38,76.0,24.0,Likely D,-0.14,3.25,7.31,2.82,4.56,53.69,46.31,0.0,False,False,,,,0.0,0.0,0.0,47.29,39.7,12,7.589999999999996,0.262,7.73,0.82,40.6,-15.4,51.3,97.3,69.3,71.3,64.3,64.3,61.0,58.0,53.0,50.0,50.0,51.0,51.0,53.3,48.3,50.3,51.3,57.3,63.3,61.3,65.3,58.8,57.8,57.8,56.8,55.8,54.8,53.8,52.8,52.8,51.8,51.8,51.8,52.8,52.8,53.8,54.8
2026-02-05,271,7.39,76.0,24.0,Likely D,-0.14,3.26,7.32,2.82,4.57,53.7,46.3,0.0,False,False,,,,0.0,0.0,0.0,47.29,39.7,12,7.589999999999996,0.262,7.74,0.82,40.7,-15.4,51.3,97.3,69.3,71.3,64.3,64.3,61.1,58.1,53.1,50.1,50.1,51.1,51.1,53.3,48.3,50.3,51.3,57.3,63.3,61.3,65.3,58.8,57.8,57.8,56.8,55.8,54.8,53.8,52.8,52.8,51.8,51.8,51.8,52.8,52.8,53.8,54.8
2026-02-06,270,7.39,76.0,24.0,Likely D,-0.14,3.26,7.32,2.82,4.57,53.7,46.3,0.0,False,False,,,,0.0,0.0,0.0,47.29,39.7,12,7.589999999999996,0.262,7.74,0.82,40.6,-15.4,51.3,97.3,69.3,71.3,64.3,64.3,61.1,58.1,53.1,50.1,50.1,51.1,51.1,53.3,48.3,50.3,51.3,57.3,63.3,61.3,65.3,58.8,57.8,57.8,56.8,55.8,54.8,53.8,52.8,52.8,51.8,51.8,51.8,52.8,52.8,53.8,54.8
2026-02-07,269,7.39,76.0,24.0,Likely D,-0.14,3.26,7.32,2.82,4.57,53.7,46.3,0.0,False,False,,,,0.0,0.0,0.0,47.29,39.7,12,7.589999999999996,0.262,7.74,0.82,40.6,-15.4,51.3,97.3,69.3,71.3,64.3,64.3,61.1,58.1,53.1,50.1,50.1,51.1,51.1,53.3,48.3,50.3,51.3,57.3,63.3,61.3,65.3,58.8,57.8,57.8,56.8,55.8,54.8,53.8,52.8,52.8,51.8,51.8,51.8,52.8,52.8,53.8,54.8
2026-02-08,268,7.38,76.0,24.0,Likely D,-0.14,3.25,7.31,2.82,4.56,53.69,46.31,0.0,False,False,,,,0.0,0.0,0.0,47.29,39.7,12,7.589999999999996,0.262,7.73,0.82,40.5,-15.8,51.3,97.3,69.3,71.3,64.3,64.3,61.0,58.0,53.0,50.0,50.0,51.0,51.0,53.3,48.3,50.3,51.3,57.3,63.3,61.3,65.3,58.8,57.8,57.8,56.8,55.8,54.8,53.8,52.8,52.8,51.8,51.8,51.8,52.8,52.8,53.8,54.8
2026-02-09,267,7.42,76.1,23.9,Likely D,-0.13,3.29,7.36,2.82,4.6,53.71,46.29,0.0,False,False,,,,0.0,0.0,0.0,47.29,39.7,12,7.589999999999996,0.262,7.77,0.82,40.5,-15.7,51.3,97.3,69.3,71.3,64.3,64.3,61.1,58.1,53.1,50.1,50.1,51.1,51.1,53.3,48.3,50.3,51.3,57.3,63.3,61.3,65.3,58.9,57.9,57.9,56.9,55.9,54.9,53.9,52.9,52.9,51.9,51.9,51.9,52.9,52.9,53.9,54.9
2026-02-10,266,7.44,76.1,23.9,Likely D,-0.13,3.31,7.38,2.82,4.61,53.72,46.28,0.0,False,False,,,,0.0,0.0,0.0,47.29,39.7,12,7.589999999999996,0.262,7.79,0.82,40.4,-15.8,51.3,97.3,69.3,71.3,64.3,64.3,61.1,58.1,53.1,50.1,50.1,51.1,51.1,53.3,48.3,50.3,51.3,57.3,63.3,61.3,65.3,58.9,57.9,57.9,56.9,55.9,54.9,53.9,52.9,52.9,51.9,51.9,51.9,52.9,52.9,53.9,54.9
2026-02-11,265,7.44,76.2,23.8,Likely D,-0.13,3.32,7.39,2.82,4.62,53.72,46.28,0.0,False,False,,,,0.0,0.0,0.0,47.29,39.7,12,7.589999999999996,0.262,7.8,0.82,40.4,-15.8,51.3,97.3,69.3,71.3,64.3,64.3,61.1,58.1,53.1,50.1,50.1,51.1,51.1,53.3,48.3,50.3,51.3,57.3,63.3,61.3,65.3,58.9,57.9,57.9,56.9,55.9,54.9,53.9,52.9,52.9,51.9,51.9,51.9,52.9,52.9,53.9,54.9
2026-02-12,264,7.42,76.1,23.9,Likely D,-0.13,3.29,7.36,2.82,4.6,53.71,46.29,0.0,False,False,,,,0.0,0.0,0.0,47.29,39.7,12,7.589999999999996,0.262,7.77,0.82,40.4,-15.8,51.3,97.3,69.3,71.3,64.3,64.3,61.1,58.1,53.1,50.1,50.1,51.1,51.1,53.3,48.3,50.3,51.3,57.3,63.3,61.3,65.3,58.9,57.9,57.9,56.9,55.9,54.9,53.9,52.9,52.9,51.9,51.9,51.9,52.9,52.9,53.9,54.9
2026-02-13,263,7.43,76.1,23.9,Likely D,-0.13,3.3,7.37,2.82,4.61,53.71,46.29,0.0,False,False,,,,0.0,0.0,0.0,47.29,39.7,12,7.589999999999996,0.262,7.78,0.82,40.5,-15.8,51.3,97.3,69.3,71.3,64.3,64.3,61.1,58.1,53.1,50.1,50.1,51.1,51.1,53.3,48.3,50.3,51.3,57.3,63.3,61.3,65.3,58.9,57.9,57.9,56.9,55.9,54.9,53.9,52.9,52.9,51.9,51.9,51.9,52.9,52.9,53.9,54.9
2026-02-14,262,7.43,76.1,23.9,Likely D,-0.13,3.3,7.37,2.82,4.61,53.71,46.29,0.0,False,False,,,,0.0,0.0,0.0,47.29,39.7,12,7.589999999999996,0.262,7.78,0.82,40.5,-15.8,51.3,97.3,69.3,71.3,64.3,64.3,61.1,58.1,53.1,50.1,50.1,51.1,51.1,53.3,48.3,50.3,51.3,57.3,63.3,61.3,65.3,58.9,57.9,57.9,56.9,55.9,54.9,53.9,52.9,52.9,51.9,51.9,51.9,52.9,52.9,53.9,54.9
2026-02-15,261,7.42,76.1,23.9,Likely D,-0.13,3.29,7.36,2.82,4.6,53.71,46.29,0.0,False,False,,,,0.0,0.0,0.0,47.29,39.7,12,7.589999999999996,0.262,7.77,0.82,40.5,-15.8,51.3,97.3,69.3,71.3,64.3,64.3,61.1,58.1,53.1,50.1,50.1,51.1,51.1,53.3,48.3,50.3,51.3,57.3,63.3,61.3,65.3,58.9,57.9,57.9,56.9,55.9,54.9,53.9,52.9,52.9,51.9,51.9,51.9,52.9,52.9,53.9,54.9
2026-02-16,260,7.45,76.2,23.8,Likely D,-0.12,3.33,7.41,2.82,4.63,53.73,46.27,0.0,False,False,,,,0.0,0.0,0.0,47.29,39.7,12,7.589999999999996,0.262,7.81,0.82,40.4,-15.9,51.3,97.3,69.3,71.3,64.3,64.3,61.1,58.1,53.1,50.1,50.1,51.1,51.1,53.3,48.3,50.3,51.3,57.3,63.3,61.3,65.3,58.9,57.9,57.9,56.9,55.9,54.9,53.9,52.9,52.9,51.9,51.9,51.9,52.9,52.9,53.9,54.9
2026-02-17,259,7.44,76.1,23.9,Likely D,-0.13,3.31,7.38,2.82,4.61,53.72,46.28,0.0,False,False,,,,0.0,0.0,0.0,47.29,39.7,12,7.589999999999996,0.262,7.79,0.82,40.4,-16.0,51.3,97.3,69.3,71.3,64.3,64.3,61.1,58.1,53.1,50.1,50.1,51.1,51.1,53.3,48.3,50.3,51.3,57.3,63.3,61.3,65.3,58.9,57.9,57.9,56.9,55.9,54.9,53.9,52.9,52.9,51.9,51.9,51.9,52.9,52.9,53.9,54.9
2026-02-18,258,7.45,76.2,23.8,Likely D,-0.12,3.33,7.41,2.82,4.63,53.73,46.27,0.0,False,False,,,,0.0,0.0,0.0,47.29,39.7,12,7.589999999999996,0.262,7.81,0.82,40.4,-16.0,51.3,97.3,69.3,71.3,64.3,64.3,61.1,58.1,53.1,50.1,50.1,51.1,51.1,53.3,48.3,50.3,51.3,57.3,63.3,61.3,65.3,58.9,57.9,57.9,56.9,55.9,54.9,53.9,52.9,52.9,51.9,51.9,51.9,52.9,52.9,53.9,54.9
2026-02-19,257,7.46,76.2,23.8,Likely D,-0.12,3.34,7.42,2.82,4.64,53.73,46.27,0.0,False,False,,,,0.0,0.0,0.0,47.29,39.7,12,7.589999999999996,0.262,7.82,0.82,40.4,-15.9,51.3,97.3,69.3,71.3,64.3,64.3,61.1,58.1,53.1,50.1,50.1,51.1,51.1,53.3,48.3,50.3,51.3,57.3,63.3,61.3,65.3,58.9,57.9,57.9,56.9,55.9,54.9,53.9,52.9,52.9,51.9,51.9,51.9,52.9,52.9,53.9,54.9
2026-02-20,256,7.52,76.4,23.6,Likely D,-0.11,3.4,7.49,2.82,4.7,53.76,46.24,0.0,False,False,,,,0.0,0.0,0.0,47.29,39.7,12,7.589999999999996,0.262,7.88,0.82,40.2,-16.3,51.4,97.4,69.4,71.4,64.4,64.4,61.1,58.1,53.1,50.1,50.1,51.1,51.1,53.4,48.4,50.4,51.4,57.4,63.4,61.4,65.4,58.9,57.9,57.9,56.9,55.9,54.9,53.9,52.9,52.9,51.9,51.9,51.9,52.9,52.9,53.9,54.9
2026-02-21,255,7.52,76.4,23.6,Likely D,-0.11,3.4,7.49,2.82,4.7,53.76,46.24,0.0,False,False,,,,0.0,0.0,0.0,47.29,39.7,12,7.589999999999996,0.262,7.88,0.82,40.2,-16.3,51.4,97.4,69.4,71.4,64.4,64.4,61.1,58.1,53.1,50.1,50.1,51.1,51.1,53.4,48.4,50.4,51.4,57.4,63.4,61.4,65.4,58.9,57.9,57.9,56.9,55.9,54.9,53.9,52.9,52.9,51.9,51.9,51.9,52.9,52.9,53.9,54.9
2026-02-22,254,7.55,76.5,23.5,Likely D,-0.1,3.44,7.54,2.82,4.73,53.78,46.22,0.0,False,False,,,,0.0,0.0,0.0,47.29,39.7,12,7.589999999999996,0.262,7.92,0.82,40.3,-16.2,51.4,97.4,69.4,71.4,64.4,64.4,61.1,58.1,53.1,50.1,50.1,51.1,51.1,53.4,48.4,50.4,51.4,57.4,63.4,61.4,65.4,58.9,57.9,57.9,56.9,55.9,54.9,53.9,52.9,52.9,51.9,51.9,51.9,52.9,52.9,53.9,54.9
2026-02-23,253,7.53,76.4,23.6,Likely D,-0.1,3.42,7.52,2.82,4.71,53.77,46.23,0.0,False,False,,,,0.0,0.0,0.0,47.29,39.7,12,7.589999999999996,0.262,7.9,0.82,40.3,-16.3,51.4,97.4,69.4,71.4,64.4,64.4,61.1,58.1,53.1,50.1,50.1,51.1,51.1,53.4,48.4,50.4,51.4,57.4,63.4,61.4,65.4,58.9,57.9,57.9,56.9,55.9,54.9,53.9,52.9,52.9,51.9,51.9,51.9,52.9,52.9,53.9,54.9
2026-02-24,252,7.53,76.4,23.6,Likely D,-0.1,3.42,7.52,2.82,4.71,53.77,46.23,0.0,False,False,,,,0.0,0.0,0.0,47.29,39.7,12,7.589999999999996,0.262,7.9,0.82,40.3,-16.3,51.4,97.4,69.4,71.4,64.4,64.4,61.1,58.1,53.1,50.1,50.1,51.1,51.1,53.4,48.4,50.4,51.4,57.4,63.4,61.4,65.4,58.9,57.9,57.9,56.9,55.9,54.9,53.9,52.9,52.9,51.9,51.9,51.9,52.9,52.9,53.9,54.9
2026-02-25,251,7.54,76.5,23.5,Likely D,-0.1,3.43,7.53,2.82,4.72,53.77,46.23,0.0,False,False,,,,0.0,0.0,0.0,47.29,39.7,12,7.589999999999996,0.262,7.91,0.82,40.3,-16.3,51.4,97.4,69.4,71.4,64.4,64.4,61.1,58.1,53.1,50.1,50.1,51.1,51.1,53.4,48.4,50.4,51.4,57.4,63.4,61.4,65.4,58.9,57.9,57.9,56.9,55.9,54.9,53.9,52.9,52.9,51.9,51.9,51.9,52.9,52.9,53.9,54.9
2026-02-26,250,7.52,76.4,23.6,Likely D,-0.11,3.4,7.49,2.82,4.7,53.76,46.24,0.0,False,False,,,,0.0,0.0,0.0,47.29,39.7,12,7.589999999999996,0.262,7.88,0.82,40.4,-16.1,51.4,97.4,69.4,71.4,64.4,64.4,61.1,58.1,53.1,50.1,50.1,51.1,51.1,53.4,48.4,50.4,51.4,57.4,63.4,61.4,65.4,58.9,57.9,57.9,56.9,55.9,54.9,53.9,52.9,52.9,51.9,51.9,51.9,52.9,52.9,53.9,54.9
2026-02-27,249,7.51,76.4,23.6,Likely D,-0.11,3.39,7.48,2.82,4.69,53.75,46.25,0.0,False,False,,,,0.0,0.0,0.0,47.29,39.7,12,7.589999999999996,0.262,7.87,0.82,40.5,-16.0,51.4,97.4,69.4,71.4,64.4,64.4,61.1,58.1,53.1,50.1,50.1,51.1,51.1,53.4,48.4,50.4,51.4,57.4,63.4,61.4,65.4,58.9,57.9,57.9,56.9,55.9,54.9,53.9,52.9,52.9,51.9,51.9,51.9,52.9,52.9,53.9,54.9
2026-02-28,248,7.53,76.4,23.6,Likely D,-0.11,3.41,7.5,2.82,4.7,53.76,46.24,0.0,False,False,,,,0.0,0.0,0.0,47.29,39.7,12,7.589999999999996,0.262,7.89,0.82,40.5,-15.9,51.4,97.4,69.4,71.4,64.4,64.4,61.1,58.1,53.1,50.1,50.1,51.1,51.1,53.4,48.4,50.4,51.4,57.4,63.4,61.4,65.4,58.9,57.9,57.9,56.9,55.9,54.9,53.9,52.9,52.9,51.9,51.9,51.9,52.9,52.9,53.9,54.9
2026-03-01,247,7.53,76.4,23.6,Likely D,-0.11,3.41,7.5,2.82,4.7,53.76,46.24,0.0,False,False,,,,0.0,0.0,0.0,47.29,39.7,12,7.589999999999996,0.262,7.89,0.82,40.5,-16.0,51.4,97.4,69.4,71.4,64.4,64.4,61.1,58.1,53.1,50.1,50.1,51.1,51.1,53.4,48.4,50.4,51.4,57.4,63.4,61.4,65.4,58.9,57.9,57.9,56.9,55.9,54.9,53.9,52.9,52.9,51.9,51.9,51.9,52.9,52.9,53.9,54.9
2026-03-02,246,7.53,76.4,23.6,Likely D,-0.1,3.42,7.52,2.82,4.71,53.77,46.23,0.0,False,False,,,,0.0,0.0,0.0,47.29,39.7,12,7.589999999999996,0.262,7.9,0.82,40.5,-16.1,51.4,97.4,69.4,71.4,64.4,64.4,61.1,58.1,53.1,50.1,50.1,51.1,51.1,53.4,48.4,50.4,51.4,57.4,63.4,61.4,65.4,58.9,57.9,57.9,56.9,55.9,54.9,53.9,52.9,52.9,51.9,51.9,51.9,52.9,52.9,53.9,54.9
2026-03-03,245,7.54,76.5,23.5,Likely D,-0.1,3.43,7.53,2.82,4.72,53.77,46.23,0.0,False,False,,,,0.0,0.0,0.0,47.29,39.7,12,7.589999999999996,0.262,7.91,0.82,40.5,-15.9,51.4,97.4,69.4,71.4,64.4,64.4,61.1,58.1,53.1,50.1,50.1,51.1,51.1,53.4,48.4,50.4,51.4,57.4,63.4,61.4,65.4,58.9,57.9,57.9,56.9,55.9,54.9,53.9,52.9,52.9,51.9,51.9,51.9,52.9,52.9,53.9,54.9
2026-03-04,244,7.61,76.7,23.3,Likely D,-0.09,3.51,7.62,2.82,4.79,53.81,46.19,0.0,False,False,,,,0.0,0.0,0.0,47.29,39.7,12,7.589999999999996,0.262,7.99,0.82,40.4,-16.1,51.4,97.4,69.4,71.4,64.4,64.4,61.2,58.2,53.2,50.2,50.2,51.2,51.2,53.4,48.4,50.4,51.4,57.4,63.4,61.4,65.4,59.0,58.0,58.0,57.0,56.0,55.0,54.0,53.0,53.0,52.0,52.0,52.0,53.0,53.0,54.0,55.0
2026-03-05,243,7.59,76.6,23.4,Likely D,-0.09,3.48,7.59,2.82,4.77,53.79,46.21,0.0,False,False,,,,0.0,0.0,0.0,47.29,39.7,12,7.589999999999996,0.262,7.96,0.82,40.4,-16.0,51.4,97.4,69.4,71.4,64.4,64.4,61.1,58.1,53.1,50.1,50.1,51.1,51.1,53.4,48.4,50.4,51.4,57.4,63.4,61.4,65.4,58.9,57.9,57.9,56.9,55.9,54.9,53.9,52.9,52.9,51.9,51.9,51.9,52.9,52.9,53.9,54.9
2026-03-06,242,7.6,76.6,23.4,Likely D,-0.09,3.49,7.6,2.82,4.78,53.8,46.2,0.0,False,False,,,,0.0,0.0,0.0,47.29,39.7,12,7.589999999999996,0.262,7.97,0.82,40.4,-16.0,51.4,97.4,69.4,71.4,64.4,64.4,61.2,58.2,53.2,50.2,50.2,51.2,51.2,53.4,48.4,50.4,51.4,57.4,63.4,61.4,65.4,58.9,57.9,57.9,56.9,55.9,54.9,53.9,52.9,52.9,51.9,51.9,51.9,52.9,52.9,53.9,54.9
2026-03-07,241,7.6,76.6,23.4,Likely D,-0.09,3.49,7.6,2.82,4.78,53.8,46.2,0.0,False,False,,,,0.0,0.0,0.0,47.29,39.7,12,7.589999999999996,0.262,7.97,0.82,40.4,-16.0,51.4,97.4,69.4,71.4,64.4,64.4,61.2,58.2,53.2,50.2,50.2,51.2,51.2,53.4,48.4,50.4,51.4,57.4,63.4,61.4,65.4,58.9,57.9,57.9,56.9,55.9,54.9,53.9,52.9,52.9,51.9,51.9,51.9,52.9,52.9,53.9,54.9
2026-03-08,240,7.58,76.6,23.4,Likely D,-0.09,3.47,7.58,2.82,4.76,53.79,46.21,0.0,False,False,,,,0.0,0.0,0.0,47.29,39.7,12,7.589999999999996,0.262,7.95,0.82,40.3,-16.0,51.4,97.4,69.4,71.4,64.4,64.4,61.1,58.1,53.1,50.1,50.1,51.1,51.1,53.4,48.4,50.4,51.4,57.4,63.4,61.4,65.4,58.9,57.9,57.9,56.9,55.9,54.9,53.9,52.9,52.9,51.9,51.9,51.9,52.9,52.9,53.9,54.9
2026-03-09,239,7.57,76.6,23.4,Likely D,-0.1,3.46,7.56,2.82,4.75,53.78,46.22,0.0,False,False,,,,0.0,0.0,0.0,47.29,39.7,12,7.589999999999996,0.262,7.94,0.82,40.3,-16.0,51.4,97.4,69.4,71.4,64.4,64.4,61.1,58.1,53.1,50.1,50.1,51.1,51.1,53.4,48.4,50.4,51.4,57.4,63.4,61.4,65.4,58.9,57.9,57.9,56.9,55.9,54.9,53.9,52.9,52.9,51.9,51.9,51.9,52.9,52.9,53.9,54.9
2026-03-10,238,7.58,76.6,23.4,Likely D,-0.09,3.47,7.58,2.82,4.76,53.79,46.21,0.0,False,False,,,,0.0,0.0,0.0,47.29,39.7,12,7.589999999999996,0.262,7.95,0.82,40.3,-16.0,51.4,97.4,69.4,71.4,64.4,64.4,61.1,58.1,53.1,50.1,50.1,51.1,51.1,53.4,48.4,50.4,51.4,57.4,63.4,61.4,65.4,58.9,57.9,57.9,56.9,55.9,54.9,53.9,52.9,52.9,51.9,51.9,51.9,52.9,52.9,53.9,54.9
2026-03-11,237,7.59,76.6,23.4,Likely D,-0.09,3.48,7.59,2.82,4.77,53.79,46.21,0.0,False,False,,,,0.0,0.0,0.0,47.29,39.7,12,7.589999999999996,0.262,7.96,0.82,40.3,-16.0,51.4,97.4,69.4,71.4,64.4,64.4,61.1,58.1,53.1,50.1,50.1,51.1,51.1,53.4,48.4,50.4,51.4,57.4,63.4,61.4,65.4,58.9,57.9,57.9,56.9,55.9,54.9,53.9,52.9,52.9,51.9,51.9,51.9,52.9,52.9,53.9,54.9
2026-03-12,236,7.59,76.6,23.4,Likely D,-0.09,3.48,7.59,2.82,4.77,53.79,46.21,0.0,False,False,,,,0.0,0.0,0.0,47.29,39.7,12,7.589999999999996,0.262,7.96,0.82,40.3,-16.0,51.4,97.4,69.4,71.4,64.4,64.4,61.1,58.1,53.1,50.1,50.1,51.1,51.1,53.4,48.4,50.4,51.4,57.4,63.4,61.4,65.4,58.9,57.9,57.9,56.9,55.9,54.9,53.9,52.9,52.9,51.9,51.9,51.9,52.9,52.9,53.9,54.9
2026-03-13,235,7.59,76.6,23.4,Likely D,-0.09,3.48,7.59,2.82,4.77,53.79,46.21,0.0,False,False,,,,0.0,0.0,0.0,47.29,39.7,12,7.589999999999996,0.262,7.96,0.82,40.3,-16.0,51.4,97.4,69.4,71.4,64.4,64.4,61.1,58.1,53.1,50.1,50.1,51.1,51.1,53.4,48.4,50.4,51.4,57.4,63.4,61.4,65.4,58.9,57.9,57.9,56.9,55.9,54.9,53.9,52.9,52.9,51.9,51.9,51.9,52.9,52.9,53.9,54.9
2026-03-14,234,7.6,76.6,23.4,Likely D,-0.09,3.49,7.6,2.82,4.78,53.8,46.2,0.0,False,False,,,,0.0,0.0,0.0,47.29,39.7,12,7.589999999999996,0.262,7.97,0.82,40.3,-16.0,51.4,97.4,69.4,71.4,64.4,64.4,61.2,58.2,53.2,50.2,50.2,51.2,51.2,53.4,48.4,50.4,51.4,57.4,63.4,61.4,65.4,58.9,57.9,57.9,56.9,55.9,54.9,53.9,52.9,52.9,51.9,51.9,51.9,52.9,52.9,53.9,54.9
2026-03-15,233,7.61,76.7,23.3,Likely D,-0.09,3.5,7.61,2.82,4.79,53.8,46.2,0.0,False,False,,,,0.0,0.0,0.0,47.29,39.7,12,7.589999999999996,0.262,7.98,0.82,40.3,-16.0,51.4,97.4,69.4,71.4,64.4,64.4,61.2,58.2,53.2,50.2,50.2,51.2,51.2,53.4,48.4,50.4,51.4,57.4,63.4,61.4,65.4,58.9,57.9,57.9,56.9,55.9,54.9,53.9,52.9,52.9,51.9,51.9,51.9,52.9,52.9,53.9,54.9
2026-03-16,232,7.62,76.7,23.3,Likely D,-0.08,3.52,7.64,2.82,4.8,53.81,46.19,0.0,False,False,,,,0.0,0.0,0.0,47.29,39.7,12,7.589999999999996,0.262,8.0,0.82,40.2,-16.2,51.4,97.4,69.4,71.4,64.4,64.4,61.2,58.2,53.2,50.2,50.2,51.2,51.2,53.4,48.4,50.4,51.4,57.4,63.4,61.4,65.4,59.0,58.0,58.0,57.0,56.0,55.0,54.0,53.0,53.0,52.0,52.0,52.0,53.0,53.0,54.0,55.0
2026-03-17,231,7.7,77.0,23.0,Likely D,-0.06,3.61,7.75,2.82,4.88,53.85,46.15,0.0,False,False,,,,0.0,0.0,0.0,47.29,39.7,12,7.589999999999996,0.262,8.09,0.82,40.2,-16.1,51.5,97.5,69.5,71.5,64.5,64.5,61.2,58.2,53.2,50.2,50.2,51.2,51.2,53.5,48.5,50.5,51.5,57.5,63.5,61.5,65.5,59.0,58.0,58.0,57.0,56.0,55.0,54.0,53.0,53.0,52.0,52.0,52.0,53.0,53.0,54.0,55.0
2026-03-18,230,7.46,76.2,23.8,Likely D,-0.07,3.61,7.74,2.82,4.64,53.73,46.27,0.0,False,False,,,,0.0,0.0,0.0,46.85,40.15,13,6.700000000000003,0.268,8.09,0.82,40.1,-16.2,51.3,97.3,69.3,71.3,64.3,64.3,61.1,58.1,53.1,50.1,50.1,51.1,51.1,53.3,48.3,50.3,51.3,57.3,63.3,61.3,65.3,58.9,57.9,57.9,56.9,55.9,54.9,53.9,52.9,52.9,51.9,51.9,51.9,52.9,52.9,53.9,54.9
2026-03-19,229,7.44,76.2,23.8,Likely D,-0.08,3.59,7.71,2.82,4.62,53.72,46.28,0.0,False,False,,,,0.0,0.0,0.0,46.85,40.15,13,6.700000000000003,0.268,8.07,0.82,40.1,-16.2,51.3,97.3,69.3,71.3,64.3,64.3,61.1,58.1,53.1,50.1,50.1,51.1,51.1,53.3,48.3,50.3,51.3,57.3,63.3,61.3,65.3,58.9,57.9,57.9,56.9,55.9,54.9,53.9,52.9,52.9,51.9,51.9,51.9,52.9,52.9,53.9,54.9
2026-03-20,228,7.45,76.2,23.8,Likely D,-0.07,3.6,7.73,2.82,4.63,53.73,46.27,0.0,False,False,,,,0.0,0.0,0.0,46.85,40.15,13,6.700000000000003,0.268,8.08,0.82,40.1,-16.4,51.3,97.3,69.3,71.3,64.3,64.3,61.1,58.1,53.1,50.1,50.1,51.1,51.1,53.3,48.3,50.3,51.3,57.3,63.3,61.3,65.3,58.9,57.9,57.9,56.9,55.9,54.9,53.9,52.9,52.9,51.9,51.9,51.9,52.9,52.9,53.9,54.9
2026-03-21,227,7.45,76.2,23.8,Likely D,-0.07,3.6,7.73,2.82,4.63,53.73,46.27,0.0,False,False,,,,0.0,0.0,0.0,46.85,40.15,13,6.700000000000003,0.268,8.08,0.82,40.1,-16.4,51.3,97.3,69.3,71.3,64.3,64.3,61.1,58.1,53.1,50.1,50.1,51.1,51.1,53.3,48.3,50.3,51.3,57.3,63.3,61.3,65.3,58.9,57.9,57.9,56.9,55.9,54.9,53.9,52.9,52.9,51.9,51.9,51.9,52.9,52.9,53.9,54.9
2026-03-22,226,7.44,76.2,23.8,Likely D,-0.08,3.59,7.71,2.82,4.62,53.72,46.28,0.0,False,False,,,,0.0,0.0,0.0,46.85,40.15,13,6.700000000000003,0.268,8.07,0.82,40.1,-16.4,51.3,97.3,69.3,71.3,64.3,64.3,61.1,58.1,53.1,50.1,50.1,51.1,51.1,53.3,48.3,50.3,51.3,57.3,63.3,61.3,65.3,58.9,57.9,57.9,56.9,55.9,54.9,53.9,52.9,52.9,51.9,51.9,51.9,52.9,52.9,53.9,54.9
2026-03-23,225,7.2,75.5,24.5,Likely D,-0.06,3.66,7.8,2.82,4.38,53.6,46.4,0.0,False,False,,,,0.0,0.0,0.0,46.68,41.09,14,5.589999999999996,0.272,8.14,0.82,39.9,-16.8,51.2,97.2,69.2,71.2,64.2,64.2,61.0,58.0,53.0,50.0,50.0,51.0,51.0,53.2,48.2,50.2,51.2,57.2,63.2,61.2,65.2,58.7,57.7,57.7,56.7,55.7,54.7,53.7,52.7,52.7,51.7,51.7,51.7,52.7,52.7,53.7,54.7
2026-03-24,224,7.21,75.5,24.5,Likely D,-0.06,3.67,7.81,2.82,4.38,53.6,46.4,0.0,False,False,,,,0.0,0.0,0.0,46.68,41.09,14,5.589999999999996,0.272,8.15,0.82,39.9,-16.7,51.2,97.2,69.2,71.2,64.2,64.2,61.0,58.0,53.0,50.0,50.0,51.0,51.0,53.2,48.2,50.2,51.2,57.2,63.2,61.2,65.2,58.7,57.7,57.7,56.7,55.7,54.7,53.7,52.7,52.7,51.7,51.7,51.7,52.7,52.7,53.7,54.7
2026-03-25,223,7.21,75.5,24.5,Likely D,-0.06,3.67,7.81,2.82,4.38,53.6,46.4,0.0,False,False,,,,0.0,0.0,0.0,46.68,41.09,14,5.589999999999996,0.272,8.15,0.82,39.9,-16.8,51.2,97.2,69.2,71.2,64.2,64.2,61.0,58.0,53.0,50.0,50.0,51.0,51.0,53.2,48.2,50.2,51.2,57.2,63.2,61.2,65.2,58.7,57.7,57.7,56.7,55.7,54.7,53.7,52.7,52.7,51.7,51.7,51.7,52.7,52.7,53.7,54.7
2026-03-26,222,7.21,75.5,24.5,Likely D,-0.06,3.67,7.81,2.82,4.38,53.6,46.4,0.0,False,False,,,,0.0,0.0,0.0,46.68,41.09,14,5.589999999999996,0.272,8.15,0.82,39.9,-16.8,51.2,97.2,69.2,71.2,64.2,64.2,61.0,58.0,53.0,50.0,50.0,51.0,51.0,53.2,48.2,50.2,51.2,57.2,63.2,61.2,65.2,58.7,57.7,57.7,56.7,55.7,54.7,53.7,52.7,52.7,51.7,51.7,51.7,52.7,52.7,53.7,54.7
2026-03-27,221,7.21,75.5,24.5,Likely D,-0.06,3.67,7.81,2.82,4.38,53.6,46.4,0.0,False,False,,,,0.0,0.0,0.0,46.68,41.09,14,5.589999999999996,0.272,8.15,0.82,39.9,-16.8,51.2,97.2,69.2,71.2,64.2,64.2,61.0,58.0,53.0,50.0,50.0,51.0,51.0,53.2,48.2,50.2,51.2,57.2,63.2,61.2,65.2,58.7,57.7,57.7,56.7,55.7,54.7,53.7,52.7,52.7,51.7,51.7,51.7,52.7,52.7,53.7,54.7
2026-03-28,220,7.21,75.5,24.5,Likely D,-0.06,3.67,7.81,2.82,4.38,53.6,46.4,0.0,False,False,,,,0.0,0.0,0.0,46.68,41.09,14,5.589999999999996,0.272,8.15,0.82,39.9,-16.7,51.2,97.2,69.2,71.2,64.2,64.2,61.0,58.0,53.0,50.0,50.0,51.0,51.0,53.2,48.2,50.2,51.2,57.2,63.2,61.2,65.2,58.7,57.7,57.7,56.7,55.7,54.7,53.7,52.7,52.7,51.7,51.7,51.7,52.7,52.7,53.7,54.7
2026-03-29,219,7.2,75.5,24.5,Likely D,-0.06,3.66,7.8,2.82,4.38,53.6,46.4,0.0,False,False,,,,0.0,0.0,0.0,46.68,41.09,14,5.589999999999996,0.272,8.14,0.82,39.9,-16.6,51.2,97.2,69.2,71.2,64.2,64.2,61.0,58.0,53.0,50.0,50.0,51.0,51.0,53.2,48.2,50.2,51.2,57.2,63.2,61.2,65.2,58.7,57.7,57.7,56.7,55.7,54.7,53.7,52.7,52.7,51.7,51.7,51.7,52.7,52.7,53.7,54.7
2026-03-30,218,7.23,75.6,24.4,Likely D,-0.05,3.7,7.85,2.82,4.41,53.62,46.38,0.0,False,False,,,,0.0,0.0,0.0,46.68,41.09,14,5.589999999999996,0.272,8.18,0.82,39.7,-17.1,51.2,97.2,69.2,71.2,64.2,64.2,61.0,58.0,53.0,50.0,50.0,51.0,51.0,53.2,48.2,50.2,51.2,57.2,63.2,61.2,65.2,58.8,57.8,57.8,56.8,55.8,54.8,53.8,52.8,52.8,51.8,51.8,51.8,52.8,52.8,53.8,54.8
2026-03-31,217,7.24,75.6,24.4,Likely D,-0.05,3.71,7.86,2.82,4.42,53.62,46.38,0.0,False,False,,,,0.0,0.0,0.0,46.68,41.09,14,5.589999999999996,0.272,8.19,0.82,39.7,-17.1,51.2,97.2,69.2,71.2,64.2,64.2,61.0,58.0,53.0,50.0,50.0,51.0,51.0,53.2,48.2,50.2,51.2,57.2,63.2,61.2,65.2,58.8,57.8,57.8,56.8,55.8,54.8,53.8,52.8,52.8,51.8,51.8,51.8,52.8,52.8,53.8,54.8
2026-04-01,216,7.26,75.7,24.3,Likely D,-0.05,3.73,7.88,2.82,4.44,53.63,46.37,0.0,False,False,,,,0.0,0.0,0.0,46.68,41.09,14,5.589999999999996,0.272,8.21,0.82,39.7,-17.1,51.2,97.2,69.2,71.2,64.2,64.2,61.0,58.0,53.0,50.0,50.0,51.0,51.0,53.2,48.2,50.2,51.2,57.2,63.2,61.2,65.2,58.8,57.8,57.8,56.8,55.8,54.8,53.8,52.8,52.8,51.8,51.8,51.8,52.8,52.8,53.8,54.8
2026-04-02,215,7.27,75.7,24.3,Likely D,-0.05,3.74,7.89,2.82,4.44,53.63,46.37,0.0,False,False,,,,0.0,0.0,0.0,46.68,41.09,14,5.589999999999996,0.272,8.22,0.82,39.7,-17.1,51.2,97.2,69.2,71.2,64.2,64.2,61.0,58.0,53.0,50.0,50.0,51.0,51.0,53.2,48.2,50.2,51.2,57.2,63.2,61.2,65.2,58.8,57.8,57.8,56.8,55.8,54.8,53.8,52.8,52.8,51.8,51.8,51.8,52.8,52.8,53.8,54.8
2026-04-03,214,7.27,75.7,24.3,Likely D,-0.05,3.74,7.89,2.82,4.44,53.63,46.37,0.0,False,False,,,,0.0,0.0,0.0,46.68,41.09,14,5.589999999999996,0.272,8.22,0.82,39.7,-17.0,51.2,97.2,69.2,71.2,64.2,64.2,61.0,58.0,53.0,50.0,50.0,51.0,51.0,53.2,48.2,50.2,51.2,57.2,63.2,61.2,65.2,58.8,57.8,57.8,56.8,55.8,54.8,53.8,52.8,52.8,51.8,51.8,51.8,52.8,52.8,53.8,54.8
2026-04-04,213,7.28,75.7,24.3,Likely D,-0.04,3.75,7.91,2.82,4.45,53.64,46.36,0.0,False,False,,,,0.0,0.0,0.0,46.68,41.09,14,5.589999999999996,0.272,8.23,0.82,39.7,-17.0,51.2,97.2,69.2,71.2,64.2,64.2,61.0,58.0,53.0,50.0,50.0,51.0,51.0,53.2,48.2,50.2,51.2,57.2,63.2,61.2,65.2,58.8,57.8,57.8,56.8,55.8,54.8,53.8,52.8,52.8,51.8,51.8,51.8,52.8,52.8,53.8,54.8
2026-04-05,212,7.25,75.6,24.4,Likely D,-0.05,3.72,7.87,2.82,4.43,53.62,46.38,0.0,False,False,,,,0.0,0.0,0.0,46.68,41.09,14,5.589999999999996,0.272,8.2,0.82,39.8,-16.9,51.2,97.2,69.2,71.2,64.2,64.2,61.0,58.0,53.0,50.0,50.0,51.0,51.0,53.2,48.2,50.2,51.2,57.2,63.2,61.2,65.2,58.8,57.8,57.8,56.8,55.8,54.8,53.8,52.8,52.8,51.8,51.8,51.8,52.8,52.8,53.8,54.8
2026-04-06,211,7.22,75.5,24.5,Likely D,-0.06,3.69,7.83,2.82,4.4,53.61,46.39,0.0,False,False,,,,0.0,0.0,0.0,46.68,41.09,14,5.589999999999996,0.272,8.17,0.82,39.8,-16.9,51.2,97.2,69.2,71.2,64.2,64.2,61.0,58.0,53.0,50.0,50.0,51.0,51.0,53.2,48.2,50.2,51.2,57.2,63.2,61.2,65.2,58.8,57.8,57.8,56.8,55.8,54.8,53.8,52.8,52.8,51.8,51.8,51.8,52.8,52.8,53.8,54.8
2026-04-07,210,7.23,75.6,24.4,Likely D,-0.05,3.7,7.85,2.82,4.41,53.62,46.38,0.0,False,False,,,,0.0,0.0,0.0,46.68,41.09,14,5.589999999999996,0.272,8.18,0.82,39.7,-16.9,51.2,97.2,69.2,71.2,64.2,64.2,61.0,58.0,53.0,50.0,50.0,51.0,51.0,53.2,48.2,50.2,51.2,57.2,63.2,61.2,65.2,58.8,57.8,57.8,56.8,55.8,54.8,53.8,52.8,52.8,51.8,51.8,51.8,52.8,52.8,53.8,54.8
2026-04-08,209,7.23,75.6,24.4,Likely D,-0.05,3.7,7.85,2.82,4.41,53.62,46.38,0.0,False,False,,,,0.0,0.0,0.0,46.68,41.09,14,5.589999999999996,0.272,8.18,0.82,39.7,-16.9,51.2,97.2,69.2,71.2,64.2,64.2,61.0,58.0,53.0,50.0,50.0,51.0,51.0,53.2,48.2,50.2,51.2,57.2,63.2,61.2,65.2,58.8,57.8,57.8,56.8,55.8,54.8,53.8,52.8,52.8,51.8,51.8,51.8,52.8,52.8,53.8,54.8
2026-04-09,208,7.22,75.6,24.4,Likely D,-0.06,3.69,7.83,2.82,4.4,53.61,46.39,0.0,False,False,,,,0.0,0.0,0.0,46.68,41.09,14,5.589999999999996,0.272,8.17,0.82,39.7,-16.9,51.2,97.2,69.2,71.2,64.2,64.2,61.0,58.0,53.0,50.0,50.0,51.0,51.0,53.2,48.2,50.2,51.2,57.2,63.2,61.2,65.2,58.8,57.8,57.8,56.8,55.8,54.8,53.8,52.8,52.8,51.8,51.8,51.8,52.8,52.8,53.8,54.8
2026-04-10,207,7.22,75.6,24.4,Likely D,-0.06,3.69,7.83,2.82,4.4,53.61,46.39,0.0,False,False,,,,0.0,0.0,0.0,46.68,41.09,14,5.589999999999996,0.272,8.17,0.82,39.7,-17.0,51.2,97.2,69.2,71.2,64.2,64.2,61.0,58.0,53.0,50.0,50.0,51.0,51.0,53.2,48.2,50.2,51.2,57.2,63.2,61.2,65.2,58.8,57.8,57.8,56.8,55.8,54.8,53.8,52.8,52.8,51.8,51.8,51.8,52.8,52.8,53.8,54.8
2026-04-11,206,7.23,75.6,24.4,Likely D,-0.05,3.7,7.85,2.82,4.41,53.62,46.38,0.0,False,False,,,,0.0,0.0,0.0,46.68,41.09,14,5.589999999999996,0.272,8.18,0.82,39.7,-17.0,51.2,97.2,69.2,71.2,64.2,64.2,61.0,58.0,53.0,50.0,50.0,51.0,51.0,53.2,48.2,50.2,51.2,57.2,63.2,61.2,65.2,58.8,57.8,57.8,56.8,55.8,54.8,53.8,52.8,52.8,51.8,51.8,51.8,52.8,52.8,53.8,54.8
2026-04-12,205,7.21,75.5,24.5,Likely D,-0.06,3.67,7.81,2.82,4.38,53.6,46.4,0.0,False,False,,,,0.0,0.0,0.0,46.68,41.09,14,5.589999999999996,0.272,8.15,0.82,39.8,-16.9,51.2,97.2,69.2,71.2,64.2,64.2,61.0,58.0,53.0,50.0,50.0,51.0,51.0,53.2,48.2,50.2,51.2,57.2,63.2,61.2,65.2,58.7,57.7,57.7,56.7,55.7,54.7,53.7,52.7,52.7,51.7,51.7,51.7,52.7,52.7,53.7,54.7
2026-04-13,204,7.23,75.6,24.4,Likely D,-0.05,3.7,7.85,2.82,4.41,53.62,46.38,0.0,False,False,,,,0.0,0.0,0.0,46.68,41.09,14,5.589999999999996,0.272,8.18,0.82,39.6,-17.1,51.2,97.2,69.2,71.2,64.2,64.2,61.0,58.0,53.0,50.0,50.0,51.0,51.0,53.2,48.2,50.2,51.2,57.2,63.2,61.2,65.2,58.8,57.8,57.8,56.8,55.8,54.8,53.8,52.8,52.8,51.8,51.8,51.8,52.8,52.8,53.8,54.8
2026-04-14,203,7.27,75.7,24.3,Likely D,-0.05,3.74,7.89,2.82,4.44,53.63,46.37,0.0,False,False,,,,0.0,0.0,0.0,46.68,41.09,14,5.589999999999996,0.272,8.22,0.82,39.6,-17.3,51.2,97.2,69.2,71.2,64.2,64.2,61.0,58.0,53.0,50.0,50.0,51.0,51.0,53.2,48.2,50.2,51.2,57.2,63.2,61.2,65.2,58.8,57.8,57.8,56.8,55.8,54.8,53.8,52.8,52.8,51.8,51.8,51.8,52.8,52.8,53.8,54.8
2026-04-15,202,7.28,75.7,24.3,Likely D,-0.04,3.75,7.91,2.82,4.45,53.64,46.36,0.0,False,False,,,,0.0,0.0,0.0,46.68,41.09,14,5.589999999999996,0.272,8.23,0.82,39.6,-17.3,51.2,97.2,69.2,71.2,64.2,64.2,61.0,58.0,53.0,50.0,50.0,51.0,51.0,53.2,48.2,50.2,51.2,57.2,63.2,61.2,65.2,58.8,57.8,57.8,56.8,55.8,54.8,53.8,52.8,52.8,51.8,51.8,51.8,52.8,52.8,53.8,54.8
2026-04-16,201,7.3,75.8,24.2,Likely D,-0.04,3.78,7.94,2.82,4.48,53.65,46.35,0.0,False,False,,,,0.0,0.0,0.0,46.68,41.09,14,5.589999999999996,0.272,8.26,0.82,39.6,-17.4,51.3,97.3,69.3,71.3,64.3,64.3,61.0,58.0,53.0,50.0,50.0,51.0,51.0,53.3,48.3,50.3,51.3,57.3,63.3,61.3,65.3,58.8,57.8,57.8,56.8,55.8,54.8,53.8,52.8,52.8,51.8,51.8,51.8,52.8,52.8,53.8,54.8
2026-04-17,200,7.3,75.8,24.2,Likely D,-0.04,3.78,7.94,2.82,4.48,53.65,46.35,0.0,False,False,,,,0.0,0.0,0.0,46.68,41.09,14,5.589999999999996,0.272,8.26,0.82,39.6,-17.4,51.3,97.3,69.3,71.3,64.3,64.3,61.0,58.0,53.0,50.0,50.0,51.0,51.0,53.3,48.3,50.3,51.3,57.3,63.3,61.3,65.3,58.8,57.8,57.8,56.8,55.8,54.8,53.8,52.8,52.8,51.8,51.8,51.8,52.8,52.8,53.8,54.8
2026-04-18,199,7.3,75.8,24.2,Likely D,-0.04,3.78,7.94,2.82,4.48,53.65,46.35,0.0,False,False,,,,0.0,0.0,0.0,46.68,41.09,14,5.589999999999996,0.272,8.26,0.82,39.6,-17.4,51.3,97.3,69.3,71.3,64.3,64.3,61.0,58.0,53.0,50.0,50.0,51.0,51.0,53.3,48.3,50.3,51.3,57.3,63.3,61.3,65.3,58.8,57.8,57.8,56.8,55.8,54.8,53.8,52.8,52.8,51.8,51.8,51.8,52.8,52.8,53.8,54.8
2026-04-19,198,7.34,75.9,24.1,Likely D,-0.03,3.82,7.99,2.82,4.52,53.67,46.33,0.0,False,False,,,,0.0,0.0,0.0,46.68,41.09,14,5.589999999999996,0.272,8.3,0.82,39.5,-17.4,51.3,97.3,69.3,71.3,64.3,64.3,61.0,58.0,53.0,50.0,50.0,51.0,51.0,53.3,48.3,50.3,51.3,57.3,63.3,61.3,65.3,58.8,57.8,57.8,56.8,55.8,54.8,53.8,52.8,52.8,51.8,51.8,51.8,52.8,52.8,53.8,54.8
2026-04-20,197,7.35,75.9,24.1,Likely D,-0.03,3.83,8.0,2.82,4.52,53.67,46.33,0.0,False,False,,,,0.0,0.0,0.0,46.68,41.09,14,5.589999999999996,0.272,8.31,0.82,39.2,-18.1,51.3,97.3,69.3,71.3,64.3,64.3,61.0,58.0,53.0,50.0,50.0,51.0,51.0,53.3,48.3,50.3,51.3,57.3,63.3,61.3,65.3,58.8,57.8,57.8,56.8,55.8,54.8,53.8,52.8,52.8,51.8,51.8,51.8,52.8,52.8,53.8,54.8
2026-04-21,196,7.74,77.1,22.9,Likely D,0.03,3.83,8.06,2.82,4.92,53.87,46.13,0.0,False,False,,,,0.0,0.0,0.0,47.71,40.8,15,6.910000000000004,0.276,8.31,0.82,39.2,-18.1,51.5,97.5,69.5,71.5,64.5,64.5,61.2,58.2,53.2,50.2,50.2,51.2,51.2,53.5,48.5,50.5,51.5,57.5,63.5,61.5,65.5,59.0,58.0,58.0,57.0,56.0,55.0,54.0,53.0,53.0,52.0,52.0,52.0,53.0,53.0,54.0,55.0
2026-04-22,195,7.75,77.1,22.9,Likely D,0.03,3.84,8.07,2.82,4.93,53.88,46.12,0.0,False,False,,,,0.0,0.0,0.0,47.71,40.8,15,6.910000000000004,0.276,8.32,0.82,39.2,-18.1,51.5,97.5,69.5,71.5,64.5,64.5,61.2,58.2,53.2,50.2,50.2,51.2,51.2,53.5,48.5,50.5,51.5,57.5,63.5,61.5,65.5,59.0,58.0,58.0,57.0,56.0,55.0,54.0,53.0,53.0,52.0,52.0,52.0,53.0,53.0,54.0,55.0
2026-04-23,194,7.76,77.2,22.8,Likely D,0.03,3.85,8.08,2.82,4.94,53.88,46.12,0.0,False,False,,,,0.0,0.0,0.0,47.71,40.8,15,6.910000000000004,0.276,8.33,0.82,39.2,-18.1,51.5,97.5,69.5,71.5,64.5,64.5,61.2,58.2,53.2,50.2,50.2,51.2,51.2,53.5,48.5,50.5,51.5,57.5,63.5,61.5,65.5,59.0,58.0,58.0,57.0,56.0,55.0,54.0,53.0,53.0,52.0,52.0,52.0,53.0,53.0,54.0,55.0
2026-04-24,193,7.77,77.2,22.8,Likely D,0.04,3.86,8.1,2.82,4.95,53.88,46.12,0.0,False,False,,,,0.0,0.0,0.0,47.71,40.8,15,6.910000000000004,0.276,8.34,0.82,39.2,-18.1,51.5,97.5,69.5,71.5,64.5,64.5,61.2,58.2,53.2,50.2,50.2,51.2,51.2,53.5,48.5,50.5,51.5,57.5,63.5,61.5,65.5,59.0,58.0,58.0,57.0,56.0,55.0,54.0,53.0,53.0,52.0,52.0,52.0,53.0,53.0,54.0,55.0
2026-04-25,192,7.77,77.2,22.8,Likely D,0.04,3.86,8.1,2.82,4.95,53.88,46.12,0.0,False,False,,,,0.0,0.0,0.0,47.71,40.8,15,6.910000000000004,0.276,8.34,0.82,39.2,-18.1,51.5,97.5,69.5,71.5,64.5,64.5,61.2,58.2,53.2,50.2,50.2,51.2,51.2,53.5,48.5,50.5,51.5,57.5,63.5,61.5,65.5,59.0,58.0,58.0,57.0,56.0,55.0,54.0,53.0,53.0,52.0,52.0,52.0,53.0,53.0,54.0,55.0
2026-04-26,191,7.81,77.3,22.7,Likely D,0.05,3.91,8.16,2.82,4.99,53.91,46.09,0.0,False,False,,,,0.0,0.0,0.0,47.71,40.8,15,6.910000000000004,0.276,8.39,0.82,39.1,-18.4,51.5,97.5,69.5,71.5,64.5,64.5,61.3,58.3,53.3,50.3,50.3,51.3,51.3,53.5,48.5,50.5,51.5,57.5,63.5,61.5,65.5,59.1,58.1,58.1,57.1,56.1,55.1,54.1,53.1,53.1,52.1,52.1,52.1,53.1,53.1,54.1,55.1
2026-04-27,190,7.79,77.2,22.8,Likely D,0.04,3.88,8.12,2.82,4.96,53.89,46.11,0.0,False,False,,,,0.0,0.0,0.0,47.71,40.8,15,6.910000000000004,0.276,8.36,0.82,39.1,-18.5,51.5,97.5,69.5,71.5,64.5,64.5,61.2,58.2,53.2,50.2,50.2,51.2,51.2,53.5,48.5,50.5,51.5,57.5,63.5,61.5,65.5,59.0,58.0,58.0,57.0,56.0,55.0,54.0,53.0,53.0,52.0,52.0,52.0,53.0,53.0,54.0,55.0
2026-04-28,189,7.79,77.3,22.7,Likely D,0.04,3.89,8.13,2.82,4.97,53.9,46.1,0.0,False,False,,,,0.0,0.0,0.0,47.71,40.8,15,6.910000000000004,0.276,8.37,0.82,39.0,-18.6,51.5,97.5,69.5,71.5,64.5,64.5,61.3,58.3,53.3,50.3,50.3,51.3,51.3,53.5,48.5,50.5,51.5,57.5,63.5,61.5,65.5,59.0,58.0,58.0,57.0,56.0,55.0,54.0,53.0,53.0,52.0,52.0,52.0,53.0,53.0,54.0,55.0
2026-04-29,188,7.8,77.3,22.7,Likely D,0.04,3.9,8.14,2.82,4.98,53.9,46.1,0.0,False,False,,,,0.0,0.0,0.0,47.71,40.8,15,6.910000000000004,0.276,8.38,0.82,39.0,-18.6,51.5,97.5,69.5,71.5,64.5,64.5,61.3,58.3,53.3,50.3,50.3,51.3,51.3,53.5,48.5,50.5,51.5,57.5,63.5,61.5,65.5,59.0,58.0,58.0,57.0,56.0,55.0,54.0,53.0,53.0,52.0,52.0,52.0,53.0,53.0,54.0,55.0
2026-04-30,187,7.89,77.5,22.5,Likely D,0.06,4.0,8.26,2.82,5.07,53.94,46.06,0.0,False,False,,,,0.0,0.0,0.0,47.71,40.8,15,6.910000000000004,0.276,8.48,0.82,39.0,-18.7,51.5,97.5,69.5,71.5,64.5,64.5,61.3,58.3,53.3,50.3,50.3,51.3,51.3,53.5,48.5,50.5,51.5,57.5,63.5,61.5,65.5,59.1,58.1,58.1,57.1,56.1,55.1,54.1,53.1,53.1,52.1,52.1,52.1,53.1,53.1,54.1,55.1
2026-05-01,186,8.24,78.5,21.5,Likely D,0.15,4.4,8.75,2.82,5.42,54.12,45.88,0.0,False,False,,,,0.0,0.0,0.0,47.71,40.8,15,6.910000000000004,0.276,8.88,0.82,39.0,-18.7,51.7,97.7,69.7,71.7,64.7,64.7,61.5,58.5,53.5,50.5,50.5,51.5,51.5,53.7,48.7,50.7,51.7,57.7,63.7,61.7,65.7,59.3,58.3,58.3,57.3,56.3,55.3,54.3,53.3,53.3,52.3,52.3,52.3,53.3,53.3,54.3,55.3
2026-05-02,185,8.24,78.5,21.5,Likely D,0.15,4.4,8.75,2.82,5.42,54.12,45.88,0.0,False,False,,,,0.0,0.0,0.0,47.71,40.8,15,6.910000000000004,0.276,8.88,0.82,39.0,-18.7,51.7,97.7,69.7,71.7,64.7,64.7,61.5,58.5,53.5,50.5,50.5,51.5,51.5,53.7,48.7,50.7,51.7,57.7,63.7,61.7,65.7,59.3,58.3,58.3,57.3,56.3,55.3,54.3,53.3,53.3,52.3,52.3,52.3,53.3,53.3,54.3,55.3
2026-05-03,184,8.22,78.5,21.5,Likely D,0.14,4.38,8.72,2.82,5.4,54.11,45.89,0.0,False,False,,,,0.0,0.0,0.0,47.71,40.8,15,6.910000000000004,0.276,8.86,0.82,39.0,-18.6,51.7,97.7,69.7,71.7,64.7,64.7,61.5,58.5,53.5,50.5,50.5,51.5,51.5,53.7,48.7,50.7,51.7,57.7,63.7,61.7,65.7,59.3,58.3,58.3,57.3,56.3,55.3,54.3,53.3,53.3,52.3,52.3,52.3,53.3,53.3,54.3,55.3
2026-05-04,183,8.19,78.4,21.6,Likely D,0.13,4.34,8.67,2.82,5.36,54.09,45.91,0.0,False,False,,,,0.0,0.0,0.0,47.71,40.8,15,6.910000000000004,0.276,8.82,0.82,38.9,-18.9,51.7,97.7,69.7,71.7,64.7,64.7,61.4,58.4,53.4,50.4,50.4,51.4,51.4,53.7,48.7,50.7,51.7,57.7,63.7,61.7,65.7,59.2,58.2,58.2,57.2,56.2,55.2,54.2,53.2,53.2,52.2,52.2,52.2,53.2,53.2,54.2,55.2
2026-05-05,182,8.19,78.4,21.6,Likely D,0.13,4.34,8.67,2.82,5.36,54.09,45.91,0.0,False,False,,,,0.0,0.0,0.0,47.71,40.8,15,6.910000000000004,0.276,8.82,0.82,38.9,-18.9,51.7,97.7,69.7,71.7,64.7,64.7,61.4,58.4,53.4,50.4,50.4,51.4,51.4,53.7,48.7,50.7,51.7,57.7,63.7,61.7,65.7,59.2,58.2,58.2,57.2,56.2,55.2,54.2,53.2,53.2,52.2,52.2,52.2,53.2,53.2,54.2,55.2
2026-05-06,181,8.19,78.4,21.6,Likely D,0.14,4.35,8.69,2.82,5.37,54.1,45.9,0.0,False,False,,,,0.0,0.0,0.0,47.71,40.8,15,6.910000000000004,0.276,8.83,0.82,38.9,-18.9,51.7,97.7,69.7,71.7,64.7,64.7,61.5,58.5,53.5,50.5,50.5,51.5,51.5,53.7,48.7,50.7,51.7,57.7,63.7,61.7,65.7,59.2,58.2,58.2,57.2,56.2,55.2,54.2,53.2,53.2,52.2,52.2,52.2,53.2,53.2,54.2,55.2
2026-05-07,180,8.31,78.7,21.3,Likely D,0.16,4.48,8.84,2.82,5.49,54.15,45.85,0.0,False,False,,,,0.0,0.0,0.0,47.71,40.8,15,6.910000000000004,0.276,8.96,0.82,38.9,-18.9,51.8,97.8,69.8,71.8,64.8,64.8,61.5,58.5,53.5,50.5,50.5,51.5,51.5,53.8,48.8,50.8,51.8,57.8,63.8,61.8,65.8,59.3,58.3,58.3,57.3,56.3,55.3,54.3,53.3,53.3,52.3,52.3,52.3,53.3,53.3,54.3,55.3
2026-05-08,179,8.31,78.7,21.3,Likely D,0.16,4.48,8.84,2.82,5.49,54.15,45.85,0.0,False,False,,,,0.0,0.0,0.0,47.71,40.8,15,6.910000000000004,0.276,8.96,0.82,38.9,-18.9,51.8,97.8,69.8,71.8,64.8,64.8,61.5,58.5,53.5,50.5,50.5,51.5,51.5,53.8,48.8,50.8,51.8,57.8,63.8,61.8,65.8,59.3,58.3,58.3,57.3,56.3,55.3,54.3,53.3,53.3,52.3,52.3,52.3,53.3,53.3,54.3,55.3
2026-05-09,178,8.31,78.7,21.3,Likely D,0.16,4.48,8.84,2.82,5.49,54.15,45.85,0.0,False,False,,,,0.0,0.0,0.0,47.71,40.8,15,6.910000000000004,0.276,8.96,0.82,38.9,-18.9,51.8,97.8,69.8,71.8,64.8,64.8,61.5,58.5,53.5,50.5,50.5,51.5,51.5,53.8,48.8,50.8,51.8,57.8,63.8,61.8,65.8,59.3,58.3,58.3,57.3,56.3,55.3,54.3,53.3,53.3,52.3,52.3,52.3,53.3,53.3,54.3,55.3
2026-05-10,177,8.31,78.7,21.3,Likely D,0.16,4.48,8.84,2.82,5.49,54.15,45.85,0.0,False,False,,,,0.0,0.0,0.0,47.71,40.8,15,6.910000000000004,0.276,8.96,0.82,38.9,-18.9,51.8,97.8,69.8,71.8,64.8,64.8,61.5,58.5,53.5,50.5,50.5,51.5,51.5,53.8,48.8,50.8,51.8,57.8,63.8,61.8,65.8,59.3,58.3,58.3,57.3,56.3,55.3,54.3,53.3,53.3,52.3,52.3,52.3,53.3,53.3,54.3,55.3
2026-05-11,176,8.31,78.7,21.3,Likely D,0.16,4.48,8.84,2.82,5.49,54.15,45.85,0.0,False,False,,,,0.0,0.0,0.0,47.71,40.8,15,6.910000000000004,0.276,8.96,0.82,38.8,-19.1,51.8,97.8,69.8,71.8,64.8,64.8,61.5,58.5,53.5,50.5,50.5,51.5,51.5,53.8,48.8,50.8,51.8,57.8,63.8,61.8,65.8,59.3,58.3,58.3,57.3,56.3,55.3,54.3,53.3,53.3,52.3,52.3,52.3,53.3,53.3,54.3,55.3
2026-05-12,175,8.31,78.8,21.2,Likely D,0.16,4.48,8.84,2.82,5.49,54.15,45.85,0.0,False,False,,,,0.0,0.0,0.0,47.71,40.8,15,6.910000000000004,0.276,8.96,0.82,38.8,-19.1,51.8,97.8,69.8,71.8,64.8,64.8,61.5,58.5,53.5,50.5,50.5,51.5,51.5,53.8,48.8,50.8,51.8,57.8,63.8,61.8,65.8,59.3,58.3,58.3,57.3,56.3,55.3,54.3,53.3,53.3,52.3,52.3,52.3,53.3,53.3,54.3,55.3
2026-05-13,174,8.32,78.8,21.2,Likely D,0.16,4.49,8.85,2.82,5.49,54.16,45.84,0.0,False,False,,,,0.0,0.0,0.0,47.71,40.8,15,6.910000000000004,0.276,8.97,0.82,38.8,-19.1,51.8,97.8,69.8,71.8,64.8,64.8,61.5,58.5,53.5,50.5,50.5,51.5,51.5,53.8,48.8,50.8,51.8,57.8,63.8,61.8,65.8,59.3,58.3,58.3,57.3,56.3,55.3,54.3,53.3,53.3,52.3,52.3,52.3,53.3,53.3,54.3,55.3
2026-05-14,173,8.32,78.8,21.2,Likely D,0.16,4.49,8.85,2.82,5.49,54.16,45.84,0.0,False,False,,,,0.0,0.0,0.0,47.71,40.8,15,6.910000000000004,0.276,8.97,0.82,38.9,-19.1,51.8,97.8,69.8,71.8,64.8,64.8,61.5,58.5,53.5,50.5,50.5,51.5,51.5,53.8,48.8,50.8,51.8,57.8,63.8,61.8,65.8,59.3,58.3,58.3,57.3,56.3,55.3,54.3,53.3,53.3,52.3,52.3,52.3,53.3,53.3,54.3,55.3
2026-05-15,172,8.44,79.1,20.9,Likely D,0.19,4.63,9.02,2.82,5.62,54.22,45.78,0.0,False,False,,,,0.0,0.0,0.0,47.71,40.8,15,6.910000000000004,0.276,9.11,0.82,38.7,-19.5,51.8,97.8,69.8,71.8,64.8,64.8,61.6,58.6,53.6,50.6,50.6,51.6,51.6,53.8,48.8,50.8,51.8,57.8,63.8,61.8,65.8,59.4,58.4,58.4,57.4,56.4,55.4,54.4,53.4,53.4,52.4,52.4,52.4,53.4,53.4,54.4,55.4
2026-05-16,171,8.44,79.1,20.9,Likely D,0.19,4.63,9.02,2.82,5.62,54.22,45.78,0.0,False,False,,,,0.0,0.0,0.0,47.71,40.8,15,6.910000000000004,0.276,9.11,0.82,38.7,-19.5,51.8,97.8,69.8,71.8,64.8,64.8,61.6,58.6,53.6,50.6,50.6,51.6,51.6,53.8,48.8,50.8,51.8,57.8,63.8,61.8,65.8,59.4,58.4,58.4,57.4,56.4,55.4,54.4,53.4,53.4,52.4,52.4,52.4,53.4,53.4,54.4,55.4
2026-05-17,170,8.43,79.1,20.9,Likely D,0.19,4.62,9.01,2.82,5.61,54.21,45.79,0.0,False,False,,,,0.0,0.0,0.0,47.71,40.8,15,6.910000000000004,0.276,9.1,0.82,38.7,-19.4,51.8,97.8,69.8,71.8,64.8,64.8,61.6,58.6,53.6,50.6,50.6,51.6,51.6,53.8,48.8,50.8,51.8,57.8,63.8,61.8,65.8,59.4,58.4,58.4,57.4,56.4,55.4,54.4,53.4,53.4,52.4,52.4,52.4,53.4,53.4,54.4,55.4
2026-05-18,169,8.52,79.4,20.6,Likely D,0.21,4.73,9.14,2.82,5.7,54.26,45.74,0.0,False,False,,,,0.0,0.0,0.0,47.71,40.8,15,6.910000000000004,0.276,9.21,0.82,38.5,-19.9,51.9,97.9,69.9,71.9,64.9,64.9,61.6,58.6,53.6,50.6,50.6,51.6,51.6,53.9,48.9,50.9,51.9,57.9,63.9,61.9,65.9,59.4,58.4,58.4,57.4,56.4,55.4,54.4,53.4,53.4,52.4,52.4,52.4,53.4,53.4,54.4,55.4
2026-05-19,168,8.55,79.4,20.6,Likely D,0.22,4.76,9.18,2.82,5.73,54.28,45.72,0.0,False,False,,,,0.0,0.0,0.0,47.71,40.8,15,6.910000000000004,0.276,9.24,0.82,38.5,-19.9,51.9,97.9,69.9,71.9,64.9,64.9,61.6,58.6,53.6,50.6,50.6,51.6,51.6,53.9,48.9,50.9,51.9,57.9,63.9,61.9,65.9,59.4,58.4,58.4,57.4,56.4,55.4,54.4,53.4,53.4,52.4,52.4,52.4,53.4,53.4,54.4,55.4
2026-05-20,167,8.56,79.5,20.5,Likely D,0.22,4.77,9.19,2.82,5.74,54.28,45.72,0.0,False,False,,,,0.0,0.0,0.0,47.71,40.8,15,6.910000000000004,0.276,9.25,0.82,38.3,-20.1,51.9,97.9,69.9,71.9,64.9,64.9,61.6,58.6,53.6,50.6,50.6,51.6,51.6,53.9,48.9,50.9,51.9,57.9,63.9,61.9,65.9,59.4,58.4,58.4,57.4,56.4,55.4,54.4,53.4,53.4,52.4,52.4,52.4,53.4,53.4,54.4,55.4
2026-05-21,166,8.57,79.5,20.5,Likely D,0.22,4.78,9.2,2.82,5.75,54.28,45.72,0.0,False,False,,,,0.0,0.0,0.0,47.71,40.8,15,6.910000000000004,0.276,9.26,0.82,38.4,-20.1,51.9,97.9,69.9,71.9,64.9,64.9,61.6,58.6,53.6,50.6,50.6,51.6,51.6,53.9,48.9,50.9,51.9,57.9,63.9,61.9,65.9,59.4,58.4,58.4,57.4,56.4,55.4,54.4,53.4,53.4,52.4,52.4,52.4,53.4,53.4,54.4,55.4
2026-05-22,165,8.58,79.5,20.5,Likely D,0.22,4.79,9.21,2.82,5.76,54.29,45.71,0.0,False,False,,,,0.0,0.0,0.0,47.71,40.8,15,6.910000000000004,0.276,9.27,0.82,38.4,-20.0,51.9,97.9,69.9,71.9,64.9,64.9,61.6,58.6,53.6,50.6,50.6,51.6,51.6,53.9,48.9,50.9,51.9,57.9,63.9,61.9,65.9,59.4,58.4,58.4,57.4,56.4,55.4,54.4,53.4,53.4,52.4,52.4,52.4,53.4,53.4,54.4,55.4
2026-05-23,164,8.58,79.5,20.5,Likely D,0.22,4.79,9.21,2.82,5.76,54.29,45.71,0.0,False,False,,,,0.0,0.0,0.0,47.71,40.8,15,6.910000000000004,0.276,9.27,0.82,38.4,-20.0,51.9,97.9,69.9,71.9,64.9,64.9,61.6,58.6,53.6,50.6,50.6,51.6,51.6,53.9,48.9,50.9,51.9,57.9,63.9,61.9,65.9,59.4,58.4,58.4,57.4,56.4,55.4,54.4,53.4,53.4,52.4,52.4,52.4,53.4,53.4,54.4,55.4
2026-05-24,163,8.56,79.5,20.5,Likely D,0.22,4.77,9.19,2.82,5.74,54.28,45.72,0.0,False,False,,,,0.0,0.0,0.0,47.71,40.8,15,6.910000000000004,0.276,9.25,0.82,38.5,-19.9,51.9,97.9,69.9,71.9,64.9,64.9,61.6,58.6,53.6,50.6,50.6,51.6,51.6,53.9,48.9,50.9,51.9,57.9,63.9,61.9,65.9,59.4,58.4,58.4,57.4,56.4,55.4,54.4,53.4,53.4,52.4,52.4,52.4,53.4,53.4,54.4,55.4
2026-05-25,162,8.6,79.6,20.4,Likely D,0.23,4.82,9.25,2.82,5.78,54.3,45.7,0.0,False,False,,,,0.0,0.0,0.0,47.71,40.8,15,6.910000000000004,0.276,9.3,0.82,38.5,-19.8,51.9,97.9,69.9,71.9,64.9,64.9,61.7,58.7,53.7,50.7,50.7,51.7,51.7,53.9,48.9,50.9,51.9,57.9,63.9,61.9,65.9,59.4,58.4,58.4,57.4,56.4,55.4,54.4,53.4,53.4,52.4,52.4,52.4,53.4,53.4,54.4,55.4
2026-05-26,161,8.53,79.4,20.6,Likely D,0.21,4.74,9.15,2.82,5.71,54.27,45.73,0.0,False,False,,,,0.0,0.0,0.0,47.71,40.8,15,6.910000000000004,0.276,9.22,0.82,38.5,-19.9,51.9,97.9,69.9,71.9,64.9,64.9,61.6,58.6,53.6,50.6,50.6,51.6,51.6,53.9,48.9,50.9,51.9,57.9,63.9,61.9,65.9,59.4,58.4,58.4,57.4,56.4,55.4,54.4,53.4,53.4,52.4,52.4,52.4,53.4,53.4,54.4,55.4
2026-05-27,160,8.54,79.4,20.6,Likely D,0.22,4.75,9.17,2.82,5.72,54.27,45.73,0.0,False,False,,,,0.0,0.0,0.0,47.71,40.8,15,6.910000000000004,0.276,9.23,0.82,38.5,-19.9,51.9,97.9,69.9,71.9,64.9,64.9,61.6,58.6,53.6,50.6,50.6,51.6,51.6,53.9,48.9,50.9,51.9,57.9,63.9,61.9,65.9,59.4,58.4,58.4,57.4,56.4,55.4,54.4,53.4,53.4,52.4,52.4,52.4,53.4,53.4,54.4,55.4
2026-05-28,159,8.55,79.5,20.5,Likely D,0.22,4.76,9.18,2.82,5.73,54.28,45.72,0.0,False,False,,,,0.0,0.0,0.0,47.71,40.8,15,6.910000000000004,0.276,9.24,0.82,38.5,-19.9,51.9,97.9,69.9,71.9,64.9,64.9,61.6,58.6,53.6,50.6,50.6,51.6,51.6,53.9,48.9,50.9,51.9,57.9,63.9,61.9,65.9,59.4,58.4,58.4,57.4,56.4,55.4,54.4,53.4,53.4,52.4,52.4,52.4,53.4,53.4,54.4,55.4
2026-05-29,158,8.55,79.5,20.5,Likely D,0.22,4.76,9.18,2.82,5.73,54.28,45.72,0.0,False,False,,,,0.0,0.0,0.0,47.71,40.8,15,6.910000000000004,0.276,9.24,0.82,38.5,-19.9,51.9,97.9,69.9,71.9,64.9,64.9,61.6,58.6,53.6,50.6,50.6,51.6,51.6,53.9,48.9,50.9,51.9,57.9,63.9,61.9,65.9,59.4,58.4,58.4,57.4,56.4,55.4,54.4,53.4,53.4,52.4,52.4,52.4,53.4,53.4,54.4,55.4
2026-05-30,157,8.55,79.5,20.5,Likely D,0.22,4.76,9.18,2.82,5.73,54.28,45.72,0.0,False,False,,,,0.0,0.0,0.0,47.71,40.8,15,6.910000000000004,0.276,9.24,0.82,38.5,-19.9,51.9,97.9,69.9,71.9,64.9,64.9,61.6,58.6,53.6,50.6,50.6,51.6,51.6,53.9,48.9,50.9,51.9,57.9,63.9,61.9,65.9,59.4,58.4,58.4,57.4,56.4,55.4,54.4,53.4,53.4,52.4,52.4,52.4,53.4,53.4,54.4,55.4
2026-05-31,156,8.51,79.3,20.7,Likely D,0.21,4.71,9.12,2.82,5.69,54.25,45.75,0.0,False,False,,,,0.0,0.0,0.0,47.71,40.8,15,6.910000000000004,0.276,9.19,0.82,38.6,-19.6,51.9,97.9,69.9,71.9,64.9,64.9,61.6,58.6,53.6,50.6,50.6,51.6,51.6,53.9,48.9,50.9,51.9,57.9,63.9,61.9,65.9,59.4,58.4,58.4,57.4,56.4,55.4,54.4,53.4,53.4,52.4,52.4,52.4,53.4,53.4,54.4,55.4
2026-06-01,155,9.12,81.0,19.0,Likely D,0.35,5.41,9.96,2.82,6.29,54.56,45.44,0.0,False,False,,,,0.0,0.0,0.0,47.71,40.8,15,6.910000000000004,0.276,9.89,0.82,38.5,-19.8,52.2,98.0,70.2,72.2,65.2,65.2,61.9,58.9,53.9,50.9,50.9,51.9,51.9,54.2,49.2,51.2,52.2,58.2,64.2,62.2,66.2,59.7,58.7,58.7,57.7,56.7,55.7,54.7,53.7,53.7,52.7,52.7,52.7,53.7,53.7,54.7,55.7
2026-06-02,154,9.12,81.0,19.0,Likely D,0.35,5.41,9.96,2.82,6.29,54.56,45.44,0.0,False,False,,,,0.0,0.0,0.0,47.71,40.8,15,6.910000000000004,0.276,9.89,0.82,38.5,-19.7,52.2,98.0,70.2,72.2,65.2,65.2,61.9,58.9,53.9,50.9,50.9,51.9,51.9,54.2,49.2,51.2,52.2,58.2,64.2,62.2,66.2,59.7,58.7,58.7,57.7,56.7,55.7,54.7,53.7,53.7,52.7,52.7,52.7,53.7,53.7,54.7,55.7
2026-06-03,153,9.12,81.0,19.0,Likely D,0.35,5.42,9.97,2.82,6.3,54.56,45.44,0.0,False,False,,,,0.0,0.0,0.0,47.71,40.8,15,6.910000000000004,0.276,9.9,0.82,38.5,-19.8,52.2,98.0,70.2,72.2,65.2,65.2,61.9,58.9,53.9,50.9,50.9,51.9,51.9,54.2,49.2,51.2,52.2,58.2,64.2,62.2,66.2,59.7,58.7,58.7,57.7,56.7,55.7,54.7,53.7,53.7,52.7,52.7,52.7,53.7,53.7,54.7,55.7
2026-06-04,152,9.12,81.0,19.0,Likely D,0.35,5.42,9.97,2.82,6.3,54.56,45.44,0.0,False,False,,,,0.0,0.0,0.0,47.71,40.8,15,6.910000000000004,0.276,9.9,0.82,38.5,-19.7,52.2,98.0,70.2,72.2,65.2,65.2,61.9,58.9,53.9,50.9,50.9,51.9,51.9,54.2,49.2,51.2,52.2,58.2,64.2,62.2,66.2,59.7,58.7,58.7,57.7,56.7,55.7,54.7,53.7,53.7,52.7,52.7,52.7,53.7,53.7,54.7,55.7
2026-06-05,151,9.12,81.0,19.0,Likely D,0.35,5.41,9.96,2.82,6.29,54.56,45.44,0.0,False,False,,,,0.0,0.0,0.0,47.71,40.8,15,6.910000000000004,0.276,9.89,0.82,38.5,-19.7,52.2,98.0,70.2,72.2,65.2,65.2,61.9,58.9,53.9,50.9,50.9,51.9,51.9,54.2,49.2,51.2,52.2,58.2,64.2,62.2,66.2,59.7,58.7,58.7,57.7,56.7,55.7,54.7,53.7,53.7,52.7,52.7,52.7,53.7,53.7,54.7,55.7
2026-06-06,150,9.12,81.0,19.0,Likely D,0.35,5.41,9.96,2.82,6.29,54.56,45.44,0.0,False,False,,,,0.0,0.0,0.0,47.71,40.8,15,6.910000000000004,0.276,9.89,0.82,38.5,-19.7,52.2,98.0,70.2,72.2,65.2,65.2,61.9,58.9,53.9,50.9,50.9,51.9,51.9,54.2,49.2,51.2,52.2,58.2,64.2,62.2,66.2,59.7,58.7,58.7,57.7,56.7,55.7,54.7,53.7,53.7,52.7,52.7,52.7,53.7,53.7,54.7,55.7
2026-06-07,149,9.07,80.9,19.1,Likely D,0.34,5.36,9.9,2.82,6.25,54.54,45.46,0.0,False,False,,,,0.0,0.0,0.0,47.71,40.8,15,6.910000000000004,0.276,9.84,0.82,38.6,-19.7,52.1,98.0,70.1,72.1,65.1,65.1,61.9,58.9,53.9,50.9,50.9,51.9,51.9,54.1,49.1,51.1,52.1,58.1,64.1,62.1,66.1,59.7,58.7,58.7,57.7,56.7,55.7,54.7,53.7,53.7,52.7,52.7,52.7,53.7,53.7,54.7,55.7
2026-06-08,148,9.12,81.0,19.0,Likely D,0.35,5.42,9.97,2.82,6.3,54.56,45.44,0.0,False,False,,,,0.0,0.0,0.0,47.71,40.8,15,6.910000000000004,0.276,9.9,0.82,38.5,-19.7,52.2,98.0,70.2,72.2,65.2,65.2,61.9,58.9,53.9,50.9,50.9,51.9,51.9,54.2,49.2,51.2,52.2,58.2,64.2,62.2,66.2,59.7,58.7,58.7,57.7,56.7,55.7,54.7,53.7,53.7,52.7,52.7,52.7,53.7,53.7,54.7,55.7
2026-06-09,147,9.13,81.0,19.0,Likely D,0.35,5.43,9.98,2.82,6.31,54.57,45.43,0.0,False,False,,,,0.0,0.0,0.0,47.71,40.8,15,6.910000000000004,0.276,9.91,0.82,38.5,-19.7,52.2,98.0,70.2,72.2,65.2,65.2,61.9,58.9,53.9,50.9,50.9,51.9,51.9,54.2,49.2,51.2,52.2,58.2,64.2,62.2,66.2,59.7,58.7,58.7,57.7,56.7,55.7,54.7,53.7,53.7,52.7,52.7,52.7,53.7,53.7,54.7,55.7
2026-06-10,146,9.13,81.0,19.0,Likely D,0.35,5.43,9.98,2.82,6.31,54.57,45.43,0.0,False,False,,,,0.0,0.0,0.0,47.71,40.8,15,6.910000000000004,0.276,9.91,0.82,38.5,-19.7,52.2,98.0,70.2,72.2,65.2,65.2,61.9,58.9,53.9,50.9,50.9,51.9,51.9,54.2,49.2,51.2,52.2,58.2,64.2,62.2,66.2,59.7,58.7,58.7,57.7,56.7,55.7,54.7,53.7,53.7,52.7,52.7,52.7,53.7,53.7,54.7,55.7
2026-06-11,145,9.13,81.1,18.9,Likely D,0.35,5.43,9.98,2.82,6.31,54.57,45.43,0.0,False,False,,,,0.0,0.0,0.0,47.71,40.8,15,6.910000000000004,0.276,9.91,0.82,38.5,-19.7,52.2,98.0,70.2,72.2,65.2,65.2,61.9,58.9,53.9,50.9,50.9,51.9,51.9,54.2,49.2,51.2,52.2,58.2,64.2,62.2,66.2,59.7,58.7,58.7,57.7,56.7,55.7,54.7,53.7,53.7,52.7,52.7,52.7,53.7,53.7,54.7,55.7
2026-06-12,144,9.13,81.1,18.9,Likely D,0.35,5.43,9.98,2.82,6.31,54.57,45.43,0.0,False,False,,,,0.0,0.0,0.0,47.71,40.8,15,6.910000000000004,0.276,9.91,0.82,38.5,-19.7,52.2,98.0,70.2,72.2,65.2,65.2,61.9,58.9,53.9,50.9,50.9,51.9,51.9,54.2,49.2,51.2,52.2,58.2,64.2,62.2,66.2,59.7,58.7,58.7,57.7,56.7,55.7,54.7,53.7,53.7,52.7,52.7,52.7,53.7,53.7,54.7,55.7
2026-06-13,143,9.13,81.1,18.9,Likely D,0.35,5.43,9.98,2.82,6.31,54.57,45.43,0.0,False,False,,,,0.0,0.0,0.0,47.71,40.8,15,6.910000000000004,0.276,9.91,0.82,38.5,-19.7,52.2,98.0,70.2,72.2,65.2,65.2,61.9,58.9,53.9,50.9,50.9,51.9,51.9,54.2,49.2,51.2,52.2,58.2,64.2,62.2,66.2,59.7,58.7,58.7,57.7,56.7,55.7,54.7,53.7,53.7,52.7,52.7,52.7,53.7,53.7,54.7,55.7
2026-06-14,142,9.13,81.1,18.9,Likely D,0.35,5.43,9.98,2.82,6.31,54.57,45.43,0.0,False,False,,,,0.0,0.0,0.0,47.71,40.8,15,6.910000000000004,0.276,9.91,0.82,38.5,-19.7,52.2,98.0,70.2,72.2,65.2,65.2,61.9,58.9,53.9,50.9,50.9,51.9,51.9,54.2,49.2,51.2,52.2,58.2,64.2,62.2,66.2,59.7,58.7,58.7,57.7,56.7,55.7,54.7,53.7,53.7,52.7,52.7,52.7,53.7,53.7,54.7,55.7
2026-06-15,141,9.06,80.9,19.1,Likely D,0.34,5.35,9.89,2.82,6.24,54.53,45.47,0.0,False,False,,,,0.0,0.0,0.0,47.71,40.8,15,6.910000000000004,0.276,9.83,0.82,38.5,-19.8,52.1,98.0,70.1,72.1,65.1,65.1,61.9,58.9,53.9,50.9,50.9,51.9,51.9,54.1,49.1,51.1,52.1,58.1,64.1,62.1,66.1,59.7,58.7,58.7,57.7,56.7,55.7,54.7,53.7,53.7,52.7,52.7,52.7,53.7,53.7,54.7,55.7
2026-06-16,140,9.06,80.9,19.1,Likely D,0.34,5.35,9.89,2.82,6.24,54.53,45.47,0.0,False,False,,,,0.0,0.0,0.0,47.71,40.8,15,6.910000000000004,0.276,9.83,0.82,38.5,-19.8,52.1,98.0,70.1,72.1,65.1,65.1,61.9,58.9,53.9,50.9,50.9,51.9,51.9,54.1,49.1,51.1,52.1,58.1,64.1,62.1,66.1,59.7,58.7,58.7,57.7,56.7,55.7,54.7,53.7,53.7,52.7,52.7,52.7,53.7,53.7,54.7,55.7
2026-06-17,139,9.04,80.8,19.2,Likely D,0.33,5.32,9.85,2.82,6.22,54.52,45.48,0.0,False,False,,,,0.0,0.0,0.0,47.71,40.8,15,6.910000000000004,0.276,9.8,0.82,38.5,-19.8,52.1,98.0,70.1,72.1,65.1,65.1,61.9,58.9,53.9,50.9,50.9,51.9,51.9,54.1,49.1,51.1,52.1,58.1,64.1,62.1,66.1,59.7,58.7,58.7,57.7,56.7,55.7,54.7,53.7,53.7,52.7,52.7,52.7,53.7,53.7,54.7,55.7
