date,days_out,margin,dem_prob,rep_prob,rating,lean,gcb,fundamentals,pres_2024,swing_24_26,dem_pct,rep_pct,oth_pct,rcv,threeway,same_party,oth_party,ind_name,ind_prob,ind_pct,cand1_prob,environment,trump_approve,trump_net,dem_vap_white,dem_vap_black,dem_vap_hispanic,dem_vap_asian,dem_vap_native,dem_vap_pacific,dem_age_20_29,dem_age_30_39,dem_age_40_49,dem_age_50_59,dem_age_60_69,dem_age_70_79,dem_age_80_plus,dem_educ_no_hs,dem_educ_hs,dem_educ_some_college,dem_educ_associate,dem_educ_bachelor,dem_educ_master,dem_educ_professional,dem_educ_doctorate,dem_inc_u10k,dem_inc_10_15k,dem_inc_15_20k,dem_inc_20_25k,dem_inc_25_30k,dem_inc_30_35k,dem_inc_35_40k,dem_inc_40_45k,dem_inc_45_50k,dem_inc_50_60k,dem_inc_60_75k,dem_inc_75_100k,dem_inc_100_125k,dem_inc_125_150k,dem_inc_150_200k,dem_inc_200k_plus
2026-01-01,306,-32.28,0.1,99.9,Safe R,-33.8,3.18,-32.28,-33.43,1.15,33.86,66.14,0.0,False,False,,,,0.0,0.0,0.0,-30.62,56.5,16.4,30.5,76.5,48.5,50.5,43.5,43.5,40.0,37.0,32.0,29.0,29.0,30.0,30.0,33.5,28.5,30.5,31.5,37.5,43.5,41.5,45.5,39.3,38.3,38.3,37.3,36.3,35.3,34.3,33.3,33.3,32.3,32.3,32.3,33.3,33.3,34.3,35.3
2026-01-02,305,-32.28,0.1,99.9,Safe R,-33.8,3.18,-32.28,-33.43,1.15,33.86,66.14,0.0,False,False,,,,0.0,0.0,0.0,-30.62,56.5,16.4,30.5,76.5,48.5,50.5,43.5,43.5,40.0,37.0,32.0,29.0,29.0,30.0,30.0,33.5,28.5,30.5,31.5,37.5,43.5,41.5,45.5,39.3,38.3,38.3,37.3,36.3,35.3,34.3,33.3,33.3,32.3,32.3,32.3,33.3,33.3,34.3,35.3
2026-01-03,304,-32.27,0.1,99.9,Safe R,-33.8,3.19,-32.27,-33.43,1.16,33.86,66.14,0.0,False,False,,,,0.0,0.0,0.0,-30.61,56.5,16.4,30.5,76.5,48.5,50.5,43.5,43.5,40.0,37.0,32.0,29.0,29.0,30.0,30.0,33.5,28.5,30.5,31.5,37.5,43.5,41.5,45.5,39.3,38.3,38.3,37.3,36.3,35.3,34.3,33.3,33.3,32.3,32.3,32.3,33.3,33.3,34.3,35.3
2026-01-04,303,-32.33,0.1,99.9,Safe R,-33.8,3.13,-32.33,-33.43,1.1,33.83,66.17,0.0,False,False,,,,0.0,0.0,0.0,-30.67,56.6,16.7,30.4,76.4,48.4,50.4,43.4,43.4,40.0,37.0,32.0,29.0,29.0,30.0,30.0,33.5,28.5,30.5,31.5,37.5,43.5,41.5,45.5,39.3,38.3,38.3,37.3,36.3,35.3,34.3,33.3,33.3,32.3,32.3,32.3,33.3,33.3,34.3,35.3
2026-01-05,302,-32.29,0.1,99.9,Safe R,-33.8,3.17,-32.29,-33.43,1.14,33.85,66.15,0.0,False,False,,,,0.0,0.0,0.0,-30.63,56.6,16.7,30.4,76.4,48.4,50.4,43.4,43.4,40.0,37.0,32.0,29.0,29.0,30.0,30.0,33.5,28.5,30.5,31.5,37.5,43.5,41.5,45.5,39.3,38.3,38.3,37.3,36.3,35.3,34.3,33.3,33.3,32.3,32.3,32.3,33.3,33.3,34.3,35.3
2026-01-06,301,-32.29,0.1,99.9,Safe R,-33.8,3.17,-32.29,-33.43,1.14,33.85,66.15,0.0,False,False,,,,0.0,0.0,0.0,-30.63,56.6,16.7,30.4,76.4,48.4,50.4,43.4,43.4,40.0,37.0,32.0,29.0,29.0,30.0,30.0,33.5,28.5,30.5,31.5,37.5,43.5,41.5,45.5,39.3,38.3,38.3,37.3,36.3,35.3,34.3,33.3,33.3,32.3,32.3,32.3,33.3,33.3,34.3,35.3
2026-01-07,300,-32.29,0.1,99.9,Safe R,-33.8,3.17,-32.29,-33.43,1.14,33.85,66.15,0.0,False,False,,,,0.0,0.0,0.0,-30.63,56.6,16.5,30.4,76.4,48.4,50.4,43.4,43.4,40.0,37.0,32.0,29.0,29.0,30.0,30.0,33.5,28.5,30.5,31.5,37.5,43.5,41.5,45.5,39.3,38.3,38.3,37.3,36.3,35.3,34.3,33.3,33.3,32.3,32.3,32.3,33.3,33.3,34.3,35.3
2026-01-08,299,-32.29,0.1,99.9,Safe R,-33.8,3.17,-32.29,-33.43,1.14,33.85,66.15,0.0,False,False,,,,0.0,0.0,0.0,-30.63,56.6,16.6,30.4,76.4,48.4,50.4,43.4,43.4,40.0,37.0,32.0,29.0,29.0,30.0,30.0,33.5,28.5,30.5,31.5,37.5,43.5,41.5,45.5,39.3,38.3,38.3,37.3,36.3,35.3,34.3,33.3,33.3,32.3,32.3,32.3,33.3,33.3,34.3,35.3
2026-01-09,298,-32.29,0.1,99.9,Safe R,-33.8,3.17,-32.29,-33.43,1.14,33.85,66.15,0.0,False,False,,,,0.0,0.0,0.0,-30.63,56.6,16.6,30.4,76.4,48.4,50.4,43.4,43.4,40.0,37.0,32.0,29.0,29.0,30.0,30.0,33.5,28.5,30.5,31.5,37.5,43.5,41.5,45.5,39.3,38.3,38.3,37.3,36.3,35.3,34.3,33.3,33.3,32.3,32.3,32.3,33.3,33.3,34.3,35.3
2026-01-10,297,-32.29,0.1,99.9,Safe R,-33.8,3.17,-32.29,-33.43,1.14,33.85,66.15,0.0,False,False,,,,0.0,0.0,0.0,-30.63,56.6,16.6,30.4,76.4,48.4,50.4,43.4,43.4,40.0,37.0,32.0,29.0,29.0,30.0,30.0,33.5,28.5,30.5,31.5,37.5,43.5,41.5,45.5,39.3,38.3,38.3,37.3,36.3,35.3,34.3,33.3,33.3,32.3,32.3,32.3,33.3,33.3,34.3,35.3
2026-01-11,296,-32.31,0.1,99.9,Safe R,-33.8,3.15,-32.31,-33.43,1.12,33.84,66.16,0.0,False,False,,,,0.0,0.0,0.0,-30.65,56.5,16.4,30.4,76.4,48.4,50.4,43.4,43.4,40.0,37.0,32.0,29.0,29.0,30.0,30.0,33.5,28.5,30.5,31.5,37.5,43.5,41.5,45.5,39.3,38.3,38.3,37.3,36.3,35.3,34.3,33.3,33.3,32.3,32.3,32.3,33.3,33.3,34.3,35.3
2026-01-12,295,-32.27,0.1,99.9,Safe R,-33.8,3.19,-32.27,-33.43,1.16,33.86,66.14,0.0,False,False,,,,0.0,0.0,0.0,-30.61,56.5,16.3,30.5,76.5,48.5,50.5,43.5,43.5,40.0,37.0,32.0,29.0,29.0,30.0,30.0,33.5,28.5,30.5,31.5,37.5,43.5,41.5,45.5,39.3,38.3,38.3,37.3,36.3,35.3,34.3,33.3,33.3,32.3,32.3,32.3,33.3,33.3,34.3,35.3
2026-01-13,294,-32.29,0.1,99.9,Safe R,-33.8,3.17,-32.29,-33.43,1.14,33.85,66.15,0.0,False,False,,,,0.0,0.0,0.0,-30.63,56.4,16.1,30.4,76.4,48.4,50.4,43.4,43.4,40.0,37.0,32.0,29.0,29.0,30.0,30.0,33.5,28.5,30.5,31.5,37.5,43.5,41.5,45.5,39.3,38.3,38.3,37.3,36.3,35.3,34.3,33.3,33.3,32.3,32.3,32.3,33.3,33.3,34.3,35.3
2026-01-14,293,-32.28,0.1,99.9,Safe R,-33.8,3.18,-32.28,-33.43,1.15,33.86,66.14,0.0,False,False,,,,0.0,0.0,0.0,-30.62,56.4,16.1,30.5,76.5,48.5,50.5,43.5,43.5,40.0,37.0,32.0,29.0,29.0,30.0,30.0,33.5,28.5,30.5,31.5,37.5,43.5,41.5,45.5,39.3,38.3,38.3,37.3,36.3,35.3,34.3,33.3,33.3,32.3,32.3,32.3,33.3,33.3,34.3,35.3
2026-01-15,292,-32.26,0.1,99.9,Safe R,-33.8,3.2,-32.26,-33.43,1.17,33.87,66.13,0.0,False,False,,,,0.0,0.0,0.0,-30.6,56.4,16.2,30.5,76.5,48.5,50.5,43.5,43.5,40.0,37.0,32.0,29.0,29.0,30.0,30.0,33.5,28.5,30.5,31.5,37.5,43.5,41.5,45.5,39.3,38.3,38.3,37.3,36.3,35.3,34.3,33.3,33.3,32.3,32.3,32.3,33.3,33.3,34.3,35.3
2026-01-16,291,-32.26,0.1,99.9,Safe R,-33.8,3.2,-32.26,-33.43,1.17,33.87,66.13,0.0,False,False,,,,0.0,0.0,0.0,-30.6,56.4,16.1,30.5,76.5,48.5,50.5,43.5,43.5,40.0,37.0,32.0,29.0,29.0,30.0,30.0,33.5,28.5,30.5,31.5,37.5,43.5,41.5,45.5,39.3,38.3,38.3,37.3,36.3,35.3,34.3,33.3,33.3,32.3,32.3,32.3,33.3,33.3,34.3,35.3
2026-01-17,290,-32.22,0.1,99.9,Safe R,-33.8,3.24,-32.22,-33.43,1.21,33.89,66.11,0.0,False,False,,,,0.0,0.0,0.0,-30.56,56.4,16.0,30.5,76.5,48.5,50.5,43.5,43.5,40.0,37.0,32.0,29.0,29.0,30.0,30.0,33.5,28.5,30.5,31.5,37.5,43.5,41.5,45.5,39.3,38.3,38.3,37.3,36.3,35.3,34.3,33.3,33.3,32.3,32.3,32.3,33.3,33.3,34.3,35.3
2026-01-18,289,-32.27,0.1,99.9,Safe R,-33.8,3.19,-32.27,-33.43,1.16,33.86,66.14,0.0,False,False,,,,0.0,0.0,0.0,-30.61,56.4,16.0,30.5,76.5,48.5,50.5,43.5,43.5,40.0,37.0,32.0,29.0,29.0,30.0,30.0,33.5,28.5,30.5,31.5,37.5,43.5,41.5,45.5,39.3,38.3,38.3,37.3,36.3,35.3,34.3,33.3,33.3,32.3,32.3,32.3,33.3,33.3,34.3,35.3
2026-01-19,288,-32.23,0.1,99.9,Safe R,-33.8,3.23,-32.23,-33.43,1.2,33.88,66.12,0.0,False,False,,,,0.0,0.0,0.0,-30.57,56.4,16.1,30.5,76.5,48.5,50.5,43.5,43.5,40.0,37.0,32.0,29.0,29.0,30.0,30.0,33.5,28.5,30.5,31.5,37.5,43.5,41.5,45.5,39.3,38.3,38.3,37.3,36.3,35.3,34.3,33.3,33.3,32.3,32.3,32.3,33.3,33.3,34.3,35.3
2026-01-20,287,-32.15,0.1,99.9,Safe R,-33.8,3.31,-32.15,-33.43,1.28,33.92,66.08,0.0,False,False,,,,0.0,0.0,0.0,-30.49,56.3,15.9,30.5,76.5,48.5,50.5,43.5,43.5,40.1,37.1,32.1,29.1,29.1,30.1,30.1,33.6,28.6,30.6,31.6,37.6,43.6,41.6,45.6,39.3,38.3,38.3,37.3,36.3,35.3,34.3,33.3,33.3,32.3,32.3,32.3,33.3,33.3,34.3,35.3
2026-01-21,286,-32.15,0.1,99.9,Safe R,-33.8,3.31,-32.15,-33.43,1.28,33.92,66.08,0.0,False,False,,,,0.0,0.0,0.0,-30.49,56.3,15.9,30.5,76.5,48.5,50.5,43.5,43.5,40.1,37.1,32.1,29.1,29.1,30.1,30.1,33.6,28.6,30.6,31.6,37.6,43.6,41.6,45.6,39.3,38.3,38.3,37.3,36.3,35.3,34.3,33.3,33.3,32.3,32.3,32.3,33.3,33.3,34.3,35.3
2026-01-22,285,-32.13,0.1,99.9,Safe R,-33.8,3.33,-32.13,-33.43,1.3,33.93,66.07,0.0,False,False,,,,0.0,0.0,0.0,-30.47,56.2,15.8,30.5,76.5,48.5,50.5,43.5,43.5,40.1,37.1,32.1,29.1,29.1,30.1,30.1,33.6,28.6,30.6,31.6,37.6,43.6,41.6,45.6,39.4,38.4,38.4,37.4,36.4,35.4,34.4,33.4,33.4,32.4,32.4,32.4,33.4,33.4,34.4,35.4
2026-01-23,284,-32.12,0.1,99.9,Safe R,-33.8,3.34,-32.12,-33.43,1.31,33.94,66.06,0.0,False,False,,,,0.0,0.0,0.0,-30.46,56.2,15.8,30.5,76.5,48.5,50.5,43.5,43.5,40.1,37.1,32.1,29.1,29.1,30.1,30.1,33.6,28.6,30.6,31.6,37.6,43.6,41.6,45.6,39.4,38.4,38.4,37.4,36.4,35.4,34.4,33.4,33.4,32.4,32.4,32.4,33.4,33.4,34.4,35.4
2026-01-24,283,-32.12,0.1,99.9,Safe R,-33.8,3.34,-32.12,-33.43,1.31,33.94,66.06,0.0,False,False,,,,0.0,0.0,0.0,-30.46,56.2,15.8,30.5,76.5,48.5,50.5,43.5,43.5,40.1,37.1,32.1,29.1,29.1,30.1,30.1,33.6,28.6,30.6,31.6,37.6,43.6,41.6,45.6,39.4,38.4,38.4,37.4,36.4,35.4,34.4,33.4,33.4,32.4,32.4,32.4,33.4,33.4,34.4,35.4
2026-01-25,282,-32.18,0.1,99.9,Safe R,-33.8,3.28,-32.18,-33.43,1.25,33.91,66.09,0.0,False,False,,,,0.0,0.0,0.0,-30.52,56.2,15.8,30.5,76.5,48.5,50.5,43.5,43.5,40.1,37.1,32.1,29.1,29.1,30.1,30.1,33.6,28.6,30.6,31.6,37.6,43.6,41.6,45.6,39.3,38.3,38.3,37.3,36.3,35.3,34.3,33.3,33.3,32.3,32.3,32.3,33.3,33.3,34.3,35.3
2026-01-26,281,-32.15,0.1,99.9,Safe R,-33.8,3.31,-32.15,-33.43,1.28,33.92,66.08,0.0,False,False,,,,0.0,0.0,0.0,-30.49,56.1,15.5,30.5,76.5,48.5,50.5,43.5,43.5,40.1,37.1,32.1,29.1,29.1,30.1,30.1,33.6,28.6,30.6,31.6,37.6,43.6,41.6,45.6,39.3,38.3,38.3,37.3,36.3,35.3,34.3,33.3,33.3,32.3,32.3,32.3,33.3,33.3,34.3,35.3
2026-01-27,280,-32.15,0.1,99.9,Safe R,-33.8,3.31,-32.15,-33.43,1.28,33.92,66.08,0.0,False,False,,,,0.0,0.0,0.0,-30.49,56.1,15.5,30.5,76.5,48.5,50.5,43.5,43.5,40.1,37.1,32.1,29.1,29.1,30.1,30.1,33.6,28.6,30.6,31.6,37.6,43.6,41.6,45.6,39.3,38.3,38.3,37.3,36.3,35.3,34.3,33.3,33.3,32.3,32.3,32.3,33.3,33.3,34.3,35.3
2026-01-28,279,-32.12,0.1,99.9,Safe R,-33.8,3.34,-32.12,-33.43,1.31,33.94,66.06,0.0,False,False,,,,0.0,0.0,0.0,-30.46,56.2,15.5,30.5,76.5,48.5,50.5,43.5,43.5,40.1,37.1,32.1,29.1,29.1,30.1,30.1,33.6,28.6,30.6,31.6,37.6,43.6,41.6,45.6,39.4,38.4,38.4,37.4,36.4,35.4,34.4,33.4,33.4,32.4,32.4,32.4,33.4,33.4,34.4,35.4
2026-01-29,278,-32.13,0.1,99.9,Safe R,-33.8,3.33,-32.13,-33.43,1.3,33.93,66.07,0.0,False,False,,,,0.0,0.0,0.0,-30.47,56.2,15.6,30.5,76.5,48.5,50.5,43.5,43.5,40.1,37.1,32.1,29.1,29.1,30.1,30.1,33.6,28.6,30.6,31.6,37.6,43.6,41.6,45.6,39.4,38.4,38.4,37.4,36.4,35.4,34.4,33.4,33.4,32.4,32.4,32.4,33.4,33.4,34.4,35.4
2026-01-30,277,-32.12,0.1,99.9,Safe R,-33.8,3.34,-32.12,-33.43,1.31,33.94,66.06,0.0,False,False,,,,0.0,0.0,0.0,-30.46,56.1,15.5,30.5,76.5,48.5,50.5,43.5,43.5,40.1,37.1,32.1,29.1,29.1,30.1,30.1,33.6,28.6,30.6,31.6,37.6,43.6,41.6,45.6,39.4,38.4,38.4,37.4,36.4,35.4,34.4,33.4,33.4,32.4,32.4,32.4,33.4,33.4,34.4,35.4
2026-01-31,276,-32.12,0.1,99.9,Safe R,-33.8,3.34,-32.12,-33.43,1.31,33.94,66.06,0.0,False,False,,,,0.0,0.0,0.0,-30.46,56.1,15.5,30.5,76.5,48.5,50.5,43.5,43.5,40.1,37.1,32.1,29.1,29.1,30.1,30.1,33.6,28.6,30.6,31.6,37.6,43.6,41.6,45.6,39.4,38.4,38.4,37.4,36.4,35.4,34.4,33.4,33.4,32.4,32.4,32.4,33.4,33.4,34.4,35.4
2026-02-01,275,-32.2,0.1,99.9,Safe R,-33.8,3.26,-32.2,-33.43,1.23,33.9,66.1,0.0,False,False,,,,0.0,0.0,0.0,-30.54,56.2,15.6,30.5,76.5,48.5,50.5,43.5,43.5,40.0,37.0,32.0,29.0,29.0,30.0,30.0,33.6,28.6,30.6,31.6,37.6,43.6,41.6,45.6,39.3,38.3,38.3,37.3,36.3,35.3,34.3,33.3,33.3,32.3,32.3,32.3,33.3,33.3,34.3,35.3
2026-02-02,274,-32.21,0.1,99.9,Safe R,-33.8,3.25,-32.21,-33.43,1.22,33.89,66.11,0.0,False,False,,,,0.0,0.0,0.0,-30.55,56.1,15.5,30.5,76.5,48.5,50.5,43.5,43.5,40.0,37.0,32.0,29.0,29.0,30.0,30.0,33.5,28.5,30.5,31.5,37.5,43.5,41.5,45.5,39.3,38.3,38.3,37.3,36.3,35.3,34.3,33.3,33.3,32.3,32.3,32.3,33.3,33.3,34.3,35.3
2026-02-03,273,-32.21,0.1,99.9,Safe R,-33.8,3.25,-32.21,-33.43,1.22,33.89,66.11,0.0,False,False,,,,0.0,0.0,0.0,-30.55,56.1,15.5,30.5,76.5,48.5,50.5,43.5,43.5,40.0,37.0,32.0,29.0,29.0,30.0,30.0,33.5,28.5,30.5,31.5,37.5,43.5,41.5,45.5,39.3,38.3,38.3,37.3,36.3,35.3,34.3,33.3,33.3,32.3,32.3,32.3,33.3,33.3,34.3,35.3
2026-02-04,272,-32.21,0.1,99.9,Safe R,-33.8,3.25,-32.21,-33.43,1.22,33.89,66.11,0.0,False,False,,,,0.0,0.0,0.0,-30.55,56.1,15.5,30.5,76.5,48.5,50.5,43.5,43.5,40.0,37.0,32.0,29.0,29.0,30.0,30.0,33.5,28.5,30.5,31.5,37.5,43.5,41.5,45.5,39.3,38.3,38.3,37.3,36.3,35.3,34.3,33.3,33.3,32.3,32.3,32.3,33.3,33.3,34.3,35.3
2026-02-05,271,-32.2,0.1,99.9,Safe R,-33.8,3.26,-32.2,-33.43,1.23,33.9,66.1,0.0,False,False,,,,0.0,0.0,0.0,-30.54,56.1,15.6,30.5,76.5,48.5,50.5,43.5,43.5,40.0,37.0,32.0,29.0,29.0,30.0,30.0,33.6,28.6,30.6,31.6,37.6,43.6,41.6,45.6,39.3,38.3,38.3,37.3,36.3,35.3,34.3,33.3,33.3,32.3,32.3,32.3,33.3,33.3,34.3,35.3
2026-02-06,270,-32.2,0.1,99.9,Safe R,-33.8,3.26,-32.2,-33.43,1.23,33.9,66.1,0.0,False,False,,,,0.0,0.0,0.0,-30.54,56.1,15.5,30.5,76.5,48.5,50.5,43.5,43.5,40.0,37.0,32.0,29.0,29.0,30.0,30.0,33.6,28.6,30.6,31.6,37.6,43.6,41.6,45.6,39.3,38.3,38.3,37.3,36.3,35.3,34.3,33.3,33.3,32.3,32.3,32.3,33.3,33.3,34.3,35.3
2026-02-07,269,-32.2,0.1,99.9,Safe R,-33.8,3.26,-32.2,-33.43,1.23,33.9,66.1,0.0,False,False,,,,0.0,0.0,0.0,-30.54,56.1,15.5,30.5,76.5,48.5,50.5,43.5,43.5,40.0,37.0,32.0,29.0,29.0,30.0,30.0,33.6,28.6,30.6,31.6,37.6,43.6,41.6,45.6,39.3,38.3,38.3,37.3,36.3,35.3,34.3,33.3,33.3,32.3,32.3,32.3,33.3,33.3,34.3,35.3
2026-02-08,268,-32.21,0.1,99.9,Safe R,-33.8,3.25,-32.21,-33.43,1.22,33.89,66.11,0.0,False,False,,,,0.0,0.0,0.0,-30.55,55.9,15.2,30.5,76.5,48.5,50.5,43.5,43.5,40.0,37.0,32.0,29.0,29.0,30.0,30.0,33.5,28.5,30.5,31.5,37.5,43.5,41.5,45.5,39.3,38.3,38.3,37.3,36.3,35.3,34.3,33.3,33.3,32.3,32.3,32.3,33.3,33.3,34.3,35.3
2026-02-09,267,-32.17,0.1,99.9,Safe R,-33.8,3.29,-32.17,-33.43,1.26,33.91,66.09,0.0,False,False,,,,0.0,0.0,0.0,-30.51,55.9,15.2,30.5,76.5,48.5,50.5,43.5,43.5,40.1,37.1,32.1,29.1,29.1,30.1,30.1,33.6,28.6,30.6,31.6,37.6,43.6,41.6,45.6,39.3,38.3,38.3,37.3,36.3,35.3,34.3,33.3,33.3,32.3,32.3,32.3,33.3,33.3,34.3,35.3
2026-02-10,266,-32.15,0.1,99.9,Safe R,-33.8,3.31,-32.15,-33.43,1.28,33.92,66.08,0.0,False,False,,,,0.0,0.0,0.0,-30.49,55.9,15.1,30.5,76.5,48.5,50.5,43.5,43.5,40.1,37.1,32.1,29.1,29.1,30.1,30.1,33.6,28.6,30.6,31.6,37.6,43.6,41.6,45.6,39.3,38.3,38.3,37.3,36.3,35.3,34.3,33.3,33.3,32.3,32.3,32.3,33.3,33.3,34.3,35.3
2026-02-11,265,-32.14,0.1,99.9,Safe R,-33.8,3.32,-32.14,-33.43,1.29,33.93,66.07,0.0,False,False,,,,0.0,0.0,0.0,-30.48,55.9,15.1,30.5,76.5,48.5,50.5,43.5,43.5,40.1,37.1,32.1,29.1,29.1,30.1,30.1,33.6,28.6,30.6,31.6,37.6,43.6,41.6,45.6,39.4,38.4,38.4,37.4,36.4,35.4,34.4,33.4,33.4,32.4,32.4,32.4,33.4,33.4,34.4,35.4
2026-02-12,264,-32.17,0.1,99.9,Safe R,-33.8,3.29,-32.17,-33.43,1.26,33.91,66.09,0.0,False,False,,,,0.0,0.0,0.0,-30.51,55.9,15.1,30.5,76.5,48.5,50.5,43.5,43.5,40.1,37.1,32.1,29.1,29.1,30.1,30.1,33.6,28.6,30.6,31.6,37.6,43.6,41.6,45.6,39.3,38.3,38.3,37.3,36.3,35.3,34.3,33.3,33.3,32.3,32.3,32.3,33.3,33.3,34.3,35.3
2026-02-13,263,-32.16,0.1,99.9,Safe R,-33.8,3.3,-32.16,-33.43,1.27,33.92,66.08,0.0,False,False,,,,0.0,0.0,0.0,-30.5,55.9,15.1,30.5,76.5,48.5,50.5,43.5,43.5,40.1,37.1,32.1,29.1,29.1,30.1,30.1,33.6,28.6,30.6,31.6,37.6,43.6,41.6,45.6,39.3,38.3,38.3,37.3,36.3,35.3,34.3,33.3,33.3,32.3,32.3,32.3,33.3,33.3,34.3,35.3
2026-02-14,262,-32.16,0.1,99.9,Safe R,-33.8,3.3,-32.16,-33.43,1.27,33.92,66.08,0.0,False,False,,,,0.0,0.0,0.0,-30.5,55.9,15.1,30.5,76.5,48.5,50.5,43.5,43.5,40.1,37.1,32.1,29.1,29.1,30.1,30.1,33.6,28.6,30.6,31.6,37.6,43.6,41.6,45.6,39.3,38.3,38.3,37.3,36.3,35.3,34.3,33.3,33.3,32.3,32.3,32.3,33.3,33.3,34.3,35.3
2026-02-15,261,-32.17,0.1,99.9,Safe R,-33.8,3.29,-32.17,-33.43,1.26,33.91,66.09,0.0,False,False,,,,0.0,0.0,0.0,-30.51,55.9,15.1,30.5,76.5,48.5,50.5,43.5,43.5,40.1,37.1,32.1,29.1,29.1,30.1,30.1,33.6,28.6,30.6,31.6,37.6,43.6,41.6,45.6,39.3,38.3,38.3,37.3,36.3,35.3,34.3,33.3,33.3,32.3,32.3,32.3,33.3,33.3,34.3,35.3
2026-02-16,260,-32.13,0.1,99.9,Safe R,-33.8,3.33,-32.13,-33.43,1.3,33.93,66.07,0.0,False,False,,,,0.0,0.0,0.0,-30.47,55.9,15.0,30.5,76.5,48.5,50.5,43.5,43.5,40.1,37.1,32.1,29.1,29.1,30.1,30.1,33.6,28.6,30.6,31.6,37.6,43.6,41.6,45.6,39.4,38.4,38.4,37.4,36.4,35.4,34.4,33.4,33.4,32.4,32.4,32.4,33.4,33.4,34.4,35.4
2026-02-17,259,-32.15,0.1,99.9,Safe R,-33.8,3.31,-32.15,-33.43,1.28,33.92,66.08,0.0,False,False,,,,0.0,0.0,0.0,-30.49,55.8,14.9,30.5,76.5,48.5,50.5,43.5,43.5,40.1,37.1,32.1,29.1,29.1,30.1,30.1,33.6,28.6,30.6,31.6,37.6,43.6,41.6,45.6,39.3,38.3,38.3,37.3,36.3,35.3,34.3,33.3,33.3,32.3,32.3,32.3,33.3,33.3,34.3,35.3
2026-02-18,258,-32.13,0.1,99.9,Safe R,-33.8,3.33,-32.13,-33.43,1.3,33.93,66.07,0.0,False,False,,,,0.0,0.0,0.0,-30.47,55.9,14.9,30.5,76.5,48.5,50.5,43.5,43.5,40.1,37.1,32.1,29.1,29.1,30.1,30.1,33.6,28.6,30.6,31.6,37.6,43.6,41.6,45.6,39.4,38.4,38.4,37.4,36.4,35.4,34.4,33.4,33.4,32.4,32.4,32.4,33.4,33.4,34.4,35.4
2026-02-19,257,-32.12,0.1,99.9,Safe R,-33.8,3.34,-32.12,-33.43,1.31,33.94,66.06,0.0,False,False,,,,0.0,0.0,0.0,-30.46,55.9,15.0,30.5,76.5,48.5,50.5,43.5,43.5,40.1,37.1,32.1,29.1,29.1,30.1,30.1,33.6,28.6,30.6,31.6,37.6,43.6,41.6,45.6,39.4,38.4,38.4,37.4,36.4,35.4,34.4,33.4,33.4,32.4,32.4,32.4,33.4,33.4,34.4,35.4
2026-02-20,256,-32.06,0.1,99.9,Safe R,-33.8,3.4,-32.06,-33.43,1.37,33.97,66.03,0.0,False,False,,,,0.0,0.0,0.0,-30.4,55.7,14.6,30.6,76.6,48.6,50.6,43.6,43.6,40.1,37.1,32.1,29.1,29.1,30.1,30.1,33.6,28.6,30.6,31.6,37.6,43.6,41.6,45.6,39.4,38.4,38.4,37.4,36.4,35.4,34.4,33.4,33.4,32.4,32.4,32.4,33.4,33.4,34.4,35.4
2026-02-21,255,-32.06,0.1,99.9,Safe R,-33.8,3.4,-32.06,-33.43,1.37,33.97,66.03,0.0,False,False,,,,0.0,0.0,0.0,-30.4,55.7,14.6,30.6,76.6,48.6,50.6,43.6,43.6,40.1,37.1,32.1,29.1,29.1,30.1,30.1,33.6,28.6,30.6,31.6,37.6,43.6,41.6,45.6,39.4,38.4,38.4,37.4,36.4,35.4,34.4,33.4,33.4,32.4,32.4,32.4,33.4,33.4,34.4,35.4
2026-02-22,254,-32.02,0.1,99.9,Safe R,-33.8,3.44,-32.02,-33.43,1.41,33.99,66.01,0.0,False,False,,,,0.0,0.0,0.0,-30.36,55.8,14.7,30.6,76.6,48.6,50.6,43.6,43.6,40.1,37.1,32.1,29.1,29.1,30.1,30.1,33.6,28.6,30.6,31.6,37.6,43.6,41.6,45.6,39.4,38.4,38.4,37.4,36.4,35.4,34.4,33.4,33.4,32.4,32.4,32.4,33.4,33.4,34.4,35.4
2026-02-23,253,-32.04,0.1,99.9,Safe R,-33.8,3.42,-32.04,-33.43,1.39,33.98,66.02,0.0,False,False,,,,0.0,0.0,0.0,-30.38,55.8,14.6,30.6,76.6,48.6,50.6,43.6,43.6,40.1,37.1,32.1,29.1,29.1,30.1,30.1,33.6,28.6,30.6,31.6,37.6,43.6,41.6,45.6,39.4,38.4,38.4,37.4,36.4,35.4,34.4,33.4,33.4,32.4,32.4,32.4,33.4,33.4,34.4,35.4
2026-02-24,252,-32.04,0.1,99.9,Safe R,-33.8,3.42,-32.04,-33.43,1.39,33.98,66.02,0.0,False,False,,,,0.0,0.0,0.0,-30.38,55.8,14.6,30.6,76.6,48.6,50.6,43.6,43.6,40.1,37.1,32.1,29.1,29.1,30.1,30.1,33.6,28.6,30.6,31.6,37.6,43.6,41.6,45.6,39.4,38.4,38.4,37.4,36.4,35.4,34.4,33.4,33.4,32.4,32.4,32.4,33.4,33.4,34.4,35.4
2026-02-25,251,-32.03,0.1,99.9,Safe R,-33.8,3.43,-32.03,-33.43,1.4,33.98,66.02,0.0,False,False,,,,0.0,0.0,0.0,-30.37,55.8,14.6,30.6,76.6,48.6,50.6,43.6,43.6,40.1,37.1,32.1,29.1,29.1,30.1,30.1,33.6,28.6,30.6,31.6,37.6,43.6,41.6,45.6,39.4,38.4,38.4,37.4,36.4,35.4,34.4,33.4,33.4,32.4,32.4,32.4,33.4,33.4,34.4,35.4
2026-02-26,250,-32.06,0.1,99.9,Safe R,-33.8,3.4,-32.06,-33.43,1.37,33.97,66.03,0.0,False,False,,,,0.0,0.0,0.0,-30.4,55.9,14.8,30.6,76.6,48.6,50.6,43.6,43.6,40.1,37.1,32.1,29.1,29.1,30.1,30.1,33.6,28.6,30.6,31.6,37.6,43.6,41.6,45.6,39.4,38.4,38.4,37.4,36.4,35.4,34.4,33.4,33.4,32.4,32.4,32.4,33.4,33.4,34.4,35.4
2026-02-27,249,-32.07,0.1,99.9,Safe R,-33.8,3.39,-32.07,-33.43,1.36,33.96,66.04,0.0,False,False,,,,0.0,0.0,0.0,-30.41,55.9,14.9,30.6,76.6,48.6,50.6,43.6,43.6,40.1,37.1,32.1,29.1,29.1,30.1,30.1,33.6,28.6,30.6,31.6,37.6,43.6,41.6,45.6,39.4,38.4,38.4,37.4,36.4,35.4,34.4,33.4,33.4,32.4,32.4,32.4,33.4,33.4,34.4,35.4
2026-02-28,248,-32.05,0.1,99.9,Safe R,-33.8,3.41,-32.05,-33.43,1.38,33.97,66.03,0.0,False,False,,,,0.0,0.0,0.0,-30.39,56.0,15.0,30.6,76.6,48.6,50.6,43.6,43.6,40.1,37.1,32.1,29.1,29.1,30.1,30.1,33.6,28.6,30.6,31.6,37.6,43.6,41.6,45.6,39.4,38.4,38.4,37.4,36.4,35.4,34.4,33.4,33.4,32.4,32.4,32.4,33.4,33.4,34.4,35.4
2026-03-01,247,-32.05,0.1,99.9,Safe R,-33.8,3.41,-32.05,-33.43,1.38,33.97,66.03,0.0,False,False,,,,0.0,0.0,0.0,-30.39,55.9,14.9,30.6,76.6,48.6,50.6,43.6,43.6,40.1,37.1,32.1,29.1,29.1,30.1,30.1,33.6,28.6,30.6,31.6,37.6,43.6,41.6,45.6,39.4,38.4,38.4,37.4,36.4,35.4,34.4,33.4,33.4,32.4,32.4,32.4,33.4,33.4,34.4,35.4
2026-03-02,246,-32.04,0.1,99.9,Safe R,-33.8,3.42,-32.04,-33.43,1.39,33.98,66.02,0.0,False,False,,,,0.0,0.0,0.0,-30.38,55.9,14.8,30.6,76.6,48.6,50.6,43.6,43.6,40.1,37.1,32.1,29.1,29.1,30.1,30.1,33.6,28.6,30.6,31.6,37.6,43.6,41.6,45.6,39.4,38.4,38.4,37.4,36.4,35.4,34.4,33.4,33.4,32.4,32.4,32.4,33.4,33.4,34.4,35.4
2026-03-03,245,-32.03,0.1,99.9,Safe R,-33.8,3.43,-32.03,-33.43,1.4,33.98,66.02,0.0,False,False,,,,0.0,0.0,0.0,-30.37,56.0,15.0,30.6,76.6,48.6,50.6,43.6,43.6,40.1,37.1,32.1,29.1,29.1,30.1,30.1,33.6,28.6,30.6,31.6,37.6,43.6,41.6,45.6,39.4,38.4,38.4,37.4,36.4,35.4,34.4,33.4,33.4,32.4,32.4,32.4,33.4,33.4,34.4,35.4
2026-03-04,244,-31.95,0.1,99.9,Safe R,-33.8,3.51,-31.95,-33.43,1.48,34.02,65.98,0.0,False,False,,,,0.0,0.0,0.0,-30.29,55.9,14.8,30.6,76.6,48.6,50.6,43.6,43.6,40.2,37.2,32.2,29.2,29.2,30.2,30.2,33.7,28.7,30.7,31.7,37.7,43.7,41.7,45.7,39.4,38.4,38.4,37.4,36.4,35.4,34.4,33.4,33.4,32.4,32.4,32.4,33.4,33.4,34.4,35.4
2026-03-05,243,-31.98,0.1,99.9,Safe R,-33.8,3.48,-31.98,-33.43,1.45,34.01,65.99,0.0,False,False,,,,0.0,0.0,0.0,-30.32,55.9,14.9,30.6,76.6,48.6,50.6,43.6,43.6,40.2,37.2,32.2,29.2,29.2,30.2,30.2,33.7,28.7,30.7,31.7,37.7,43.7,41.7,45.7,39.4,38.4,38.4,37.4,36.4,35.4,34.4,33.4,33.4,32.4,32.4,32.4,33.4,33.4,34.4,35.4
2026-03-06,242,-31.97,0.1,99.9,Safe R,-33.8,3.49,-31.97,-33.43,1.46,34.01,65.99,0.0,False,False,,,,0.0,0.0,0.0,-30.31,55.9,14.9,30.6,76.6,48.6,50.6,43.6,43.6,40.2,37.2,32.2,29.2,29.2,30.2,30.2,33.7,28.7,30.7,31.7,37.7,43.7,41.7,45.7,39.4,38.4,38.4,37.4,36.4,35.4,34.4,33.4,33.4,32.4,32.4,32.4,33.4,33.4,34.4,35.4
2026-03-07,241,-31.97,0.1,99.9,Safe R,-33.8,3.49,-31.97,-33.43,1.46,34.01,65.99,0.0,False,False,,,,0.0,0.0,0.0,-30.31,55.9,14.9,30.6,76.6,48.6,50.6,43.6,43.6,40.2,37.2,32.2,29.2,29.2,30.2,30.2,33.7,28.7,30.7,31.7,37.7,43.7,41.7,45.7,39.4,38.4,38.4,37.4,36.4,35.4,34.4,33.4,33.4,32.4,32.4,32.4,33.4,33.4,34.4,35.4
2026-03-08,240,-31.99,0.1,99.9,Safe R,-33.8,3.47,-31.99,-33.43,1.44,34.0,66.0,0.0,False,False,,,,0.0,0.0,0.0,-30.33,55.8,14.9,30.6,76.6,48.6,50.6,43.6,43.6,40.1,37.1,32.1,29.1,29.1,30.1,30.1,33.7,28.7,30.7,31.7,37.7,43.7,41.7,45.7,39.4,38.4,38.4,37.4,36.4,35.4,34.4,33.4,33.4,32.4,32.4,32.4,33.4,33.4,34.4,35.4
2026-03-09,239,-32.0,0.1,99.9,Safe R,-33.8,3.46,-32.0,-33.43,1.43,34.0,66.0,0.0,False,False,,,,0.0,0.0,0.0,-30.34,55.8,14.9,30.6,76.6,48.6,50.6,43.6,43.6,40.1,37.1,32.1,29.1,29.1,30.1,30.1,33.7,28.7,30.7,31.7,37.7,43.7,41.7,45.7,39.4,38.4,38.4,37.4,36.4,35.4,34.4,33.4,33.4,32.4,32.4,32.4,33.4,33.4,34.4,35.4
2026-03-10,238,-31.99,0.1,99.9,Safe R,-33.8,3.47,-31.99,-33.43,1.44,34.0,66.0,0.0,False,False,,,,0.0,0.0,0.0,-30.33,55.8,14.9,30.6,76.6,48.6,50.6,43.6,43.6,40.1,37.1,32.1,29.1,29.1,30.1,30.1,33.7,28.7,30.7,31.7,37.7,43.7,41.7,45.7,39.4,38.4,38.4,37.4,36.4,35.4,34.4,33.4,33.4,32.4,32.4,32.4,33.4,33.4,34.4,35.4
2026-03-11,237,-31.98,0.1,99.9,Safe R,-33.8,3.48,-31.98,-33.43,1.45,34.01,65.99,0.0,False,False,,,,0.0,0.0,0.0,-30.32,55.8,14.9,30.6,76.6,48.6,50.6,43.6,43.6,40.2,37.2,32.2,29.2,29.2,30.2,30.2,33.7,28.7,30.7,31.7,37.7,43.7,41.7,45.7,39.4,38.4,38.4,37.4,36.4,35.4,34.4,33.4,33.4,32.4,32.4,32.4,33.4,33.4,34.4,35.4
2026-03-12,236,-31.98,0.1,99.9,Safe R,-33.8,3.48,-31.98,-33.43,1.45,34.01,65.99,0.0,False,False,,,,0.0,0.0,0.0,-30.32,55.8,14.9,30.6,76.6,48.6,50.6,43.6,43.6,40.2,37.2,32.2,29.2,29.2,30.2,30.2,33.7,28.7,30.7,31.7,37.7,43.7,41.7,45.7,39.4,38.4,38.4,37.4,36.4,35.4,34.4,33.4,33.4,32.4,32.4,32.4,33.4,33.4,34.4,35.4
2026-03-13,235,-31.98,0.1,99.9,Safe R,-33.8,3.48,-31.98,-33.43,1.45,34.01,65.99,0.0,False,False,,,,0.0,0.0,0.0,-30.32,55.8,14.9,30.6,76.6,48.6,50.6,43.6,43.6,40.2,37.2,32.2,29.2,29.2,30.2,30.2,33.7,28.7,30.7,31.7,37.7,43.7,41.7,45.7,39.4,38.4,38.4,37.4,36.4,35.4,34.4,33.4,33.4,32.4,32.4,32.4,33.4,33.4,34.4,35.4
2026-03-14,234,-31.97,0.1,99.9,Safe R,-33.8,3.49,-31.97,-33.43,1.46,34.01,65.99,0.0,False,False,,,,0.0,0.0,0.0,-30.31,55.8,14.9,30.6,76.6,48.6,50.6,43.6,43.6,40.2,37.2,32.2,29.2,29.2,30.2,30.2,33.7,28.7,30.7,31.7,37.7,43.7,41.7,45.7,39.4,38.4,38.4,37.4,36.4,35.4,34.4,33.4,33.4,32.4,32.4,32.4,33.4,33.4,34.4,35.4
2026-03-15,233,-31.96,0.1,99.9,Safe R,-33.8,3.5,-31.96,-33.43,1.47,34.02,65.98,0.0,False,False,,,,0.0,0.0,0.0,-30.3,55.8,14.9,30.6,76.6,48.6,50.6,43.6,43.6,40.2,37.2,32.2,29.2,29.2,30.2,30.2,33.7,28.7,30.7,31.7,37.7,43.7,41.7,45.7,39.4,38.4,38.4,37.4,36.4,35.4,34.4,33.4,33.4,32.4,32.4,32.4,33.4,33.4,34.4,35.4
2026-03-16,232,-31.94,0.1,99.9,Safe R,-33.8,3.52,-31.94,-33.43,1.49,34.03,65.97,0.0,False,False,,,,0.0,0.0,0.0,-30.28,55.6,14.7,30.6,76.6,48.6,50.6,43.6,43.6,40.2,37.2,32.2,29.2,29.2,30.2,30.2,33.7,28.7,30.7,31.7,37.7,43.7,41.7,45.7,39.5,38.5,38.5,37.5,36.5,35.5,34.5,33.5,33.5,32.5,32.5,32.5,33.5,33.5,34.5,35.5
2026-03-17,231,-31.85,0.1,99.9,Safe R,-33.8,3.61,-31.85,-33.43,1.58,34.07,65.93,0.0,False,False,,,,0.0,0.0,0.0,-30.19,55.6,14.8,30.7,76.7,48.7,50.7,43.7,43.7,40.2,37.2,32.2,29.2,29.2,30.2,30.2,33.7,28.7,30.7,31.7,37.7,43.7,41.7,45.7,39.5,38.5,38.5,37.5,36.5,35.5,34.5,33.5,33.5,32.5,32.5,32.5,33.5,33.5,34.5,35.5
2026-03-18,230,-31.85,0.1,99.9,Safe R,-33.8,3.61,-31.85,-33.43,1.58,34.07,65.93,0.0,False,False,,,,0.0,0.0,0.0,-30.19,55.6,14.7,30.7,76.7,48.7,50.7,43.7,43.7,40.2,37.2,32.2,29.2,29.2,30.2,30.2,33.7,28.7,30.7,31.7,37.7,43.7,41.7,45.7,39.5,38.5,38.5,37.5,36.5,35.5,34.5,33.5,33.5,32.5,32.5,32.5,33.5,33.5,34.5,35.5
2026-03-19,229,-31.87,0.1,99.9,Safe R,-33.8,3.59,-31.87,-33.43,1.56,34.06,65.94,0.0,False,False,,,,0.0,0.0,0.0,-30.21,55.6,14.7,30.7,76.7,48.7,50.7,43.7,43.7,40.2,37.2,32.2,29.2,29.2,30.2,30.2,33.7,28.7,30.7,31.7,37.7,43.7,41.7,45.7,39.5,38.5,38.5,37.5,36.5,35.5,34.5,33.5,33.5,32.5,32.5,32.5,33.5,33.5,34.5,35.5
2026-03-20,228,-31.86,0.1,99.9,Safe R,-33.8,3.6,-31.86,-33.43,1.57,34.07,65.93,0.0,False,False,,,,0.0,0.0,0.0,-30.2,55.5,14.5,30.7,76.7,48.7,50.7,43.7,43.7,40.2,37.2,32.2,29.2,29.2,30.2,30.2,33.7,28.7,30.7,31.7,37.7,43.7,41.7,45.7,39.5,38.5,38.5,37.5,36.5,35.5,34.5,33.5,33.5,32.5,32.5,32.5,33.5,33.5,34.5,35.5
2026-03-21,227,-31.86,0.1,99.9,Safe R,-33.8,3.6,-31.86,-33.43,1.57,34.07,65.93,0.0,False,False,,,,0.0,0.0,0.0,-30.2,55.5,14.5,30.7,76.7,48.7,50.7,43.7,43.7,40.2,37.2,32.2,29.2,29.2,30.2,30.2,33.7,28.7,30.7,31.7,37.7,43.7,41.7,45.7,39.5,38.5,38.5,37.5,36.5,35.5,34.5,33.5,33.5,32.5,32.5,32.5,33.5,33.5,34.5,35.5
2026-03-22,226,-31.87,0.1,99.9,Safe R,-33.8,3.59,-31.87,-33.43,1.56,34.06,65.94,0.0,False,False,,,,0.0,0.0,0.0,-30.21,55.6,14.5,30.7,76.7,48.7,50.7,43.7,43.7,40.2,37.2,32.2,29.2,29.2,30.2,30.2,33.7,28.7,30.7,31.7,37.7,43.7,41.7,45.7,39.5,38.5,38.5,37.5,36.5,35.5,34.5,33.5,33.5,32.5,32.5,32.5,33.5,33.5,34.5,35.5
2026-03-23,225,-31.8,0.1,99.9,Safe R,-33.8,3.66,-31.8,-33.43,1.63,34.1,65.9,0.0,False,False,,,,0.0,0.0,0.0,-30.14,55.4,14.1,30.7,76.7,48.7,50.7,43.7,43.7,40.2,37.2,32.2,29.2,29.2,30.2,30.2,33.8,28.8,30.8,31.8,37.8,43.8,41.8,45.8,39.5,38.5,38.5,37.5,36.5,35.5,34.5,33.5,33.5,32.5,32.5,32.5,33.5,33.5,34.5,35.5
2026-03-24,224,-31.79,0.1,99.9,Safe R,-33.8,3.67,-31.79,-33.43,1.64,34.1,65.9,0.0,False,False,,,,0.0,0.0,0.0,-30.13,55.4,14.2,30.7,76.7,48.7,50.7,43.7,43.7,40.2,37.2,32.2,29.2,29.2,30.2,30.2,33.8,28.8,30.8,31.8,37.8,43.8,41.8,45.8,39.5,38.5,38.5,37.5,36.5,35.5,34.5,33.5,33.5,32.5,32.5,32.5,33.5,33.5,34.5,35.5
2026-03-25,223,-31.79,0.1,99.9,Safe R,-33.8,3.67,-31.79,-33.43,1.64,34.1,65.9,0.0,False,False,,,,0.0,0.0,0.0,-30.13,55.3,14.1,30.7,76.7,48.7,50.7,43.7,43.7,40.2,37.2,32.2,29.2,29.2,30.2,30.2,33.8,28.8,30.8,31.8,37.8,43.8,41.8,45.8,39.5,38.5,38.5,37.5,36.5,35.5,34.5,33.5,33.5,32.5,32.5,32.5,33.5,33.5,34.5,35.5
2026-03-26,222,-31.79,0.1,99.9,Safe R,-33.8,3.67,-31.79,-33.43,1.64,34.1,65.9,0.0,False,False,,,,0.0,0.0,0.0,-30.13,55.4,14.2,30.7,76.7,48.7,50.7,43.7,43.7,40.2,37.2,32.2,29.2,29.2,30.2,30.2,33.8,28.8,30.8,31.8,37.8,43.8,41.8,45.8,39.5,38.5,38.5,37.5,36.5,35.5,34.5,33.5,33.5,32.5,32.5,32.5,33.5,33.5,34.5,35.5
2026-03-27,221,-31.79,0.1,99.9,Safe R,-33.8,3.67,-31.79,-33.43,1.64,34.1,65.9,0.0,False,False,,,,0.0,0.0,0.0,-30.13,55.4,14.2,30.7,76.7,48.7,50.7,43.7,43.7,40.2,37.2,32.2,29.2,29.2,30.2,30.2,33.8,28.8,30.8,31.8,37.8,43.8,41.8,45.8,39.5,38.5,38.5,37.5,36.5,35.5,34.5,33.5,33.5,32.5,32.5,32.5,33.5,33.5,34.5,35.5
2026-03-28,220,-31.79,0.1,99.9,Safe R,-33.8,3.67,-31.79,-33.43,1.64,34.1,65.9,0.0,False,False,,,,0.0,0.0,0.0,-30.13,55.3,14.2,30.7,76.7,48.7,50.7,43.7,43.7,40.2,37.2,32.2,29.2,29.2,30.2,30.2,33.8,28.8,30.8,31.8,37.8,43.8,41.8,45.8,39.5,38.5,38.5,37.5,36.5,35.5,34.5,33.5,33.5,32.5,32.5,32.5,33.5,33.5,34.5,35.5
2026-03-29,219,-31.8,0.1,99.9,Safe R,-33.8,3.66,-31.8,-33.43,1.63,34.1,65.9,0.0,False,False,,,,0.0,0.0,0.0,-30.14,55.4,14.3,30.7,76.7,48.7,50.7,43.7,43.7,40.2,37.2,32.2,29.2,29.2,30.2,30.2,33.8,28.8,30.8,31.8,37.8,43.8,41.8,45.8,39.5,38.5,38.5,37.5,36.5,35.5,34.5,33.5,33.5,32.5,32.5,32.5,33.5,33.5,34.5,35.5
2026-03-30,218,-31.76,0.1,99.9,Safe R,-33.8,3.7,-31.76,-33.43,1.67,34.12,65.88,0.0,False,False,,,,0.0,0.0,0.0,-30.1,55.2,13.8,30.7,76.7,48.7,50.7,43.7,43.7,40.3,37.3,32.3,29.3,29.3,30.3,30.3,33.8,28.8,30.8,31.8,37.8,43.8,41.8,45.8,39.5,38.5,38.5,37.5,36.5,35.5,34.5,33.5,33.5,32.5,32.5,32.5,33.5,33.5,34.5,35.5
2026-03-31,217,-31.75,0.1,99.9,Safe R,-33.8,3.71,-31.75,-33.43,1.68,34.12,65.88,0.0,False,False,,,,0.0,0.0,0.0,-30.09,55.2,13.8,30.7,76.7,48.7,50.7,43.7,43.7,40.3,37.3,32.3,29.3,29.3,30.3,30.3,33.8,28.8,30.8,31.8,37.8,43.8,41.8,45.8,39.5,38.5,38.5,37.5,36.5,35.5,34.5,33.5,33.5,32.5,32.5,32.5,33.5,33.5,34.5,35.5
2026-04-01,216,-31.73,0.1,99.9,Safe R,-33.8,3.73,-31.73,-33.43,1.7,34.13,65.87,0.0,False,False,,,,0.0,0.0,0.0,-30.07,55.2,13.8,30.7,76.7,48.7,50.7,43.7,43.7,40.3,37.3,32.3,29.3,29.3,30.3,30.3,33.8,28.8,30.8,31.8,37.8,43.8,41.8,45.8,39.6,38.6,38.6,37.6,36.6,35.6,34.6,33.6,33.6,32.6,32.6,32.6,33.6,33.6,34.6,35.6
2026-04-02,215,-31.72,0.1,99.9,Safe R,-33.8,3.74,-31.72,-33.43,1.71,34.14,65.86,0.0,False,False,,,,0.0,0.0,0.0,-30.06,55.2,13.9,30.7,76.7,48.7,50.7,43.7,43.7,40.3,37.3,32.3,29.3,29.3,30.3,30.3,33.8,28.8,30.8,31.8,37.8,43.8,41.8,45.8,39.6,38.6,38.6,37.6,36.6,35.6,34.6,33.6,33.6,32.6,32.6,32.6,33.6,33.6,34.6,35.6
2026-04-03,214,-31.72,0.1,99.9,Safe R,-33.8,3.74,-31.72,-33.43,1.71,34.14,65.86,0.0,False,False,,,,0.0,0.0,0.0,-30.06,55.2,13.9,30.7,76.7,48.7,50.7,43.7,43.7,40.3,37.3,32.3,29.3,29.3,30.3,30.3,33.8,28.8,30.8,31.8,37.8,43.8,41.8,45.8,39.6,38.6,38.6,37.6,36.6,35.6,34.6,33.6,33.6,32.6,32.6,32.6,33.6,33.6,34.6,35.6
2026-04-04,213,-31.71,0.1,99.9,Safe R,-33.8,3.75,-31.71,-33.43,1.72,34.14,65.86,0.0,False,False,,,,0.0,0.0,0.0,-30.05,55.2,13.9,30.7,76.7,48.7,50.7,43.7,43.7,40.3,37.3,32.3,29.3,29.3,30.3,30.3,33.8,28.8,30.8,31.8,37.8,43.8,41.8,45.8,39.6,38.6,38.6,37.6,36.6,35.6,34.6,33.6,33.6,32.6,32.6,32.6,33.6,33.6,34.6,35.6
2026-04-05,212,-31.74,0.1,99.9,Safe R,-33.8,3.72,-31.74,-33.43,1.69,34.13,65.87,0.0,False,False,,,,0.0,0.0,0.0,-30.08,55.2,14.0,30.7,76.7,48.7,50.7,43.7,43.7,40.3,37.3,32.3,29.3,29.3,30.3,30.3,33.8,28.8,30.8,31.8,37.8,43.8,41.8,45.8,39.6,38.6,38.6,37.6,36.6,35.6,34.6,33.6,33.6,32.6,32.6,32.6,33.6,33.6,34.6,35.6
2026-04-06,211,-31.77,0.1,99.9,Safe R,-33.8,3.69,-31.77,-33.43,1.66,34.11,65.89,0.0,False,False,,,,0.0,0.0,0.0,-30.11,55.2,14.0,30.7,76.7,48.7,50.7,43.7,43.7,40.3,37.3,32.3,29.3,29.3,30.3,30.3,33.8,28.8,30.8,31.8,37.8,43.8,41.8,45.8,39.5,38.5,38.5,37.5,36.5,35.5,34.5,33.5,33.5,32.5,32.5,32.5,33.5,33.5,34.5,35.5
2026-04-07,210,-31.76,0.1,99.9,Safe R,-33.8,3.7,-31.76,-33.43,1.67,34.12,65.88,0.0,False,False,,,,0.0,0.0,0.0,-30.1,55.2,14.0,30.7,76.7,48.7,50.7,43.7,43.7,40.3,37.3,32.3,29.3,29.3,30.3,30.3,33.8,28.8,30.8,31.8,37.8,43.8,41.8,45.8,39.5,38.5,38.5,37.5,36.5,35.5,34.5,33.5,33.5,32.5,32.5,32.5,33.5,33.5,34.5,35.5
2026-04-08,209,-31.76,0.1,99.9,Safe R,-33.8,3.7,-31.76,-33.43,1.67,34.12,65.88,0.0,False,False,,,,0.0,0.0,0.0,-30.1,55.2,14.0,30.7,76.7,48.7,50.7,43.7,43.7,40.3,37.3,32.3,29.3,29.3,30.3,30.3,33.8,28.8,30.8,31.8,37.8,43.8,41.8,45.8,39.5,38.5,38.5,37.5,36.5,35.5,34.5,33.5,33.5,32.5,32.5,32.5,33.5,33.5,34.5,35.5
2026-04-09,208,-31.77,0.1,99.9,Safe R,-33.8,3.69,-31.77,-33.43,1.66,34.11,65.89,0.0,False,False,,,,0.0,0.0,0.0,-30.11,55.2,14.0,30.7,76.7,48.7,50.7,43.7,43.7,40.3,37.3,32.3,29.3,29.3,30.3,30.3,33.8,28.8,30.8,31.8,37.8,43.8,41.8,45.8,39.5,38.5,38.5,37.5,36.5,35.5,34.5,33.5,33.5,32.5,32.5,32.5,33.5,33.5,34.5,35.5
2026-04-10,207,-31.77,0.1,99.9,Safe R,-33.8,3.69,-31.77,-33.43,1.66,34.11,65.89,0.0,False,False,,,,0.0,0.0,0.0,-30.11,55.2,13.9,30.7,76.7,48.7,50.7,43.7,43.7,40.3,37.3,32.3,29.3,29.3,30.3,30.3,33.8,28.8,30.8,31.8,37.8,43.8,41.8,45.8,39.5,38.5,38.5,37.5,36.5,35.5,34.5,33.5,33.5,32.5,32.5,32.5,33.5,33.5,34.5,35.5
2026-04-11,206,-31.76,0.1,99.9,Safe R,-33.8,3.7,-31.76,-33.43,1.67,34.12,65.88,0.0,False,False,,,,0.0,0.0,0.0,-30.1,55.2,13.9,30.7,76.7,48.7,50.7,43.7,43.7,40.3,37.3,32.3,29.3,29.3,30.3,30.3,33.8,28.8,30.8,31.8,37.8,43.8,41.8,45.8,39.5,38.5,38.5,37.5,36.5,35.5,34.5,33.5,33.5,32.5,32.5,32.5,33.5,33.5,34.5,35.5
2026-04-12,205,-31.79,0.1,99.9,Safe R,-33.8,3.67,-31.79,-33.43,1.64,34.1,65.9,0.0,False,False,,,,0.0,0.0,0.0,-30.13,55.2,14.0,30.7,76.7,48.7,50.7,43.7,43.7,40.2,37.2,32.2,29.2,29.2,30.2,30.2,33.8,28.8,30.8,31.8,37.8,43.8,41.8,45.8,39.5,38.5,38.5,37.5,36.5,35.5,34.5,33.5,33.5,32.5,32.5,32.5,33.5,33.5,34.5,35.5
2026-04-13,204,-31.76,0.1,99.9,Safe R,-33.8,3.7,-31.76,-33.43,1.67,34.12,65.88,0.0,False,False,,,,0.0,0.0,0.0,-30.1,55.1,13.8,30.7,76.7,48.7,50.7,43.7,43.7,40.3,37.3,32.3,29.3,29.3,30.3,30.3,33.8,28.8,30.8,31.8,37.8,43.8,41.8,45.8,39.5,38.5,38.5,37.5,36.5,35.5,34.5,33.5,33.5,32.5,32.5,32.5,33.5,33.5,34.5,35.5
2026-04-14,203,-31.72,0.1,99.9,Safe R,-33.8,3.74,-31.72,-33.43,1.71,34.14,65.86,0.0,False,False,,,,0.0,0.0,0.0,-30.06,55.0,13.6,30.7,76.7,48.7,50.7,43.7,43.7,40.3,37.3,32.3,29.3,29.3,30.3,30.3,33.8,28.8,30.8,31.8,37.8,43.8,41.8,45.8,39.6,38.6,38.6,37.6,36.6,35.6,34.6,33.6,33.6,32.6,32.6,32.6,33.6,33.6,34.6,35.6
2026-04-15,202,-31.71,0.1,99.9,Safe R,-33.8,3.75,-31.71,-33.43,1.72,34.14,65.86,0.0,False,False,,,,0.0,0.0,0.0,-30.05,55.0,13.7,30.7,76.7,48.7,50.7,43.7,43.7,40.3,37.3,32.3,29.3,29.3,30.3,30.3,33.8,28.8,30.8,31.8,37.8,43.8,41.8,45.8,39.6,38.6,38.6,37.6,36.6,35.6,34.6,33.6,33.6,32.6,32.6,32.6,33.6,33.6,34.6,35.6
2026-04-16,201,-31.68,0.1,99.9,Safe R,-33.8,3.78,-31.68,-33.43,1.75,34.16,65.84,0.0,False,False,,,,0.0,0.0,0.0,-30.02,55.0,13.5,30.8,76.8,48.8,50.8,43.8,43.8,40.3,37.3,32.3,29.3,29.3,30.3,30.3,33.8,28.8,30.8,31.8,37.8,43.8,41.8,45.8,39.6,38.6,38.6,37.6,36.6,35.6,34.6,33.6,33.6,32.6,32.6,32.6,33.6,33.6,34.6,35.6
2026-04-17,200,-31.68,0.1,99.9,Safe R,-33.8,3.78,-31.68,-33.43,1.75,34.16,65.84,0.0,False,False,,,,0.0,0.0,0.0,-30.02,55.0,13.5,30.8,76.8,48.8,50.8,43.8,43.8,40.3,37.3,32.3,29.3,29.3,30.3,30.3,33.8,28.8,30.8,31.8,37.8,43.8,41.8,45.8,39.6,38.6,38.6,37.6,36.6,35.6,34.6,33.6,33.6,32.6,32.6,32.6,33.6,33.6,34.6,35.6
2026-04-18,199,-31.68,0.1,99.9,Safe R,-33.8,3.78,-31.68,-33.43,1.75,34.16,65.84,0.0,False,False,,,,0.0,0.0,0.0,-30.02,55.0,13.6,30.8,76.8,48.8,50.8,43.8,43.8,40.3,37.3,32.3,29.3,29.3,30.3,30.3,33.8,28.8,30.8,31.8,37.8,43.8,41.8,45.8,39.6,38.6,38.6,37.6,36.6,35.6,34.6,33.6,33.6,32.6,32.6,32.6,33.6,33.6,34.6,35.6
2026-04-19,198,-31.64,0.1,99.9,Safe R,-33.8,3.82,-31.64,-33.43,1.79,34.18,65.82,0.0,False,False,,,,0.0,0.0,0.0,-29.98,55.0,13.5,30.8,76.8,48.8,50.8,43.8,43.8,40.3,37.3,32.3,29.3,29.3,30.3,30.3,33.8,28.8,30.8,31.8,37.8,43.8,41.8,45.8,39.6,38.6,38.6,37.6,36.6,35.6,34.6,33.6,33.6,32.6,32.6,32.6,33.6,33.6,34.6,35.6
2026-04-20,197,-31.63,0.1,99.9,Safe R,-33.8,3.83,-31.63,-33.43,1.8,34.18,65.82,0.0,False,False,,,,0.0,0.0,0.0,-29.97,54.7,12.8,30.8,76.8,48.8,50.8,43.8,43.8,40.3,37.3,32.3,29.3,29.3,30.3,30.3,33.8,28.8,30.8,31.8,37.8,43.8,41.8,45.8,39.6,38.6,38.6,37.6,36.6,35.6,34.6,33.6,33.6,32.6,32.6,32.6,33.6,33.6,34.6,35.6
2026-04-21,196,-31.63,0.1,99.9,Safe R,-33.8,3.83,-31.63,-33.43,1.8,34.18,65.82,0.0,False,False,,,,0.0,0.0,0.0,-29.97,54.7,12.8,30.8,76.8,48.8,50.8,43.8,43.8,40.3,37.3,32.3,29.3,29.3,30.3,30.3,33.8,28.8,30.8,31.8,37.8,43.8,41.8,45.8,39.6,38.6,38.6,37.6,36.6,35.6,34.6,33.6,33.6,32.6,32.6,32.6,33.6,33.6,34.6,35.6
2026-04-22,195,-31.62,0.1,99.9,Safe R,-33.8,3.84,-31.62,-33.43,1.81,34.19,65.81,0.0,False,False,,,,0.0,0.0,0.0,-29.96,54.7,12.8,30.8,76.8,48.8,50.8,43.8,43.8,40.3,37.3,32.3,29.3,29.3,30.3,30.3,33.8,28.8,30.8,31.8,37.8,43.8,41.8,45.8,39.6,38.6,38.6,37.6,36.6,35.6,34.6,33.6,33.6,32.6,32.6,32.6,33.6,33.6,34.6,35.6
2026-04-23,194,-31.61,0.1,99.9,Safe R,-33.8,3.85,-31.61,-33.43,1.82,34.19,65.81,0.0,False,False,,,,0.0,0.0,0.0,-29.95,54.7,12.8,30.8,76.8,48.8,50.8,43.8,43.8,40.3,37.3,32.3,29.3,29.3,30.3,30.3,33.8,28.8,30.8,31.8,37.8,43.8,41.8,45.8,39.6,38.6,38.6,37.6,36.6,35.6,34.6,33.6,33.6,32.6,32.6,32.6,33.6,33.6,34.6,35.6
2026-04-24,193,-31.6,0.1,99.9,Safe R,-33.8,3.86,-31.6,-33.43,1.83,34.2,65.8,0.0,False,False,,,,0.0,0.0,0.0,-29.94,54.7,12.8,30.8,76.8,48.8,50.8,43.8,43.8,40.3,37.3,32.3,29.3,29.3,30.3,30.3,33.9,28.9,30.9,31.9,37.9,43.9,41.9,45.9,39.6,38.6,38.6,37.6,36.6,35.6,34.6,33.6,33.6,32.6,32.6,32.6,33.6,33.6,34.6,35.6
2026-04-25,192,-31.6,0.1,99.9,Safe R,-33.8,3.86,-31.6,-33.43,1.83,34.2,65.8,0.0,False,False,,,,0.0,0.0,0.0,-29.94,54.7,12.8,30.8,76.8,48.8,50.8,43.8,43.8,40.3,37.3,32.3,29.3,29.3,30.3,30.3,33.9,28.9,30.9,31.9,37.9,43.9,41.9,45.9,39.6,38.6,38.6,37.6,36.6,35.6,34.6,33.6,33.6,32.6,32.6,32.6,33.6,33.6,34.6,35.6
2026-04-26,191,-31.55,0.1,99.9,Safe R,-33.8,3.91,-31.55,-33.43,1.88,34.22,65.78,0.0,False,False,,,,0.0,0.0,0.0,-29.89,54.6,12.5,30.8,76.8,48.8,50.8,43.8,43.8,40.4,37.4,32.4,29.4,29.4,30.4,30.4,33.9,28.9,30.9,31.9,37.9,43.9,41.9,45.9,39.6,38.6,38.6,37.6,36.6,35.6,34.6,33.6,33.6,32.6,32.6,32.6,33.6,33.6,34.6,35.6
2026-04-27,190,-31.58,0.1,99.9,Safe R,-33.8,3.88,-31.58,-33.43,1.85,34.21,65.79,0.0,False,False,,,,0.0,0.0,0.0,-29.92,54.5,12.4,30.8,76.8,48.8,50.8,43.8,43.8,40.4,37.4,32.4,29.4,29.4,30.4,30.4,33.9,28.9,30.9,31.9,37.9,43.9,41.9,45.9,39.6,38.6,38.6,37.6,36.6,35.6,34.6,33.6,33.6,32.6,32.6,32.6,33.6,33.6,34.6,35.6
2026-04-28,189,-31.57,0.1,99.9,Safe R,-33.8,3.89,-31.57,-33.43,1.86,34.21,65.79,0.0,False,False,,,,0.0,0.0,0.0,-29.91,54.5,12.3,30.8,76.8,48.8,50.8,43.8,43.8,40.4,37.4,32.4,29.4,29.4,30.4,30.4,33.9,28.9,30.9,31.9,37.9,43.9,41.9,45.9,39.6,38.6,38.6,37.6,36.6,35.6,34.6,33.6,33.6,32.6,32.6,32.6,33.6,33.6,34.6,35.6
2026-04-29,188,-31.56,0.1,99.9,Safe R,-33.8,3.9,-31.56,-33.43,1.87,34.22,65.78,0.0,False,False,,,,0.0,0.0,0.0,-29.9,54.5,12.3,30.8,76.8,48.8,50.8,43.8,43.8,40.4,37.4,32.4,29.4,29.4,30.4,30.4,33.9,28.9,30.9,31.9,37.9,43.9,41.9,45.9,39.6,38.6,38.6,37.6,36.6,35.6,34.6,33.6,33.6,32.6,32.6,32.6,33.6,33.6,34.6,35.6
2026-04-30,187,-31.46,0.1,99.9,Safe R,-33.8,4.0,-31.46,-33.43,1.97,34.27,65.73,0.0,False,False,,,,0.0,0.0,0.0,-29.8,54.5,12.2,30.9,76.9,48.9,50.9,43.9,43.9,40.4,37.4,32.4,29.4,29.4,30.4,30.4,33.9,28.9,30.9,31.9,37.9,43.9,41.9,45.9,39.7,38.7,38.7,37.7,36.7,35.7,34.7,33.7,33.7,32.7,32.7,32.7,33.7,33.7,34.7,35.7
2026-05-01,186,-31.06,0.1,99.9,Safe R,-33.8,4.4,-31.06,-33.43,2.37,34.47,65.53,0.0,False,False,,,,0.0,0.0,0.0,-29.4,54.4,12.2,31.1,77.1,49.1,51.1,44.1,44.1,40.6,37.6,32.6,29.6,29.6,30.6,30.6,34.1,29.1,31.1,32.1,38.1,44.1,42.1,46.1,39.9,38.9,38.9,37.9,36.9,35.9,34.9,33.9,33.9,32.9,32.9,32.9,33.9,33.9,34.9,35.9
2026-05-02,185,-31.06,0.1,99.9,Safe R,-33.8,4.4,-31.06,-33.43,2.37,34.47,65.53,0.0,False,False,,,,0.0,0.0,0.0,-29.4,54.4,12.2,31.1,77.1,49.1,51.1,44.1,44.1,40.6,37.6,32.6,29.6,29.6,30.6,30.6,34.1,29.1,31.1,32.1,38.1,44.1,42.1,46.1,39.9,38.9,38.9,37.9,36.9,35.9,34.9,33.9,33.9,32.9,32.9,32.9,33.9,33.9,34.9,35.9
2026-05-03,184,-31.08,0.1,99.9,Safe R,-33.8,4.38,-31.08,-33.43,2.35,34.46,65.54,0.0,False,False,,,,0.0,0.0,0.0,-29.42,54.5,12.3,31.1,77.1,49.1,51.1,44.1,44.1,40.6,37.6,32.6,29.6,29.6,30.6,30.6,34.1,29.1,31.1,32.1,38.1,44.1,42.1,46.1,39.9,38.9,38.9,37.9,36.9,35.9,34.9,33.9,33.9,32.9,32.9,32.9,33.9,33.9,34.9,35.9
2026-05-04,183,-31.12,0.1,99.9,Safe R,-33.8,4.34,-31.12,-33.43,2.31,34.44,65.56,0.0,False,False,,,,0.0,0.0,0.0,-29.46,54.4,12.0,31.0,77.0,49.0,51.0,44.0,44.0,40.6,37.6,32.6,29.6,29.6,30.6,30.6,34.1,29.1,31.1,32.1,38.1,44.1,42.1,46.1,39.9,38.9,38.9,37.9,36.9,35.9,34.9,33.9,33.9,32.9,32.9,32.9,33.9,33.9,34.9,35.9
2026-05-05,182,-31.12,0.1,99.9,Safe R,-33.8,4.34,-31.12,-33.43,2.31,34.44,65.56,0.0,False,False,,,,0.0,0.0,0.0,-29.46,54.4,12.0,31.0,77.0,49.0,51.0,44.0,44.0,40.6,37.6,32.6,29.6,29.6,30.6,30.6,34.1,29.1,31.1,32.1,38.1,44.1,42.1,46.1,39.9,38.9,38.9,37.9,36.9,35.9,34.9,33.9,33.9,32.9,32.9,32.9,33.9,33.9,34.9,35.9
2026-05-06,181,-31.11,0.1,99.9,Safe R,-33.8,4.35,-31.11,-33.43,2.32,34.44,65.56,0.0,False,False,,,,0.0,0.0,0.0,-29.45,54.4,12.0,31.0,77.0,49.0,51.0,44.0,44.0,40.6,37.6,32.6,29.6,29.6,30.6,30.6,34.1,29.1,31.1,32.1,38.1,44.1,42.1,46.1,39.9,38.9,38.9,37.9,36.9,35.9,34.9,33.9,33.9,32.9,32.9,32.9,33.9,33.9,34.9,35.9
2026-05-07,180,-30.98,0.1,99.9,Safe R,-33.8,4.48,-30.98,-33.43,2.45,34.51,65.49,0.0,False,False,,,,0.0,0.0,0.0,-29.32,54.4,12.0,31.1,77.1,49.1,51.1,44.1,44.1,40.7,37.7,32.7,29.7,29.7,30.7,30.7,34.2,29.2,31.2,32.2,38.2,44.2,42.2,46.2,39.9,38.9,38.9,37.9,36.9,35.9,34.9,33.9,33.9,32.9,32.9,32.9,33.9,33.9,34.9,35.9
2026-05-08,179,-30.98,0.1,99.9,Safe R,-33.8,4.48,-30.98,-33.43,2.45,34.51,65.49,0.0,False,False,,,,0.0,0.0,0.0,-29.32,54.4,12.0,31.1,77.1,49.1,51.1,44.1,44.1,40.7,37.7,32.7,29.7,29.7,30.7,30.7,34.2,29.2,31.2,32.2,38.2,44.2,42.2,46.2,39.9,38.9,38.9,37.9,36.9,35.9,34.9,33.9,33.9,32.9,32.9,32.9,33.9,33.9,34.9,35.9
2026-05-09,178,-30.98,0.1,99.9,Safe R,-33.8,4.48,-30.98,-33.43,2.45,34.51,65.49,0.0,False,False,,,,0.0,0.0,0.0,-29.32,54.4,12.0,31.1,77.1,49.1,51.1,44.1,44.1,40.7,37.7,32.7,29.7,29.7,30.7,30.7,34.2,29.2,31.2,32.2,38.2,44.2,42.2,46.2,39.9,38.9,38.9,37.9,36.9,35.9,34.9,33.9,33.9,32.9,32.9,32.9,33.9,33.9,34.9,35.9
2026-05-10,177,-30.98,0.1,99.9,Safe R,-33.8,4.48,-30.98,-33.43,2.45,34.51,65.49,0.0,False,False,,,,0.0,0.0,0.0,-29.32,54.4,12.0,31.1,77.1,49.1,51.1,44.1,44.1,40.7,37.7,32.7,29.7,29.7,30.7,30.7,34.2,29.2,31.2,32.2,38.2,44.2,42.2,46.2,39.9,38.9,38.9,37.9,36.9,35.9,34.9,33.9,33.9,32.9,32.9,32.9,33.9,33.9,34.9,35.9
2026-05-11,176,-30.98,0.1,99.9,Safe R,-33.8,4.48,-30.98,-33.43,2.45,34.51,65.49,0.0,False,False,,,,0.0,0.0,0.0,-29.32,54.3,11.8,31.1,77.1,49.1,51.1,44.1,44.1,40.7,37.7,32.7,29.7,29.7,30.7,30.7,34.2,29.2,31.2,32.2,38.2,44.2,42.2,46.2,39.9,38.9,38.9,37.9,36.9,35.9,34.9,33.9,33.9,32.9,32.9,32.9,33.9,33.9,34.9,35.9
2026-05-12,175,-30.98,0.1,99.9,Safe R,-33.8,4.48,-30.98,-33.43,2.45,34.51,65.49,0.0,False,False,,,,0.0,0.0,0.0,-29.32,54.3,11.8,31.1,77.1,49.1,51.1,44.1,44.1,40.7,37.7,32.7,29.7,29.7,30.7,30.7,34.2,29.2,31.2,32.2,38.2,44.2,42.2,46.2,39.9,38.9,38.9,37.9,36.9,35.9,34.9,33.9,33.9,32.9,32.9,32.9,33.9,33.9,34.9,35.9
2026-05-13,174,-30.97,0.1,99.9,Safe R,-33.8,4.49,-30.97,-33.43,2.46,34.51,65.49,0.0,False,False,,,,0.0,0.0,0.0,-29.31,54.3,11.8,31.1,77.1,49.1,51.1,44.1,44.1,40.7,37.7,32.7,29.7,29.7,30.7,30.7,34.2,29.2,31.2,32.2,38.2,44.2,42.2,46.2,39.9,38.9,38.9,37.9,36.9,35.9,34.9,33.9,33.9,32.9,32.9,32.9,33.9,33.9,34.9,35.9
2026-05-14,173,-30.97,0.1,99.9,Safe R,-33.8,4.49,-30.97,-33.43,2.46,34.51,65.49,0.0,False,False,,,,0.0,0.0,0.0,-29.31,54.3,11.8,31.1,77.1,49.1,51.1,44.1,44.1,40.7,37.7,32.7,29.7,29.7,30.7,30.7,34.2,29.2,31.2,32.2,38.2,44.2,42.2,46.2,39.9,38.9,38.9,37.9,36.9,35.9,34.9,33.9,33.9,32.9,32.9,32.9,33.9,33.9,34.9,35.9
2026-05-15,172,-30.83,0.2,99.8,Safe R,-33.8,4.63,-30.83,-33.43,2.6,34.58,65.42,0.0,False,False,,,,0.0,0.0,0.0,-29.17,54.1,11.4,31.2,77.2,49.2,51.2,44.2,44.2,40.7,37.7,32.7,29.7,29.7,30.7,30.7,34.2,29.2,31.2,32.2,38.2,44.2,42.2,46.2,40.0,39.0,39.0,38.0,37.0,36.0,35.0,34.0,34.0,33.0,33.0,33.0,34.0,34.0,35.0,36.0
2026-05-16,171,-30.83,0.2,99.8,Safe R,-33.8,4.63,-30.83,-33.43,2.6,34.58,65.42,0.0,False,False,,,,0.0,0.0,0.0,-29.17,54.1,11.4,31.2,77.2,49.2,51.2,44.2,44.2,40.7,37.7,32.7,29.7,29.7,30.7,30.7,34.2,29.2,31.2,32.2,38.2,44.2,42.2,46.2,40.0,39.0,39.0,38.0,37.0,36.0,35.0,34.0,34.0,33.0,33.0,33.0,34.0,34.0,35.0,36.0
2026-05-17,170,-30.84,0.2,99.8,Safe R,-33.8,4.62,-30.84,-33.43,2.59,34.58,65.42,0.0,False,False,,,,0.0,0.0,0.0,-29.18,54.2,11.5,31.2,77.2,49.2,51.2,44.2,44.2,40.7,37.7,32.7,29.7,29.7,30.7,30.7,34.2,29.2,31.2,32.2,38.2,44.2,42.2,46.2,40.0,39.0,39.0,38.0,37.0,36.0,35.0,34.0,34.0,33.0,33.0,33.0,34.0,34.0,35.0,36.0
2026-05-18,169,-30.73,0.2,99.8,Safe R,-33.8,4.73,-30.73,-33.43,2.7,34.63,65.37,0.0,False,False,,,,0.0,0.0,0.0,-29.07,53.9,11.0,31.2,77.2,49.2,51.2,44.2,44.2,40.8,37.8,32.8,29.8,29.8,30.8,30.8,34.3,29.3,31.3,32.3,38.3,44.3,42.3,46.3,40.1,39.1,39.1,38.1,37.1,36.1,35.1,34.1,34.1,33.1,33.1,33.1,34.1,34.1,35.1,36.1
2026-05-19,168,-30.7,0.2,99.8,Safe R,-33.8,4.76,-30.7,-33.43,2.73,34.65,65.35,0.0,False,False,,,,0.0,0.0,0.0,-29.04,53.9,11.0,31.2,77.2,49.2,51.2,44.2,44.2,40.8,37.8,32.8,29.8,29.8,30.8,30.8,34.3,29.3,31.3,32.3,38.3,44.3,42.3,46.3,40.1,39.1,39.1,38.1,37.1,36.1,35.1,34.1,34.1,33.1,33.1,33.1,34.1,34.1,35.1,36.1
2026-05-20,167,-30.69,0.2,99.8,Safe R,-33.8,4.77,-30.69,-33.43,2.74,34.65,65.35,0.0,False,False,,,,0.0,0.0,0.0,-29.03,53.8,10.8,31.2,77.2,49.2,51.2,44.2,44.2,40.8,37.8,32.8,29.8,29.8,30.8,30.8,34.3,29.3,31.3,32.3,38.3,44.3,42.3,46.3,40.1,39.1,39.1,38.1,37.1,36.1,35.1,34.1,34.1,33.1,33.1,33.1,34.1,34.1,35.1,36.1
2026-05-21,166,-30.68,0.2,99.8,Safe R,-33.8,4.78,-30.68,-33.43,2.75,34.66,65.34,0.0,False,False,,,,0.0,0.0,0.0,-29.02,53.8,10.8,31.3,77.3,49.3,51.3,44.3,44.3,40.8,37.8,32.8,29.8,29.8,30.8,30.8,34.3,29.3,31.3,32.3,38.3,44.3,42.3,46.3,40.1,39.1,39.1,38.1,37.1,36.1,35.1,34.1,34.1,33.1,33.1,33.1,34.1,34.1,35.1,36.1
2026-05-22,165,-30.67,0.2,99.8,Safe R,-33.8,4.79,-30.67,-33.43,2.76,34.66,65.34,0.0,False,False,,,,0.0,0.0,0.0,-29.01,53.8,10.9,31.3,77.3,49.3,51.3,44.3,44.3,40.8,37.8,32.8,29.8,29.8,30.8,30.8,34.3,29.3,31.3,32.3,38.3,44.3,42.3,46.3,40.1,39.1,39.1,38.1,37.1,36.1,35.1,34.1,34.1,33.1,33.1,33.1,34.1,34.1,35.1,36.1
2026-05-23,164,-30.67,0.2,99.8,Safe R,-33.8,4.79,-30.67,-33.43,2.76,34.66,65.34,0.0,False,False,,,,0.0,0.0,0.0,-29.01,53.8,10.9,31.3,77.3,49.3,51.3,44.3,44.3,40.8,37.8,32.8,29.8,29.8,30.8,30.8,34.3,29.3,31.3,32.3,38.3,44.3,42.3,46.3,40.1,39.1,39.1,38.1,37.1,36.1,35.1,34.1,34.1,33.1,33.1,33.1,34.1,34.1,35.1,36.1
2026-05-24,163,-30.69,0.2,99.8,Safe R,-33.8,4.77,-30.69,-33.43,2.74,34.65,65.35,0.0,False,False,,,,0.0,0.0,0.0,-29.03,53.9,11.0,31.2,77.2,49.2,51.2,44.2,44.2,40.8,37.8,32.8,29.8,29.8,30.8,30.8,34.3,29.3,31.3,32.3,38.3,44.3,42.3,46.3,40.1,39.1,39.1,38.1,37.1,36.1,35.1,34.1,34.1,33.1,33.1,33.1,34.1,34.1,35.1,36.1
2026-05-25,162,-30.64,0.2,99.8,Safe R,-33.8,4.82,-30.64,-33.43,2.79,34.68,65.32,0.0,False,False,,,,0.0,0.0,0.0,-28.98,53.9,11.1,31.3,77.3,49.3,51.3,44.3,44.3,40.8,37.8,32.8,29.8,29.8,30.8,30.8,34.3,29.3,31.3,32.3,38.3,44.3,42.3,46.3,40.1,39.1,39.1,38.1,37.1,36.1,35.1,34.1,34.1,33.1,33.1,33.1,34.1,34.1,35.1,36.1
2026-05-26,161,-30.72,0.2,99.8,Safe R,-33.8,4.74,-30.72,-33.43,2.71,34.64,65.36,0.0,False,False,,,,0.0,0.0,0.0,-29.06,53.9,11.0,31.2,77.2,49.2,51.2,44.2,44.2,40.8,37.8,32.8,29.8,29.8,30.8,30.8,34.3,29.3,31.3,32.3,38.3,44.3,42.3,46.3,40.1,39.1,39.1,38.1,37.1,36.1,35.1,34.1,34.1,33.1,33.1,33.1,34.1,34.1,35.1,36.1
2026-05-27,160,-30.71,0.2,99.8,Safe R,-33.8,4.75,-30.71,-33.43,2.72,34.64,65.36,0.0,False,False,,,,0.0,0.0,0.0,-29.05,53.9,11.0,31.2,77.2,49.2,51.2,44.2,44.2,40.8,37.8,32.8,29.8,29.8,30.8,30.8,34.3,29.3,31.3,32.3,38.3,44.3,42.3,46.3,40.1,39.1,39.1,38.1,37.1,36.1,35.1,34.1,34.1,33.1,33.1,33.1,34.1,34.1,35.1,36.1
2026-05-28,159,-30.7,0.2,99.8,Safe R,-33.8,4.76,-30.7,-33.43,2.73,34.65,65.35,0.0,False,False,,,,0.0,0.0,0.0,-29.04,53.9,11.0,31.2,77.2,49.2,51.2,44.2,44.2,40.8,37.8,32.8,29.8,29.8,30.8,30.8,34.3,29.3,31.3,32.3,38.3,44.3,42.3,46.3,40.1,39.1,39.1,38.1,37.1,36.1,35.1,34.1,34.1,33.1,33.1,33.1,34.1,34.1,35.1,36.1
2026-05-29,158,-30.7,0.2,99.8,Safe R,-33.8,4.76,-30.7,-33.43,2.73,34.65,65.35,0.0,False,False,,,,0.0,0.0,0.0,-29.04,53.9,11.0,31.2,77.2,49.2,51.2,44.2,44.2,40.8,37.8,32.8,29.8,29.8,30.8,30.8,34.3,29.3,31.3,32.3,38.3,44.3,42.3,46.3,40.1,39.1,39.1,38.1,37.1,36.1,35.1,34.1,34.1,33.1,33.1,33.1,34.1,34.1,35.1,36.1
2026-05-30,157,-30.7,0.2,99.8,Safe R,-33.8,4.76,-30.7,-33.43,2.73,34.65,65.35,0.0,False,False,,,,0.0,0.0,0.0,-29.04,53.9,11.0,31.2,77.2,49.2,51.2,44.2,44.2,40.8,37.8,32.8,29.8,29.8,30.8,30.8,34.3,29.3,31.3,32.3,38.3,44.3,42.3,46.3,40.1,39.1,39.1,38.1,37.1,36.1,35.1,34.1,34.1,33.1,33.1,33.1,34.1,34.1,35.1,36.1
2026-05-31,156,-30.75,0.2,99.8,Safe R,-33.8,4.71,-30.75,-33.43,2.68,34.62,65.38,0.0,False,False,,,,0.0,0.0,0.0,-29.09,54.0,11.3,31.2,77.2,49.2,51.2,44.2,44.2,40.8,37.8,32.8,29.8,29.8,30.8,30.8,34.3,29.3,31.3,32.3,38.3,44.3,42.3,46.3,40.0,39.0,39.0,38.0,37.0,36.0,35.0,34.0,34.0,33.0,33.0,33.0,34.0,34.0,35.0,36.0
2026-06-01,155,-30.05,0.2,99.8,Safe R,-33.8,5.41,-30.05,-33.43,3.38,34.97,65.03,0.0,False,False,,,,0.0,0.0,0.0,-28.39,54.0,11.1,31.6,77.6,49.6,51.6,44.6,44.6,41.1,38.1,33.1,30.1,30.1,31.1,31.1,34.6,29.6,31.6,32.6,38.6,44.6,42.6,46.6,40.4,39.4,39.4,38.4,37.4,36.4,35.4,34.4,34.4,33.4,33.4,33.4,34.4,34.4,35.4,36.4
2026-06-02,154,-30.05,0.2,99.8,Safe R,-33.8,5.41,-30.05,-33.43,3.38,34.97,65.03,0.0,False,False,,,,0.0,0.0,0.0,-28.39,54.0,11.2,31.6,77.6,49.6,51.6,44.6,44.6,41.1,38.1,33.1,30.1,30.1,31.1,31.1,34.6,29.6,31.6,32.6,38.6,44.6,42.6,46.6,40.4,39.4,39.4,38.4,37.4,36.4,35.4,34.4,34.4,33.4,33.4,33.4,34.4,34.4,35.4,36.4
2026-06-03,153,-30.04,0.2,99.8,Safe R,-33.8,5.42,-30.04,-33.43,3.39,34.98,65.02,0.0,False,False,,,,0.0,0.0,0.0,-28.38,54.0,11.1,31.6,77.6,49.6,51.6,44.6,44.6,41.1,38.1,33.1,30.1,30.1,31.1,31.1,34.6,29.6,31.6,32.6,38.6,44.6,42.6,46.6,40.4,39.4,39.4,38.4,37.4,36.4,35.4,34.4,34.4,33.4,33.4,33.4,34.4,34.4,35.4,36.4
2026-06-04,152,-30.04,0.2,99.8,Safe R,-33.8,5.42,-30.04,-33.43,3.39,34.98,65.02,0.0,False,False,,,,0.0,0.0,0.0,-28.38,54.0,11.2,31.6,77.6,49.6,51.6,44.6,44.6,41.1,38.1,33.1,30.1,30.1,31.1,31.1,34.6,29.6,31.6,32.6,38.6,44.6,42.6,46.6,40.4,39.4,39.4,38.4,37.4,36.4,35.4,34.4,34.4,33.4,33.4,33.4,34.4,34.4,35.4,36.4
2026-06-05,151,-30.05,0.2,99.8,Safe R,-33.8,5.41,-30.05,-33.43,3.38,34.97,65.03,0.0,False,False,,,,0.0,0.0,0.0,-28.39,54.0,11.2,31.6,77.6,49.6,51.6,44.6,44.6,41.1,38.1,33.1,30.1,30.1,31.1,31.1,34.6,29.6,31.6,32.6,38.6,44.6,42.6,46.6,40.4,39.4,39.4,38.4,37.4,36.4,35.4,34.4,34.4,33.4,33.4,33.4,34.4,34.4,35.4,36.4
2026-06-06,150,-30.05,0.2,99.8,Safe R,-33.8,5.41,-30.05,-33.43,3.38,34.97,65.03,0.0,False,False,,,,0.0,0.0,0.0,-28.39,54.0,11.2,31.6,77.6,49.6,51.6,44.6,44.6,41.1,38.1,33.1,30.1,30.1,31.1,31.1,34.6,29.6,31.6,32.6,38.6,44.6,42.6,46.6,40.4,39.4,39.4,38.4,37.4,36.4,35.4,34.4,34.4,33.4,33.4,33.4,34.4,34.4,35.4,36.4
2026-06-07,149,-30.1,0.2,99.8,Safe R,-33.8,5.36,-30.1,-33.43,3.33,34.95,65.05,0.0,False,False,,,,0.0,0.0,0.0,-28.44,54.0,11.2,31.5,77.5,49.5,51.5,44.5,44.5,41.1,38.1,33.1,30.1,30.1,31.1,31.1,34.6,29.6,31.6,32.6,38.6,44.6,42.6,46.6,40.4,39.4,39.4,38.4,37.4,36.4,35.4,34.4,34.4,33.4,33.4,33.4,34.4,34.4,35.4,36.4
2026-06-08,148,-30.04,0.2,99.8,Safe R,-33.8,5.42,-30.04,-33.43,3.39,34.98,65.02,0.0,False,False,,,,0.0,0.0,0.0,-28.38,54.0,11.2,31.6,77.6,49.6,51.6,44.6,44.6,41.1,38.1,33.1,30.1,30.1,31.1,31.1,34.6,29.6,31.6,32.6,38.6,44.6,42.6,46.6,40.4,39.4,39.4,38.4,37.4,36.4,35.4,34.4,34.4,33.4,33.4,33.4,34.4,34.4,35.4,36.4
2026-06-09,147,-30.03,0.2,99.8,Safe R,-33.8,5.43,-30.03,-33.43,3.4,34.98,65.02,0.0,False,False,,,,0.0,0.0,0.0,-28.37,54.0,11.2,31.6,77.6,49.6,51.6,44.6,44.6,41.1,38.1,33.1,30.1,30.1,31.1,31.1,34.6,29.6,31.6,32.6,38.6,44.6,42.6,46.6,40.4,39.4,39.4,38.4,37.4,36.4,35.4,34.4,34.4,33.4,33.4,33.4,34.4,34.4,35.4,36.4
2026-06-10,146,-30.03,0.2,99.8,Safe R,-33.8,5.43,-30.03,-33.43,3.4,34.98,65.02,0.0,False,False,,,,0.0,0.0,0.0,-28.37,54.0,11.2,31.6,77.6,49.6,51.6,44.6,44.6,41.1,38.1,33.1,30.1,30.1,31.1,31.1,34.6,29.6,31.6,32.6,38.6,44.6,42.6,46.6,40.4,39.4,39.4,38.4,37.4,36.4,35.4,34.4,34.4,33.4,33.4,33.4,34.4,34.4,35.4,36.4
2026-06-11,145,-30.03,0.2,99.8,Safe R,-33.8,5.43,-30.03,-33.43,3.4,34.98,65.02,0.0,False,False,,,,0.0,0.0,0.0,-28.37,54.0,11.2,31.6,77.6,49.6,51.6,44.6,44.6,41.1,38.1,33.1,30.1,30.1,31.1,31.1,34.6,29.6,31.6,32.6,38.6,44.6,42.6,46.6,40.4,39.4,39.4,38.4,37.4,36.4,35.4,34.4,34.4,33.4,33.4,33.4,34.4,34.4,35.4,36.4
2026-06-12,144,-30.03,0.2,99.8,Safe R,-33.8,5.43,-30.03,-33.43,3.4,34.98,65.02,0.0,False,False,,,,0.0,0.0,0.0,-28.37,54.0,11.2,31.6,77.6,49.6,51.6,44.6,44.6,41.1,38.1,33.1,30.1,30.1,31.1,31.1,34.6,29.6,31.6,32.6,38.6,44.6,42.6,46.6,40.4,39.4,39.4,38.4,37.4,36.4,35.4,34.4,34.4,33.4,33.4,33.4,34.4,34.4,35.4,36.4
2026-06-13,143,-30.03,0.2,99.8,Safe R,-33.8,5.43,-30.03,-33.43,3.4,34.98,65.02,0.0,False,False,,,,0.0,0.0,0.0,-28.37,54.0,11.2,31.6,77.6,49.6,51.6,44.6,44.6,41.1,38.1,33.1,30.1,30.1,31.1,31.1,34.6,29.6,31.6,32.6,38.6,44.6,42.6,46.6,40.4,39.4,39.4,38.4,37.4,36.4,35.4,34.4,34.4,33.4,33.4,33.4,34.4,34.4,35.4,36.4
2026-06-14,142,-30.03,0.2,99.8,Safe R,-33.8,5.43,-30.03,-33.43,3.4,34.98,65.02,0.0,False,False,,,,0.0,0.0,0.0,-28.37,54.0,11.2,31.6,77.6,49.6,51.6,44.6,44.6,41.1,38.1,33.1,30.1,30.1,31.1,31.1,34.6,29.6,31.6,32.6,38.6,44.6,42.6,46.6,40.4,39.4,39.4,38.4,37.4,36.4,35.4,34.4,34.4,33.4,33.4,33.4,34.4,34.4,35.4,36.4
2026-06-15,141,-30.11,0.2,99.8,Safe R,-33.8,5.35,-30.11,-33.43,3.32,34.94,65.06,0.0,False,False,,,,0.0,0.0,0.0,-28.45,54.0,11.1,31.5,77.5,49.5,51.5,44.5,44.5,41.1,38.1,33.1,30.1,30.1,31.1,31.1,34.6,29.6,31.6,32.6,38.6,44.6,42.6,46.6,40.4,39.4,39.4,38.4,37.4,36.4,35.4,34.4,34.4,33.4,33.4,33.4,34.4,34.4,35.4,36.4
2026-06-16,140,-30.11,0.2,99.8,Safe R,-33.8,5.35,-30.11,-33.43,3.32,34.94,65.06,0.0,False,False,,,,0.0,0.0,0.0,-28.45,54.0,11.1,31.5,77.5,49.5,51.5,44.5,44.5,41.1,38.1,33.1,30.1,30.1,31.1,31.1,34.6,29.6,31.6,32.6,38.6,44.6,42.6,46.6,40.4,39.4,39.4,38.4,37.4,36.4,35.4,34.4,34.4,33.4,33.4,33.4,34.4,34.4,35.4,36.4
2026-06-17,139,-30.14,0.2,99.8,Safe R,-33.8,5.32,-30.14,-33.43,3.29,34.93,65.07,0.0,False,False,,,,0.0,0.0,0.0,-28.48,54.0,11.1,31.5,77.5,49.5,51.5,44.5,44.5,41.1,38.1,33.1,30.1,30.1,31.1,31.1,34.6,29.6,31.6,32.6,38.6,44.6,42.6,46.6,40.4,39.4,39.4,38.4,37.4,36.4,35.4,34.4,34.4,33.4,33.4,33.4,34.4,34.4,35.4,36.4
