cand_id,name,first,last,party,state,incumbent,fec_id,strength
C-0001,Mary Peltola,Mary,Peltola,DEM,AK,0,S6AK00276,10.77
C-0002,Dan Sullivan,Dan,Sullivan,REP,AK,1,S4AK00214,-2.1
C-0003,Everett Wess,Everett,Wess,DEM,AL,0,S6AL00518,0.0
C-0004,Barry Moore,Barry,Moore,REP,AL,0,S6AL00476,1.39
C-0005,Hallie Shoffner,Hallie,Shoffner,DEM,AR,0,S6AR00199,0.0
C-0006,Tom Cotton,Tom,Cotton,REP,AR,1,S4AR00103,0.0
C-0007,John Hickenlooper,John,Hickenlooper,DEM,CO,1,S0CO00575,2.83
C-0008,Mark Baisley,Mark,Baisley,REP,CO,0,S6CO00507,0.0
C-0009,Chris Coons,Chris,Coons,DEM,DE,1,S0DE00092,0.0
C-0010,Michael Katz,Michael,Katz,REP,DE,0,S6DE00206,0.0
C-0011,Angie Nixon,Angie,Nixon,DEM,FL,0,S6FL00830,0.0
C-0012,Ashley Moody,Ashley,Moody,REP,FL,1,S6FL00640,0.0
C-0013,Jon Ossoff,Jon,Ossoff,DEM,GA,1,S8GA00180,7.59
C-0014,Mike Collins,Mike,Collins,REP,GA,0,S6GA00390,0.0
C-0015,Josh Turek,Josh,Turek,DEM,IA,0,S6IA00298,0.0
C-0016,Ashley Hinson,Ashley,Hinson,REP,IA,0,S6IA00314,-1.4
C-0017,David Roth,David,Roth,DEM,ID,0,,-1.96
C-0018,Jim Risch,Jim,Risch,REP,ID,1,S8ID00092,0.0
C-0019,Juliana Stratton,Juliana,Stratton,DEM,IL,0,S6IL00458,0.0
C-0020,Don Tracy,Don,Tracy,REP,IL,0,S6IL00615,0.0
C-0021,Adam Hamilton,Adam,Hamilton,DEM,KS,0,S6KS00312,0.0
C-0022,Roger Marshall,Roger,Marshall,REP,KS,1,S0KS00315,0.87
C-0023,Charles Booker,Charles,Booker,DEM,KY,0,S6KY00385,0.0
C-0024,Andy Barr,Andy,Barr,REP,KY,0,S6KY00286,-7.29
C-0025,Jamie Davis,Jamie,Davis,DEM,LA,0,S6LA00615,0.0
C-0026,Julia Letlow,Julia,Letlow,REP,LA,0,S6LA00664,-10.65
C-0027,Ed Markey,Ed,Markey,DEM,MA,1,S4MA00028,0.0
C-0028,John Deaton,John,Deaton,REP,MA,0,S6MA00304,0.0
C-0029,Graham Platner,Graham,Platner,DEM,ME,0,,0.0
C-1043,Troy Jackson,Troy,Jackson,DEM,ME,0,S6ME00464,0.0
C-0030,Susan Collins,Susan,Collins,REP,ME,1,S6ME00159,-17.83
C-0031,Abdul El-Sayed,Abdul,El-Sayed,DEM,MI,0,S6MI00418,0.0
C-0032,Mike Rogers,Mike,Rogers,REP,MI,0,S4MI00595,0.66
C-0033,Peggy Flanagan,Peggy,Flanagan,DEM,MN,0,S6MN00440,0.0
C-0034,Adam Schwarze,Adam,Schwarze,REP,MN,0,,0.0
C-0035,Scott Colom,Scott,Colom,DEM,MS,0,S6MS00133,0.0
C-0036,Cindy Hyde-Smith,Cindy,Hyde-Smith,REP,MS,1,S8MS00261,6.43
C-0037,Alani Bankhead,Alani,Bankhead,DEM,MT,0,S6MT00253,0.0
C-0038,Kurt Alme,Kurt,Alme,REP,MT,0,S6MT00295,0.0
C-0039,Seth Bodnar,Seth,Bodnar,IND,MT,0,S6MT00287,0.0
C-0040,Roy Cooper,Roy,Cooper,DEM,NC,0,S6NC00407,2.85
C-0041,Michael Whatley,Michael,Whatley,REP,NC,0,S6NC00415,0.0
C-0042,(no Democrat — backs Osborn),(no,Democrat — backs Osborn),DEM,NE,0,,0.0
C-0043,Pete Ricketts,Pete,Ricketts,REP,NE,1,S6NE00129,0.07
C-0044,Dan Osborn,Dan,Osborn,IND,NE,0,S4NE00207,15.38
C-0045,Chris Pappas,Chris,Pappas,DEM,NH,0,S6NH00141,6.3
C-0046,Scott Brown,Scott,Brown,REP,NH,0,,0.0
C-0047,Cory Booker,Cory,Booker,DEM,NJ,1,S4NJ00185,0.32
C-0048,Justin Murphy,Justin,Murphy,REP,NJ,0,S4NJ00532,0.0
C-0049,Ben Ray Lujan,Ben,Ray Lujan,DEM,NM,1,S0NM00058,0.0
C-0050,Larry Marker,Larry,Marker,REP,NM,0,S6NM01186,0.0
C-0051,Sherrod Brown,Sherrod,Brown,DEM,OH,0,S6OH00163,4.59
C-0052,Jon Husted,Jon,Husted,REP,OH,1,S6OH00304,0.0
C-0053,Jim Priest,Jim,Priest,DEM,OK,0,,0.0
C-0054,Kevin Hern,Kevin,Hern,REP,OK,0,S6OK04247,-4.17
C-0055,Jeff Merkley,Jeff,Merkley,DEM,OR,1,S8OR00207,0.0
C-0056,David Brock Smith,David,Brock Smith,REP,OR,0,S6OR05218,0.0
C-0057,Jack Reed,Jack,Reed,DEM,RI,1,S6RI00163,0.0
C-0058,Raymond McKay,Raymond,McKay,REP,RI,0,S4RI00051,0.0
C-0059,Annie Andrews,Annie,Andrews,DEM,SC,0,S6SC04239,4.88
C-0060,Darline Graham,Darline,Graham,REP,SC,1,S6SC04437,0.0
C-0061,(No Democrat),,,DEM,SD,0,,0.0
C-0062,Mike Rounds,Mike,Rounds,REP,SD,1,S4SD00049,-4.09
C-0063,Marquita Bradshaw,Marquita,Bradshaw,DEM,TN,0,S4TN00542,0.0
C-0064,Bill Hagerty,Bill,Hagerty,REP,TN,1,S0TN00169,-6.88
C-0065,James Talarico,James,Talarico,DEM,TX,0,S6TX00479,0.0
C-0066,Ken Paxton,Ken,Paxton,REP,TX,0,S6TX00388,3.07
C-0067,Mark Warner,Mark,Warner,DEM,VA,1,S6VA00093,2.22
C-0068,Bert Mizusawa,Bert,Mizusawa,REP,VA,0,S8VA00321,0.0
C-0069,Rachel Fetty Anderson,Rachel,Anderson,DEM,WV,0,S6WV00188,0.0
C-0070,Shelley Moore Capito,Shelley,Moore Capito,REP,WV,1,S4WV00159,0.0
C-0071,James Byrd,James,Byrd,DEM,WY,0,S6WY00217,0.0
C-0072,Harriet Hageman,Harriet,Hageman,REP,WY,0,S6WY00209,0.0
C-0073,Jonathan Kreiss-Tomkins,Jonathan,Kreiss-Tomkins,DEM,AK,0,,0.0
C-0074,Bernadette Wilson,Bernadette,Wilson,REP,AK,0,,0.0
C-0075,Doug Jones,Doug,Jones,DEM,AL,0,,2.53
C-0076,Tommy Tuberville,Tommy,Tuberville,REP,AL,0,,2.53
C-0077,Fredrick Love,Fredrick,Love,DEM,AR,0,,0.0
C-0078,Sarah Huckabee Sanders,Sarah,Huckabee Sanders,REP,AR,1,,2.31
C-0079,Katie Hobbs,Katie,Hobbs,DEM,AZ,1,,3.35
C-0080,Andy Biggs,Andy,Biggs,REP,AZ,0,,3.16
C-0081,Xavier Becerra,Xavier,Becerra,DEM,CA,0,,0.0
C-0082,Steve Hilton,Steve,Hilton,REP,CA,0,,0.0
C-0083,Phil Weiser,Phil,Weiser,DEM,CO,0,,0.0
C-0084,Victor Marx,Victor,Marx,REP,CO,0,,0.0
C-0085,Ned Lamont,Ned,Lamont,DEM,CT,1,,-4.04
C-0086,Ryan Fazio,Ryan,Fazio,REP,CT,0,,0.0
C-0087,David Jolly,David,Jolly,DEM,FL,0,,0.0
C-0088,Byron Donalds,Byron,Donalds,REP,FL,0,,-0.7
C-0089,Keisha Lance Bottoms,Keisha,Lance Bottoms,DEM,GA,0,,0.0
C-0090,Rick Jackson,Rick,Jackson,REP,GA,0,,0.0
C-0091,Josh Green,Josh,Green,DEM,HI,1,,0.0
C-0092,Gary Cordery,Gary,Cordery,REP,HI,0,,0.0
C-0093,Rob Sand,Rob,Sand,DEM,IA,0,,16.29
C-0094,Zach Lahn,Zach,Lahn,REP,IA,0,,0.0
C-0095,Terri Pickens,Terri,Pickens,DEM,ID,0,,0.0
C-0096,Brad Little,Brad,Little,REP,ID,1,,-16.05
C-0097,JB Pritzker,JB,Pritzker,DEM,IL,1,,0.0
C-0098,Darren Bailey,Darren,Bailey,REP,IL,0,,-2.53
C-0099,Ethan Corson,Ethan,Corson,DEM,KS,0,,0.0
C-0100,Ty Masterson,Ty,Masterson,REP,KS,0,,0.0
C-0101,Maura Healey,Maura,Healey,DEM,MA,1,,-0.81
C-0102,Mike Minogue,Mike,Minogue,REP,MA,0,,0.0
C-0103,Wes Moore,Wes,Moore,DEM,MD,1,,3.31
C-0104,Dan Cox,Dan,Cox,REP,MD,0,,-0.67
C-0105,Hannah Pingree,Hannah,Pingree,DEM,ME,0,,0.0
C-0106,Robert Charles,Robert,Charles,REP,ME,0,,0.0
C-0107,Jocelyn Benson,Jocelyn,Benson,DEM,MI,0,,18.91
C-0108,John James,John,James,REP,MI,0,,-3.95
C-0109,Amy Klobuchar,Amy,Klobuchar,DEM,MN,0,,-0.18
C-0110,Kendall Qualls,Kendall,Qualls,REP,MN,0,,0.0
C-0111,Lynne Walz,Lynne,Walz,DEM,NE,0,,0.0
C-0112,Jim Pillen,Jim,Pillen,REP,NE,1,,-2.37
C-0113,Cinde Warmington,Cinde,Warmington,DEM,NH,0,,-14.83
C-0114,Kelly Ayotte,Kelly,Ayotte,REP,NH,1,,-12.36
C-0115,Deb Haaland,Deb,Haaland,DEM,NM,0,,-9.58
C-0116,Gregg Hull,Gregg,Hull,REP,NM,0,,0.0
C-0117,Aaron Ford,Aaron,Ford,DEM,NV,0,,4.75
C-0118,Joe Lombardo,Joe,Lombardo,REP,NV,1,,-0.98
C-0119,Kathy Hochul,Kathy,Hochul,DEM,NY,1,,-13.75
C-0120,Bruce Blakeman,Bruce,Blakeman,REP,NY,0,,0.0
C-0121,Amy Acton,Amy,Acton,DEM,OH,0,,0.0
C-0122,Vivek Ramaswamy,Vivek,Ramaswamy,REP,OH,0,,0.0
C-0123,Cyndi Munson,Cyndi,Munson,DEM,OK,0,,0.0
C-0124,Mike Mazzei,Mike,Mazzei,REP,OK,0,,0.0
C-0125,Tina Kotek,Tina,Kotek,DEM,OR,1,,-9.33
C-0126,Christine Drazan,Christine,Drazan,REP,OR,0,,-13.1
C-0127,Josh Shapiro,Josh,Shapiro,DEM,PA,1,,16.86
C-0128,Stacy Garrity,Stacy,Garrity,REP,PA,0,,-1.94
C-0129,Dan McKee,Dan,McKee,DEM,RI,1,,0.0
C-0130,Aaron Guckian,Aaron,Guckian,REP,RI,0,,0.0
C-0131,Jermaine Johnson,Jermaine,Johnson,DEM,SC,0,,0.0
C-0132,Alan Wilson,Alan,Wilson,REP,SC,0,,0.11
C-0133,Dan Ahlers,Dan,Ahlers,DEM,SD,0,,0.0
C-0134,Larry Rhoden,Larry,Rhoden,REP,SD,1,,1.54
C-0135,Carnita Atwater,Carnita,Atwater,DEM,TN,0,,0.0
C-0136,Marsha Blackburn,Marsha,Blackburn,REP,TN,0,,5.6
C-0137,Gina Hinojosa,Gina,Hinojosa,DEM,TX,0,,0.0
C-0138,Greg Abbott,Greg,Abbott,REP,TX,1,,-2.5
C-0139,Amanda Janoo,Amanda,Janoo,DEM,VT,0,,0.0
C-0140,Phil Scott,Phil,Scott,REP,VT,1,,-91.37
C-0141,Mandela Barnes,Mandela,Barnes,DEM,WI,0,,8.53
C-0142,Tom Tiffany,Tom,Tiffany,REP,WI,0,,0.42
C-0143,Gabriel Green,Gabriel,Green,DEM,WY,0,,0.0
C-0144,Eric Barlow,Eric,Barlow,REP,WY,0,,0.0
C-0145,Nick Begich III,Nick,Begich III,REP,AK,1,H2AK01083,0.0
C-0146,Clyde Jones,Clyde,Jones,DEM,AL,0,H6AL01094,0.0
C-0147,Rhett Marques,Rhett,Marques,REP,AL,0,H6AL01086,0.0
C-0148,Shomari Figures,Shomari,Figures,DEM,AL,1,H4AL02170,1.22
C-0149,Hampton Harris,Hampton,Harris,REP,AL,0,,0.0
C-0150,Lee McInnis,Lee,McInnis,DEM,AL,0,H6AL03199,0.0
C-0151,Mike Rogers,Mike,Rogers,REP,AL,1,H2AL03032,0.0
C-0152,Amanda Pusczek,Amanda,Pusczek,DEM,AL,0,H6AL05228,0.0
C-0153,Robert Aderholt,Robert,Aderholt,REP,AL,1,H6AL04098,0.0
C-0154,Andrew Sneed,Andrew,Sneed,DEM,AL,0,H6AL05244,0.0
C-0155,Dale Strong,Dale,Strong,REP,AL,1,H2AL05102,0.0
C-0156,Maurice Mercer,Maurice,Mercer,DEM,AL,0,H6AL06184,0.0
C-0157,Gary Palmer,Gary,Palmer,REP,AL,1,H4AL06098,-0.79
C-0158,Terri Sewell,Terri,Sewell,DEM,AL,1,H0AL07086,3.97
C-0159,Ammie Akin,Ammie,Akin,REP,AL,0,H6AL07208,0.0
C-0160,Terri Green,Terri,Green,DEM,AR,0,H6AR01155,0.0
C-0161,Rick Crawford,Rick,Crawford,REP,AR,1,H0AR01083,-3.92
C-0162,Chris Jones,Chris,Jones,DEM,AR,0,H6AR02286,2.14
C-0163,French Hill,French,Hill,REP,AR,1,H4AR02141,-1.32
C-0164,Robb Ryerse,Robb,Ryerse,DEM,AR,0,H6AR03128,0.0
C-0165,Steve Womack,Steve,Womack,REP,AR,1,H0AR03055,-6.94
C-0166,James Russell,James,Russell,DEM,AR,0,H6AR04084,0.0
C-0167,Bruce Westerman,Bruce,Westerman,REP,AR,1,H4AR04048,-4.94
C-0168,Amish Shah,Amish,Shah,DEM,AZ,0,H4AZ01194,0.0
C-0169,Gina Swoboda,Gina,Swoboda,REP,AZ,0,,0.0
C-0170,Jonathan Nez,Jonathan,Nez,DEM,AZ,0,H4AZ02184,8.93
C-0171,Eli Crane,Eli,Crane,REP,AZ,1,H2AZ01354,5.29
C-0172,Yassamin Ansari,Yassamin,Ansari,DEM,AZ,1,H4AZ03109,7.2
C-0173,(no Republican filed),(no,Republican filed),REP,AZ,0,,0.0
C-0174,Greg Stanton,Greg,Stanton,DEM,AZ,1,H8AZ09040,2.03
C-0175,Zuhdi Jasser,Zuhdi,Jasser,REP,AZ,0,H4AZ04115,0.0
C-0176,Elizabeth Lee,Elizabeth,Lee,DEM,AZ,0,H6AZ05240,0.0
C-0177,Mark Lamb,Mark,Lamb,REP,AZ,0,H6AZ05265,0.0
C-0178,JoAnna Mendoza,JoAnna,Mendoza,DEM,AZ,0,H6AZ06099,0.0
C-0179,Juan Ciscomani,Juan,Ciscomani,REP,AZ,1,H2AZ02360,-0.36
C-0180,Adelita Grijalva,Adelita,Grijalva,DEM,AZ,1,H6AZ07121,0.0
C-0181,Daniel Butierez,Daniel,Butierez,REP,AZ,0,H4AZ07134,0.58
C-0182,Bernadette Greene-Placentia,Bernadette,Greene-Placentia,DEM,AZ,0,H4AZ08082,0.0
C-0183,Abraham Hamadeh,Abraham,Hamadeh,REP,AZ,1,H4AZ08108,1.08
C-0184,Danielle Sterbinsky,Danielle,Sterbinsky,DEM,AZ,0,H6AZ09085,0.0
C-0185,Paul Gosar,Paul,Gosar,REP,AZ,1,H0AZ01259,0.69
C-0186,Mike McGuire,Mike,McGuire,DEM,CA,0,H6CA01269,0.0
C-0187,James Gallagher,James,Gallagher,REP,CA,1,H6CA01285,0.0
C-0188,Jared Huffman,Jared,Huffman,DEM,CA,1,H2CA06259,-1.34
C-0189,Robin Littau,Robin,Littau,REP,CA,0,H6CA02309,0.0
C-0190,Amerish Bera,Amerish,Bera,DEM,CA,1,H0CA03078,0.84
C-0191,Robb Tucker,Robb,Tucker,REP,CA,0,H6CA03174,0.0
C-0192,Mike Thompson,Mike,Thompson,DEM,CA,1,H8CA01109,1.61
C-0193,(no Republican — top-two),(no,Republican — top-two),REP,CA,0,,0.0
C-0194,Michael Masuda,Michael,Masuda,DEM,CA,0,H6CA05377,0.0
C-0195,Tom McClintock,Tom,McClintock,REP,CA,1,H8CA04152,-4.65
C-0196,Richard Pan,Richard,Pan,DEM,CA,0,H6CA03158,0.0
C-0197,Kevin Kiley,Kevin,Kiley,IND,CA,1,H2CA03157,-5.55
C-0198,Doris Matsui,Doris,Matsui,DEM,CA,1,,2.77
C-0199,(no Republican — top-two),(no,Republican — top-two),REP,CA,0,,0.0
C-0200,John Garamendi,John,Garamendi,DEM,CA,1,H0CA10149,1.82
C-0201,Rudy Recile,Rudy,Recile,REP,CA,0,H2CA00153,-0.7
C-0202,Josh Harder,Josh,Harder,DEM,CA,1,H8CA10126,4.42
C-0203,John McBride,John,McBride,REP,CA,0,H4CA09101,0.0
C-0204,Mark DeSaulnier,Mark,DeSaulnier,DEM,CA,1,H0CA10073,-2.01
C-0205,Jeff Frese,Jeff,Frese,REP,CA,0,H6CA10187,0.0
C-0206,Scott Wiener,Scott,Wiener,DEM,CA,0,H8CA11116,0.0
C-0207,(no Republican — top-two),(no,Republican — top-two),REP,CA,0,,0.0
C-0208,Lateefah Simon,Lateefah,Simon,DEM,CA,1,H4CA12154,0.0
C-0209,(no Republican — top-two),(no,Republican — top-two),REP,CA,0,,0.0
C-0210,Adam Gray,Adam,Gray,DEM,CA,1,H2CA13115,8.06
C-0211,Kevin Lincoln,Kevin,Lincoln,REP,CA,0,H4CA09093,0.0
C-0212,Aisha Wahab,Aisha,Wahab,DEM,CA,1,H0CA15213,0.0
C-0213,(no Republican — top-two),(no,Republican — top-two),REP,CA,0,,0.0
C-0214,Kevin Mullin,Kevin,Mullin,DEM,CA,1,H2CA14162,-3.99
C-0215,Charles Hoelter,Charles,Hoelter,REP,CA,0,H6CA15194,0.0
C-0216,Sam Liccardo,Sam,Liccardo,DEM,CA,1,H4CA16197,0.0
C-0217,Peter Sundin Soulé,Peter,Sundin Soulé,REP,CA,0,H6CA16176,0.0
C-0218,Rohit Khanna,Rohit,Khanna,DEM,CA,1,H4CA12055,-4.32
C-0219,Ritesh Tandon,Ritesh,Tandon,REP,CA,0,H0CA17193,-5.32
C-0220,Zoe Lofgren,Zoe,Lofgren,DEM,CA,1,H4CA16049,-3.23
C-0221,Shane Lewis,Shane,Lewis,REP,CA,0,H6CA18172,0.0
C-0222,Jimmy Panetta,Jimmy,Panetta,DEM,CA,1,H6CA20152,3.27
C-0223,Peter Verbica,Peter,Verbica,REP,CA,0,H6CA19154,0.0
C-0224,Sandra Van Scotter,Sandra,Van Scotter,DEM,CA,0,H6CA20228,0.0
C-0225,Vince Fong,Vince,Fong,REP,CA,1,H4CA20181,0.0
C-0226,Jim Costa,Jim,Costa,DEM,CA,1,H4CA20082,-1.12
C-0227,Kyle Kirkland,Kyle,Kirkland,REP,CA,0,H6CA13199,0.0
C-0228,Randy Villegas,Randy,Villegas,DEM,CA,0,H6CA22190,0.0
C-0229,David Valadao,David,Valadao,REP,CA,1,H2CA20094,-5.39
C-0230,Tessa Lynn Hodge,Tessa,Lynn Hodge,DEM,CA,0,H6CA23230,0.0
C-0231,Jay Obernolte,Jay,Obernolte,REP,CA,1,H0CA08135,-3.48
C-0232,Salud Carbajal,Salud,Carbajal,DEM,CA,1,H6CA24303,-0.8
C-0233,Robert Smith,Robert,Smith,REP,CA,0,H6CA24345,0.0
C-0234,Raul Ruiz,Raul,Ruiz,DEM,CA,1,H2CA36439,0.0
C-0235,Joe Males,Joe,Males,REP,CA,0,H6CA25219,0.0
C-0236,Jacqui Irwin,Jacqui,Irwin,DEM,CA,0,H6CA26266,0.0
C-0237,Samuel Gallucci,Samuel,Gallucci,REP,CA,0,H6CA26241,0.0
C-0238,George Whitesides,George,Whitesides,DEM,CA,1,H4CA27111,4.15
C-0239,Jason Gibbs,Jason,Gibbs,REP,CA,0,H6CA27306,0.0
C-0240,Judy Chu,Judy,Chu,DEM,CA,1,H0CA32101,2.16
C-0241,April Verlato,April,Verlato,REP,CA,0,H4CA28127,-1.21
C-0242,Luz Rivas,Luz,Rivas,DEM,CA,1,H4CA29141,4.62
C-0243,(no Republican — top-two),(no,Republican — top-two),REP,CA,0,,0.0
C-0244,Laura Friedman,Laura,Friedman,DEM,CA,1,H4CA30149,-2.5
C-0245,Scott Alan Meyers,Scott,Alan Meyers,REP,CA,0,H6CA30250,0.0
C-0246,Gilbert Cisneros,Gilbert,Cisneros,DEM,CA,1,H8CA39174,-14.76
C-0247,Eric Ching,Eric,Ching,REP,CA,0,H2CA39151,-2.77
C-0248,Brad Sherman,Brad,Sherman,DEM,CA,1,H6CA24113,-0.08
C-0249,Larry Thompson,Larry,Thompson,REP,CA,0,H4CA32137,0.0
C-0250,Pete Aguilar,Pete,Aguilar,DEM,CA,1,H2CA31125,4.85
C-0251,Stephanie Vargas,Stephanie,Vargas,REP,CA,0,H6CA33114,0.0
C-0252,Jimmy Gomez,Jimmy,Gomez,DEM,CA,1,H8CA34266,0.0
C-0253,Norma Torres,Norma,Torres,DEM,CA,1,H4CA35031,2.58
C-0254,Mike Cargile,Mike,Cargile,REP,CA,0,H0CA35146,-0.42
C-0255,Ted Lieu,Ted,Lieu,DEM,CA,1,H4CA33119,-2.47
C-0256,Houston Brignano,Houston,Brignano,REP,CA,0,H6CA36208,0.0
C-0257,Sydney Kamlager-Dove,Sydney,Kamlager-Dove,DEM,CA,1,H2CA37304,0.0
C-0258,(no Republican — top-two),(no,Republican — top-two),REP,CA,0,,0.0
C-0259,Hilda Solis,Hilda,Solis,DEM,CA,0,H6CA38139,0.0
C-0260,Pedro Casas,Pedro,Casas,REP,CA,0,H4CA31212,0.0
C-0261,Mark Takano,Mark,Takano,DEM,CA,1,H2CA43245,0.57
C-0262,Steve Manos,Steve,Manos,REP,CA,0,H6CA39145,0.0
C-0263,(no Democrat — top-two),(no,Democrat — top-two),DEM,CA,0,,0.0
C-0264,Ken Calvert,Ken,Calvert,REP,CA,1,H2CA37023,2.26
C-0265,Linda Sanchez,Linda,Sanchez,DEM,CA,1,H2CA39078,0.23
C-0266,Mitch Clemmons,Mitch,Clemmons,REP,CA,0,H6CA41380,0.0
C-0267,Robert Garcia,Robert,Garcia,DEM,CA,1,H2CA47188,0.66
C-0268,Brian Burley,Brian,Burley,REP,CA,0,H0CA48172,0.0
C-0269,Maxine Waters,Maxine,Waters,DEM,CA,1,H4CA23011,-3.34
C-0270,Cristian Morales,Cristian,Morales,REP,CA,0,H6CA43188,0.0
C-0271,Nanette Barragan,Nanette,Barragan,DEM,CA,1,H6CA44103,6.08
C-0272,Genevieve Angel,Genevieve,Angel,REP,CA,0,H6CA44210,0.0
C-0273,Derek Tran,Derek,Tran,DEM,CA,1,H4CA45170,4.86
C-0274,Chuong Vo,Chuong,Vo,REP,CA,0,H6CA45191,0.0
C-0275,Lou Correa,Lou,Correa,DEM,CA,1,H6CA46116,5.99
C-0276,David Pan,David,Pan,REP,CA,0,H4CA46137,4.26
C-0277,Dave Min,Dave,Min,DEM,CA,1,H4CA47085,1.36
C-0278,Jenny Rae Le Roux,Jenny,Rae Le Roux,REP,CA,0,H6CA47114,0.0
C-0279,Marni von Wilpert,Marni,von Wilpert,DEM,CA,0,H6CA48310,0.0
C-0280,Jim Desmond,Jim,Desmond,REP,CA,0,H6CA49128,0.0
C-0281,Mike Levin,Mike,Levin,DEM,CA,1,H8CA49058,-2.93
C-0282,Armen Kurdian,Armen,Kurdian,REP,CA,0,H6CA49169,0.0
C-0283,Scott Peters,Scott,Peters,DEM,CA,1,H2CA52089,-1.84
C-0284,Steve Cohen,Steve,Cohen,REP,CA,0,H6CA50324,0.0
C-0285,Sara Jacobs,Sara,Jacobs,DEM,CA,1,H8CA49074,-1.66
C-0286,Ricardo Cabrera,Ricardo,Cabrera,REP,CA,0,H6CA51140,0.0
C-0287,Juan Vargas,Juan,Vargas,DEM,CA,1,H2CA50026,7.19
C-0288,Jeff Belle,Jeff,Belle,REP,CA,0,H6CA52163,0.0
C-0289,Melat Kiros,Melat,Kiros,DEM,CO,0,H6CO01273,0.0
C-0290,Christy Peterson,Christy,Peterson,REP,CO,0,H6CO01331,0.0
C-0291,Joe Neguse,Joe,Neguse,DEM,CO,1,H8CO02160,1.53
C-0292,Kelley Dennison,Kelley,Dennison,REP,CO,0,H6CO02206,0.0
C-0293,Dwayne Romero,Dwayne,Romero,DEM,CO,0,H6CO03253,0.0
C-0294,Jeff Hurd,Jeff,Hurd,REP,CO,1,H4CO03357,2.66
C-0295,Eileen Laubacher,Eileen,Laubacher,DEM,CO,0,H6CO04202,0.0
C-0296,Lauren Boebert,Lauren,Boebert,REP,CO,1,H0CO03165,7.71
C-0297,Jessica Killin,Jessica,Killin,DEM,CO,0,H6CO05324,0.0
C-0298,Jeff Crank,Jeff,Crank,REP,CO,1,H6CO05142,-6.76
C-0299,Jason Crow,Jason,Crow,DEM,CO,1,H8CO06229,1.64
C-0300,Jason Clark,Jason,Clark,REP,CO,0,H6CO06165,0.0
C-0301,Brittany Pettersen,Brittany,Pettersen,DEM,CO,1,H8CO07045,2.05
C-0302,Tim Bennett,Tim,Bennett,REP,CO,0,H6CO07122,0.0
C-0303,Manny Rutinel,Manny,Rutinel,DEM,CO,0,H6CO08013,0.0
C-0304,Gabe Evans,Gabe,Evans,REP,CO,1,H4CO08034,0.0
C-0305,Luke Bronin,Luke,Bronin,DEM,CT,0,H6CT01206,0.0
C-0306,Amy Chai,Amy,Chai,REP,CT,0,H2CT03102,0.0
C-0307,Joe Courtney,Joe,Courtney,DEM,CT,1,H2CT02112,9.32
C-0308,George Austin,George,Austin,REP,CT,0,H6CT02196,0.0
C-0309,Rosa DeLauro,Rosa,DeLauro,DEM,CT,1,H0CT03072,4.61
C-0310,Christopher Lancia,Christopher,Lancia,REP,CT,0,H6CT03178,0.0
C-0311,Jim Himes,Jim,Himes,DEM,CT,1,H8CT04172,-0.74
C-0312,Michael Goldstein,Michael,Goldstein,REP,CT,0,H6CT04143,0.0
C-0313,Jahana Hayes,Jahana,Hayes,DEM,CT,1,H8CT05245,-1.5
C-0314,Chris Shea,Chris,Shea,REP,CT,0,H6CT05231,0.0
C-0315,Sarah McBride,Sarah,McBride,DEM,DE,1,H4DE00045,4.08
C-0316,Donyale Hall,Donyale,Hall,REP,DE,0,H4DE00060,0.0
C-0317,Gay Valimont,Gay,Valimont,DEM,FL,0,H4FL01197,0.0
C-0318,Jimmy Patronis,Jimmy,Patronis,REP,FL,1,H6FL01390,0.0
C-0319,Amanda Green,Amanda,Green,DEM,FL,0,H6FL02299,0.0
C-0320,Austin Rogers,Austin,Rogers,REP,FL,0,H6FL02331,0.0
C-0321,Seth Harp,Seth,Harp,DEM,FL,0,H6FL03099,0.0
C-0322,Kat Cammack,Kat,Cammack,REP,FL,1,H0FL03175,-2.64
C-0323,LaShonda Holloway,LaShonda,Holloway,DEM,FL,0,H6FL05193,0.0
C-0324,Aaron Bean,Aaron,Bean,REP,FL,1,H2FL04211,-2.43
C-0325,Rachel Grage,Rachel,Grage,DEM,FL,0,H6FL05250,0.0
C-0326,John Rutherford,John,Rutherford,REP,FL,1,H6FL04105,-4.01
C-0327,Eric Yonce,Eric,Yonce,DEM,FL,0,H6FL06340,0.0
C-0328,Randy Fine,Randy,Fine,REP,FL,1,H6FL06258,0.0
C-0329,Bale Dalton,Bale,Dalton,DEM,FL,0,H6FL07215,0.0
C-0330,Ryan Elijah,Ryan,Elijah,REP,FL,0,H6FL07231,0.0
C-0331,Jennifer Jenkins,Jennifer,Jenkins,DEM,FL,0,H6FL06399,0.0
C-0332,Mike Haridopolos,Mike,Haridopolos,REP,FL,1,H4FL08168,0.0
C-0333,Darren Soto,Darren,Soto,DEM,FL,1,H6FL09179,5.98
C-0334,Dan Green,Dan,Green,REP,FL,0,H6FL09294,0.0
C-0335,Maxwell Frost,Maxwell,Frost,DEM,FL,1,H2FL10259,0.67
C-0336,(no Republican filed),(no,Republican filed),REP,FL,0,,0.0
C-0337,James Pericola,James,Pericola,DEM,FL,0,H6FL11357,0.0
C-0338,Anthony Sabatini,Anthony,Sabatini,REP,FL,0,,0.0
C-0339,Kimberly Overman,Kimberly,Overman,DEM,FL,0,H6FL15200,0.0
C-0340,Gus Bilirakis,Gus,Bilirakis,REP,FL,1,H6FL09070,-7.21
C-0341,Leela Gray,Leela,Gray,DEM,FL,0,H6FL13312,0.0
C-0342,Anna Paulina Luna,Anna,Paulina Luna,REP,FL,1,H0FL13158,1.97
C-0343,Kathy Castor,Kathy,Castor,DEM,FL,1,H6FL11126,5.83
C-0344,Mike Beltran,Mike,Beltran,REP,FL,0,H6FL14237,0.0
C-0345,Robert People,Robert,People,DEM,FL,0,H6FL15168,0.0
C-0346,Laurel Lee,Laurel,Lee,REP,FL,1,H2FL15241,-3.04
C-0347,Kelly Kirschner,Kelly,Kirschner,DEM,FL,0,H6FL16158,0.0
C-0348,Sydney Gruters,Sydney,Gruters,REP,FL,0,H6FL16141,0.0
C-0349,Matthew Montavon,Matthew,Montavon,DEM,FL,0,H4FL17060,0.0
C-0350,Greg Steube,Greg,Steube,REP,FL,1,H8FL17053,-4.09
C-0351,Curtis Gibson,Curtis,Gibson,DEM,FL,0,H6FL18212,0.0
C-0352,Scott Franklin,Scott,Franklin,REP,FL,1,H0FL15104,-1.48
C-0353,Victor Arias,Victor,Arias,DEM,FL,0,H6FL19277,0.0
C-0354,Jim Schwartzel,Jim,Schwartzel,REP,FL,0,H6FL19137,0.0
C-0355,Debbie Wasserman Schultz,Debbie,Wasserman Schultz,DEM,FL,1,H4FL20023,0.0
C-0356,Brent Andersen,Brent,Andersen,REP,FL,0,H6FL20143,0.0
C-0357,James Martin,James,Martin,DEM,FL,0,H6FL21075,0.0
C-0358,Brian Mast,Brian,Mast,REP,FL,1,H6FL18097,-7.2
C-0359,Pia Dandiya,Pia,Dandiya,DEM,FL,0,H6FL21059,0.0
C-0360,Casey Askar,Casey,Askar,REP,FL,0,H6FL22248,0.0
C-0361,Lois Frankel,Lois,Frankel,DEM,FL,1,H2FL14053,2.63
C-0362,Deborah Adeimy,Deborah,Adeimy,REP,FL,0,H2FL21132,0.0
C-0363,Oliver Gilbert,Oliver,Gilbert,DEM,FL,0,H6FL24095,0.0
C-0364,Mayonna Te Brown,Mayonna,Te Brown,REP,FL,0,H6FL14203,0.0
C-0365,Jared Moskowitz,Jared,Moskowitz,DEM,FL,1,H2FL22171,1.48
C-0366,Scott Singer,Scott,Singer,REP,FL,0,H6FL23188,0.0
C-0367,Nicole Locklin,Nicole,Locklin,DEM,FL,0,H6FL26058,0.0
C-0368,Mario Diaz-Balart,Mario,Diaz-Balart,REP,FL,1,H2FL25018,-9.76
C-0369,Eliott Rodriguez,Eliott,Rodriguez,DEM,FL,0,H6FL27098,0.0
C-0370,Maria Salazar,Maria,Salazar,REP,FL,1,H8FL27185,-8.15
C-0371,Phil Ehr,Phil,Ehr,DEM,FL,0,H4FL28042,-3.07
C-0372,Carlos Gimenez,Carlos,Gimenez,REP,FL,1,H0FL26036,-6.29
C-0373,Amanda Hollowell,Amanda,Hollowell,DEM,GA,0,H6GA01158,0.0
C-0374,Jim Kingston,Jim,Kingston,REP,GA,0,H6GA01109,0.0
C-0375,Sanford Bishop,Sanford,Bishop,DEM,GA,1,H2GA02031,5.73
C-0376,Matt Day,Matt,Day,REP,GA,0,H6GA01182,0.0
C-0377,Maura Keller,Maura,Keller,DEM,GA,0,H4GA03100,-1.5
C-0378,Brian Jack,Brian,Jack,REP,GA,1,H4GA03126,-4.5
C-0379,Henry Johnson,Henry,Johnson,DEM,GA,1,H6GA04129,-0.51
C-0380,James Duffie,James,Duffie,REP,GA,0,H6GA04194,0.0
C-0381,Nikema Williams,Nikema,Williams,DEM,GA,1,H0GA05301,0.19
C-0382,John Salvesen,John,Salvesen,REP,GA,0,,0.0
C-0383,Lucy McBath,Lucy,McBath,DEM,GA,1,H8GA06393,0.17
C-0384,Kevin Martin,Kevin,Martin,REP,GA,0,H6GA06181,0.0
C-0385,Tony Kozycki,Tony,Kozycki,DEM,GA,0,H6GA07221,0.0
C-0386,Rich McCormick,Rich,McCormick,REP,GA,1,H0GA07273,-6.77
C-0387,Kelly Esti,Kelly,Esti,DEM,GA,0,H6GA08138,0.0
C-0388,Austin Scott,Austin,Scott,REP,GA,1,H0GA08099,-6.52
C-0389,Caitlyn Gegen,Caitlyn,Gegen,DEM,GA,0,H6GA09284,0.0
C-0390,Andrew Clyde,Andrew,Clyde,REP,GA,1,H0GA09246,-2.86
C-0391,Pamela DeLancy,Pamela,DeLancy,DEM,GA,0,H6GA10183,-0.95
C-0392,Houston Gaines,Houston,Gaines,REP,GA,0,H6GA10175,0.0
C-0393,Chris Harden,Chris,Harden,DEM,GA,0,H6GA11116,0.0
C-0394,John Cowan,John,Cowan,REP,GA,0,H0GA14048,0.0
C-0395,Ceretta Smith,Ceretta,Smith,DEM,GA,0,H6GA12080,0.0
C-0396,Rick Allen,Rick,Allen,REP,GA,1,H2GA12121,-5.28
C-0397,Jasmine Clark,Jasmine,Clark,DEM,GA,0,H6GA13070,0.0
C-0398,Jonathan Chavez,Jonathan,Chavez,REP,GA,0,H2GA04201,-0.12
C-0399,Shawn Harris,Shawn,Harris,DEM,GA,0,H4GA14057,12.6
C-0400,Clay Fuller,Clay,Fuller,REP,GA,1,H0GA14030,0.0
C-0401,Ed Case,Ed,Case,DEM,HI,1,H2HI02128,19.05
C-0402,Adriel Lam,Adriel,Lam,REP,HI,0,H6HI01360,0.0
C-0403,Jill Tokuda,Jill,Tokuda,DEM,HI,1,H2HI02581,13.58
C-0404,Brenton Awa,Brenton,Awa,REP,HI,0,H6HI02426,0.0
C-0405,Christina Bohannan,Christina,Bohannan,DEM,IA,0,H2IA02111,10.72
C-0406,Mariannette Miller-Meeks,Mariannette,Miller-Meeks,REP,IA,1,H8IA02043,6.93
C-0407,Lindsay James,Lindsay,James,DEM,IA,0,H6IA02211,0.0
C-0408,Joe Mitchell,Joe,Mitchell,REP,IA,0,H6IA02237,0.0
C-0409,Sarah Trone Garriott,Sarah,Trone Garriott,DEM,IA,0,H6IA03268,0.0
C-0410,Zach Nunn,Zach,Nunn,REP,IA,1,H2IA03119,0.96
C-0411,Dave Dawson,Dave,Dawson,DEM,IA,0,H6IA04217,0.0
C-0412,Chris McGowan,Chris,McGowan,REP,IA,0,H6IA04167,0.0
C-0413,Kaylee Peterson,Kaylee,Peterson,DEM,ID,0,H2ID01192,1.78
C-0414,Russ Fulcher,Russ,Fulcher,REP,ID,1,H8ID01124,-1.22
C-0415,Elinor Gilbreath,Elinor,Gilbreath,DEM,ID,0,H6ID02274,0.0
C-0416,Mike Simpson,Mike,Simpson,REP,ID,1,H8ID02064,-5.33
C-0417,Jonathan Jackson,Jonathan,Jackson,DEM,IL,1,H2IL01349,-1.2
C-0418,Christian Maxwell,Christian,Maxwell,REP,IL,0,H6IL01191,0.0
C-0419,Donna Miller,Donna,Miller,DEM,IL,0,H6IL02355,0.0
C-0420,Michael Noack,Michael,Noack,REP,IL,0,H6IL02389,0.0
C-0421,Delia Ramirez,Delia,Ramirez,DEM,IL,1,H2IL03162,1.9
C-0422,Angel Oakley,Angel,Oakley,REP,IL,0,H6IL03163,0.0
C-0423,Patty Garcia,Patty,Garcia,DEM,IL,0,H6IL04153,0.0
C-0424,Lupe Castillo,Lupe,Castillo,REP,IL,0,H4IL04117,0.0
C-0425,Mike Quigley,Mike,Quigley,DEM,IL,1,H0IL05096,1.66
C-0426,Tommy Hanson,Tommy,Hanson,REP,IL,0,H2IL05241,-1.34
C-0427,Sean Casten,Sean,Casten,DEM,IL,1,H8IL06139,2.56
C-0428,Niki Conforti,Niki,Conforti,REP,IL,0,H2IL06090,-0.08
C-0429,La Shawn Ford,La Shawn,Ford,DEM,IL,0,H6IL07354,0.0
C-0430,Chad Koppie,Chad,Koppie,REP,IL,0,H2IL08203,-2.92
C-0431,Melissa Bean,Melissa,Bean,DEM,IL,0,H6IL08329,0.0
C-0432,Jennifer Davis,Jennifer,Davis,REP,IL,0,H6IL08311,0.0
C-0433,Daniel Biss,Daniel,Biss,DEM,IL,0,H6IL09228,0.0
C-0434,John Elleson,John,Elleson,REP,IL,0,H8IL09224,0.0
C-0435,Brad Schneider,Brad,Schneider,DEM,IL,1,H2IL10068,-0.98
C-0436,Carl Lambrecht,Carl,Lambrecht,REP,IL,0,,0.0
C-0437,Bill Foster,Bill,Foster,DEM,IL,1,H8IL14067,0.95
C-0438,Jeff Walter,Jeff,Walter,REP,IL,0,H6IL11166,0.0
C-0439,Julie Fortier,Julie,Fortier,DEM,IL,0,H6IL12131,0.0
C-0440,Mike Bost,Mike,Bost,REP,IL,1,H4IL12060,-3.58
C-0441,Nikki Budzinski,Nikki,Budzinski,DEM,IL,1,H2IL13153,6.88
C-0442,Jeff Wilson,Jeff,Wilson,REP,IL,0,H6IL13154,0.0
C-0443,Lauren Underwood,Lauren,Underwood,DEM,IL,1,H8IL14174,4.3
C-0444,James Marter,James,Marter,REP,IL,0,H8IL16153,1.85
C-0445,Jennifer Todd,Jennifer,Todd,DEM,IL,0,H6IL15092,0.0
C-0446,Mary Miller,Mary,Miller,REP,IL,1,H0IL15129,0.0
C-0447,Paul Nolley,Paul,Nolley,DEM,IL,0,H6IL16108,0.0
C-0448,Darin LaHood,Darin,LaHood,REP,IL,1,H6IL18088,0.0
C-0449,Eric Sorensen,Eric,Sorensen,DEM,IL,1,H2IL17147,4.78
C-0450,Dillan Vancil,Dillan,Vancil,REP,IL,0,H6IL17247,0.0
C-0451,Frank Mrvan,Frank,Mrvan,DEM,IN,1,H0IN01150,7.5
C-0452,Barb Regnitz,Barb,Regnitz,REP,IN,0,H6IN01231,0.0
C-0453,Jamee Decio,Jamee,Decio,DEM,IN,0,H6IN02189,0.0
C-0454,Rudy Yakym,Rudy,Yakym,REP,IN,1,H2IN02295,-1.6
C-0455,Kelly Thompson,Kelly,Thompson,DEM,IN,0,H6IN03294,0.0
C-0456,Marlin Stutzman,Marlin,Stutzman,REP,IN,1,H0IN03198,0.0
C-0457,Drew Cox,Drew,Cox,DEM,IN,0,H6IN04193,0.0
C-0458,Jim Baird,Jim,Baird,REP,IN,1,H8IN04199,-4.21
C-0459,J.D. Ford,J.D.,Ford,DEM,IN,0,H6IN05307,0.0
C-0460,Victoria Spartz,Victoria,Spartz,REP,IN,1,H0IN05326,-0.5
C-0461,Cynthia Wirth,Cynthia,Wirth,DEM,IN,0,H6IN06230,0.0
C-0462,Jefferson Shreve,Jefferson,Shreve,REP,IN,1,H4IN06185,-2.57
C-0463,Andre Carson,Andre,Carson,DEM,IN,1,H8IN07184,-0.64
C-0464,Patrick McAuley,Patrick,McAuley,REP,IN,0,H6IN07444,0.0
C-0465,Mary Allen,Mary,Allen,DEM,IN,0,H6IN08293,0.0
C-0466,Mark Messmer,Mark,Messmer,REP,IN,1,H4IN08249,-5.49
C-0467,Brad Meyer,Brad,Meyer,DEM,IN,0,H6IN09242,0.0
C-0468,Erin Houchin,Erin,Houchin,REP,IN,1,H6IN09143,-1.53
C-0469,Lauren Reinhold,Lauren,Reinhold,DEM,KS,0,H6KS01203,0.0
C-0470,Tracey Mann,Tracey,Mann,REP,KS,1,H0KS01123,-5.6
C-0471,Don Coover,Don,Coover,DEM,KS,0,H6KS02276,0.0
C-0472,Derek Schmidt,Derek,Schmidt,REP,KS,1,H4KS02164,-5.27
C-0473,Sharice Davids,Sharice,Davids,DEM,KS,1,H8KS03155,8.44
C-0474,Eric Jenkins,Eric,Jenkins,REP,KS,0,H6KS03308,0.0
C-0475,Katy Tyndell,Katy,Tyndell,DEM,KS,0,H6KS04272,0.0
C-0476,Ron Estes,Ron,Estes,REP,KS,1,H8KS04112,-5.43
C-0477,Drew Williams,Drew,Williams,DEM,KY,0,H6KY01169,0.0
C-0478,James Comer,James,Comer,REP,KY,1,H6KY01110,-1.25
C-0479,Megan Wingfield,Megan,Wingfield,DEM,KY,0,H6KY02068,0.0
C-0480,Brett Guthrie,Brett,Guthrie,REP,KY,1,H8KY02031,-4.37
C-0481,Morgan McGarvey,Morgan,McGarvey,DEM,KY,1,H2KY03206,6.0
C-0482,Maria Rodriguez,Maria,Rodriguez,REP,KY,0,H6KY03223,0.0
C-0483,Melissa Strange,Melissa,Strange,DEM,KY,0,H6KY04189,0.0
C-0484,Ed Gallrein,Ed,Gallrein,REP,KY,0,H6KY04171,0.0
C-0485,Ned Pillersdorf,Ned,Pillersdorf,DEM,KY,0,H6KY05152,0.0
C-0486,Harold Rogers,Harold,Rogers,REP,KY,1,H0KY05015,0.0
C-0487,Zach Dembo,Zach,Dembo,DEM,KY,0,H6KY06184,0.0
C-0488,Ralph Alvarado,Ralph,Alvarado,REP,KY,0,H6KY06192,0.0
C-0489,Lauren Jewett,Lauren,Jewett,DEM,LA,0,H6LA01258,0.0
C-0490,Steve Scalise,Steve,Scalise,REP,LA,1,H0LA01087,-11.02
C-0491,Troy Carter,Troy,Carter,DEM,LA,1,H2LA02149,9.84
C-0492,Republican candidate (LA-02),Republican,candidate (LA-02),REP,LA,0,,0.0
C-0493,Tia LeBrun,Tia,LeBrun,IND,LA,0,H2LA03105,0.0
C-0494,Clay Higgins,Clay,Higgins,REP,LA,1,H6LA03148,-3.11
C-0495,Matthew Gromlich,Matthew,Gromlich,DEM,LA,0,H6LA04195,0.0
C-0496,Mike Johnson,Mike,Johnson,REP,LA,1,H6LA04138,-9.12
C-0497,Dan McKay,Dan,McKay,DEM,LA,0,H6LA05291,0.0
C-0498,Blake Miguez,Blake,Miguez,REP,LA,0,H6LA05234,0.0
C-0499,Cleo Fields,Cleo,Fields,DEM,LA,0,,9.5
C-0500,Peter Williams,Peter,Williams,REP,LA,0,H4LA05171,0.0
C-0501,Richard Neal,Richard,Neal,DEM,MA,1,H8MA02041,0.0
C-0502,(no Republican filed),Republican,candidate (MA-01),REP,MA,0,,0.0
C-0503,Jim McGovern,Jim,McGovern,DEM,MA,1,H4MA03022,0.0
C-0504,(no Republican filed),Republican,candidate (MA-02),REP,MA,0,,0.0
C-0505,Lori Trahan,Lori,Trahan,DEM,MA,1,H8MA03106,0.0
C-0506,Gary Grossi,Gary,Grossi,REP,MA,0,H6MA03100,0.0
C-0507,Jake Auchincloss,Jake,Auchincloss,DEM,MA,1,H0MA04192,0.0
C-0508,Republican candidate (MA-04),Republican,candidate (MA-04),REP,MA,0,,0.0
C-0509,Katherine Clark,Katherine,Clark,DEM,MA,1,H4MA05084,0.0
C-0510,(no Republican filed),Republican,candidate (MA-05),REP,MA,0,,0.0
C-0511,Daniel Koh,Daniel,Koh,DEM,MA,0,H8MA03072,0.0
C-0512,John Field,John,Field,REP,MA,0,H6MA06194,0.0
C-0513,Ayanna Pressley,Ayanna,Pressley,DEM,MA,1,H8MA07032,0.0
C-0514,(no Republican filed),Republican,candidate (MA-07),REP,MA,0,,0.0
C-0515,Stephen Lynch,Stephen,Lynch,DEM,MA,1,H2MA09072,13.18
C-0516,Gavin Solomon,Gavin,Solomon,REP,MA,0,,0.0
C-0517,Bill Keating,Bill,Keating,DEM,MA,1,H0MA10082,3.0
C-0518,Robert MacAllister,Robert,MacAllister,REP,MA,0,H6MA09206,0.0
C-0519,Dan Schwartz,Dan,Schwartz,DEM,MD,0,H6MD01320,0.0
C-0520,Andy Harris,Andy,Harris,REP,MD,1,H8MD01094,-2.86
C-0521,Johnny Olszewski,Johnny,Olszewski,DEM,MD,1,H4MD02232,3.83
C-0522,Dave Wallace,Dave,Wallace,REP,MD,0,H2MD06138,0.0
C-0523,Sarah Elfreth,Sarah,Elfreth,DEM,MD,1,H4MD03156,1.38
C-0524,Berney Flowers,Berney,Flowers,REP,MD,0,H4MD03149,0.0
C-0525,Glenn Ivey,Glenn,Ivey,DEM,MD,1,H2MD04232,0.0
C-0526,George McDermott,George,McDermott,REP,MD,0,,0.0
C-0527,Adrian Boafo,Adrian,Boafo,DEM,MD,0,H6MD05321,0.0
C-0528,Chris Chaffee,Chris,Chaffee,REP,MD,0,,-0.67
C-0529,April McClain Delaney,April,McClain Delaney,DEM,MD,1,H4MD06340,3.76
C-0530,Robin Ficker,Robin,Ficker,REP,MD,0,H6MD06287,0.0
C-0531,Kweisi Mfume,Kweisi,Mfume,DEM,MD,1,H6MD07020,3.35
C-0532,Scott Collier,Scott,Collier,REP,MD,0,,0.0
C-0533,Jamie Raskin,Jamie,Raskin,DEM,MD,1,H6MD08457,0.52
C-0534,Cheryl Riley,Cheryl,Riley,REP,MD,0,H4MD08213,-3.05
C-0535,Chellie Pingree,Chellie,Pingree,DEM,ME,1,H8ME01120,3.16
C-0536,Ronald Russell,Ronald,Russell,REP,ME,0,H4ME01160,0.0
C-0537,Matthew Dunlap,Matthew,Dunlap,DEM,ME,0,H6ME02171,0.0
C-0538,Paul LePage,Paul,LePage,REP,ME,0,H6ME02148,0.0
C-0539,Callie Barr,Callie,Barr,DEM,MI,0,H4MI01155,3.5
C-0540,Jack Bergman,Jack,Bergman,REP,MI,1,H6MI01226,0.5
C-0541,Benjamin Ambrose,Benjamin,Ambrose,DEM,MI,0,H6MI02216,0.0
C-0542,John Moolenaar,John,Moolenaar,REP,MI,1,H4MI04126,-3.75
C-0543,Hillary Scholten,Hillary,Scholten,DEM,MI,1,H0MI03316,3.92
C-0544,Terri DeBoer,Terri,DeBoer,REP,MI,0,H6MI03198,0.0
C-0545,Sean McCann,Sean,McCann,DEM,MI,0,H6MI04204,0.0
C-0546,Bill Huizenga,Bill,Huizenga,REP,MI,1,H0MI02094,-4.83
C-0547,Christian Vukasovich,Christian,Vukasovich,DEM,MI,0,H6MI05227,0.0
C-0548,Tim Walberg,Tim,Walberg,REP,MI,1,H4MI07103,-5.11
C-0549,Debbie Dingell,Debbie,Dingell,DEM,MI,1,H4MI12079,6.01
C-0550,Heather Smiley,Heather,Smiley,REP,MI,0,H4MI06154,0.0
C-0551,William Lawrence,William,Lawrence,DEM,MI,0,H6MI07298,0.0
C-0552,Tom Barrett,Tom,Barrett,REP,MI,1,H2MI07123,-3.2
C-0553,Kristen McDonald Rivet,Kristen,McDonald Rivet,DEM,MI,1,H4MI08218,12.29
C-0554,Thomas J. Smith,Thomas,J. Smith,REP,MI,0,H6MI08312,0.0
C-0555,Ray Pooley,Ray,Pooley,DEM,MI,0,H6MI09245,0.0
C-0556,Lisa McClain,Lisa,McClain,REP,MI,1,H0MI10287,-5.33
C-0557,Eric Chung,Eric,Chung,DEM,MI,0,,0.0
C-0558,Robert Lulgjuraj,Robert,Lulgjuraj,REP,MI,0,,0.0
C-0559,Jeremy Moss,Jeremy,Moss,DEM,MI,0,H6MI11191,0.0
C-0560,Ethan Baker,Ethan,Baker,REP,MI,0,H6MI11290,0.0
C-0561,Rashida Tlaib,Rashida,Tlaib,DEM,MI,1,H8MI13250,5.33
C-0562,James D. Hooper,James,D. Hooper,REP,MI,0,H2MI12198,0.0
C-0563,Donavan McKinney,Donavan,McKinney,DEM,MI,0,H6MI13254,0.0
C-0564,T.P. Nykoriak,T.P.,Nykoriak,REP,MI,0,H6MI13312,0.0
C-0565,Jake Johnson,Jake,Johnson,DEM,MN,0,H6MN01190,0.0
C-0566,Brad Finstad,Brad,Finstad,REP,MN,1,H2MN01223,0.0
C-0567,Matt Little,Matt,Little,DEM,MN,0,H6MN02230,0.0
C-0568,Tyler Kistner,Tyler,Kistner,REP,MN,0,,0.0
C-0569,Kelly Morrison,Kelly,Morrison,DEM,MN,1,H4MN03118,0.0
C-0570,Tyler Bass,Tyler,Bass,REP,MN,0,H6MN03170,0.0
C-0571,Betty McCollum,Betty,McCollum,DEM,MN,1,H0MN04049,-0.25
C-0572,Paul Wikstrom,Paul,Wikstrom,REP,MN,0,H6MN04293,0.0
C-0573,Ilhan Omar,Ilhan,Omar,DEM,MN,1,H8MN05239,-12.22
C-0574,John Nagel,John,Nagel,REP,MN,0,H6MN05357,0.0
C-0575,Doug Chapin,Doug,Chapin,DEM,MN,0,H6MN06215,0.0
C-0576,Tom Emmer,Tom,Emmer,REP,MN,1,H4MN06087,0.0
C-0577,Erik Osberg,Erik,Osberg,DEM,MN,0,H6MN07312,0.0
C-0578,Michelle Fischbach,Michelle,Fischbach,REP,MN,1,H0MN07091,0.0
C-0579,Trina Swanson,Trina,Swanson,DEM,MN,0,H6MN08179,0.0
C-0580,Pete Stauber,Pete,Stauber,REP,MN,1,H8MN08043,0.0
C-0581,Wesley Bell,Wesley,Bell,DEM,MO,1,H4MO01134,3.76
C-0582,Paul Berry,Paul,Berry,REP,MO,0,H6MO01261,0.0
C-0583,Fred Wellman,Fred,Wellman,DEM,MO,0,H6MO02343,0.0
C-0584,Ann Wagner,Ann,Wagner,REP,MO,1,H2MO02102,-2.55
C-0585,Bethany Mann,Bethany,Mann,DEM,MO,0,H2MO03167,1.24
C-0586,Bob Onder,Bob,Onder,REP,MO,1,H4MO03221,-1.76
C-0587,Jordan Herrera,Jordan,Herrera,DEM,MO,0,H6MO05254,0.0
C-0588,Mark Alford,Mark,Alford,REP,MO,1,H2MO04207,-2.39
C-0589,Emanuel Cleaver,Emanuel,Cleaver,DEM,MO,1,H4MO05234,2.15
C-0590,Rick Brattin,Rick,Brattin,REP,MO,0,H2MO04199,0.0
C-0591,Josh Smead,Josh,Smead,DEM,MO,0,H6MO06260,0.0
C-0592,Chris Stigall,Chris,Stigall,REP,MO,0,H6MO06310,0.0
C-0593,Missi Hesketh,Missi,Hesketh,DEM,MO,0,H4MO07156,0.78
C-0594,Eric Burlison,Eric,Burlison,REP,MO,1,H2MO07143,-2.22
C-0595,Christopher Reichard,Christopher,Reichard,DEM,MO,0,H6MO08183,0.0
C-0596,Jason Smith,Jason,Smith,REP,MO,1,H4MO08162,-0.24
C-0597,Cliff Johnson,Cliff,Johnson,DEM,MS,0,H6MS01313,0.0
C-0598,Trent Kelly,Trent,Kelly,REP,MS,1,H6MS01131,-1.98
C-0599,Bennie Thompson,Bennie,Thompson,DEM,MS,1,H4MS02068,3.09
C-0600,Ron Eller,Ron,Eller,REP,MS,0,H2MS02203,0.48
C-0601,Michael Chiaradio,Michael,Chiaradio,DEM,MS,0,H6MS03228,0.0
C-0602,Michael Guest,Michael,Guest,REP,MS,1,H8MS03125,0.0
C-0603,Jeffrey Hulum III,Jeffrey,Hulum III,DEM,MS,0,H6MS04242,0.0
C-0604,Mike Ezell,Mike,Ezell,REP,MS,1,H2MS04258,-4.62
C-0605,Sam Forstag,Sam,Forstag,DEM,MT,0,H6MT01137,0.0
C-0606,Aaron Flint,Aaron,Flint,REP,MT,0,H6MT01152,0.0
C-0607,Brian Miller,Brian,Miller,DEM,MT,0,H6MT02150,0.0
C-0608,Troy Downing,Troy,Downing,REP,MT,1,H4MT02098,-3.91
C-0609,Don Davis,Don,Davis,DEM,NC,1,H2NC02287,4.98
C-0610,Laurie Buckhout,Laurie,Buckhout,REP,NC,0,H4NC01137,2.06
C-0611,Deborah Ross,Deborah,Ross,DEM,NC,1,H0NC02125,2.51
C-0612,Eugene Douglass,Eugene,Douglass,REP,NC,0,H4NC02135,0.0
C-0613,Raymond Smith Jr.,Raymond,Smith Jr.,DEM,NC,0,H6NC03229,0.0
C-0614,Greg Murphy,Greg,Murphy,REP,NC,1,H0NC03172,0.0
C-0615,Valerie Foushee,Valerie,Foushee,DEM,NC,1,H2NC06114,2.56
C-0616,Max Ganorkar,Max,Ganorkar,REP,NC,0,H4NC02150,0.0
C-0617,Chuck Hubbard,Chuck,Hubbard,DEM,NC,0,H4NC05294,2.68
C-0618,Virginia Foxx,Virginia,Foxx,REP,NC,1,H4NC05146,0.02
C-0619,Cyril Jefferson,Cyril,Jefferson,DEM,NC,0,H6NC06164,0.0
C-0620,Addison McDowell,Addison,McDowell,REP,NC,1,H4NC06177,0.0
C-0621,Kimberly Hardy,Kimberly,Hardy,DEM,NC,0,H6NC07196,0.0
C-0622,David Rouzer,David,Rouzer,REP,NC,1,H2NC07096,-2.64
C-0623,Colby Watson,Colby,Watson,DEM,NC,0,H6NC08202,0.0
C-0624,Mark Harris,Mark,Harris,REP,NC,1,H4NC08066,-1.81
C-0625,Richard Ojeda,Richard,Ojeda,DEM,NC,0,H6NC09218,0.0
C-0626,Richard Hudson,Richard,Hudson,REP,NC,1,H2NC08185,-2.03
C-0627,Ashley Bell,Ashley,Bell,DEM,NC,0,H6NC10174,0.0
C-0628,Pat Harrigan,Pat,Harrigan,REP,NC,1,H2NC13243,-4.44
C-0629,Jamie Ager,Jamie,Ager,DEM,NC,0,H6NC11248,0.0
C-0630,Jennifer Balkcom,Jennifer,Balkcom,REP,NC,0,H6NC11321,0.0
C-0631,Alma Adams,Alma,Adams,DEM,NC,1,H4NC12100,1.48
C-0632,Jack Codiga,Jack,Codiga,REP,NC,0,H6NC12113,0.0
C-0633,Paul Barringer,Paul,Barringer,DEM,NC,0,H6NC13228,0.0
C-0634,Brad Knott,Brad,Knott,REP,NC,1,H4NC13116,-2.35
C-0635,LaKesha Womack,LaKesha,Womack,DEM,NC,0,H6NC14069,0.0
C-0636,Tim Moore,Tim,Moore,REP,NC,1,H4NC14015,-2.57
C-0637,Trygve Hammer,Trygve,Hammer,DEM,ND,0,H6ND01049,0.0
C-0638,Julie Fedorchak,Julie,Fedorchak,REP,ND,1,H4ND00061,0.0
C-0639,Christopher Backemeyer,Christopher,Backemeyer,DEM,NE,0,H6NE01143,0.0
C-0640,Mike Flood,Mike,Flood,REP,NE,1,H2NE01118,-4.94
C-0641,Denise Powell,Denise,Powell,DEM,NE,0,H6NE02174,0.0
C-0642,Brinker Harding,Brinker,Harding,REP,NE,0,H6NE02208,0.0
C-0643,Becky Stille,Becky,Stille,DEM,NE,0,H6NE03180,0.0
C-0644,Adrian Smith,Adrian,Smith,REP,NE,1,H6NE03115,-5.57
C-0645,Stefany Shaheen,Stefany,Shaheen,DEM,NH,0,H6NH01321,0.0
C-0646,Anthony DiLorenzo,Anthony,DiLorenzo,REP,NH,0,H6NH01420,0.0
C-0647,Maggie Goodlander,Maggie,Goodlander,DEM,NH,1,H4NH02399,5.45
C-0648,Lily Williams,Lily,Williams,REP,NH,0,H2NH02260,2.45
C-0649,Donald Norcross,Donald,Norcross,DEM,NJ,1,H4NJ01084,0.67
C-0650,Damon Galdo,Damon,Galdo,REP,NJ,0,H2NJ01187,0.0
C-0651,Zack Mullock,Zack,Mullock,DEM,NJ,0,H6NJ02251,0.0
C-0652,Jeff Van Drew,Jeff,Van Drew,REP,NJ,1,H8NJ02166,-4.81
C-0653,Herb Conaway,Herb,Conaway,DEM,NJ,1,H4NJ03080,3.32
C-0654,Michael McGuire,Michael,McGuire,REP,NJ,0,H6NJ03184,0.0
C-0655,Rachel Peace,Rachel,Peace,DEM,NJ,0,H6NJ04257,0.0
C-0656,Chris Smith,Chris,Smith,REP,NJ,1,H8NJ04014,-6.34
C-0657,Josh Gottheimer,Josh,Gottheimer,DEM,NJ,1,H6NJ05171,8.05
C-0658,Sean Kirrane,Sean,Kirrane,REP,NJ,0,H6NJ05221,0.0
C-0659,Frank Pallone,Frank,Pallone,DEM,NJ,1,H8NJ03073,7.68
C-0660,Hillary Herzig,Hillary,Herzig,REP,NJ,0,H6NJ06286,0.0
C-0661,Rebecca Bennett,Rebecca,Bennett,DEM,NJ,0,H6NJ07201,0.0
C-0662,Tom Kean Jr.,Tom,Kean Jr.,REP,NJ,1,H0NJ07261,0.0
C-0663,Rob Menendez,Rob,Menendez,DEM,NJ,1,H2NJ08232,0.0
C-0664,(no Republican filed),(no,Republican filed),REP,NJ,0,,0.0
C-0665,Nelida Pou,Nelida,Pou,DEM,NJ,1,H4NJ09194,6.52
C-0666,Rosemary Pino,Rosemary,Pino,REP,NJ,0,H6NJ09264,0.0
C-0667,LaMonica McIver,LaMonica,McIver,DEM,NJ,1,H4NJ10176,1.37
C-0668,Carmen Bucco,Carmen,Bucco,REP,NJ,0,H4NJ10135,-1.63
C-0669,Analilia Mejia,Analilia,Mejia,DEM,NJ,1,H6NJ11286,0.0
C-0670,Joe Hathaway,Joe,Hathaway,REP,NJ,0,H6NJ11211,0.0
C-0671,Adam Hamawy,Adam,Hamawy,DEM,NJ,0,H6NJ12417,0.0
C-0672,Gregg Mele,Gregg,Mele,REP,NJ,0,H2NJ06210,0.0
C-0673,Melanie Stansbury,Melanie,Stansbury,DEM,NM,1,H2NM01144,1.0
C-0674,Ndidiamaka Okpareke,Ndidiamaka,Okpareke,REP,NM,0,H6NM01129,0.0
C-0675,Gabriel Vasquez,Gabriel,Vasquez,DEM,NM,1,H2NM02191,5.96
C-0676,Greg Cunningham,Greg,Cunningham,REP,NM,0,H6NM02127,0.0
C-0677,Teresa Leger Fernandez,Teresa,Leger Fernandez,DEM,NM,1,H0NM03102,7.58
C-0678,Martin Zamora,Martin,Zamora,REP,NM,0,H6NM03083,0.0
C-0679,Dina Titus,Dina,Titus,DEM,NV,1,H8NV03036,5.04
C-0680,Carrie Buck,Carrie,Buck,REP,NV,0,H6NV01331,0.0
C-0681,Teresa Benitez-Thompson,Teresa,Benitez-Thompson,DEM,NV,0,H6NV02362,0.0
C-0682,David Flippo,David,Flippo,REP,NV,0,H4NV04108,0.0
C-0683,Susie Lee,Susie,Lee,DEM,NV,1,H6NV04020,3.32
C-0684,Marty O'Donnell,Marty,O'Donnell,REP,NV,0,H6NV03204,0.0
C-0685,Steven Horsford,Steven,Horsford,DEM,NV,1,H2NV04011,5.18
C-0686,Cody Whipple,Cody,Whipple,REP,NV,0,H6NV04111,0.0
C-0687,Christopher Gallant,Christopher,Gallant,DEM,NY,0,H6NY01159,0.0
C-0688,Nick LaLota,Nick,LaLota,REP,NY,1,H2NY01190,3.67
C-0689,Patrick Halpin,Patrick,Halpin,DEM,NY,0,H6NY02140,0.0
C-0690,Andrew Garbarino,Andrew,Garbarino,REP,NY,1,H0NY02234,-3.84
C-0691,Tom Suozzi,Tom,Suozzi,DEM,NY,1,H6NY03247,11.72
C-0692,Mike LiPetri,Mike,LiPetri,REP,NY,0,H0NY02267,0.0
C-0693,Laura Gillen,Laura,Gillen,DEM,NY,1,H2NY04244,3.81
C-0694,Jeanine Driscoll,Jeanine,Driscoll,REP,NY,0,H6NY04211,0.0
C-0695,Gregory Meeks,Gregory,Meeks,DEM,NY,1,H8NY06048,3.34
C-0696,George Marsh,George,Marsh,REP,NY,0,,0.0
C-0697,Grace Meng,Grace,Meng,DEM,NY,1,H2NY06116,15.11
C-0698,Joseph Chou,Joseph,Chou,REP,NY,0,,0.0
C-0699,Claire Valdez,Claire,Valdez,DEM,NY,0,H6NY07214,0.0
C-0700,Melvin Rivera,Melvin,Rivera,REP,NY,0,,0.0
C-0701,Hakeem Jeffries,Hakeem,Jeffries,DEM,NY,1,H2NY10092,7.5
C-0702,Lewis Mizrahi,Lewis,Mizrahi,REP,NY,0,,0.0
C-0703,Yvette Clarke,Yvette,Clarke,DEM,NY,1,H4NY11138,10.72
C-0704,Joel Anabilah-Azumah,Joel,Anabilah-Azumah,REP,NY,0,H6NY09145,0.0
C-0705,Brad Lander,Brad,Lander,DEM,NY,0,H6NY10176,0.0
C-0706,Jennifer Moore,Jennifer,Moore,REP,NY,0,H6NY10218,0.0
C-0707,Michael DeCillis,Michael,DeCillis,DEM,NY,0,H6NY11265,0.0
C-0708,Nicole Malliotakis,Nicole,Malliotakis,REP,NY,1,H0NY11078,-1.73
C-0709,Micah Lasher,Micah,Lasher,DEM,NY,0,H6NY12172,0.0
C-0710,Caroline Shinkle,Caroline,Shinkle,REP,NY,0,H6NY12404,0.0
C-0711,Darializa Avila Chevalier,Darializa,Avila Chevalier,DEM,NY,0,H6NY13279,0.0
C-0712,Jomo Williams,Jomo,Williams,REP,NY,0,,0.0
C-0713,Alexandria Ocasio-Cortez,Alexandria,Ocasio-Cortez,DEM,NY,1,H8NY15148,-0.18
C-0714,Diamant Hysenaj,Diamant,Hysenaj,REP,NY,0,H6NY14251,0.0
C-0715,Ritchie Torres,Ritchie,Torres,DEM,NY,1,H0NY15160,7.24
C-0716,Stylo Sapaskis,Stylo,Sapaskis,REP,NY,0,,0.0
C-0717,George Latimer,George,Latimer,DEM,NY,1,H4NY16087,8.77
C-0718,Joseph Cinquemani,Joseph,Cinquemani,REP,NY,0,H4NY07052,0.0
C-0719,Cait Conley,Cait,Conley,DEM,NY,0,H6NY17171,0.0
C-0720,Mike Lawler,Mike,Lawler,REP,NY,1,H2NY17162,-3.63
C-0721,Pat Ryan,Pat,Ryan,DEM,NY,1,H8NY19223,10.64
C-0722,Jackie Auringer,Jackie,Auringer,REP,NY,0,H6NY18252,0.0
C-0723,Josh Riley,Josh,Riley,DEM,NY,1,H8NY22177,5.71
C-0724,Peter Oberacker,Peter,Oberacker,REP,NY,0,H6NY19268,0.0
C-0725,Paul Tonko,Paul,Tonko,DEM,NY,1,H8NY21203,8.51
C-0726,Ralph Ambrosio,Ralph,Ambrosio,REP,NY,0,H6NY20225,0.0
C-0727,Blake Gendebien,Blake,Gendebien,DEM,NY,0,H6NY21199,0.0
C-0728,Anthony Constantino,Anthony,Constantino,REP,NY,0,H6NY21157,0.0
C-0729,John Mannion,John,Mannion,DEM,NY,1,H4NY22085,10.02
C-0730,Kailee Buller,Kailee,Buller,REP,NY,0,H6NY22213,0.0
C-0731,Aaron Gies,Aaron,Gies,DEM,NY,0,H6NY23559,0.0
C-0732,Nick Langworthy,Nick,Langworthy,REP,NY,1,H2NY23228,-3.17
C-0733,Alissa Ellman,Alissa,Ellman,DEM,NY,0,H6NY24219,0.0
C-0734,Claudia Tenney,Claudia,Tenney,REP,NY,1,H4NY22051,-0.91
C-0735,Joe Morelle,Joe,Morelle,DEM,NY,1,H8NY25105,-0.41
C-0736,Virginia McIntyre,Virginia,McIntyre,REP,NY,0,H6NY25208,0.0
C-0737,Timothy Kennedy,Timothy,Kennedy,DEM,NY,1,H4NY26078,13.9
C-0738,Dennis Hannon,Dennis,Hannon,REP,NY,0,,0.0
C-0739,Greg Landsman,Greg,Landsman,DEM,OH,1,H2OH01194,4.42
C-0740,Eric Conroy,Eric,Conroy,REP,OH,0,H6OH01138,0.0
C-0741,Jennifer Mazzuckelli,Jennifer,Mazzuckelli,DEM,OH,0,H6OH02326,0.0
C-0742,David Taylor,David,Taylor,REP,OH,1,H4OH02248,-1.43
C-0743,Joyce Beatty,Joyce,Beatty,DEM,OH,1,H2OH03125,1.41
C-0744,Cleophus Dulaney,Cleophus,Dulaney,REP,OH,0,H0OH03137,0.0
C-0745,Joshua Kolasinski,Joshua,Kolasinski,DEM,OH,0,H6OH04181,0.0
C-0746,Jim Jordan,Jim,Jordan,REP,OH,1,H6OH04082,0.68
C-0747,Brian Shaver,Brian,Shaver,DEM,OH,0,H6OH05154,0.0
C-0748,Bob Latta,Bob,Latta,REP,OH,1,H8OH05036,-5.35
C-0749,Elizabeth Kirtley,Elizabeth,Kirtley,DEM,OH,0,H6OH06244,0.0
C-0750,Michael Rulli,Michael,Rulli,REP,OH,1,H4OH06165,0.66
C-0751,Brian Poindexter,Brian,Poindexter,DEM,OH,0,H6OH07168,0.0
C-0752,Max Miller,Max,Miller,REP,OH,1,H2OH16051,-0.5
C-0753,Vanessa Enoch,Vanessa,Enoch,DEM,OH,0,H8OH08097,1.83
C-0754,Warren Davidson,Warren,Davidson,REP,OH,1,H6OH08315,-1.17
C-0755,Marcy Kaptur,Marcy,Kaptur,DEM,OH,1,H2OH09031,9.71
C-0756,Derek Merrin,Derek,Merrin,REP,OH,0,H4OH09169,4.84
C-0757,Kristina Knickerbocker,Kristina,Knickerbocker,DEM,OH,0,H6OH10121,0.0
C-0758,Mike Turner,Mike,Turner,REP,OH,1,H2OH03067,-12.49
C-0759,Shontel Brown,Shontel,Brown,DEM,OH,1,H2OH11169,4.97
C-0760,Mike Kirchner,Mike,Kirchner,REP,OH,0,H6OH11210,0.0
C-0761,Jerrad Christian,Jerrad,Christian,DEM,OH,0,H4OH12080,-0.19
C-0762,Troy Balderson,Troy,Balderson,REP,OH,1,H8OH12180,0.0
C-0763,Emilia Sykes,Emilia,Sykes,DEM,OH,1,H2OH13264,3.74
C-0764,Carey Coleman,Carey,Coleman,REP,OH,0,H6OH13307,0.0
C-0765,Maria Jukic,Maria,Jukic,DEM,OH,0,H6OH14248,0.0
C-0766,David Joyce,David,Joyce,REP,OH,1,H2OH14064,-7.47
C-0767,Don Leonard,Don,Leonard,DEM,OH,0,H6OH15112,0.0
C-0768,Mike Carey,Mike,Carey,REP,OH,1,H2OH15228,-2.52
C-0769,John Croisant,John,Croisant,DEM,OK,0,H6OK01201,0.0
C-0770,Mark Tedford,Mark,Tedford,REP,OK,0,H6OK01235,0.0
C-0771,Brandon Wade,Brandon,Wade,DEM,OK,0,H4OK02196,0.0
C-0772,Josh Brecheen,Josh,Brecheen,REP,OK,1,H2OK02315,2.08
C-0773,Suzie Byrd,Suzie,Byrd,DEM,OK,0,H6OK03272,0.0
C-0774,Frank Lucas,Frank,Lucas,REP,OK,1,H4OK06056,-4.19
C-0775,Mitchell Jacob,Mitchell,Jacob,DEM,OK,0,H6OK04155,0.0
C-0776,Tom Cole,Tom,Cole,REP,OK,1,H2OK04055,-4.81
C-0777,Jena Nelson,Jena,Nelson,DEM,OK,0,H6OK05293,0.0
C-0778,Stephanie Bice,Stephanie,Bice,REP,OK,1,H0OK05205,-1.8
C-0779,Suzanne Bonamici,Suzanne,Bonamici,DEM,OR,1,H2OR01133,3.28
C-0780,Barbara Kahl,Barbara,Kahl,REP,OR,0,H6OR01308,0.0
C-0781,Chris Beck,Chris,Beck,DEM,OR,0,H6OR02322,0.0
C-0782,Cliff Bentz,Cliff,Bentz,REP,OR,1,H0OR02127,-3.68
C-0783,Maxine Dexter,Maxine,Dexter,DEM,OR,1,H4OR03192,2.08
C-0784,Loran Ayles,Loran,Ayles,REP,OR,0,H6OR03197,0.0
C-0785,Val Hoyle,Val,Hoyle,DEM,OR,1,H2OR04095,-2.12
C-0786,Monique DeSpain,Monique,DeSpain,REP,OR,0,H6OR04260,0.0
C-0787,Janelle Bynum,Janelle,Bynum,DEM,OR,1,H4OR05304,1.21
C-0788,Patti Adair,Patti,Adair,REP,OR,0,H6OR05242,0.0
C-0789,Andrea Salinas,Andrea,Salinas,DEM,OR,1,H2OR06066,-3.63
C-0790,David Russ,David,Russ,REP,OR,0,H2OR01240,0.0
C-0791,Bob Harvie,Bob,Harvie,DEM,PA,0,H6PA01181,0.0
C-0792,Brian Fitzpatrick,Brian,Fitzpatrick,REP,PA,1,H6PA08277,-12.56
C-0793,Brendan Boyle,Brendan,Boyle,DEM,PA,1,H4PA13199,7.75
C-0794,Jessica Arriaga,Jessica,Arriaga,REP,PA,0,H6PA02205,0.0
C-0795,Chris Rabb,Chris,Rabb,DEM,PA,0,H6PA03203,0.0
C-0796,(no Republican filed),(no,Republican filed),REP,PA,0,,0.0
C-0797,Madeleine Dean,Madeleine,Dean,DEM,PA,1,H8PA04116,3.13
C-0798,Aurora Stuski,Aurora,Stuski,REP,PA,0,H6PA04169,0.0
C-0799,Mary Gay Scanlon,Mary,Gay Scanlon,DEM,PA,1,H8PA07200,2.11
C-0800,Nicholas Manganaro,Nicholas,Manganaro,REP,PA,0,H6PA05216,0.0
C-0801,Chrissy Houlahan,Chrissy,Houlahan,DEM,PA,1,H8PA06087,2.05
C-0802,Marty Young,Marty,Young,REP,PA,0,H6PA06156,0.0
C-0803,Bob Brooks,Bob,Brooks,DEM,PA,0,H6PA07188,0.0
C-0804,Ryan Mackenzie,Ryan,Mackenzie,REP,PA,1,H8PA15195,-3.38
C-0805,Paige Cognetti,Paige,Cognetti,DEM,PA,0,H6PA08293,0.0
C-0806,Rob Bresnahan,Rob,Bresnahan,REP,PA,1,H4PA08124,1.0
C-0807,Rachel Wallace,Rachel,Wallace,DEM,PA,0,H6PA09127,0.0
C-0808,Dan Meuser,Dan,Meuser,REP,PA,1,H8PA10147,-1.8
C-0809,Janelle Stelson,Janelle,Stelson,DEM,PA,0,H4PA10104,7.94
C-0810,Scott Perry,Scott,Perry,REP,PA,1,H2PA04135,4.16
C-0811,Nancy Mannion,Nancy,Mannion,DEM,PA,0,H6PA11099,0.0
C-0812,Lloyd Smucker,Lloyd,Smucker,REP,PA,1,H6PA16320,-1.98
C-0813,Summer Lee,Summer,Lee,DEM,PA,1,H2PA18200,-4.43
C-0814,James Hayes,James,Hayes,REP,PA,0,H4PA12068,0.0
C-0815,Beth Farnham,Beth,Farnham,DEM,PA,0,H4PA13298,1.6
C-0816,John Joyce,John,Joyce,REP,PA,1,H8PA13125,-1.46
C-0817,Alan Bradstock,Alan,Bradstock,DEM,PA,0,H6PA14200,0.0
C-0818,Guy Reschenthaler,Guy,Reschenthaler,REP,PA,1,H8PA18199,0.98
C-0819,Ray Bilger,Ray,Bilger,DEM,PA,0,H6PA15181,0.0
C-0820,Glenn Thompson,Glenn,Thompson,REP,PA,1,H8PA05071,-3.6
C-0821,Justin Wagner,Justin,Wagner,DEM,PA,0,H6PA16379,0.0
C-0822,Mike Kelly,Mike,Kelly,REP,PA,1,H0PA03271,-1.61
C-0823,Chris Deluzio,Chris,Deluzio,DEM,PA,1,H2PA17103,4.37
C-0824,Tony Guy,Tony,Guy,REP,PA,0,H6PA17203,0.0
C-0825,Gabriel Amo,Gabriel,Amo,DEM,RI,1,H4RI01265,9.82
C-0826,Republican candidate (RI-01),Republican,candidate (RI-01),REP,RI,0,,0.0
C-0827,Seth Magaziner,Seth,Magaziner,DEM,RI,1,H2RI02184,0.0
C-0828,Victor Mellor,Victor,Mellor,REP,RI,0,H6RI02318,0.0
C-0829,Nancy Lacore,Nancy,Lacore,DEM,SC,0,H6SC01359,0.0
C-0830,Jenny Costa Honeycutt,Jenny,Costa Honeycutt,REP,SC,0,H6SC01334,0.0
C-0831,Zyon Khalifa,Zyon,Khalifa,DEM,SC,0,H6SC02159,0.0
C-0832,Joe Wilson,Joe,Wilson,REP,SC,1,H2SC02059,-4.1
C-0833,Eunice Lehmacher,Eunice,Lehmacher,DEM,SC,0,H6SC03090,0.0
C-0834,Sheri Biggs,Sheri,Biggs,REP,SC,1,H4SC01313,-7.13
C-0835,Courtney McClain,Courtney,McClain,DEM,SC,0,H6SC04171,0.0
C-0836,William Timmons,William,Timmons,REP,SC,1,H8SC04250,0.52
C-0837,Mallory Dittmer,Mallory,Dittmer,DEM,SC,0,H6SC05228,0.0
C-0838,Wes Climer,Wes,Climer,REP,SC,0,H6SC05202,0.0
C-0839,Jim Clyburn,Jim,Clyburn,DEM,SC,1,H2SC02042,-0.1
C-0840,John Peterson,John,Peterson,REP,SC,0,H6SC06184,0.0
C-0841,John Vincent,John,Vincent,DEM,SC,0,H6SC07034,0.0
C-0842,Russell Fry,Russell,Fry,REP,SC,1,H2SC07280,-3.68
C-0843,Nikki Gronli,Nikki,Gronli,DEM,SD,0,H6SD01141,0.0
C-0844,Marty Jackley,Marty,Jackley,REP,SD,0,H6SD01109,0.0
C-0845,Kristi Burke,Kristi,Burke,DEM,TN,0,H6TN01537,0.0
C-0846,Diana Harshbarger,Diana,Harshbarger,REP,TN,1,H0TN01118,-1.27
C-0847,Michaela Barnett,Michaela,Barnett,DEM,TN,0,H6TN02170,0.0
C-0848,Tim Burchett,Tim,Burchett,REP,TN,1,H8TN02119,-4.15
C-0849,Joel Hawn,Joel,Hawn,DEM,TN,0,,0.0
C-0850,Chuck Fleischmann,Chuck,Fleischmann,REP,TN,1,H0TN03254,-2.64
C-0851,Victoria Broderick,Victoria,Broderick,DEM,TN,0,H4TN04270,2.5
C-0852,Scott DesJarlais,Scott,DesJarlais,REP,TN,1,H0TN04195,-0.5
C-0853,Chaz Molder,Chaz,Molder,DEM,TN,0,H6TN05397,0.0
C-0854,Andy Ogles,Andy,Ogles,REP,TN,1,,0.21
C-0855,Chaney Mosley,Chaney,Mosley,DEM,TN,0,,0.0
C-0856,Van Hilleary,Van,Hilleary,REP,TN,0,,0.0
C-0857,Darden Copeland,Darden,Copeland,DEM,TN,0,H6TN07286,0.0
C-0858,Matt Van Epps,Matt,Van Epps,REP,TN,1,H6TN07161,0.0
C-0859,William Wicker,William,Wicker,DEM,TN,0,,0.0
C-0860,David Kustoff,David,Kustoff,REP,TN,1,H2TN07103,-5.72
C-0861,Justin J. Pearson,Justin,J. Pearson,DEM,TN,0,H6TN09449,0.0
C-0862,Brent Taylor,Brent,Taylor,REP,TN,0,H6TN09464,0.0
C-0863,Yolanda Prince,Yolanda,Prince,DEM,TX,0,H6TX01352,0.0
C-0864,Nathaniel Moran,Nathaniel,Moran,REP,TX,1,H2TX01112,0.0
C-0865,Shaun Finnie,Shaun,Finnie,DEM,TX,0,H6TX02251,0.0
C-0866,Steve Toth,Steve,Toth,REP,TX,0,H6TX08175,0.0
C-0867,Evan Hunt,Evan,Hunt,DEM,TX,0,H6TX03234,0.0
C-0868,Keith Self,Keith,Self,REP,TX,1,H2TX00064,0.0
C-0869,Jason Pearce,Jason,Pearce,DEM,TX,0,H6TX04174,0.0
C-0870,Pat Fallon,Pat,Fallon,REP,TX,1,H0TX04219,-3.85
C-0871,Chelsey Hockett,Chelsey,Hockett,DEM,TX,0,H6TX05189,0.0
C-0872,Lance Gooden,Lance,Gooden,REP,TX,1,H8TX05144,-0.74
C-0873,Danny Minton,Danny,Minton,DEM,TX,0,H6TX25203,0.0
C-0874,Jake Ellzey,Jake,Ellzey,REP,TX,1,H8TX06266,-2.25
C-0875,Lizzie Fletcher,Lizzie,Fletcher,DEM,TX,1,H8TX07140,0.78
C-0876,Alexander Hale,Alexander,Hale,REP,TX,0,H6TX07151,0.0
C-0877,Laura Jones,Laura,Jones,DEM,TX,0,H0TX08145,0.0
C-0878,Jessica Steinmann,Jessica,Steinmann,REP,TX,0,H6TX08209,0.0
C-0879,Leticia Gutierrez,Leticia,Gutierrez,DEM,TX,0,H6TX09231,0.0
C-0880,Alex Mealer,Alex,Mealer,REP,TX,0,H6TX09140,0.0
C-0881,Caitlin Rourk,Caitlin,Rourk,DEM,TX,0,H6TX31102,0.0
C-0882,Chris Gober,Chris,Gober,REP,TX,0,H6TX10221,0.0
C-0883,Claire Reynolds,Claire,Reynolds,DEM,TX,0,H6TX11112,0.0
C-0884,August Pfluger,August,Pfluger,REP,TX,1,H0TX11230,0.0
C-0885,Heli Rodriguez Prilliman,Heli,Rodriguez Prilliman,DEM,TX,0,,0.0
C-0886,Craig Goldman,Craig,Goldman,REP,TX,1,H4TX12065,-6.76
C-0887,Mark Nair,Mark,Nair,DEM,TX,0,H6TX13159,0.0
C-0888,Ronny Jackson,Ronny,Jackson,REP,TX,1,H0TX13228,0.0
C-0889,Thurman Bartie,Thurman,Bartie,DEM,TX,0,H6TX14181,0.0
C-0890,Randy Weber,Randy,Weber,REP,TX,1,H2TX14149,-3.14
C-0891,Bobby Pulido,Bobby,Pulido,DEM,TX,0,H6TX15246,0.0
C-0892,Monica De La Cruz,Monica,De La Cruz,REP,TX,1,H0TX15124,0.35
C-0893,Veronica Escobar,Veronica,Escobar,DEM,TX,1,H8TX16109,-0.63
C-0894,Adam Bauman,Adam,Bauman,REP,TX,0,H6TX16152,0.0
C-0895,Casey Shepard,Casey,Shepard,DEM,TX,0,H6TX17168,0.0
C-0896,Pete Sessions,Pete,Sessions,REP,TX,1,H2TX03126,-3.48
C-0897,Christian Menefee,Christian,Menefee,DEM,TX,1,H6TX18232,0.0
C-0898,Ronald Whitfield,Ronald,Whitfield,REP,TX,0,,0.0
C-0899,Kyle Rable,Kyle,Rable,DEM,TX,0,H6TX19198,0.0
C-0900,Tom Sell,Tom,Sell,REP,TX,0,H6TX19206,0.0
C-0901,Joaquin Castro,Joaquin,Castro,DEM,TX,1,H2TX35011,2.66
C-0902,Edgardo Baez,Edgardo,Baez,REP,TX,0,H6TX20113,0.0
C-0903,Kristin Hook,Kristin,Hook,DEM,TX,0,H4TX21108,0.95
C-0904,Mark Teixeira,Mark,Teixeira,REP,TX,0,H6TX21301,0.0
C-0905,Marquette Greene-Scott,Marquette,Greene-Scott,DEM,TX,0,H4TX22197,-0.9
C-0906,Trever Nehls,Trever,Nehls,REP,TX,0,H6TX22283,0.0
C-0907,Katy Padilla Stout,Katy,Stout,DEM,TX,0,H6TX23273,0.0
C-0908,Brandon Herrera,Brandon,Herrera,REP,TX,0,H4TX23120,0.0
C-0909,Kevin Burge,Kevin,Burge,DEM,TX,0,H6TX24172,0.0
C-0910,Beth Van Duyne,Beth,Van Duyne,REP,TX,1,H0TX24209,-4.01
C-0911,Dione Sims,Dione,Sims,DEM,TX,0,H6TX25237,0.0
C-0912,Roger Williams,Roger,Williams,REP,TX,1,H2TX33040,0.0
C-0913,Steven Shook,Steven,Shook,DEM,TX,0,H6TX26144,0.0
C-0914,Brandon Gill,Brandon,Gill,REP,TX,1,H4TX26149,-6.06
C-0915,Tanya Lloyd,Tanya,Lloyd,DEM,TX,0,H4TX27089,0.6
C-0916,Michael Cloud,Michael,Cloud,REP,TX,1,H8TX27049,-2.16
C-0917,Henry Cuellar,Henry,Cuellar,DEM,TX,1,H2TX23082,11.64
C-0918,Tano Tijerina,Tano,Tijerina,REP,TX,0,H6TX28124,0.0
C-0919,Sylvia Garcia,Sylvia,Garcia,DEM,TX,1,H8TX29052,8.57
C-0920,Martha Fierro,Martha,Fierro,REP,TX,0,H6TX29122,0.0
C-0921,Frederick Haynes III,Frederick,Haynes III,DEM,TX,0,H6TX30245,0.0
C-0922,Everett Jackson,Everett,Jackson,REP,TX,0,H6TX30211,0.0
C-0923,Justin Early,Justin,Early,DEM,TX,0,H6TX31094,0.0
C-0924,John Carter,John,Carter,REP,TX,1,H2TX31044,-4.73
C-0925,Alex Cornwallis,Alex,Cornwallis,DEM,TX,0,,0.0
C-0926,Jace Yarbrough,Jace,Yarbrough,REP,TX,0,H6TX32225,0.0
C-0927,Colin Allred,Colin,Allred,DEM,TX,0,H8TX32098,-1.49
C-0928,Patrick Gillespie,Patrick,Gillespie,REP,TX,0,H2TX33248,-1.47
C-0929,Vicente Gonzalez,Vicente,Gonzalez,DEM,TX,1,H6TX15162,4.08
C-0930,Eric Flores,Eric,Flores,REP,TX,0,H6TX34080,0.0
C-0931,Johnny Garcia,Johnny,Garcia,DEM,TX,0,H6TX35095,0.0
C-0932,Carlos De La Cruz,Carlos,De La Cruz,REP,TX,0,H6TX35087,0.0
C-0933,Rhonda Hart,Rhonda,Hart,DEM,TX,0,H4TX14111,0.11
C-0934,Brian Babin,Brian,Babin,REP,TX,1,H6TX02079,-1.45
C-0935,Greg Casar,Greg,Casar,DEM,TX,1,H2TX35144,-2.6
C-0936,Lauren Peña,Lauren,Peña,REP,TX,0,H6TX35038,0.0
C-0937,Melissa McDonough,Melissa,McDonough,DEM,TX,0,H4TX38011,-0.82
C-0938,Jon Bonck,Jon,Bonck,REP,TX,0,H6TX02244,0.0
C-0939,Ben McAdams,Ben,McAdams,DEM,UT,0,H8UT04053,5.02
C-0940,Riley Owen,Riley,Owen,REP,UT,0,H6UT01244,0.0
C-0941,Peter Crosby,Peter,Crosby,DEM,UT,0,H6UT01160,0.0
C-0942,Blake Moore,Blake,Moore,REP,UT,1,H0UT01205,-10.56
C-0943,Kent Udell,Kent,Udell,DEM,UT,0,H6UT03182,0.0
C-0944,Celeste Maloy,Celeste,Maloy,REP,UT,1,H4UT02296,-4.38
C-0945,Jonny Larsen,Jonny,Larsen,DEM,UT,0,H6UT02424,0.0
C-0946,Mike Kennedy,Mike,Kennedy,REP,UT,1,H4UT03260,-14.74
C-0947,Shannon Taylor,Shannon,Taylor,DEM,VA,0,H6VA01299,0.0
C-0948,Rob Wittman,Rob,Wittman,REP,VA,1,H8VA01147,-5.9
C-0949,Elaine Luria,Elaine,Luria,DEM,VA,0,H6VA02198,0.0
C-0950,Jen Kiggans,Jen,Kiggans,REP,VA,1,H2VA02064,0.0
C-0951,Bobby Scott,Bobby,Scott,DEM,VA,1,H6VA01117,4.72
C-0952,Edwin Rivera,Edwin,Rivera,REP,VA,0,H6VA03121,0.0
C-0953,Jennifer McClellan,Jennifer,McClellan,DEM,VA,1,H4VA04066,5.37
C-0954,Robert Murray,Robert,Murray,REP,VA,0,H6VA04129,0.0
C-0955,Tom Perriello,Tom,Perriello,DEM,VA,0,H6VA05217,0.0
C-0956,John McGuire,John,McGuire,REP,VA,1,H0VA07133,0.0
C-0957,Beth Macy,Beth,Macy,DEM,VA,0,H6VA06173,0.0
C-0958,Ben Cline,Ben,Cline,REP,VA,1,H8VA06104,-3.8
C-0959,Eugene Vindman,Eugene,Vindman,DEM,VA,1,H4VA07234,3.1
C-0960,Doug Ollivant,Doug,Ollivant,REP,VA,0,H6VA07205,0.0
C-0961,Don Beyer,Don,Beyer,DEM,VA,1,H4VA08224,-2.14
C-0962,Tony Sabio,Tony,Sabio,REP,VA,0,H6VA08252,0.0
C-0963,Joy Powers,Joy,Powers,DEM,VA,0,H6VA09136,0.0
C-0964,Morgan Griffith,Morgan,Griffith,REP,VA,1,H0VA09055,0.32
C-0965,Suhas Subramanyam,Suhas,Subramanyam,DEM,VA,1,H4VA10279,-1.73
C-0966,Dave Beckwith,Dave,Beckwith,REP,VA,0,H2VA10273,0.0
C-0967,James Walkinshaw,James,Walkinshaw,DEM,VA,1,H6VA11066,0.0
C-0968,Arthur Purves,Arthur,Purves,REP,VA,0,H6VA11249,0.0
C-0969,Rebecca Balint,Rebecca,Balint,DEM,VT,1,H2VT01076,12.07
C-0970,Gerald Malloy,Gerald,Malloy,REP,VT,0,H6VT01085,0.0
C-0971,Suzan DelBene,Suzan,DelBene,DEM,WA,1,H0WA08046,-2.0
C-0972,Mary Silva,Mary,Silva,REP,WA,0,H4WA01282,0.0
C-0973,Rick Larsen,Rick,Larsen,DEM,WA,1,H0WA02080,4.31
C-0974,Edwin H. Feller,Edwin,H. Feller,REP,WA,0,H6WA02228,0.0
C-0975,Marie Gluesenkamp Perez,Marie,Gluesenkamp Perez,DEM,WA,1,H2WA03217,9.12
C-0976,John Braun,John,Braun,REP,WA,0,H6WA03275,0.0
C-0977,John Duresky,John,Duresky,DEM,WA,0,H6WA04190,0.0
C-0978,Amanda McKinney,Amanda,McKinney,REP,WA,0,H6WA04216,0.0
C-0979,Carmela Conroy,Carmela,Conroy,DEM,WA,0,H4WA05168,-12.24
C-0980,Michael Baumgartner,Michael,Baumgartner,REP,WA,1,H4WA05234,-15.24
C-0981,Emily Randall,Emily,Randall,DEM,WA,1,H4WA06117,-1.73
C-0982,Teresa Fox,Teresa,Fox,REP,WA,0,H6WA06286,0.0
C-0983,Pramila Jayapal,Pramila,Jayapal,DEM,WA,1,H6WA07458,-6.78
C-0984,Nirav Sheth,Nirav,Sheth,REP,WA,0,H4WA08147,0.0
C-0985,Kim Schrier,Kim,Schrier,DEM,WA,1,H8WA08189,3.2
C-0986,Spencer Meline,Spencer,Meline,REP,WA,0,H6WA08167,0.0
C-0987,Adam Smith,Adam,Smith,DEM,WA,1,H6WA09025,-1.79
C-0988,Doug Basler,Doug,Basler,REP,WA,0,H4WA09061,0.0
C-0989,Marilyn Strickland,Marilyn,Strickland,DEM,WA,1,H0WA10034,0.38
C-0990,Chris D. Chung,Chris,D. Chung,REP,WA,0,,0.0
C-0991,Mitchell Berman,Mitchell,Berman,DEM,WI,0,H6WI01283,0.0
C-0992,Bryan Steil,Bryan,Steil,REP,WI,1,H8WI01156,-4.83
C-0993,Mark Pocan,Mark,Pocan,DEM,WI,1,H2WI02124,1.47
C-0994,(no Republican filed),(no,Republican filed),REP,WI,0,,0.0
C-0995,Rebecca Cooke,Rebecca,Cooke,DEM,WI,0,H4WI03169,8.39
C-0996,Derrick Van Orden,Derrick,Van Orden,REP,WI,1,H0WI03175,5.02
C-0997,Gwen Moore,Gwen,Moore,DEM,WI,1,H4WI04183,2.65
C-0998,Tim Rogers,Tim,Rogers,REP,WI,0,H4WI04274,0.0
C-0999,Andrew Beck,Andrew,Beck,DEM,WI,0,H6WI05136,0.0
C-1000,Scott Fitzgerald,Scott,Fitzgerald,REP,WI,1,H0WI05113,-4.49
C-1001,Brad Smith,Brad,Smith,DEM,WI,0,H6WI06191,0.0
C-1002,Glenn Grothman,Glenn,Grothman,REP,WI,1,H4WI06048,-4.75
C-1003,Fred Clark,Fred,Clark,DEM,WI,0,H6WI07207,0.0
C-1004,Michael Alfonso,Michael,Alfonso,REP,WI,0,H6WI07223,0.0
C-1005,Rick Crosson,Rick,Crosson,DEM,WI,0,H6WI08205,0.0
C-1006,Tony Wied,Tony,Wied,REP,WI,1,H4WI08119,-0.21
C-1007,Vince George,Vince,George,DEM,WV,0,H6WV01160,0.0
C-1008,Carol Miller,Carol,Miller,REP,WV,1,H8WV03097,2.17
C-1009,Ace Parsi,Ace,Parsi,DEM,WV,0,H6WV02150,0.0
C-1010,Riley Moore,Riley,Moore,REP,WV,1,H4WV02205,-3.54
C-1011,Lisa Kinney,Lisa,Kinney,DEM,WY,0,H6WY01173,0.0
C-1041,(No Democrat),(No,Democrat),DEM,AK,0,,0.0
C-1013,Bill Hill,Bill,Hill,IND,AK,0,H6AK01092,0.0
C-1014,Chuck Gray,Chuck,Gray,REP,WY,0,H6WY00217,0.0
C-1042,Greg Lopez,Greg,Lopez,IND,CO,0,,0.0
C-1017,Jerry Carl,Jerry,Carl,REP,AL,0,H0AL01055,0.0
C-1019,Cindy Holscher,Cindy,Holscher,DEM,KS,0,,0.0
C-1020,Lisa Demuth,Lisa,Demuth,REP,MN,0,,0.0
C-1021,Michele Tafoya,Michele,Tafoya,REP,MN,0,S6MN00556,0.0
C-1022,John E. Sununu,John,Sununu,REP,NH,0,S6NH00208,0.0
C-1023,Jasmine Thomas,Jasmine,Thomas,DEM,OK,0,S6OK04163,0.0
C-1024,Helena Foulkes,Helena,Foulkes,DEM,RI,0,,0.0
C-1025,Elaine Pelino,Elaine,Pelino,REP,RI,0,,0.0
C-1026,Toby Doeden,Toby,Doeden,REP,SD,0,,0.0
C-1027,Jerri Green,Jerri,Green,DEM,TN,0,,0.0
C-1028,David Crowley,David,Crowley,DEM,WI,0,,0.0
C-1029,Kenneth Casner,Kenneth,Casner,DEM,WY,0,,0.0
C-1030,Jay Feely,Jay,Feely,REP,AZ,0,H6AZ05190,0.0
C-1031,Joe Strada,Joe,Strada,REP,FL,0,H6FL11332,0.0
C-1032,Christina Hines,Christina,Hines,DEM,MI,0,H6MI10276,0.0
C-1033,Michael Bouchard Jr.,Michael,Bouchard Jr.,REP,MI,0,H6MI10359,0.0
C-1034,(No Democrat),,,DEM,NE,0,,0.0
C-1036,Rick Bennett,Rick,Bennett,IND,ME,0,,0.0
C-1038,Todd Achilles,Todd,Achilles,IND,ID,0,S6ID00146,0.0
C-1039,Ty Pinkins,Ty,Pinkins,IND,MS,0,S4MS00187,0.0
C-1040,Brian Bengs,Brian,Bengs,IND,SD,0,S6SD01117,0.0
C-1044,Brett Lindstrom,Brett,Lindstrom,OTH,NE,0,,0.0
C-1045,Eric Pratt,Eric,Pratt,REP,MN,0,H6MN02263,0.0
C-1046,Dan Barrios,Dan,Barrios,DEM,TX,0,H6TX32217,0.0
C-1047,Democratic candidate (LA-06),Democratic,candidate (LA-06),DEM,LA,0,,0.0
C-1048,(No Democrat),,,DEM,ID,0,,0.0
C-1049,Anna Golladay,Anna,Golladay,DEM,TN,0,H6TN03228,0.0
C-1050,Charlie Hatcher,Charlie,Hatcher,REP,TN,0,H6TN05405,0.0
C-1051,Johnny Garrett,Johnny,Garrett,REP,TN,0,H6TN06213,0.0
C-1052,Mike Croley,Mike,Croley,DEM,TN,0,H6TN06171,0.0
C-1053,Heidi Kuhn,Heidi,Kuhn,DEM,TN,0,H6TN08367,0.0
C-1054,Tamie Wilson,Tamie,Wilson,IND,OH,0,H2OH04164,0.0
C-1055,Michael Bridgford,Michael,Bridgford,IND,IA,0,H6IA01213,0.0
C-1056,Lauren Pinkston,Lauren,Pinkston,IND,TN,0,,0.0
C-1057,Dennis Joseph Mahoney,Dennis,Joseph Mahoney,IND,PA,0,H6PA03369,0.0
C-1058,Aristotle Eliopoulos,Aristotle,Eliopoulos,IND,NJ,0,,0.0
C-1059,Mai Vang,Mai,Vang,DEM,CA,0,H6CA07175,0.0
C-1060,Tom Begich,Tom,Begich,DEM,AK,0,,0.0
C-1061,Dave Bronson,Dave,Bronson,REP,AK,0,,0.0
C-1062,Daniel J. Sullivan Jr.,Daniel,Sullivan Jr.,NPA,AK,0,S6AK00326,0.0
C-1063,Eric Hafner,Eric,Hafner,DEM,AK,0,,0.0
C-1064,John B. Williams,John,Williams,DEM,AK,0,,0.0
C-1065,David Leslie,David,Leslie,DEM,AK,0,,0.0
C-1066,Gerald L. Heikes,Gerald,Heikes,REP,AK,0,,0.0
C-1067,Ken Block,Ken,Block,IND,RI,0,,0.0
C-1068,Treg Taylor,Treg,Taylor,REP,AK,0,,0.0
C-1069,Adam Crum,Adam,Crum,REP,AK,0,,0.0
C-1070,Yaquelin Reynoso,Yaquelin,Reynoso,DEM,AK,0,,0.0
C-1071,"James C. ""Jim"" McDermott",James,McDermott,LIB,AK,0,,0.0
C-1072,Jeff Wadlin,Jeff,Wadlin,LIB,AR,0,S6AR00223,0.0
C-1073,Colt Shelby,Colt,Shelby,LIB,AR,0,,0.0
C-1074,Steve G. Parsons,Steve,Parsons,LIB,AR,0,H4AR01085,0.0
C-1075,Bobby Wilson,Bobby,Wilson,LIB,AR,0,H4AR03081,0.0
C-1076,Risa Lombardo,Risa,Lombardo,GRN,AZ,0,,0.0
C-1077,Monica Alponte,Monica,Alponte,LIB,AZ,0,H6AZ01488,0.0
C-1078,Curtis Goodwin,Curtis,Goodwin,LIB,AZ,0,,0.0
C-1079,Alan Aversa,Alan,Aversa,OTH,AZ,0,H4AZ03174,0.0
C-1080,Tisha Benoit,Tisha,Benoit,OTH,AZ,0,,0.0
C-1081,Jereme Peters,Jereme,Peters,LIB,AZ,0,H6AZ06214,0.0
C-1082,Bob Chew,Bob,Chew,FWD,CO,0,S6CO00549,0.0
C-1083,Chad Humphrey,Chad,Humphrey,LIB,CO,0,,0.0
C-1084,Gaylon Kent,Gaylon,Kent,LIB,CO,0,,0.0
C-1085,Cory Robertson,Cory,Robertson,LIB,CO,0,,0.0
C-1086,Douglas Mangeris,Douglas,Mangeris,LIB,CO,0,H4CO04215,0.0
C-1087,"Mark ""Marky Jr"" Elworth",Mark,Elworth,LIB,CO,0,,0.0
C-1088,Samir Ezzeldin Witta,Samir,Witta,IND,CO,0,H6CO06116,0.0
C-1089,Joe Krzeczkowski,Joe,Krzeczkowski,IND,CO,0,H6CO07130,0.0
C-1090,Dave Wood,Dave,Wood,LIB,CO,0,,0.0
C-1091,Mary Sanders,Mary,Sanders,GRN,CT,0,,0.0
C-1092,Tom Egan,Tom,Egan,OTH,CT,0,,0.0
C-1093,"Benjamin ""Ben"" Wesley",Benjamin,Wesley,OTH,CT,0,,0.0
C-1094,Neil J. Gillespie,Neil,Gillespie,IND,FL,0,,0.0
C-1095,Scott Eckhard Jewett,Scott,Jewett,LIB,FL,0,,0.0
C-1096,Tyler L. Davis,Tyler,Davis,IND,FL,0,H6FL01549,0.0
C-1097,Mike Klein,Mike,Klein,IND,FL,0,H6FL03149,0.0
C-1098,Mike Sell,Mike,Sell,FWD,FL,0,H6FL04246,0.0
C-1099,Michael Gist,Michael,Gist,IND,FL,0,H6FL06423,0.0
C-1100,Christopher Dennison,Christopher,Dennison,LIB,FL,0,H6FL07249,0.0
C-1101,Ralph Groves,Ralph,Groves,LIB,FL,0,H4FL11089,0.0
C-1102,Branden Scrivener,Branden,Scrivener,IND,FL,0,H6FL12231,0.0
C-1103,Tony D'Arrigo,Tony,D'Arrigo,IND,FL,0,H4FL13234,0.0
C-1104,Brian Lambert,Brian,Lambert,LIB,FL,0,H6FL14245,0.0
C-1105,Mark Davis,Mark,Davis,IND,FL,0,H6FL06365,0.0
C-1106,Michael J. Quirk,Michael,Quirk,IND,FL,0,H6FL17081,0.0
C-1107,Deva Simmons,Deva,Simmons,IND,FL,0,H6FL18204,0.0
C-1108,Seth Haskin,Seth,Haskin,IND,FL,0,H6FL19319,0.0
C-1109,Kedner Maxime,Kedner,Maxime,OTH,FL,0,H6FL20119,0.0
C-1110,Alexander Cooke,Alexander,Cooke,IND,FL,0,H6FL21109,0.0
C-1111,Peter Jassenoff,Peter,Jassenoff,LIB,FL,0,H6FL25068,0.0
C-1112,Deborah Ann Meidinger Hosey,Deborah,Hosey,IND,FL,0,H6FL26074,0.0
C-1113,Eddy Rojas,Eddy,Rojas,IND,FL,0,H6FL28021,0.0
C-1114,Jordan S. Conley,Jordan,Conley,GRN,HI,0,,0.0
C-1115,Thomas Laehn,Thomas,Laehn,LIB,IA,0,S6IA00181,0.0
C-1116,Dave Bushaw,Dave,Bushaw,IND,IA,0,H6IA02260,0.0
C-1117,Paul Sand,Paul,Sand,LIB,ID,0,,0.0
C-1118,Sarah Zabel,Sarah,Zabel,IND,ID,0,H6ID01318,0.0
C-1120,Tripp Charles Hutchinson,Tripp,Hutchinson,IND,ID,0,H6ID02241,0.0
C-1121,"Whitfield Harrington, Jr.",Whitfield,Jr.,OTH,IL,0,S6IL00680,0.0
C-1122,Collin Corbett,Collin,Corbett,IND,IL,0,,0.0
C-1123,Chris Getty,Chris,Getty,IND,IL,0,H6IL04195,0.0
C-1124,William Eric Henry,William,Henry,LIB,IN,0,H6IN02205,0.0
C-1125,James M Sceniak,James,Sceniak,LIB,IN,0,H4IN06219,0.0
C-1126,Tonya L. Hudson,Tonya,Hudson,LIB,IN,0,H6IN09317,0.0
C-1127,David C Graham,David,Graham,LIB,KS,0,,0.0
C-1128,Steven Jacob,Steven,Jacob,LIB,KS,0,H6KS01229,0.0
C-1129,John Hauer,John,Hauer,LIB,KS,0,,0.0
C-1130,Steven A Hohe,Steven,Hohe,LIB,KS,0,H0KS03269,0.0
C-1131,Drew Cranmer,Drew,Cranmer,LIB,KS,0,H6KS04280,0.0
C-1132,Christopher Campbell,Christopher,Campbell,OTH,KY,0,S6KY00377,0.0
C-1133,Thomas A. Loecken,Thomas,Loecken,IND,KY,0,,0.0
C-1134,Jeremy Todd,Jeremy,Todd,LIB,KY,0,H6KY04205,0.0
C-1135,Mikel Wein,Mikel,Wein,IND,KY,0,H6KY05202,0.0
C-1136,Pete Lynch,Pete,Lynch,OTH,KY,0,H6KY06242,0.0
C-1137,"E. ""Liddy"" Glass",E.,Glass,IND,LA,0,,0.0
C-1138,Lisa Ballay,Lisa,Ballay,LIB,LA,0,H2LA02305,0.0
C-1139,John Day,John,Day,DEM,LA,0,H6LA03205,0.0
C-1141,Michael Echols,Michael,Echols,REP,LA,0,H6LA05242,0.0
C-1142,"Lindsay ""Rubia"" Garcia",Lindsay,Garcia,DEM,LA,0,H6LA05309,0.0
C-1143,Rufus Craig,Rufus,Craig,LIB,LA,0,,0.0
C-1144,Shiva Ayyadurai,Shiva,Ayyadurai,IND,MA,0,S8MA00268,0.0
C-1145,Andrea James,Andrea,James,IND,MA,0,,0.0
C-1146,Nadia Milleron,Nadia,Milleron,IND,MA,0,H4MA01091,0.0
C-1147,Thomas Stalcup,Thomas,Stalcup,REP,MA,0,H6MA04140,0.0
C-1148,Micah Quinney Jones,Micah,Jones,REP,MA,0,H6MA06202,0.0
C-1149,Robert Gerald Burke,Robert,Burke,REP,MA,0,H2MA08090,0.0
C-1150,Andy Ellis,Andy,Ellis,GRN,MD,0,,0.0
C-1151,Sam Husseini,Sam,Husseini,GRN,MD,0,,0.0
C-1152,Moshe Y. Landman,Moshe,Landman,GRN,MD,0,,0.0
C-1153,Nancy Wallace,Nancy,Wallace,GRN,MD,0,,0.0
C-1154,Douglas P. Marsh,Douglas,Marsh,GRN,MI,0,S4MI00512,0.0
C-1155,Anthony Hudson,Anthony,Hudson,LIB,MI,0,,0.0
C-1156,Arnett Satterla,Arnett,Satterla,LIB,MI,0,H6MI01283,0.0
C-1157,Charlotte Magoon,Charlotte,Magoon,GRN,MI,0,H6MI02265,0.0
C-1158,Joe Jock,Joe,Jock,GRN,MI,0,,0.0
C-1159,Shafina Che Barnett,Shafina,Barnett,GRN,MI,0,,0.0
C-1160,Jim Bronke,Jim,Bronke,GRN,MI,0,,0.0
C-1161,Clyde Shabazz,Clyde,Shabazz,GRN,MI,0,,0.0
C-1162,Shane Dedrick,Shane,Dedrick,GRN,MI,0,,0.0
C-1163,C. Mia Pettus,C.,Pettus,LIB,MI,0,,0.0
C-1164,Destiny Clayton,Destiny,Clayton,GRN,MI,0,,0.0
C-1165,Kwabena Nkromo,Kwabena,Nkromo,GRN,MI,0,,0.0
C-1166,Anil Kumar,Anil,Kumar,IND,MI,0,H4MI10131,0.0
C-1167,Brenda K. Sanders,Brenda,Sanders,GRN,MI,0,,0.0
C-1168,Raelyn Light,Raelyn,Light,GRN,MI,0,,0.0
C-1169,Rebecca Whiting,Rebecca,Whiting,LIB,MN,0,S6MN00572,0.0
C-1170,Steven Young and Jane Kirby,Steven,Kirby,GRN,MN,0,,0.0
C-1171,DeVelle L. Jackson,DeVelle,Jackson,IND,MN,0,H6MN05373,0.0
C-1172,Tom Schmitz,Tom,Schmitz,LIB,MO,0,H0MO08285,0.0
C-1173,Brandon Coulter Daugherty,Brandon,Daugherty,LIB,MO,0,,0.0
C-1174,Jim Higgins,Jim,Higgins,LIB,MO,0,H2MO02078,0.0
C-1175,Thomas Holbrook,Thomas,Holbrook,LIB,MO,0,H2MO04108,0.0
C-1176,Randall (Randy) Langkraehr,Randall,Langkraehr,LIB,MO,0,H6MO05197,0.0
C-1177,Andy Maidment,Andy,Maidment,LIB,MO,0,H2MO06269,0.0
C-1178,Kevin Craig,Kevin,Craig,LIB,MO,0,H4MO07107,0.0
C-1179,Rebecca Sharpe Lombard,Rebecca,Lombard,LIB,MO,0,,0.0
C-1180,Johnny Baucom,Johnny,Baucom,LIB,MS,0,,0.0
C-1181,Bennie Foster,Bennie,Foster,IND,MS,0,H6MS02188,0.0
C-1182,Erik Kiehle,Erik,Kiehle,LIB,MS,0,H6MS03236,0.0
C-1183,Carl Boyanton,Carl,Boyanton,IND,MS,0,,0.0
C-1184,Nick Sheedy,Nick,Sheedy,LIB,MT,0,,0.0
C-1185,Michael D Eisenhauer,Michael,Eisenhauer,IND,MT,0,H6MT02168,0.0
C-1186,Michael Dublin,Michael,Dublin,GRN,NC,0,S6NC00563,0.0
C-1187,Tom Bailey,Tom,Bailey,LIB,NC,0,H8NC13075,0.0
C-1188,Matthew Laszacs,Matthew,Laszacs,LIB,NC,0,,0.0
C-1189,Daniel Cavender,Daniel,Cavender,LIB,NC,0,H6NC03237,0.0
C-1190,Guy Meilleur,Guy,Meilleur,LIB,NC,0,H4NC04149,0.0
C-1191,Robert B. Luffman,Robert,Luffman,LIB,NC,0,H6NC05174,0.0
C-1192,Maad Abu-Ghazalah,Maad,Abu-Ghazalah,LIB,NC,0,H6NC07204,0.0
C-1193,Bo Whitehead,Bo,Whitehead,GRN,NC,0,H6NC08210,0.0
C-1194,Steven Feldman,Steven,Feldman,LIB,NC,0,H4NC10146,0.0
C-1195,Travis Groo,Travis,Groo,LIB,NC,0,H6NC11313,0.0
C-1196,Steven Swinton,Steven,Swinton,LIB,NC,0,H6NC13251,0.0
C-1197,Charles Tuttle,Charles,Tuttle,IND,ND,0,H8ND00138,0.0
C-1199,Nik Sandman,Nik,Sandman,LIB,NE,0,,0.0
C-1200,Eric Michael Foreman,Eric,Foreman,LIB,NE,0,H6NE02273,0.0
C-1201,Mark Cohen,Mark,Cohen,IND,NE,0,H6NE03198,0.0
C-1202,Edmond Laplante,Edmond,Laplante,CON,NH,0,S2NH00223,0.0
C-1203,Stephen Villee,Stephen,Villee,LIB,NH,0,,0.0
C-1204,Robbie Mahrou,Robbie,Mahrou,IND,NH,0,H6NH02303,0.0
C-1205,Joanne Kuniansky,Joanne,Kuniansky,OTH,NJ,0,,0.0
C-1206,Ramon Mora Jr.,Ramon,Jr.,IND,NJ,0,H6NJ02269,0.0
C-1207,Steven Welzer,Steven,Welzer,GRN,NJ,0,,0.0
C-1208,Adam Rueda,Adam,Rueda,IND,NJ,0,H6NJ05247,0.0
C-1209,Seamus Patrick O'Toole,Seamus,O'Toole,IND,NJ,0,,0.0
C-1210,Terrisa Bukovinac,Terrisa,Bukovinac,IND,NJ,0,H6NJ09306,0.0
C-1211,Alan B. Bond,Alan,Bond,IND,NJ,0,H6NJ11328,0.0
C-1212,Andres Jinete,Andres,Jinete,GRN,NJ,0,H6NJ12441,0.0
C-1213,Danielle Ford,Danielle,Ford,IND,NV,0,,0.0
C-1214,"Afzal ""Bobby"" Khan",Afzal,Khan,IND,NV,0,H6NV01315,0.0
C-1215,Lynn Chapman,Lynn,Chapman,OTH,NV,0,H4NV02219,0.0
C-1216,Jon Kamerath,Jon,Kamerath,OTH,NV,0,H4NV03241,0.0
C-1217,Russell Best,Russell,Best,OTH,NV,0,H0NV02167,0.0
C-1218,Blay Tarnoff,Blay,Tarnoff,LIB,NY,0,H6NY04237,0.0
C-1219,Priscilla Ghaznavi,Priscilla,Ghaznavi,OTH,NY,0,H6NY07255,0.0
C-1220,Karen Ortiz,Karen,Ortiz,OTH,NY,0,H6NY12297,0.0
C-1221,Jose Vega,Jose,Vega,OTH,NY,0,H4NY15147,0.0
C-1222,Greg Levy,Greg,Levy,IND,OH,0,S6OH00395,0.0
C-1223,Don Kissick,Don,Kissick,LIB,OH,0,,0.0
C-1224,Nathan Weise,Nathan,Weise,LIB,OH,0,H6OH01229,0.0
C-1225,Tracey Tackett,Tracey,Tackett,IND,OH,0,,0.0
C-1226,Michael J. Veloff,Michael,Veloff,LIB,OH,0,,0.0
C-1227,Thomas F. McMasters,Thomas,McMasters,LIB,OH,0,H6OH10113,0.0
C-1228,Sandeep Dixit,Sandeep,Dixit,IND,OH,0,H6OH13273,0.0
C-1229,Brennan Barrington,Brennan,Barrington,LIB,OH,0,H6OH15138,0.0
C-1230,Ron Meinhardt,Ron,Meinhardt,IND,OK,0,S6OK04205,0.0
C-1231,Jerry Griffin,Jerry,Griffin,IND,OK,0,,0.0
C-1232,Ronnie Hopkins,Ronnie,Hopkins,IND,OK,0,H4OK02204,0.0
C-1233,Rocco Bonacci,Rocco,Bonacci,IND,OK,0,,0.0
C-1234,Robert P. Henri,Robert,Henri,IND,OK,0,H6OK05301,0.0
C-1235,Gary Lyndon Dye,Gary,Dye,LIB,OR,0,S0OR00378,0.0
C-1236,Brett Smith,Brett,Smith,GRN,OR,0,,0.0
C-1237,Justin Filip,Justin,Filip,GRN,OR,0,H4OR04141,0.0
C-1238,Andrea Townsend,Andrea,Townsend,GRN,OR,0,H4OR05379,0.0
C-1239,Kenneth V. Krawchuk,Kenneth,Krawchuk,LIB,PA,0,,0.0
C-1240,Michael Anthony Bahry,Michael,Bahry,IND,RI,0,S6RI00288,0.0
C-1241,Kellie Keenan,Kellie,Keenan,REP,RI,0,H6RI01153,0.0
C-1242,Pedro Junior Soares De Souza,Pedro,Souza,IND,RI,0,H6RI01161,0.0
C-1243,Kasie Whitener,Kasie,Whitener,LIB,SC,0,S6SC04247,0.0
C-1244,Walid Hakim,Walid,Hakim,GRN,SC,0,,0.0
C-1245,Bill Reeside,Bill,Reeside,LIB,SC,0,H6SC01342,0.0
C-1246,Dayna Alane Smith,Dayna,Smith,OTH,SC,0,,0.0
C-1247,Brian Corriea,Brian,Corriea,LIB,SC,0,,0.0
C-1248,Jessica Ethridge,Jessica,Ethridge,LIB,SC,0,H6SC04197,0.0
C-1249,"David Sutman, Jr.",David,Jr.,IND,TN,0,S6TN00398,0.0
C-1250,Billy Cody,Billy,Cody,IND,TN,0,,0.0
C-1251,Adam Heimerman,Adam,Heimerman,IND,TN,0,H6TN02188,0.0
C-1252,Dean Arnold,Dean,Arnold,IND,TN,0,,0.0
C-1253,Jacob Kristopher Anders,Jacob,Anders,IND,TN,0,H6TN04242,0.0
C-1254,James A. Johnson,James,Johnson,IND,TN,0,H6TN05447,0.0
C-1255,Angus Purdy,Angus,Purdy,IND,TN,0,,0.0
C-1256,Andrew J. Koontz,Andrew,Koontz,IND,TN,0,H6TN06288,0.0
C-1257,Horace Taylor,Horace,Taylor,IND,TN,0,H6TN08342,0.0
C-1258,Dennis Clark,Dennis,Clark,IND,TN,0,H0TN09111,0.0
C-1259,Ted Brown,Ted,Brown,LIB,TX,0,S4TX00888,0.0
C-1260,Pat Dixon,Pat,Dixon,LIB,TX,0,,0.0
C-1261,Espoir Ngabo,Espoir,Ngabo,GRN,TX,0,H6TX07177,0.0
C-1262,Ben Mendoza,Ben,Mendoza,IND,TX,0,,0.0
C-1263,Phil Gray,Phil,Gray,LIB,TX,0,H6TX01261,0.0
C-1264,Marlón Durán,Marlón,Durán,GRN,TX,0,H6TX28108,0.0
C-1265,Greg Stoker,Greg,Stoker,GRN,TX,0,H6TX31169,0.0
C-1266,Chris Royal,Chris,Royal,LIB,TX,0,,0.0
C-1267,Alex McMenemy,Alex,McMenemy,GRN,TX,0,H6TX38123,0.0
C-1268,Jesse West,Jesse,West,LIB,UT,0,H6UT01251,0.0
C-1269,Robert M. Moesinger,Robert,Moesinger,IND,UT,0,H6UT02531,0.0
C-1270,Adonis Hooslyn,Adonis,Hooslyn,IND,UT,0,H6UT03174,0.0
C-1271,Steven Burt,Steven,Burt,IND,UT,0,H6UT04024,0.0
C-1272,"Geral D. ""Bishop"" Staten",Geral,Staten,IND,VA,0,H6VA02222,0.0
C-1273,Stephen C. Woll,Stephen,Woll,IND,VA,0,H6VA03139,0.0
C-1274,"Joan E. ""Andrews"" Bell",Joan,Bell,IND,VA,0,H6VA04137,0.0
C-1275,Cooke C. Harvey,Cooke,Harvey,IND,VA,0,H6VA05241,0.0
C-1276,Alaha Ahrar,Alaha,Ahrar,IND,VA,0,H6VA07353,0.0
C-1277,Tim S. Sharman,Tim,Sharman,IND,VA,0,H6VA08336,0.0
C-1278,Ahsen Mujeeb Malik,Ahsen,Malik,IND,VA,0,H6VA10274,0.0
C-1279,Dianne L. Blais,Dianne,Blais,GRN,VA,0,,0.0
C-1280,Dean Roy,Dean,Roy,OTH,VT,0,,0.0
C-1281,Adam Ortiz,Adam,Ortiz,IND,VT,0,H2VT00177,0.0
C-1282,Alexander Valiensi Kent,Alexander,Kent,IND,WI,0,H6WI03230,0.0
C-1283,Arthur Burks,Arthur,Burks,IND,WI,0,,0.0
C-1284,Mike Thurow,Mike,Thurow,IND,WI,0,H6WI06233,0.0
C-1285,S. Marshall Wilson,S.,Wilson,CON,WV,0,S6WV00204,0.0
C-1286,Belinda Fox-Spencer,Belinda,Fox-Spencer,CON,WV,0,H0WV03193,0.0
C-1287,Rebecca Bextel,Rebecca,Bextel,CON,WY,0,,0.0
C-1288,Shawn Johnson,Shawn,Johnson,LIB,WY,0,,0.0
