race_code,dem_outside,rep_outside,dem_funds,dem_coh,dem_spent,dem_small,dem_pac,dem_self,dem_debt,rep_funds,rep_coh,rep_spent,rep_small,rep_pac,rep_self,rep_debt,ind_funds,ind_coh,ind_spent,ind_small,ind_pac,ind_self,ind_debt
AK-SEN,15476.0,3017435.0,15575539,6094872,9480668,5719757.0,561746.0,0.0,0.0,8501665,8303687,2288882,470900.0,1875800.0,0.0,0.0,0,0,0,0.0,0.0,0.0,0.0
AL-SEN,3019.0,17094132.0,83341,-10011,94747,4247.0,0.0,70643.0,0.0,3787330,627788,3284673,346554.0,881598.0,50000.0,360928.0,0,0,0,0.0,0.0,0.0,0.0
AR-SEN,0.0,2510176.0,2269114,863578,1405536,807603.0,20060.0,0.0,0.0,6233117,9931885,3752101,552197.0,1191500.0,0.0,73959.0,0,0,0,0.0,0.0,0.0,0.0
CO-SEN,510004.0,0.0,8119380,2083870,7471143,1302169.0,958273.0,0.0,0.0,138597,50021,88913,28371.0,999.0,2200.0,0.0,0,0,0,0.0,0.0,0.0,0.0
DE-SEN,0.0,0.0,3940137,4705684,1419652,52510.0,1310377.0,0.0,0.0,70152,38004,32148,3182.0,300.0,54260.0,54250.0,0,0,0,0.0,0.0,0.0,0.0
FL-SEN,26675.0,545860.0,14595387,7307305,7288082,8963209.0,215105.0,20.0,2517.0,10802230,8421236,2380993,1383579.0,2039500.0,0.0,0.0,0,0,0,0.0,0.0,0.0,0.0
GA-SEN,886293.0,1568662.0,77279766,42587451,39682882,39110515.0,931316.0,0.0,0.0,7409350,2079981,5932539,2087144.0,495632.0,65000.0,461916.0,0,0,0,0.0,0.0,0.0,0.0
IA-SEN,11513181.0,3883175.0,6276527,2362314,3914213,2726556.0,440127.0,0.0,0.0,10217845,6749491,5396429,1052135.0,2232367.0,0.0,0.0,0,0,0,0.0,0.0,0.0,0.0
ID-SEN,0.0,0.0,8642,1051,8186,1936.0,1400.0,3156.0,10846.0,3357516,3535956,2241925,139910.0,959329.0,0.0,0.0,692245,194226,506311,115721.0,10000.0,10500.0,0.0
IL-SEN,10437456.0,11068156.0,5906599,1107958,4798641,1182892.0,426634.0,0.0,0.0,2459890,1512424,947466,27050.0,12325.0,2000000.0,2000000.0,0,0,0,0.0,0.0,0.0,0.0
KS-SEN,0.0,227327.0,3678710,2597698,1081012,631218.0,15000.0,50050.0,50000.0,3943411,5326447,321983,147889.0,1532750.0,0.0,0.0,0,0,0,0.0,0.0,0.0,0.0
KY-SEN,8306596.0,6980575.0,1099509,309623,789887,654554.0,24750.0,0.0,89868.0,9981055,2305546,11368587,729552.0,1995311.0,0.0,0.0,0,0,0,0.0,0.0,0.0,0.0
LA-SEN,10861766.0,12093658.0,1983548,479104,1504444,1699034.0,0.0,10000.0,10000.0,6210122,1427072,4783049,127995.0,824000.0,0.0,0.0,0,0,0,0.0,0.0,0.0,0.0
MA-SEN,0.0,1482275.0,4848657,2227617,4431727,757410.0,548650.0,0.0,0.0,1498561,726604,771958,61944.0,425.0,1053414.0,1005000.0,0,0,0,0.0,0.0,0.0,0.0
ME-SEN,86250.0,2629499.0,0,0,0,0.0,0.0,0.0,0.0,16169827,11038115,7708021,1425763.0,1263550.0,0.0,0.0,0,0,0,0.0,0.0,0.0,0.0
MI-SEN,1242864.0,23320703.0,12222407,2730129,9492277,3236075.0,67845.0,14000.0,0.0,10582463,5723827,5114340,2129550.0,844227.0,0.0,0.0,0,0,0,0.0,0.0,0.0,0.0
MN-SEN,105478.0,5514766.0,6044163,1565604,4478560,2701933.0,169917.0,7000.0,0.0,4669609,2080632,2588978,2064245.0,224000.0,7878.0,331512.0,0,0,0,0.0,0.0,0.0,0.0
MS-SEN,471544.0,98645.0,2384921,847046,1537875,351461.0,312330.0,25193.0,61083.0,3825455,2535896,1759323,98642.0,1182050.0,0.0,60000.0,90225,632,95208,57151.0,0.0,0.0,0.0
MT-SEN,4700046.0,2502674.0,58829,21485,37011,18727.0,6627.0,6522.0,0.0,1984861,1450719,534142,88310.0,639500.0,0.0,0.0,3238151,977779,2260371,369366.0,93050.0,0.0,0.0
NC-SEN,46380.0,7097104.0,34975789,20717567,14258222,4748620.0,820563.0,0.0,0.0,11272504,3461698,7810806,1775437.0,936330.0,0.0,46928.0,0,0,0,0.0,0.0,0.0,0.0
NE-SEN,201261.0,1732682.0,0,0,0,0.0,0.0,0.0,0.0,11233507,6910970,4809506,232136.0,1701815.0,5295888.0,0.0,5751951,2421487,3393630,2195423.0,139868.0,0.0,0.0
NH-SEN,130636.0,3645658.0,13371607,5183321,8595871,4138690.0,1045873.0,0.0,0.0,3662252,2672646,989605,395965.0,462000.0,0.0,0.0,0,0,0,0.0,0.0,0.0,0.0
NJ-SEN,0.0,0.0,18869341,23060940,7000887,8440493.0,500530.0,0.0,0.0,27316,123,26297,7240.0,650.0,4932.0,8782.0,0,0,0,0.0,0.0,0.0,0.0
NM-SEN,0.0,0.0,5626629,4396754,2443668,1158566.0,1738346.0,0.0,0.0,33525,11850,21675,1065.0,5000.0,0.0,0.0,0,0,0,0.0,0.0,0.0,0.0
OH-SEN,34727.0,8605576.0,38566234,16229741,22336493,13527788.0,861223.0,0.0,0.0,14360028,9419311,4940716,1843640.0,2382560.0,0.0,0.0,0,0,0,0.0,0.0,0.0,0.0
OK-SEN,0.0,2379644.0,52402,254,53084,38213.0,0.0,0.0,0.0,9953579,2491910,7461669,132138.0,761500.0,5050000.0,0.0,0,0,0,0.0,0.0,0.0,0.0
OR-SEN,0.0,0.0,4540974,6828404,1979569,1059223.0,477520.0,0.0,0.0,120760,28980,91781,34621.0,11000.0,0.0,8156.0,0,0,0,0.0,0.0,0.0,0.0
RI-SEN,0.0,0.0,3126485,3642761,1071915,27532.0,1028500.0,0.0,0.0,163439,2745,161032,66814.0,1600.0,1.0,690.0,0,0,0,0.0,0.0,0.0,0.0
SC-SEN,0.0,145756.0,10804040,4119295,6684746,6474403.0,104955.0,0.0,1025357.0,0,0,0,0.0,0.0,0.0,0.0,0,0,0,0.0,0.0,0.0,0.0
SD-SEN,0.0,565848.0,228295,3078,225217,63214.0,9398.0,3655.0,14458.0,3176451,2736664,2309816,36975.0,1443800.0,0.0,0.0,782050,51406,730644,474153.0,5000.0,0.0,0.0
TN-SEN,0.0,746984.0,1502,669,911,1502.0,0.0,0.0,0.0,7010097,5649494,3288072,931531.0,1481700.0,0.0,0.0,0,0,0,0.0,0.0,0.0,0.0
TX-SEN,31388295.0,3791205.0,68555930,21548155,47007775,36717034.0,343408.0,0.0,0.0,9248699,1755783,7492915,1764118.0,219500.0,0.0,0.0,0,0,0,0.0,0.0,0.0,0.0
VA-SEN,0.0,0.0,17651762,16154714,7050282,2893949.0,2069150.0,0.0,0.0,341219,51419,289799,82291.0,0.0,171454.0,20000.0,0,0,0,0.0,0.0,0.0,0.0
WV-SEN,0.0,337585.0,22447,12552,16891,4153.0,0.0,7890.0,0.0,4624145,4377201,2558310,84240.0,1742755.0,0.0,0.0,0,0,0,0.0,0.0,0.0,0.0
WY-SEN,0.0,113461.0,19576,1689,18376,4856.0,0.0,0.0,0.0,2023908,963842,1943029,591287.0,531500.0,0.0,0.0,0,0,0,0.0,0.0,0.0,0.0
AK-GOV,0.0,0.0,0,0,0,0.0,0.0,0.0,0.0,0,0,0,0.0,0.0,0.0,0.0,0,0,0,0.0,0.0,0.0,0.0
AL-GOV,0.0,0.0,0,0,0,0.0,0.0,0.0,0.0,13792994,0,0,0.0,0.0,0.0,0.0,0,0,0,0.0,0.0,0.0,0.0
AR-GOV,0.0,0.0,0,0,0,0.0,0.0,0.0,0.0,0,0,0,0.0,0.0,0.0,0.0,0,0,0,0.0,0.0,0.0,0.0
AZ-GOV,0.0,0.0,9827820,0,0,0.0,0.0,0.0,0.0,2787170,0,0,0.0,0.0,0.0,0.0,0,0,0,0.0,0.0,0.0,0.0
CA-GOV,0.0,0.0,11283904,5129836,0,0.0,0.0,0.0,0.0,12875324,1724547,0,0.0,0.0,0.0,0.0,0,0,0,0.0,0.0,0.0,0.0
CO-GOV,0.0,0.0,6951032,0,0,0.0,0.0,0.0,0.0,2935521,0,0,0.0,0.0,0.0,0.0,84692,0,0,0.0,0.0,0.0,0.0
CT-GOV,0.0,0.0,0,0,0,0.0,0.0,0.0,0.0,0,0,0,0.0,0.0,0.0,0.0,0,0,0,0.0,0.0,0.0,0.0
FL-GOV,0.0,0.0,2814312,0,0,0.0,0.0,0.0,0.0,65627327,0,0,0.0,0.0,0.0,0.0,0,0,0,0.0,0.0,0.0,0.0
GA-GOV,0.0,0.0,2665880,0,0,0.0,0.0,0.0,0.0,73526815,0,0,0.0,0.0,0.0,0.0,0,0,0,0.0,0.0,0.0,0.0
HI-GOV,0.0,0.0,0,0,0,0.0,0.0,0.0,0.0,0,0,0,0.0,0.0,0.0,0.0,0,0,0,0.0,0.0,0.0,0.0
IA-GOV,0.0,0.0,9572747,0,0,0.0,0.0,0.0,0.0,163603,0,0,0.0,0.0,0.0,0.0,0,0,0,0.0,0.0,0.0,0.0
ID-GOV,0.0,0.0,136953,0,0,0.0,0.0,0.0,0.0,2057743,0,0,0.0,0.0,0.0,0.0,0,0,0,0.0,0.0,0.0,0.0
IL-GOV,0.0,0.0,25619035,3141018,0,0.0,0.0,0.0,0.0,2166962,127990,0,0.0,0.0,0.0,0.0,0,0,0,0.0,0.0,0.0,0.0
KS-GOV,0.0,0.0,0,0,0,0.0,0.0,0.0,0.0,0,0,0,0.0,0.0,0.0,0.0,0,0,0,0.0,0.0,0.0,0.0
MA-GOV,0.0,0.0,0,0,0,0.0,0.0,0.0,0.0,0,0,0,0.0,0.0,0.0,0.0,0,0,0,0.0,0.0,0.0,0.0
MD-GOV,0.0,0.0,0,0,0,0.0,0.0,0.0,0.0,0,0,0,0.0,0.0,0.0,0.0,0,0,0,0.0,0.0,0.0,0.0
ME-GOV,0.0,0.0,0,0,0,0.0,0.0,0.0,0.0,0,0,0,0.0,0.0,0.0,0.0,0,0,0,0.0,0.0,0.0,0.0
MI-GOV,0.0,0.0,5958887,0,0,0.0,0.0,0.0,0.0,4492470,0,0,0.0,0.0,0.0,0.0,0,0,0,0.0,0.0,0.0,0.0
MN-GOV,0.0,0.0,7053950,3859683,0,0.0,0.0,0.0,0.0,1001473,11704,0,0.0,0.0,0.0,0.0,0,0,0,0.0,0.0,0.0,0.0
NE-GOV,0.0,0.0,0,0,0,0.0,0.0,0.0,0.0,0,0,0,0.0,0.0,0.0,0.0,0,0,0,0.0,0.0,0.0,0.0
NH-GOV,0.0,0.0,606192,0,0,0.0,0.0,0.0,0.0,3694856,0,0,0.0,0.0,0.0,0.0,0,0,0,0.0,0.0,0.0,0.0
NM-GOV,0.0,0.0,13910580,0,0,0.0,0.0,0.0,0.0,987856,0,0,0.0,0.0,0.0,0.0,0,0,0,0.0,0.0,0.0,0.0
NV-GOV,0.0,0.0,4285307,0,0,0.0,0.0,0.0,0.0,2275075,0,0,0.0,0.0,0.0,0.0,0,0,0,0.0,0.0,0.0,0.0
NY-GOV,0.0,0.0,16594119,0,0,0.0,0.0,0.0,0.0,13445025,0,0,0.0,0.0,0.0,0.0,0,0,0,0.0,0.0,0.0,0.0
OH-GOV,0.0,0.0,10552470,0,0,0.0,0.0,0.0,0.0,25555956,0,0,0.0,0.0,0.0,0.0,0,0,0,0.0,0.0,0.0,0.0
OK-GOV,0.0,0.0,0,0,0,0.0,0.0,0.0,0.0,0,0,0,0.0,0.0,0.0,0.0,0,0,0,0.0,0.0,0.0,0.0
OR-GOV,0.0,0.0,0,0,0,0.0,0.0,0.0,0.0,0,0,0,0.0,0.0,0.0,0.0,0,0,0,0.0,0.0,0.0,0.0
PA-GOV,0.0,0.0,34960533,0,0,0.0,0.0,0.0,0.0,2545436,0,0,0.0,0.0,0.0,0.0,0,0,0,0.0,0.0,0.0,0.0
RI-GOV,0.0,0.0,0,0,0,0.0,0.0,0.0,0.0,0,0,0,0.0,0.0,0.0,0.0,0,0,0,0.0,0.0,0.0,0.0
SC-GOV,0.0,0.0,753609,0,0,0.0,0.0,0.0,0.0,62585,0,0,0.0,0.0,0.0,0.0,0,0,0,0.0,0.0,0.0,0.0
SD-GOV,0.0,0.0,0,0,0,0.0,0.0,0.0,0.0,0,0,0,0.0,0.0,0.0,0.0,0,0,0,0.0,0.0,0.0,0.0
TN-GOV,0.0,0.0,0,0,0,0.0,0.0,0.0,0.0,0,0,0,0.0,0.0,0.0,0.0,0,0,0,0.0,0.0,0.0,0.0
TX-GOV,0.0,0.0,8589462,3002416,0,0.0,0.0,0.0,0.0,71434049,67461299,0,0.0,0.0,0.0,0.0,0,0,0,0.0,0.0,0.0,0.0
VT-GOV,0.0,0.0,0,0,0,0.0,0.0,0.0,0.0,0,0,0,0.0,0.0,0.0,0.0,0,0,0,0.0,0.0,0.0,0.0
WI-GOV,0.0,0.0,13951,0,0,0.0,0.0,0.0,0.0,1,0,0,0.0,0.0,0.0,0.0,0,0,0,0.0,0.0,0.0,0.0
WY-GOV,0.0,0.0,0,0,0,0.0,0.0,0.0,0.0,5226,0,0,0.0,0.0,0.0,0.0,0,0,0,0.0,0.0,0.0,0.0
AK-01,0.0,18611.0,0,0,0,0.0,0.0,0.0,0.0,5261611,3280417,2085524,1046826.0,984577.0,0.0,275764.0,1170869,702626,468242,198912.0,51050.0,0.0,0.0
AL-01,0.0,0.0,55423,15347,40076,22840.0,2000.0,0.0,0.0,1065922,438428,696785,44843.0,279059.0,0.0,254536.0,0,0,0,0.0,0.0,0.0,0.0
AL-02,100000.0,2219826.0,1295921,655662,663368,153147.0,822880.0,0.0,12000.0,1300076,449417,850659,8516.0,181469.0,0.0,0.0,0,0,0,0.0,0.0,0.0,0.0
AL-03,3435.0,0.0,60787,9462,28900,17227.0,0.0,0.0,0.0,2133554,2590964,1464925,8029.0,735704.0,0.0,0.0,0,0,0,0.0,0.0,0.0,0.0
AL-04,0.0,0.0,15591,396,14624,7452.0,0.0,0.0,12000.0,1022664,749660,1239901,9102.0,422278.0,0.0,0.0,0,0,0,0.0,0.0,0.0,0.0
AL-05,0.0,0.0,646512,169720,476792,73555.0,2350.0,20000.0,0.0,1477819,1424334,682462,6635.0,631300.0,0.0,240000.0,0,0,0,0.0,0.0,0.0,0.0
AL-06,0.0,131018.0,15899,2787,48622,2451.0,0.0,0.0,0.0,1011566,257661,907144,806.0,442500.0,0.0,0.0,0,0,0,0.0,0.0,0.0,0.0
AL-07,0.0,0.0,1933864,3768636,1635788,66012.0,1577250.0,0.0,0.0,0,0,0,0.0,0.0,0.0,0.0,0,0,0,0.0,0.0,0.0,0.0
AR-01,0.0,0.0,65149,11958,53192,13695.0,4900.0,14395.0,17838.0,944302,1031631,743498,12107.0,557750.0,0.0,0.0,0,0,0,0.0,0.0,0.0,0.0
AR-02,0.0,418058.0,1174414,191398,983016,303345.0,27750.0,0.0,17801.0,4421510,2967541,2830321,28686.0,1457367.0,0.0,0.0,0,0,0,0.0,0.0,0.0,0.0
AR-03,0.0,0.0,120526,5951,114576,57841.0,5886.0,250.0,20588.0,1871761,2404276,1183378,27541.0,877500.0,0.0,0.0,0,0,0,0.0,0.0,0.0,0.0
AR-04,0.0,0.0,5853,907,5628,1762.0,1500.0,0.0,1052.0,2562973,4668447,928087,38088.0,1053550.0,0.0,0.0,0,0,0,0.0,0.0,0.0,0.0
AZ-01,155688.0,3543753.0,1830193,401745,1520251,205293.0,146250.0,430655.0,210070.0,2525520,794475,1731045,28573.0,328330.0,330000.0,330000.0,0,0,0,0.0,0.0,0.0,0.0
AZ-02,510040.0,40754.0,3519760,1910990,1674073,1473633.0,213271.0,0.0,0.0,9481428,2841745,6957053,3385826.0,86500.0,0.0,0.0,0,0,0,0.0,0.0,0.0,0.0
AZ-03,0.0,0.0,1435713,549683,896441,145331.0,226033.0,65705.0,70000.0,0,0,0,0.0,0.0,0.0,0.0,0,0,0,0.0,0.0,0.0,0.0
AZ-04,422716.0,0.0,2117114,2020289,1112556,90792.0,638763.0,0.0,0.0,564641,341651,222990,24225.0,5000.0,10000.0,0.0,0,0,0,0.0,0.0,0.0,0.0
AZ-05,0.0,0.0,134852,6933,127919,25837.0,19415.0,23388.0,12522.0,1851302,46776,1804527,8102.0,9000.0,1650620.0,1650620.0,0,0,0,0.0,0.0,0.0,0.0
AZ-06,17093.0,0.0,7354599,3260752,4093848,2800233.0,579418.0,0.0,3300.0,6172867,4135163,2274265,500509.0,1655410.0,0.0,0.0,0,0,0,0.0,0.0,0.0,0.0
AZ-07,817317.0,195587.0,2285639,427977,1857663,1015921.0,435939.0,0.0,0.0,224367,11399,213560,16901.0,2000.0,175207.0,144120.0,0,0,0,0.0,0.0,0.0,0.0
AZ-08,0.0,0.0,209358,190394,17589,165308.0,100.0,0.0,0.0,1206361,384185,858585,213882.0,269960.0,0.0,103414.0,0,0,0,0.0,0.0,0.0,0.0
AZ-09,0.0,0.0,354383,25745,332316,306781.0,0.0,250.0,0.0,580042,303214,368426,127935.0,85000.0,0.0,6958.0,0,0,0,0.0,0.0,0.0,0.0
CA-01,474065.0,0.0,1827711,152606,1675105,483160.0,300070.0,0.0,0.0,1488906,332899,1156006,74465.0,282863.0,0.0,33633.0,0,0,0,0.0,0.0,0.0,0.0
CA-02,0.0,0.0,978277,1075956,886964,55524.0,316245.0,0.0,2375.0,0,0,0,0.0,0.0,0.0,0.0,0,0,0,0.0,0.0,0.0,0.0
CA-03,0.0,0.0,1250126,1830338,1293160,51066.0,649068.0,0.0,105000.0,258139,16000,242139,6749.0,0.0,205000.0,205000.0,0,0,0,0.0,0.0,0.0,0.0
CA-04,1150453.0,1714969.0,4203207,1075631,4337065,197766.0,1850146.0,0.0,37712.0,0,0,0,0.0,0.0,0.0,0.0,0,0,0,0.0,0.0,0.0,0.0
CA-05,0.0,0.0,361735,89452,272284,141932.0,18750.0,0.0,27146.0,928788,201472,875521,112113.0,156551.0,0.0,5106.0,0,0,0,0.0,0.0,0.0,0.0
CA-06,2301713.0,75888.0,1098283,359132,739151,241251.0,308198.0,0.0,117141.0,2988805,2123953,1245831,433049.0,361391.0,15.0,6225.0,0,0,0,0.0,0.0,0.0,0.0
CA-07,0.0,140000.0,3192087,467456,3031300,27576.0,936964.0,1415100.0,1400563.0,0,0,0,0.0,0.0,0.0,0.0,0,0,0,0.0,0.0,0.0,0.0
CA-08,0.0,0.0,489135,1196018,557834,7559.0,334500.0,0.0,0.0,8576,1541,8073,1628.0,0.0,25.0,31273.0,0,0,0,0.0,0.0,0.0,0.0
CA-09,0.0,0.0,4083528,4739488,1032871,377932.0,508815.0,0.0,0.0,52178,18738,33569,3149.0,19882.0,0.0,23491.0,0,0,0,0.0,0.0,0.0,0.0
CA-10,0.0,0.0,567258,586497,609748,40092.0,304983.0,0.0,0.0,0,0,0,0.0,0.0,0.0,0.0,0,0,0,0.0,0.0,0.0,0.0
CA-11,1657500.0,41145.0,4561120,1237192,3323928,159240.0,91176.0,0.0,66638.0,0,0,0,0.0,0.0,0.0,0.0,0,0,0,0.0,0.0,0.0,0.0
CA-12,111599.0,0.0,1449191,777590,957256,85221.0,261421.0,0.0,0.0,0,0,0,0.0,0.0,0.0,0.0,0,0,0,0.0,0.0,0.0,0.0
CA-13,991.0,54907.0,4191397,2072111,2311244,482042.0,1269883.0,0.0,0.0,2237084,837885,1423323,445085.0,251621.0,0.0,126125.0,0,0,0,0.0,0.0,0.0,0.0
CA-14,0.0,0.0,575282,227893,347389,23424.0,142483.0,38500.0,41030.0,0,0,0,0.0,0.0,0.0,0.0,0,0,0,0.0,0.0,0.0,0.0
CA-15,0.0,0.0,822012,220935,651698,15060.0,472712.0,0.0,5325.0,0,0,0,0.0,0.0,0.0,0.0,0,0,0,0.0,0.0,0.0,0.0
CA-16,0.0,0.0,3489798,2153446,1426744,15733.0,662750.0,0.0,840.0,0,0,0,0.0,0.0,0.0,0.0,0,0,0,0.0,0.0,0.0,0.0
CA-17,0.0,37500.0,13761491,16929752,7540830,1650809.0,1000.0,0.0,89348.0,37653,891,36763,2226.0,0.0,25.0,0.0,0,0,0,0.0,0.0,0.0,0.0
CA-18,109274.0,0.0,1721916,643341,1318327,436598.0,438813.0,0.0,0.0,60180,3307,56873,2664.0,0.0,41958.0,40225.0,0,0,0,0.0,0.0,0.0,0.0
CA-19,1198560.0,0.0,2887610,5109558,1492690,88768.0,1559107.0,0.0,0.0,76324,24682,51642,4624.0,3500.0,505.0,0.0,0,0,0,0.0,0.0,0.0,0.0
CA-20,0.0,0.0,17086,-2017,16701,5369.0,0.0,9907.0,0.0,1849356,453750,1434838,17074.0,894497.0,0.0,0.0,0,0,0,0.0,0.0,0.0,0.0
CA-21,0.0,0.0,1337630,937778,608734,11086.0,796717.0,0.0,0.0,338971,17934,321037,38714.0,0.0,127459.0,33141.0,0,0,0,0.0,0.0,0.0,0.0
CA-22,3227686.0,2352829.0,2645560,571792,2073768,778710.0,190098.0,0.0,0.0,4927602,3365587,1607550,97100.0,1921533.0,0.0,0.0,0,0,0,0.0,0.0,0.0,0.0
CA-23,18690.0,519365.0,79499,10237,69262,28040.0,0.0,9080.0,3770.0,1455868,1644222,809486,1363.0,863371.0,0.0,1125000.0,0,0,0,0.0,0.0,0.0,0.0
CA-24,0.0,0.0,1650355,3383604,910621,28020.0,571016.0,0.0,5416.0,203264,47128,156136,31687.0,1286.0,22492.0,29373.0,0,0,0,0.0,0.0,0.0,0.0
CA-25,0.0,0.0,2093907,2556494,1240152,88212.0,969251.0,0.0,0.0,936496,14847,921649,686618.0,450.0,0.0,24964.0,0,0,0,0.0,0.0,0.0,0.0
CA-26,366028.0,0.0,822382,295478,526904,17494.0,164050.0,0.0,0.0,377078,33681,343397,9352.0,0.0,232520.0,125000.0,0,0,0,0.0,0.0,0.0,0.0
CA-27,1074903.0,0.0,3963530,2554917,1735347,359853.0,635983.0,0.0,1310000.0,379440,201877,177563,5780.0,10000.0,0.0,0.0,0,0,0,0.0,0.0,0.0,0.0
CA-28,0.0,0.0,930123,3674296,857832,37156.0,379775.0,0.0,0.0,250,205,7882,250.0,0.0,0.0,0.0,0,0,0,0.0,0.0,0.0,0.0
CA-29,0.0,0.0,670678,377476,557465,13006.0,356790.0,0.0,0.0,0,0,0,0.0,0.0,0.0,0.0,0,0,0,0.0,0.0,0.0,0.0
CA-30,0.0,0.0,827895,469254,655389,55622.0,286550.0,0.0,0.0,58294,2616,55678,1544.0,0.0,40000.0,40000.0,0,0,0,0.0,0.0,0.0,0.0
CA-31,0.0,0.0,705263,259803,485536,24198.0,453650.0,6616.0,5452550.0,81571,64913,56899,5020.0,0.0,0.0,0.0,0,0,0,0.0,0.0,0.0,0.0
CA-32,974078.0,0.0,2514330,2668480,3767794,11439.0,703424.0,0.0,265.0,34316,2174,32142,814.0,0.0,27452.0,19291.0,0,0,0,0.0,0.0,0.0,0.0
CA-33,0.0,0.0,4722835,3457642,3914264,259702.0,2091001.0,0.0,0.0,0,0,0,0.0,0.0,0.0,0.0,0,0,0,0.0,0.0,0.0,0.0
CA-34,0.0,0.0,1175128,781726,482161,12050.0,521144.0,0.0,76784.0,0,0,0,0.0,0.0,0.0,0.0,0,0,0,0.0,0.0,0.0,0.0
CA-35,0.0,0.0,769061,339247,733128,43080.0,498820.0,0.0,889.0,4759,2873,2357,1559.0,0.0,0.0,12960.0,0,0,0,0.0,0.0,0.0,0.0
CA-36,106348.0,0.0,1832769,1188399,1319377,35142.0,570479.0,0.0,27711.0,5139,801,4338,678.0,0.0,0.0,773.0,0,0,0,0.0,0.0,0.0,0.0
CA-37,0.0,0.0,1150468,185491,1026975,387951.0,385235.0,0.0,0.0,0,0,0,0.0,0.0,0.0,0.0,0,0,0,0.0,0.0,0.0,0.0
CA-38,367531.0,0.0,1049534,154503,895031,22180.0,124249.0,0.0,178.0,0,0,0,0.0,0.0,0.0,0.0,0,0,0,0.0,0.0,0.0,0.0
CA-39,0.0,0.0,893848,186224,976794,107176.0,404800.0,0.0,0.0,0,0,0,0.0,0.0,0.0,0.0,0,0,0,0.0,0.0,0.0,0.0
CA-40,577540.0,90780.0,0,0,0,0.0,0.0,0.0,0.0,6142469,1497001,4907604,265201.0,1379327.0,0.0,2370.0,0,0,0,0.0,0.0,0.0,0.0
CA-41,300000.0,0.0,1602790,415746,1612831,26484.0,1243209.0,0.0,12116.0,1709,1659,50,209.0,0.0,500.0,0.0,0,0,0,0.0,0.0,0.0,0.0
CA-42,0.0,0.0,2615120,1381467,1646081,1109602.0,625683.0,0.0,0.0,231371,5509,231639,22656.0,0.0,186000.0,132309.0,0,0,0,0.0,0.0,0.0,0.0
CA-43,0.0,0.0,863683,269669,710470,20299.0,400500.0,0.0,211525.0,0,0,0,0.0,0.0,0.0,0.0,0,0,0,0.0,0.0,0.0,0.0
CA-44,0.0,0.0,785765,1088423,1178896,3847.0,606750.0,0.0,0.0,13898,8746,5152,1705.0,0.0,3000.0,3000.0,0,0,0,0.0,0.0,0.0,0.0
CA-45,294010.0,0.0,4981277,3257398,2051202,796121.0,1107439.0,0.0,25000.0,756510,0,756510,6920.0,0.0,720000.0,0.0,0,0,0,0.0,0.0,0.0,0.0
CA-46,107387.0,0.0,1226104,2479554,613912,4351.0,666283.0,0.0,8132.0,80726,6238,77368,3814.0,250.0,9000.0,33477.0,0,0,0,0.0,0.0,0.0,0.0
CA-47,697088.0,0.0,3381161,1889360,1664867,346683.0,599642.0,0.0,0.0,375883,128533,247351,31946.0,0.0,150500.0,157500.0,0,0,0,0.0,0.0,0.0,0.0
CA-48,2439978.0,705909.0,2174872,825012,1349861,326383.0,443335.0,1975.0,67000.0,2258836,1230031,1028804,250752.0,145099.0,0.0,7170.0,0,0,0,0.0,0.0,0.0,0.0
CA-49,60445.0,0.0,3164023,1418237,2015523,216738.0,392785.0,0.0,0.0,58784,17916,40867,7064.0,1000.0,13613.0,28967.0,0,0,0,0.0,0.0,0.0,0.0
CA-50,0.0,0.0,1810961,2598276,1363206,16263.0,1066750.0,1641.0,170760.0,0,0,0,0.0,0.0,0.0,0.0,0,0,0,0.0,0.0,0.0,0.0
CA-51,0.0,0.0,1639893,269452,1447813,153441.0,207250.0,929347.0,350000.0,0,0,0,0.0,0.0,0.0,0.0,0,0,0,0.0,0.0,0.0,0.0
CA-52,0.0,0.0,568520,163676,495684,153.0,431200.0,0.0,0.0,25498,1364,24134,572.0,0.0,0.0,7000.0,0,0,0,0.0,0.0,0.0,0.0
CO-01,627215.0,675000.0,1091198,126406,964792,460978.0,26890.0,4953.0,1100.0,2057,1703,354,713.0,150.0,0.0,0.0,0,0,0,0.0,0.0,0.0,0.0
CO-02,0.0,0.0,2742281,3092918,1640260,222945.0,983752.0,0.0,0.0,0,0,0,0.0,0.0,0.0,0.0,0,0,0,0.0,0.0,0.0,0.0
CO-03,0.0,115849.0,716276,84208,632067,30253.0,12000.0,350000.0,350000.0,3552599,1760849,1800885,76384.0,568651.0,0.0,0.0,0,0,0,0.0,0.0,0.0,0.0
CO-04,0.0,0.0,10349940,3610909,6739031,7575504.0,17510.0,0.0,0.0,1010297,247202,922240,393909.0,130500.0,0.0,0.0,0,0,0,0.0,0.0,0.0,0.0
CO-05,0.0,0.0,3143744,1592642,1551102,176908.0,269345.0,632433.0,0.0,2177288,1465048,778793,141653.0,837000.0,0.0,0.0,0,0,0,0.0,0.0,0.0,0.0
CO-06,0.0,0.0,3177447,2707899,2217842,1102428.0,208550.0,0.0,0.0,0,0,0,0.0,0.0,0.0,0.0,0,0,0,0.0,0.0,0.0,0.0
CO-07,0.0,0.0,1866765,1105388,1322310,186392.0,997205.0,0.0,0.0,0,0,0,0.0,0.0,0.0,0.0,0,0,0,0.0,0.0,0.0,0.0
CO-08,4617913.0,975647.0,4336988,601232,3735756,2065691.0,92650.0,0.0,0.0,5393673,3880463,1588203,784602.0,1427927.0,0.0,154186.0,0,0,0,0.0,0.0,0.0,0.0
CT-01,58000.0,0.0,2460386,1080106,1629010,124766.0,1210768.0,0.0,11992.0,840,-669,1608,104.0,0.0,736.0,36.0,0,0,0,0.0,0.0,0.0,0.0
CT-02,0.0,0.0,760424,603234,508302,93731.0,433000.0,0.0,0.0,70790,0,70790,15671.0,7000.0,2500.0,0.0,0,0,0,0.0,0.0,0.0,0.0
CT-03,0.0,0.0,1152007,349418,1028036,60128.0,520762.0,0.0,0.0,14649,4028,4446,7163.0,0.0,1000.0,0.0,0,0,0,0.0,0.0,0.0,0.0
CT-04,0.0,0.0,1379560,2517677,968702,43822.0,830500.0,0.0,0.0,42112,41743,369,2572.0,0.0,25000.0,34860.0,0,0,0,0.0,0.0,0.0,0.0
CT-05,0.0,0.0,1290078,1084158,728471,151428.0,578355.0,0.0,0.0,56497,0,51015,3405.0,0.0,31892.0,0.0,0,0,0,0.0,0.0,0.0,0.0
DE-01,0.0,0.0,4659086,2657928,2208285,1215997.0,413400.0,0.0,0.0,769,241,528,669.0,0.0,0.0,0.0,0,0,0,0.0,0.0,0.0,0.0
FL-01,45893.0,2099774.0,0,0,0,0.0,0.0,0.0,0.0,3603374,788386,2814987,592786.0,559300.0,12000.0,0.0,0,0,0,0.0,0.0,0.0,0.0
FL-02,0.0,0.0,440861,55928,384752,58788.0,0.0,147118.0,44500.0,10654949,4014433,6646293,6379.0,7000.0,10550070.0,7979105.0,0,0,0,0.0,0.0,0.0,0.0
FL-03,0.0,0.0,32195,2322,29873,14750.0,0.0,1155.0,735.0,1886103,871927,1569726,368970.0,702500.0,0.0,0.0,0,0,0,0.0,0.0,0.0,0.0
FL-04,0.0,0.0,719152,291691,427461,66090.0,7000.0,210928.0,100000.0,2001447,1538124,938044,6075.0,1048650.0,0.0,6509.0,0,0,0,0.0,0.0,0.0,0.0
FL-05,0.0,0.0,248286,112827,135459,53806.0,0.0,1191.0,0.0,696207,475360,398516,759.0,441000.0,0.0,0.0,0,0,0,0.0,0.0,0.0,0.0
FL-06,59551.0,3651452.0,0,0,0,0.0,0.0,0.0,0.0,4236072,1148821,3087251,557337.0,463360.0,950000.0,950000.0,0,0,0,0.0,0.0,0.0,0.0
FL-07,99902.0,0.0,1201455,763409,438047,118981.0,156600.0,0.0,0.0,864851,81082,824661,480743.0,46500.0,0.0,2032101.0,0,0,0,0.0,0.0,0.0,0.0
FL-08,0.0,0.0,697539,132765,564774,455482.0,8000.0,0.0,0.0,1718546,1182065,794643,37013.0,663750.0,0.0,14236.0,0,0,0,0.0,0.0,0.0,0.0
FL-09,0.0,0.0,1973450,1268860,718709,10337.0,1305544.0,0.0,0.0,3127529,2716704,1014033,20680.0,0.0,3003928.0,4912816.0,0,0,0,0.0,0.0,0.0,0.0
FL-10,0.0,0.0,3373929,1332681,3132974,1804242.0,277500.0,8250.0,0.0,0,0,0,0.0,0.0,0.0,0.0,0,0,0,0.0,0.0,0.0,0.0
FL-11,0.0,0.0,23989,10581,21490,12460.0,200.0,4760.0,2705.0,167570,105162,62408,4370.0,0.0,12000.0,12000.0,0,0,0,0.0,0.0,0.0,0.0
FL-12,0.0,0.0,0,0,0,0.0,0.0,0.0,0.0,1489323,586860,1023880,6712.0,781000.0,0.0,0.0,0,0,0,0.0,0.0,0.0,0.0
FL-13,0.0,3279.0,1084672,765143,319530,158603.0,52000.0,7000.0,7000.0,2988238,1455366,1664288,977290.0,93000.0,0.0,0.0,0,0,0,0.0,0.0,0.0,0.0
FL-14,0.0,0.0,1954817,1501762,679785,148680.0,798950.0,0.0,0.0,166022,101646,64376,506.0,0.0,155649.0,147949.0,0,0,0,0.0,0.0,0.0,0.0
FL-15,0.0,0.0,0,0,0,0.0,0.0,0.0,0.0,2289998,1943656,781113,3276.0,810500.0,0.0,0.0,0,0,0,0.0,0.0,0.0,0.0
FL-16,0.0,747553.0,223280,166281,56999,23687.0,0.0,0.0,0.0,971068,838262,132806,3437.0,96500.0,7000.0,0.0,0,0,0,0.0,0.0,0.0,0.0
FL-17,0.0,0.0,90660,29947,60673,15621.0,0.0,38454.0,33000.0,1285468,2166212,710552,121858.0,555000.0,0.0,0.0,0,0,0,0.0,0.0,0.0,0.0
FL-18,0.0,0.0,0,0,0,0.0,0.0,0.0,0.0,827754,945704,363945,2432.0,359500.0,0.0,298500.0,0,0,0,0.0,0.0,0.0,0.0
FL-19,0.0,0.0,52432,-682,53115,6793.0,0.0,15700.0,0.0,861654,339119,522535,6888.0,0.0,800000.0,811888.0,0,0,0,0.0,0.0,0.0,0.0
FL-20,0.0,0.0,955386,35998,919388,736804.0,0.0,0.0,33382.0,88417,12127,76289,14875.0,0.0,0.0,0.0,0,0,0,0.0,0.0,0.0,0.0
FL-21,0.0,44600.0,0,0,0,0.0,0.0,0.0,0.0,4090032,2903162,2958247,1085342.0,355200.0,0.0,0.0,0,0,0,0.0,0.0,0.0,0.0
FL-22,0.0,65615.0,2095603,1365384,730219,255963.0,34001.0,247000.0,247000.0,5867349,1342487,4524861,20105.0,5000.0,3772598.0,4526098.0,0,0,0,0.0,0.0,0.0,0.0
FL-23,0.0,0.0,2215066,1575364,927145,464083.0,510250.0,0.0,0.0,0,0,0,0.0,0.0,0.0,0.0,0,0,0,0.0,0.0,0.0,0.0
FL-24,597878.0,77507.0,148029,57272,90757,16153.0,12500.0,0.0,0.0,1333,96,1237,126.0,0.0,1200.0,1200.0,0,0,0,0.0,0.0,0.0,0.0
FL-25,0.0,158500.0,2657093,1888446,1117934,479181.0,548392.0,0.0,25700.0,1994943,957798,1037145,162810.0,31000.0,574010.0,575687.0,0,0,0,0.0,0.0,0.0,0.0
FL-26,0.0,0.0,38588,17079,22727,0.0,1988.0,10000.0,181.0,1902246,2452430,1269136,2622.0,800650.0,0.0,0.0,0,0,0,0.0,0.0,0.0,0.0
FL-27,0.0,0.0,743712,0,743712,53431.0,6500.0,145450.0,0.0,1951030,2266603,1095254,17360.0,506679.0,2493.0,14300.0,0,0,0,0.0,0.0,0.0,0.0
FL-28,0.0,0.0,424189,454610,76322,9365.0,0.0,343200.0,644084.0,567482,699517,443993,1885.0,257250.0,0.0,0.0,0,0,0,0.0,0.0,0.0,0.0
GA-01,0.0,2151837.0,162500,7389,155572,44845.0,1000.0,32512.0,32512.0,1944528,294093,1650436,24117.0,202450.0,0.0,0.0,0,0,0,0.0,0.0,0.0,0.0
GA-02,0.0,0.0,1126530,447808,861583,19920.0,738750.0,0.0,0.0,142715,1768,140947,0.0,0.0,118659.0,50000.0,0,0,0,0.0,0.0,0.0,0.0
GA-03,0.0,0.0,150514,87576,65894,47952.0,4000.0,0.0,25520.0,2009763,1076948,1172991,213654.0,836640.0,0.0,8770.0,0,0,0,0.0,0.0,0.0,0.0
GA-04,0.0,0.0,402315,117906,396085,19345.0,317529.0,0.0,5211.0,0,0,0,0.0,0.0,0.0,0.0,0,0,0,0.0,0.0,0.0,0.0
GA-05,0.0,0.0,599715,76092,536865,26128.0,402755.0,0.0,0.0,0,0,0,0.0,0.0,0.0,0.0,0,0,0,0.0,0.0,0.0,0.0
GA-06,0.0,0.0,896856,676349,1173781,53943.0,344217.0,0.0,0.0,10320,100,10220,0.0,0.0,10320.0,10320.0,0,0,0,0.0,0.0,0.0,0.0
GA-07,0.0,0.0,0,0,0,0.0,0.0,0.0,0.0,1642413,1007984,1332251,32851.0,435500.0,0.0,1000.0,0,0,0,0.0,0.0,0.0,0.0
GA-08,1748.0,0.0,123,1,122,92.0,0.0,31.0,1230.0,1124952,1349452,755665,1338.0,703250.0,0.0,0.0,0,0,0,0.0,0.0,0.0,0.0
GA-09,44440.0,35522.0,155052,14433,140619,32480.0,350.0,1140.0,0.0,671072,176253,590804,44424.0,118711.0,0.0,1298864.0,0,0,0,0.0,0.0,0.0,0.0
GA-10,0.0,2841837.0,23080,8705,11121,3980.0,0.0,7600.0,4100.0,2303880,703420,1600460,35638.0,214510.0,0.0,0.0,0,0,0,0.0,0.0,0.0,0.0
GA-11,40096.0,815942.0,76330,3578,63995,14275.0,2000.0,17.0,0.0,2347796,17630,2330167,6233.0,120000.0,1750020.0,1774962.0,0,0,0,0.0,0.0,0.0,0.0
GA-12,0.0,0.0,26696,3502,23291,13242.0,0.0,1753.0,0.0,993220,1320958,847219,30510.0,510750.0,0.0,1639945.0,0,0,0,0.0,0.0,0.0,0.0
GA-13,4218293.0,0.0,1619079,229145,1389935,1022238.0,55173.0,0.0,0.0,0,0,0,0.0,0.0,0.0,0.0,0,0,0,0.0,0.0,0.0,0.0
GA-14,44069.0,5002827.0,8098514,18230,8080284,6218091.0,13688.0,0.0,0.0,1846892,70518,1776374,173151.0,305481.0,450000.0,411902.0,0,0,0,0.0,0.0,0.0,0.0
HI-01,0.0,0.0,1038814,773638,581834,16969.0,501597.0,0.0,0.0,0,0,0,0.0,0.0,0.0,0.0,0,0,0,0.0,0.0,0.0,0.0
HI-02,0.0,0.0,801957,604526,680871,78062.0,179849.0,0.0,0.0,122390,18721,103668,12587.0,1000.0,0.0,0.0,0,0,0,0.0,0.0,0.0,0.0
IA-01,431548.0,125167.0,7051745,5425318,1733644,1094239.0,502648.0,7000.0,0.0,7208271,4691481,2890534,936090.0,2421207.0,0.0,0.0,0,0,0,0.0,0.0,0.0,0.0
IA-02,308849.0,10803.0,1628201,755838,872363,178865.0,210505.0,0.0,0.0,1938593,895564,1043029,284402.0,412850.0,100000.0,50000.0,0,0,0,0.0,0.0,0.0,0.0
IA-03,12898.0,22998.0,5293773,3859683,1434089,894587.0,450786.0,120.0,0.0,4869249,3568369,1353713,143418.0,1726477.0,0.0,0.0,0,0,0,0.0,0.0,0.0,0.0
IA-04,0.0,172669.0,135722,49762,85959,43002.0,10800.0,0.0,0.0,679844,328850,350993,4236.0,116500.0,0.0,0.0,0,0,0,0.0,0.0,0.0,0.0
ID-01,0.0,0.0,181024,14616,171799,68061.0,12050.0,0.0,0.0,662615,244700,597924,15894.0,302350.0,0.0,0.0,0,0,0,0.0,0.0,0.0,0.0
ID-02,0.0,0.0,106892,71163,35729,20551.0,0.0,0.0,0.0,1118093,429359,793940,2343.0,611500.0,0.0,0.0,0,0,0,0.0,0.0,0.0,0.0
IL-01,0.0,0.0,418350,47163,424875,10569.0,142500.0,0.0,27000.0,58502,63873,1066,32010.0,0.0,0.0,0.0,0,0,0,0.0,0.0,0.0,0.0
IL-02,4379243.0,3843.0,2452894,40546,2412349,63263.0,125750.0,0.0,13750.0,7994,0,7994,460.0,0.0,6034.0,0.0,0,0,0,0.0,0.0,0.0,0.0
IL-03,0.0,0.0,1465280,946222,986630,148641.0,371847.0,0.0,0.0,8080,3738,4341,1880.0,0.0,0.0,600.0,0,0,0,0.0,0.0,0.0,0.0
IL-04,0.0,0.0,358667,185499,173168,25300.0,172800.0,0.0,0.0,0,0,0,0.0,0.0,0.0,0.0,0,0,0,0.0,0.0,0.0,0.0
IL-05,0.0,0.0,725695,1187818,719060,7552.0,480608.0,0.0,0.0,0,0,0,0.0,0.0,0.0,0.0,0,0,0,0.0,0.0,0.0,0.0
IL-06,12087.0,0.0,2108920,1285018,1518045,188937.0,724183.0,0.0,455694.0,313038,22661,295578,194487.0,4950.0,0.0,0.0,0,0,0,0.0,0.0,0.0,0.0
IL-07,0.0,2527703.0,722009,112588,609421,37545.0,57250.0,175000.0,175000.0,55451,42,55408,0.0,0.0,53154.0,0.0,0,0,0,0.0,0.0,0.0,0.0
IL-08,7177655.0,59974.0,2071076,144530,1926546,26412.0,275750.0,323000.0,396373.0,1476009,730401,745608,30552.0,14000.0,1000000.0,1000000.0,0,0,0,0.0,0.0,0.0,0.0
IL-09,1219420.0,1426379.0,2946675,262130,2684545,147064.0,205684.0,3205.0,0.0,0,0,0,0.0,0.0,0.0,0.0,0,0,0,0.0,0.0,0.0,0.0
IL-10,11342.0,0.0,3006862,1699007,2279282,96126.0,1266239.0,0.0,0.0,0,0,0,0.0,0.0,0.0,0.0,0,0,0,0.0,0.0,0.0,0.0
IL-11,0.0,0.0,2180937,2505288,1226214,131182.0,833000.0,0.0,1017995.0,311439,22765,288674,56740.0,2354.0,167592.0,165085.0,0,0,0,0.0,0.0,0.0,0.0
IL-12,0.0,0.0,88060,59815,28244,43410.0,8293.0,0.0,0.0,1327225,789999,889522,39507.0,811237.0,0.0,0.0,0,0,0,0.0,0.0,0.0,0.0
IL-13,83860.0,0.0,2885018,2625565,2044185,107319.0,1174794.0,0.0,0.0,267865,-10525,278390,9480.0,3150.0,178600.0,136600.0,0,0,0,0.0,0.0,0.0,0.0
IL-14,0.0,0.0,2417082,1106564,2365620,289569.0,365000.0,0.0,0.0,140848,31898,112994,25185.0,100.0,382.0,31741.0,0,0,0,0.0,0.0,0.0,0.0
IL-15,1771.0,3705.0,122996,34290,82735,55362.0,6710.0,0.0,0.0,1331399,810427,1167229,754616.0,144500.0,100.0,1525.0,0,0,0,0.0,0.0,0.0,0.0
IL-16,0.0,0.0,415748,230141,185607,110128.0,63476.0,1585.0,0.0,3672739,6748621,2445401,88213.0,1749222.0,0.0,0.0,0,0,0,0.0,0.0,0.0,0.0
IL-17,0.0,0.0,2233676,1325642,1020828,185874.0,848250.0,0.0,0.0,308832,56689,272464,76538.0,10700.0,16542.0,12700.0,0,0,0,0.0,0.0,0.0,0.0
IN-01,0.0,0.0,2386268,1336696,1138032,179981.0,1023820.0,0.0,0.0,2376256,1800689,575567,18850.0,39610.0,2156925.0,2000000.0,0,0,0,0.0,0.0,0.0,0.0
IN-02,0.0,0.0,355589,104496,251093,15296.0,0.0,302694.0,225039.0,5246030,855313,5000296,1170154.0,1286014.0,0.0,0.0,0,0,0,0.0,0.0,0.0,0.0
IN-03,0.0,0.0,136340,6039,130301,0.0,0.0,17908.0,0.0,839565,101923,786959,88046.0,367700.0,0.0,60000.0,0,0,0,0.0,0.0,0.0,0.0
IN-04,200000.0,531743.0,11234,1328,9906,5169.0,100.0,2495.0,15494.0,358293,91561,481342,68518.0,197200.0,0.0,383899.0,0,0,0,0.0,0.0,0.0,0.0
IN-05,0.0,0.0,582087,314652,267434,107719.0,49904.0,616.0,0.0,1327228,230004,1355274,403303.0,118750.0,25000.0,200000.0,0,0,0,0.0,0.0,0.0,0.0
IN-06,0.0,0.0,37046,7151,30400,10487.0,0.0,4919.0,0.0,2426805,1608235,950285,2220.0,291000.0,2000000.0,3900000.0,0,0,0,0.0,0.0,0.0,0.0
IN-07,0.0,0.0,1006177,621351,834249,33892.0,506242.0,730.0,0.0,0,0,0,0.0,0.0,0.0,0.0,0,0,0,0.0,0.0,0.0,0.0
IN-08,0.0,0.0,294502,179308,115194,107411.0,23845.0,1929.0,0.0,1171366,713500,664972,5915.0,421375.0,3500.0,6250.0,0,0,0,0.0,0.0,0.0,0.0
IN-09,0.0,0.0,128179,0,128179,15431.0,0.0,72193.0,66000.0,1856572,1183066,1415551,23017.0,1041193.0,931.0,0.0,0,0,0,0.0,0.0,0.0,0.0
KS-01,0.0,0.0,105413,22877,82536,40240.0,0.0,349.0,1249.0,1467439,2721165,499971,9864.0,586040.0,0.0,0.0,0,0,0,0.0,0.0,0.0,0.0
KS-02,0.0,0.0,727521,241519,486002,224833.0,33500.0,7000.0,0.0,1404518,1015793,427227,52939.0,474000.0,0.0,51752.0,0,0,0,0.0,0.0,0.0,0.0
KS-03,0.0,0.0,3594654,1695944,2301966,1105907.0,758731.0,0.0,0.0,0,0,0,0.0,0.0,0.0,0.0,0,0,0,0.0,0.0,0.0,0.0
KS-04,0.0,0.0,93010,16343,76667,19786.0,0.0,2543.0,2543.0,1841348,1766575,1273049,8930.0,1076600.0,0.0,0.0,0,0,0,0.0,0.0,0.0,0.0
KY-01,0.0,0.0,118755,20182,98532,69518.0,5000.0,1700.0,1700.0,1899533,3041112,2067643,692697.0,426900.0,0.0,0.0,0,0,0,0.0,0.0,0.0,0.0
KY-02,0.0,80276.0,7539,1197,6342,6104.0,0.0,0.0,0.0,4707593,1718271,3355566,8727.0,3025480.0,0.0,2295.0,0,0,0,0.0,0.0,0.0,0.0
KY-03,0.0,0.0,1633684,1813760,1083341,157955.0,538001.0,0.0,0.0,38069,15672,22297,4269.0,5500.0,0.0,0.0,0,0,0,0.0,0.0,0.0,0.0
KY-04,8366952.0,5378133.0,94464,11145,83319,12513.0,0.0,20000.0,20000.0,3567324,179309,3388014,396242.0,56130.0,0.0,0.0,0,0,0,0.0,0.0,0.0,0.0
KY-05,0.0,0.0,182256,91274,91006,29935.0,250.0,62875.0,0.0,849758,874716,946293,1147.0,314150.0,0.0,0.0,0,0,0,0.0,0.0,0.0,0.0
KY-06,286464.0,168599.0,1463855,491275,972579,161118.0,58150.0,3665.0,0.0,1521813,398018,1123795,11113.0,263541.0,57245.0,0.0,0,0,0,0.0,0.0,0.0,0.0
LA-01,0.0,0.0,126085,16224,109861,49050.0,1250.0,1221.0,0.0,10590473,4011458,10710168,308377.0,171500.0,0.0,0.0,0,0,0,0.0,0.0,0.0,0.0
LA-02,0.0,0.0,1383847,407274,1485982,3150.0,943792.0,0.0,24914.0,0,0,0,0.0,0.0,0.0,0.0,0,0,0,0.0,0.0,0.0,0.0
LA-03,0.0,0.0,6968,3465,4102,1043.0,0.0,2350.0,2350.0,816186,603233,537521,84051.0,132500.0,0.0,0.0,0,0,0,0.0,0.0,0.0,0.0
LA-04,0.0,0.0,234784,8265,226519,25742.0,0.0,188058.0,185000.0,20548480,9839636,11961220,3770787.0,1753700.0,0.0,0.0,0,0,0,0.0,0.0,0.0,0.0
LA-05,222328.0,0.0,83511,-20919,104449,22672.0,0.0,39238.0,39238.0,6564561,2052733,4511827,399437.0,68409.0,3013458.0,2012356.0,0,0,0,0.0,0.0,0.0,0.0
LA-06,0.0,0.0,832825,436705,433560,279769.0,177000.0,0.0,0.0,0,0,0,0.0,0.0,0.0,0.0,0,0,0,0.0,0.0,0.0,0.0
MA-01,0.0,0.0,2288096,4055460,2120507,8786.0,1445000.0,0.0,0.0,0,0,0,0.0,0.0,0.0,0.0,0,0,0,0.0,0.0,0.0,0.0
MA-02,0.0,0.0,759435,332100,821499,147188.0,198600.0,0.0,0.0,0,0,0,0.0,0.0,0.0,0.0,0,0,0,0.0,0.0,0.0,0.0
MA-03,0.0,0.0,1580068,1777088,1258131,0.0,775250.0,0.0,0.0,6716,6650,66,931.0,600.0,4000.0,4000.0,0,0,0,0.0,0.0,0.0,0.0
MA-04,0.0,0.0,3535358,7408604,1109981,31877.0,669750.0,0.0,0.0,0,0,0,0.0,0.0,0.0,0.0,0,0,0,0.0,0.0,0.0,0.0
MA-05,0.0,0.0,4236009,2212416,3349484,81953.0,1725007.0,0.0,0.0,0,0,0,0.0,0.0,0.0,0.0,0,0,0,0.0,0.0,0.0,0.0
MA-06,330297.0,0.0,4547693,3604718,944314,187692.0,95300.0,93505.0,69000.0,0,0,0,0.0,0.0,0.0,0.0,0,0,0,0.0,0.0,0.0,0.0
MA-07,0.0,0.0,1125853,113018,1131056,314273.0,72255.0,0.0,0.0,0,0,0,0.0,0.0,0.0,0.0,0,0,0,0.0,0.0,0.0,0.0
MA-08,0.0,61550.0,817344,1241118,664950,22081.0,308600.0,0.0,0.0,0,0,0,0.0,0.0,0.0,0.0,0,0,0,0.0,0.0,0.0,0.0
MA-09,0.0,0.0,371290,510082,527075,45029.0,154600.0,0.0,0.0,163494,38853,124641,22156.0,1250.0,1005.0,1005.0,0,0,0,0.0,0.0,0.0,0.0
MD-01,14398.0,15256.0,695170,72575,622594,292096.0,11600.0,15568.0,34175.0,2319668,1853603,1221001,527134.0,443459.0,0.0,0.0,0,0,0,0.0,0.0,0.0,0.0
MD-02,0.0,0.0,1040390,614275,592706,26185.0,334224.0,0.0,0.0,20194,3073,17122,3334.0,0.0,1200.0,1000.0,0,0,0,0.0,0.0,0.0,0.0
MD-03,0.0,0.0,1139858,335826,834771,64297.0,440223.0,649.0,0.0,0,0,0,0.0,0.0,0.0,0.0,0,0,0,0.0,0.0,0.0,0.0
MD-04,0.0,0.0,674406,459226,520568,31930.0,338250.0,0.0,0.0,0,0,0,0.0,0.0,0.0,0.0,0,0,0,0.0,0.0,0.0,0.0
MD-05,12093528.0,0.0,1676916,91867,1585049,21486.0,116745.0,0.0,7400.0,0,0,0,0.0,0.0,0.0,0.0,0,0,0,0.0,0.0,0.0,0.0
MD-06,516368.0,42387.0,12308220,307611,12013488,34837.0,377303.0,11000000.0,14873000.0,403934,401,403533,1072.0,0.0,402862.0,402862.0,0,0,0,0.0,0.0,0.0,0.0
MD-07,0.0,0.0,415174,702810,406290,8064.0,233750.0,0.0,0.0,0,0,0,0.0,0.0,0.0,0.0,0,0,0,0.0,0.0,0.0,0.0
MD-08,0.0,0.0,7425389,7893447,4497145,3050018.0,395799.0,0.0,0.0,16590,1806,15372,4483.0,0.0,0.0,0.0,0,0,0,0.0,0.0,0.0,0.0
ME-01,0.0,0.0,429634,423112,422200,69003.0,237050.0,0.0,20000.0,75680,20023,69878,7445.0,6819.0,1000.0,4537.0,0,0,0,0.0,0.0,0.0,0.0
ME-02,384759.0,16616.0,1205432,228649,976783,646576.0,13500.0,10000.0,0.0,2563901,1685710,878191,167616.0,408301.0,0.0,0.0,0,0,0,0.0,0.0,0.0,0.0
MI-01,0.0,0.0,803423,571163,239901,95852.0,62250.0,0.0,0.0,1877392,849951,1138391,142860.0,737925.0,0.0,0.0,0,0,0,0.0,0.0,0.0,0.0
MI-02,0.0,0.0,84011,26232,57392,18351.0,250.0,0.0,0.0,1648987,1928265,1002666,35196.0,546873.0,0.0,28498.0,0,0,0,0.0,0.0,0.0,0.0
MI-03,0.0,0.0,2287558,1395805,1241468,167197.0,670870.0,0.0,0.0,0,0,0,0.0,0.0,0.0,0.0,0,0,0,0.0,0.0,0.0,0.0
MI-04,368204.0,0.0,2508603,1657935,850668,433083.0,300050.0,0.0,0.0,4003831,2606060,1506810,207580.0,1531550.0,0.0,0.0,0,0,0,0.0,0.0,0.0,0.0
MI-05,0.0,0.0,51717,21286,30432,12178.0,3000.0,0.0,0.0,1717295,1037289,1589457,63994.0,775898.0,0.0,0.0,0,0,0,0.0,0.0,0.0,0.0
MI-06,0.0,0.0,1155234,447144,1051463,64829.0,681093.0,0.0,0.0,0,0,0,0.0,0.0,0.0,0.0,0,0,0,0.0,0.0,0.0,0.0
MI-07,4965.0,1373148.0,2893770,1106758,1787012,685397.0,56523.0,20000.0,20000.0,6180398,2957329,3245468,1604384.0,1560904.0,0.0,2809.0,0,0,0,0.0,0.0,0.0,0.0
MI-08,12898.0,0.0,5540175,4213977,1343229,387161.0,1509740.0,0.0,0.0,687295,136687,550608,311841.0,104500.0,28500.0,10000.0,0,0,0,0.0,0.0,0.0,0.0
MI-09,0.0,0.0,7579,4437,3142,3790.0,0.0,0.0,0.0,5146490,1476336,4277012,945684.0,1415798.0,0.0,0.0,0,0,0,0.0,0.0,0.0,0.0
MI-10,249516.0,172592.0,1161111,192615,968496,262756.0,73763.0,0.0,0.0,1386621,1077901,308720,98136.0,123500.0,0.0,35503.0,0,0,0,0.0,0.0,0.0,0.0
MI-11,104882.0,0.0,1235233,414639,820595,90282.0,135950.0,7000.0,0.0,28616,7368,21248,1276.0,0.0,13.0,0.0,0,0,0,0.0,0.0,0.0,0.0
MI-12,0.0,0.0,2713214,3909639,3067129,777252.0,37100.0,0.0,0.0,0,0,0,0.0,0.0,0.0,0.0,0,0,0,0.0,0.0,0.0,0.0
MI-13,877913.0,278074.0,-1103507,4682993,1118068,18400.0,85500.0,800300.0,12270000.0,0,0,0,0.0,0.0,0.0,0.0,0,0,0,0.0,0.0,0.0,0.0
MN-01,0.0,0.0,1872308,957225,915083,700337.0,100000.0,5372.0,0.0,1916146,1210804,766751,136882.0,886250.0,0.0,0.0,0,0,0,0.0,0.0,0.0,0.0
MN-02,61395.0,17393.0,892676,254789,638388,140529.0,30370.0,162000.0,131000.0,461815,268903,192912,28457.0,45000.0,112100.0,105000.0,0,0,0,0.0,0.0,0.0,0.0
MN-03,0.0,0.0,1278346,413021,890714,92425.0,192283.0,7000.0,0.0,0,0,0,0.0,0.0,0.0,0.0,0,0,0,0.0,0.0,0.0,0.0
MN-04,0.0,0.0,1217732,568721,1203929,42342.0,442300.0,0.0,0.0,23031,18609,8186,3864.0,5000.0,0.0,0.0,0,0,0,0.0,0.0,0.0,0.0
MN-05,0.0,0.0,5715729,1572633,4467317,3628754.0,64828.0,0.0,0.0,1078205,31853,1085272,834632.0,0.0,0.0,6821.0,0,0,0,0.0,0.0,0.0,0.0
MN-06,0.0,0.0,0,0,0,0.0,0.0,0.0,0.0,9631580,4535592,6784441,656210.0,2183251.0,0.0,0.0,0,0,0,0.0,0.0,0.0,0.0
MN-07,0.0,0.0,0,0,0,0.0,0.0,0.0,0.0,1239373,902668,747786,150284.0,690299.0,0.0,0.0,0,0,0,0.0,0.0,0.0,0.0
MN-08,0.0,0.0,0,0,0,0.0,0.0,0.0,0.0,1940297,1208605,1260185,133076.0,900660.0,0.0,0.0,0,0,0,0.0,0.0,0.0,0.0
MO-01,628945.0,0.0,3295182,1908027,1821076,51422.0,526296.0,0.0,0.0,0,0,0,0.0,0.0,0.0,0.0,0,0,0,0.0,0.0,0.0,0.0
MO-02,0.0,0.0,1119886,261457,858429,500996.0,52750.0,410.0,0.0,3478123,4399245,2190107,634089.0,1128739.0,0.0,0.0,0,0,0,0.0,0.0,0.0,0.0
MO-03,0.0,0.0,41591,3975,42043,24481.0,125.0,0.0,542.0,940192,485084,605552,73609.0,369980.0,0.0,894000.0,0,0,0,0.0,0.0,0.0,0.0
MO-04,0.0,0.0,250118,44969,205149,168151.0,1000.0,0.0,4091.0,1370433,779509,808792,16601.0,550561.0,0.0,0.0,0,0,0,0.0,0.0,0.0,0.0
MO-05,0.0,0.0,1298255,1143055,1044827,137923.0,834391.0,0.0,0.0,7774,1721,6052,2756.0,0.0,0.0,1916.0,0,0,0,0.0,0.0,0.0,0.0
MO-06,138220.0,21679.0,51046,6000,45046,14726.0,0.0,4032.0,0.0,546096,269802,276294,17409.0,47500.0,0.0,73061.0,0,0,0,0.0,0.0,0.0,0.0
MO-07,0.0,12107.0,50540,33543,22134,26365.0,8500.0,0.0,0.0,1339538,908427,1032498,594974.0,232750.0,0.0,0.0,0,0,0,0.0,0.0,0.0,0.0
MO-08,0.0,0.0,4251,1768,2017,3376.0,0.0,0.0,0.0,5211627,5155711,3073060,270553.0,2715775.0,0.0,0.0,0,0,0,0.0,0.0,0.0,0.0
MS-01,0.0,0.0,551243,149645,401599,137251.0,2500.0,21869.0,0.0,1004205,863664,749399,16080.0,500635.0,0.0,0.0,0,0,0,0.0,0.0,0.0,0.0
MS-02,0.0,0.0,770971,1449522,947613,6419.0,566744.0,0.0,0.0,45390,35874,46245,6118.0,150.0,2921.0,2500.0,0,0,0,0.0,0.0,0.0,0.0
MS-03,0.0,0.0,155400,23208,132191,69218.0,2800.0,17776.0,17149.0,822761,962515,371591,5410.0,370000.0,0.0,0.0,0,0,0,0.0,0.0,0.0,0.0
MS-04,0.0,0.0,29045,6534,22864,5890.0,500.0,3500.0,3500.0,990106,123359,1018212,12096.0,477000.0,0.0,0.0,0,0,0,0.0,0.0,0.0,0.0
MT-01,260465.0,1468950.0,1382873,550079,832794,495944.0,140650.0,1267.0,0.0,1303394,502201,801193,290173.0,330600.0,0.0,246238.0,0,0,0,0.0,0.0,0.0,0.0
MT-02,0.0,0.0,19174,3166,14573,4916.0,1000.0,4832.0,0.0,2127927,650464,1588993,496243.0,681678.0,0.0,2026506.0,0,0,0,0.0,0.0,0.0,0.0
NC-01,167771.0,920003.0,4287386,3570366,987862,367550.0,1530112.0,0.0,0.0,3793077,1829661,1989720,83111.0,351704.0,2402740.0,3501000.0,0,0,0,0.0,0.0,0.0,0.0
NC-02,0.0,0.0,1675978,1337687,1075801,65366.0,689413.0,0.0,9555.0,0,0,0,0.0,0.0,0.0,0.0,0,0,0,0.0,0.0,0.0,0.0
NC-03,68780.0,0.0,223119,73711,137467,70520.0,27250.0,100.0,0.0,2357956,2697820,1243599,28721.0,1036299.0,0.0,0.0,0,0,0,0.0,0.0,0.0,0.0
NC-04,2382171.0,241900.0,912011,47788,949918,86347.0,495618.0,0.0,4000.0,11917,16967,10302,1095.0,1000.0,4569.0,0.0,0,0,0,0.0,0.0,0.0,0.0
NC-05,61981.0,0.0,394695,99815,302276,181733.0,3350.0,0.0,20000.0,1662604,3369069,1204804,25085.0,419516.0,0.0,0.0,0,0,0,0.0,0.0,0.0,0.0
NC-06,0.0,0.0,199881,13898,185984,37641.0,7400.0,0.0,0.0,1226408,381728,852003,16395.0,515505.0,0.0,28602.0,0,0,0,0.0,0.0,0.0,0.0
NC-07,0.0,0.0,293818,65017,228801,99168.0,9411.0,0.0,0.0,1990423,2301487,1124461,6705.0,1209699.0,0.0,0.0,0,0,0,0.0,0.0,0.0,0.0
NC-08,0.0,0.0,39569,2343,37232,7059.0,3700.0,25460.0,0.0,1019134,517853,608814,74543.0,200500.0,0.0,0.0,0,0,0,0.0,0.0,0.0,0.0
NC-09,63762.0,0.0,2237508,163673,2073836,1666772.0,18842.0,0.0,0.0,3215341,1335132,2511943,214005.0,1605397.0,0.0,0.0,0,0,0,0.0,0.0,0.0,0.0
NC-10,0.0,0.0,84024,26174,57805,30263.0,3050.0,14948.0,8486.0,1081821,451275,683387,81411.0,359925.0,0.0,0.0,0,0,0,0.0,0.0,0.0,0.0
NC-11,307847.0,0.0,3052354,2184778,867576,556269.0,231570.0,0.0,0.0,939985,485744,563005,20397.0,369750.0,0.0,10500.0,0,0,0,0.0,0.0,0.0,0.0
NC-12,0.0,0.0,370506,456594,487322,12384.0,274275.0,0.0,0.0,28704,3,28701,1857.0,0.0,3053.0,3000.0,0,0,0,0.0,0.0,0.0,0.0
NC-13,0.0,0.0,1022610,514555,508054,76837.0,8100.0,461846.0,320000.0,1339161,707795,648627,28235.0,657718.0,0.0,760483.0,0,0,0,0.0,0.0,0.0,0.0
NC-14,0.0,80948.0,24888,-376,26124,11823.0,2200.0,0.0,0.0,1538952,1581992,880526,22782.0,435700.0,0.0,0.0,0,0,0,0.0,0.0,0.0,0.0
ND-01,0.0,0.0,190064,67391,122672,98864.0,2900.0,15.0,0.0,1730663,1055571,1004420,7624.0,962475.0,0.0,0.0,0,0,0,0.0,0.0,0.0,0.0
NE-01,0.0,0.0,592233,290611,301622,98457.0,25000.0,104319.0,100000.0,2368910,1560751,1028941,36065.0,1127179.0,0.0,6046.0,0,0,0,0.0,0.0,0.0,0.0
NE-02,3102987.0,100001.0,2668287,997390,1670897,493969.0,310406.0,65033.0,75000.0,2034386,1070769,963618,52231.0,255800.0,3500.0,0.0,0,0,0,0.0,0.0,0.0,0.0
NE-03,0.0,282975.0,55101,14834,40268,11451.0,50.0,36731.0,36731.0,1777414,1023354,1682292,3630.0,1298250.0,0.0,0.0,0,0,0,0.0,0.0,0.0,0.0
NH-01,409774.0,0.0,2208010,1200445,1007564,366546.0,85305.0,7000.0,0.0,2326786,1187441,1139345,52850.0,7000.0,1650000.0,1650000.0,0,0,0,0.0,0.0,0.0,0.0
NH-02,0.0,0.0,3709390,2514390,1252998,209243.0,311303.0,0.0,0.0,1108535,664220,573795,599501.0,0.0,120000.0,120000.0,0,0,0,0.0,0.0,0.0,0.0
NJ-01,0.0,0.0,1657743,2365599,999633,11139.0,791232.0,0.0,0.0,11125,5056,6138,6233.0,500.0,100.0,100.0,0,0,0,0.0,0.0,0.0,0.0
NJ-02,0.0,0.0,462863,120210,342653,76814.0,6000.0,110000.0,110000.0,1930058,1538041,1154447,219043.0,327471.0,0.0,11668.0,0,0,0,0.0,0.0,0.0,0.0
NJ-03,0.0,0.0,934660,439329,532745,54194.0,500874.0,0.0,0.0,79190,807,78383,5115.0,0.0,21000.0,94594.0,0,0,0,0.0,0.0,0.0,0.0
NJ-04,0.0,0.0,34352,5363,28989,14725.0,0.0,6712.0,25692.0,592016,488316,467765,85452.0,216783.0,0.0,0.0,0,0,0,0.0,0.0,0.0,0.0
NJ-05,0.0,0.0,4765145,12773075,12704564,20739.0,882050.0,0.0,0.0,55656,8034,47622,3603.0,0.0,25054.0,24325.0,0,0,0,0.0,0.0,0.0,0.0
NJ-06,0.0,0.0,2214837,3066966,2219781,7797.0,1455707.0,0.0,0.0,7645,1866,5779,1190.0,0.0,2786.0,4351.0,0,0,0,0.0,0.0,0.0,0.0
NJ-07,1799932.0,725906.0,4272034,1445694,2826340,632513.0,272746.0,0.0,0.0,4892807,3634205,1306888,220555.0,1194427.0,0.0,0.0,0,0,0,0.0,0.0,0.0,0.0
NJ-08,34890.0,0.0,1958766,679737,1555715,13337.0,734489.0,0.0,0.0,0,0,0,0.0,0.0,0.0,0.0,0,0,0,0.0,0.0,0.0,0.0
NJ-09,0.0,0.0,2661928,1793359,1021043,231971.0,1024879.0,0.0,0.0,437829,39624,398205,251372.0,0.0,0.0,157218.0,0,0,0,0.0,0.0,0.0,0.0
NJ-10,0.0,0.0,2136938,814120,1486031,1072110.0,553383.0,0.0,0.0,2270,1018,1252,360.0,0.0,910.0,0.0,0,0,0,0.0,0.0,0.0,0.0
NJ-11,648446.0,0.0,1823436,27475,1795960,633740.0,336506.0,7000.0,111426.0,657711,5036,652675,71416.0,40500.0,0.0,11452.0,0,0,0,0.0,0.0,0.0,0.0
NJ-12,1900174.0,0.0,1533852,91930,1441921,263767.0,56806.0,0.0,0.0,79425,3084,76341,16648.0,0.0,53746.0,98552.0,0,0,0,0.0,0.0,0.0,0.0
NM-01,0.0,0.0,1353564,416711,1082562,467355.0,202335.0,0.0,0.0,100340,42741,57599,15340.0,1900.0,0.0,0.0,0,0,0,0.0,0.0,0.0,0.0
NM-02,0.0,0.0,3784102,2378703,1444484,385490.0,990919.0,0.0,0.0,1510080,794187,715893,142850.0,158100.0,0.0,0.0,0,0,0,0.0,0.0,0.0,0.0
NM-03,0.0,0.0,1249949,666975,990899,114676.0,212450.0,0.0,0.0,440623,242569,198054,23608.0,14200.0,0.0,0.0,0,0,0,0.0,0.0,0.0,0.0
NV-01,0.0,0.0,1537358,1337525,355197,50654.0,766723.0,0.0,4000.0,1915058,653588,1261470,526707.0,138100.0,3732.0,24440.0,0,0,0,0.0,0.0,0.0,0.0
NV-02,399937.0,653802.0,257087,140607,116479,57268.0,23100.0,20000.0,27163.0,2275392,117883,2172225,16480.0,66500.0,1675000.0,1614965.0,0,0,0,0.0,0.0,0.0,0.0
NV-03,0.0,0.0,4401421,3689228,1178847,246965.0,1306593.0,0.0,0.0,4055410,2409434,1645976,189257.0,271905.0,3007000.0,3000000.0,0,0,0,0.0,0.0,0.0,0.0
NV-04,0.0,0.0,3350563,1496222,1860631,209416.0,1788353.0,0.0,22500.0,884687,285221,599467,215816.0,7000.0,320119.0,430235.0,0,0,0,0.0,0.0,0.0,0.0
NY-01,0.0,0.0,647598,172217,475381,100617.0,11100.0,3500.0,0.0,0,0,0,0.0,0.0,0.0,0.0,0,0,0,0.0,0.0,0.0,0.0
NY-02,0.0,0.0,461848,89408,372440,50667.0,9950.0,7000.0,0.0,3513016,3458915,1599708,5584.0,1805000.0,0.0,0.0,0,0,0,0.0,0.0,0.0,0.0
NY-03,0.0,0.0,5456698,5679950,1811089,203262.0,1584043.0,0.0,0.0,1666542,724376,957956,199352.0,209500.0,0.0,56746.0,0,0,0,0.0,0.0,0.0,0.0
NY-04,0.0,0.0,5097222,3843824,1276602,325671.0,1032059.0,0.0,0.0,137263,1036,136228,956.0,0.0,121000.0,0.0,0,0,0,0.0,0.0,0.0,0.0
NY-05,0.0,0.0,1744888,2010350,1963090,1965.0,928255.0,0.0,0.0,0,0,0,0.0,0.0,0.0,0.0,0,0,0,0.0,0.0,0.0,0.0
NY-06,0.0,0.0,2033045,1034068,1967862,22020.0,574800.0,0.0,0.0,0,0,0,0.0,0.0,0.0,0.0,0,0,0,0.0,0.0,0.0,0.0
NY-07,956361.0,0.0,1693312,206842,1486470,620052.0,44750.0,0.0,0.0,0,0,0,0.0,0.0,0.0,0.0,0,0,0,0.0,0.0,0.0,0.0
NY-08,0.0,0.0,14899981,5000460,14854086,7235721.0,2079150.0,0.0,0.0,0,0,0,0.0,0.0,0.0,0.0,0,0,0,0.0,0.0,0.0,0.0
NY-09,289695.0,0.0,1013953,30978,1093030,27671.0,581951.0,0.0,95704.0,6202,1055,4169,0.0,0.0,2301.0,3552.0,0,0,0,0.0,0.0,0.0,0.0
NY-10,432138.0,219039.0,2455130,55336,2399794,659707.0,49000.0,0.0,0.0,0,0,0,0.0,0.0,0.0,0.0,0,0,0,0.0,0.0,0.0,0.0
NY-11,0.0,0.0,79597,0,79597,34279.0,1500.0,250.0,0.0,2750505,2767340,1329411,210566.0,1072300.0,0.0,0.0,0,0,0,0.0,0.0,0.0,0.0
NY-12,11999039.0,3017410.0,3315975,1088073,2232656,90223.0,22000.0,500000.0,500000.0,58897,0,58897,1095.0,0.0,53500.0,0.0,0,0,0,0.0,0.0,0.0,0.0
NY-13,1887856.0,1530657.0,1354602,222087,1132514,416612.0,26603.0,0.0,0.0,0,0,0,0.0,0.0,0.0,0.0,0,0,0,0.0,0.0,0.0,0.0
NY-14,0.0,0.0,32607754,15960932,20381469,21547856.0,28050.0,0.0,0.0,803141,2738,882618,570124.0,0.0,0.0,15000.0,0,0,0,0.0,0.0,0.0,0.0
NY-15,3857427.0,0.0,6908655,13986721,4345916,129722.0,700550.0,0.0,0.0,0,0,0,0.0,0.0,0.0,0.0,0,0,0,0.0,0.0,0.0,0.0
NY-16,0.0,0.0,513967,100662,605959,47572.0,189650.0,0.0,0.0,0,0,0,0.0,0.0,0.0,0.0,0,0,0,0.0,0.0,0.0,0.0
NY-17,1749553.0,1500000.0,4317457,1319156,2998301,707036.0,422990.0,7000.0,0.0,8172046,4841306,3500108,426203.0,1926075.0,0.0,0.0,0,0,0,0.0,0.0,0.0,0.0
NY-18,0.0,0.0,4723627,3116479,1774339,245625.0,526547.0,0.0,0.0,0,0,0,0.0,0.0,0.0,0.0,0,0,0,0.0,0.0,0.0,0.0
NY-19,60445.0,0.0,4825666,3190954,1703032,437652.0,743543.0,0.0,0.0,1237179,392868,844311,240815.0,259000.0,130000.0,100000.0,0,0,0,0.0,0.0,0.0,0.0
NY-20,0.0,0.0,957587,404327,1152761,97613.0,616955.0,0.0,0.0,29026,8119,20907,7657.0,1335.0,0.0,0.0,0,0,0,0.0,0.0,0.0,0.0
NY-21,121618.0,40000.0,5461528,2622585,3091285,2589744.0,60400.0,125.0,0.0,9460254,3036386,8730755,0.0,7000.0,9400000.0,12000000.0,0,0,0,0.0,0.0,0.0,0.0
NY-22,71377.0,0.0,2694739,1842997,979983,301510.0,831621.0,0.0,0.0,41022,409,40613,4553.0,5025.0,0.0,0.0,0,0,0,0.0,0.0,0.0,0.0
NY-23,0.0,0.0,227174,17795,203235,64461.0,0.0,0.0,0.0,2326405,2477498,942715,58551.0,1032142.0,0.0,0.0,0,0,0,0.0,0.0,0.0,0.0
NY-24,0.0,0.0,193088,12850,180238,76636.0,7600.0,27597.0,17597.0,2763139,1373087,1745055,296718.0,1220160.0,0.0,0.0,0,0,0,0.0,0.0,0.0,0.0
NY-25,571931.0,0.0,1786904,408038,1759070,61270.0,853475.0,0.0,0.0,32416,12261,20155,6308.0,2000.0,0.0,0.0,0,0,0,0.0,0.0,0.0,0.0
NY-26,0.0,0.0,2310288,1213878,1435475,57306.0,575739.0,0.0,0.0,0,0,0,0.0,0.0,0.0,0.0,0,0,0,0.0,0.0,0.0,0.0
OH-01,0.0,351300.0,4633250,3610214,1203152,242861.0,976688.0,0.0,0.0,1513614,474156,1039457,300934.0,282647.0,326142.0,394102.0,0,0,0,0.0,0.0,0.0,0.0
OH-02,0.0,0.0,0,0,0,0.0,0.0,0.0,0.0,1095248,442977,780078,151894.0,429000.0,0.0,1707300.0,0,0,0,0.0,0.0,0.0,0.0
OH-03,0.0,0.0,1201451,2776821,1137204,25836.0,889517.0,0.0,2500.0,0,0,0,0.0,0.0,0.0,0.0,0,0,0,0.0,0.0,0.0,0.0
OH-04,0.0,0.0,22050,520820,0,16879.0,0.0,0.0,0.0,4774322,6030301,6230902,1950436.0,529815.0,0.0,0.0,0,0,0,0.0,0.0,0.0,0.0
OH-05,0.0,0.0,7551,0,7551,4752.0,0.0,1299.0,0.0,1461648,1040964,1038450,34441.0,810650.0,0.0,0.0,0,0,0,0.0,0.0,0.0,0.0
OH-06,0.0,0.0,19728,0,19728,5531.0,250.0,11415.0,0.0,1127553,284711,913479,9740.0,705286.0,0.0,0.0,0,0,0,0.0,0.0,0.0,0.0
OH-07,1386913.0,41674.0,603156,312290,290865,148902.0,162073.0,1421.0,0.0,2142562,1379132,937959,165677.0,656841.0,0.0,970000.0,0,0,0,0.0,0.0,0.0,0.0
OH-08,0.0,0.0,0,2987,0,11204.0,14192.0,0.0,0.0,661353,529910,526145,6597.0,273950.0,0.0,0.0,0,0,0,0.0,0.0,0.0,0.0
OH-09,86000.0,37000.0,4303416,3491668,1260674,448413.0,1126725.0,0.0,0.0,1508953,531214,1054389,88590.0,116900.0,310000.0,88352.0,0,0,0,0.0,0.0,0.0,0.0
OH-10,0.0,0.0,362666,125160,237506,75520.0,26500.0,7028.0,48362.0,894595,556284,768735,48775.0,399000.0,0.0,0.0,0,0,0,0.0,0.0,0.0,0.0
OH-11,0.0,0.0,1183643,1156556,882901,39308.0,723196.0,0.0,0.0,0,0,0,0.0,0.0,0.0,0.0,0,0,0,0.0,0.0,0.0,0.0
OH-12,0.0,0.0,84378,18925,69210,54369.0,2250.0,0.0,0.0,1743281,1982352,767354,16715.0,1040300.0,0.0,0.0,0,0,0,0.0,0.0,0.0,0.0
OH-13,0.0,0.0,3135891,1897462,1361107,414239.0,1006777.0,0.0,0.0,127109,77727,49382,32140.0,8000.0,51000.0,57778.0,0,0,0,0.0,0.0,0.0,0.0
OH-14,0.0,12000.0,61678,33693,19515,23317.0,0.0,80.0,9012.0,1410643,3121595,1031924,20291.0,967101.0,0.0,0.0,0,0,0,0.0,0.0,0.0,0.0
OH-15,0.0,0.0,606658,252402,354256,90488.0,11250.0,11920.0,10000.0,3299678,2056713,1404260,51245.0,1742650.0,0.0,0.0,0,0,0,0.0,0.0,0.0,0.0
OK-01,24500.0,478722.0,141972,36579,105393,46686.0,0.0,1000.0,0.0,415914,10742,405172,47089.0,30000.0,108078.0,60000.0,0,0,0,0.0,0.0,0.0,0.0
OK-02,0.0,0.0,11759,2507,9252,7038.0,0.0,600.0,0.0,218894,76064,213526,4729.0,110008.0,0.0,0.0,0,0,0,0.0,0.0,0.0,0.0
OK-03,0.0,0.0,945,511,434,340.0,0.0,105.0,0.0,907279,532512,993052,4066.0,674481.0,0.0,0.0,0,0,0,0.0,0.0,0.0,0.0
OK-04,0.0,250000.0,65289,4166,61123,15682.0,0.0,23231.0,22500.0,3827891,2599733,3008432,109109.0,1568079.0,0.0,0.0,0,0,0,0.0,0.0,0.0,0.0
OK-05,0.0,0.0,449421,17334,432087,174155.0,3500.0,0.0,38312.0,1943507,2021981,1007476,41602.0,973750.0,0.0,0.0,0,0,0,0.0,0.0,0.0,0.0
OR-01,0.0,0.0,816770,572435,790299,58564.0,423600.0,0.0,0.0,4466,212,3555,1246.0,500.0,0.0,10870.0,0,0,0,0.0,0.0,0.0,0.0
OR-02,0.0,0.0,94774,53777,40996,20945.0,7850.0,0.0,1307.0,1011413,1420775,646983,44713.0,561542.0,0.0,0.0,0,0,0,0.0,0.0,0.0,0.0
OR-03,0.0,0.0,1038514,173687,887314,92790.0,350972.0,0.0,0.0,0,0,0,0.0,0.0,0.0,0.0,0,0,0,0.0,0.0,0.0,0.0
OR-04,292419.0,0.0,1222922,520840,791472,65059.0,609627.0,0.0,0.0,677571,387695,289876,93427.0,24999.0,30434.0,30000.0,0,0,0,0.0,0.0,0.0,0.0
OR-05,60445.0,0.0,3760212,2715860,1089484,476165.0,1145915.0,0.0,0.0,423922,135365,288556,103182.0,3750.0,7144.0,27361.0,0,0,0,0.0,0.0,0.0,0.0
OR-06,0.0,0.0,1613394,611103,1063766,183489.0,669120.0,7.0,0.0,12791,1855,25206,284.0,5000.0,2000.0,2000.0,0,0,0,0.0,0.0,0.0,0.0
PA-01,18922.0,10609.0,2007499,794921,1212578,411567.0,225963.0,0.0,0.0,6734931,6355534,4801927,116186.0,2240827.0,0.0,24750.0,0,0,0,0.0,0.0,0.0,0.0
PA-02,0.0,0.0,2451958,5560518,729723,18411.0,970785.0,0.0,0.0,0,0,0,0.0,0.0,0.0,0.0,0,0,0,0.0,0.0,0.0,0.0
PA-03,2602769.0,0.0,1329253,21452,1307802,310928.0,87864.0,0.0,42000.0,81,22,59,0.0,0.0,81.0,0.0,0,0,0,0.0,0.0,0.0,0.0
PA-04,0.0,0.0,1371536,1184807,1155470,140831.0,725200.0,0.0,0.0,0,0,0,0.0,0.0,0.0,0.0,0,0,0,0.0,0.0,0.0,0.0
PA-05,0.0,0.0,990586,448590,859742,73979.0,449092.0,0.0,0.0,0,0,0,0.0,0.0,0.0,0.0,0,0,0,0.0,0.0,0.0,0.0
PA-06,0.0,0.0,1763415,4037759,1131269,131686.0,523250.0,0.0,0.0,411270,213449,197822,10915.0,3548.0,100000.0,25000.0,0,0,0,0.0,0.0,0.0,0.0
PA-07,2726491.0,312372.0,2392215,1018423,1373792,599387.0,408000.0,3500.0,15000.0,4357405,2938717,1521928,554134.0,1047913.0,0.0,22583.0,0,0,0,0.0,0.0,0.0,0.0
PA-08,104423.0,0.0,4609589,3406710,1202879,620354.0,436327.0,0.0,0.0,5234586,2608048,2679690,608239.0,1383927.0,55536.0,777068.0,0,0,0,0.0,0.0,0.0,0.0
PA-09,0.0,0.0,697865,386883,310982,171661.0,42800.0,0.0,0.0,1903078,170733,1765991,6655.0,792000.0,0.0,250000.0,0,0,0,0.0,0.0,0.0,0.0
PA-10,97404.0,107526.0,6364069,4478639,1900667,1057743.0,495435.0,0.0,0.0,5194925,2845976,2430869,1408838.0,655127.0,0.0,335158.0,0,0,0,0.0,0.0,0.0,0.0
PA-11,0.0,0.0,214230,47150,167079,51165.0,7250.0,47457.0,0.0,1524161,810787,1617466,5708.0,803667.0,0.0,0.0,0,0,0,0.0,0.0,0.0,0.0
PA-12,43068.0,0.0,1466287,1649288,828578,381058.0,207105.0,0.0,0.0,17477,6805,10672,979.0,0.0,0.0,0.0,0,0,0,0.0,0.0,0.0,0.0
PA-13,0.0,0.0,55347,16053,40056,22129.0,2217.0,168.0,0.0,2418119,3759995,1258262,1699.0,1402618.0,0.0,0.0,0,0,0,0.0,0.0,0.0,0.0
PA-14,0.0,0.0,201421,34707,166713,56725.0,17908.0,2000.0,0.0,4209644,990681,3768044,1004693.0,1167150.0,0.0,0.0,0,0,0,0.0,0.0,0.0,0.0
PA-15,1788.0,0.0,139521,87343,52178,41802.0,2250.0,1100.0,0.0,1851459,829752,1813501,38674.0,1037568.0,0.0,0.0,0,0,0,0.0,0.0,0.0,0.0
PA-16,0.0,0.0,66591,37534,34058,30195.0,50.0,620.0,0.0,1168433,1329347,881774,2279.0,874667.0,0.0,90000.0,0,0,0,0.0,0.0,0.0,0.0
PA-17,0.0,0.0,2776943,1073975,2056640,749578.0,512370.0,0.0,0.0,21506,839,20667,424.0,0.0,19000.0,19000.0,0,0,0,0.0,0.0,0.0,0.0
RI-01,0.0,0.0,1507413,1734227,707833,35234.0,577922.0,0.0,0.0,0,0,0,0.0,0.0,0.0,0.0,0,0,0,0.0,0.0,0.0,0.0
RI-02,0.0,0.0,1249772,1588340,538397,48493.0,471500.0,0.0,0.0,2893809,1440657,1453152,13634.0,0.0,2845019.0,2175000.0,0,0,0,0.0,0.0,0.0,0.0
SC-01,770636.0,1155075.0,2279585,412020,1867565,1066621.0,75250.0,0.0,0.0,556418,78533,477885,12145.0,74500.0,13500.0,10000.0,0,0,0,0.0,0.0,0.0,0.0
SC-02,0.0,0.0,12410,218,12192,1827.0,0.0,0.0,2000.0,861105,182912,722706,15147.0,261000.0,200000.0,0.0,0,0,0,0.0,0.0,0.0,0.0
SC-03,0.0,5979.0,40413,17299,23114,19631.0,333.0,100.0,100.0,505333,218741,390677,6400.0,291476.0,0.0,395000.0,0,0,0,0.0,0.0,0.0,0.0
SC-04,0.0,487316.0,31787,-3075,37392,31787.0,0.0,0.0,0.0,1598225,77225,1541115,2566.0,637500.0,650000.0,0.0,0,0,0,0.0,0.0,0.0,0.0
SC-05,0.0,0.0,139717,74508,65209,41306.0,100.0,1209.0,0.0,884284,599621,284663,11650.0,236000.0,5630.0,0.0,0,0,0,0.0,0.0,0.0,0.0
SC-06,0.0,0.0,1225051,1634793,1429385,164655.0,720491.0,0.0,0.0,0,0,0,0.0,0.0,0.0,0.0,0,0,0,0.0,0.0,0.0,0.0
SC-07,0.0,0.0,297264,62378,234885,146296.0,3500.0,10750.0,0.0,1720803,1038817,1243169,88678.0,697914.0,0.0,0.0,0,0,0,0.0,0.0,0.0,0.0
SD-01,0.0,149680.0,261764,110978,150786,88621.0,12933.0,1500.0,0.0,1438706,1062725,375981,17640.0,181250.0,1000.0,0.0,0,0,0,0.0,0.0,0.0,0.0
TN-01,0.0,13375.0,92445,22462,69983,66015.0,250.0,10.0,0.0,1228936,2002792,676913,91691.0,674250.0,0.0,1456793.0,0,0,0,0.0,0.0,0.0,0.0
TN-02,0.0,0.0,363437,70914,292523,147163.0,250.0,6415.0,6000.0,2302907,1052623,1978474,1307165.0,137525.0,0.0,14486.0,0,0,0,0.0,0.0,0.0,0.0
TN-03,0.0,0.0,140,70,70,110.0,0.0,30.0,0.0,2330803,4835525,752331,4395.0,642250.0,0.0,0.0,0,0,0,0.0,0.0,0.0,0.0
TN-04,0.0,0.0,52227,3646,56273,32696.0,1250.0,500.0,0.0,524813,524597,366235,1422.0,301000.0,0.0,0.0,0,0,0,0.0,0.0,0.0,0.0
TN-05,0.0,284593.0,2490106,1556521,933585,276422.0,207071.0,0.0,16500.0,590480,67235,585166,113404.0,128000.0,0.0,70369.0,0,0,0,0.0,0.0,0.0,0.0
TN-06,34023.0,38251.0,77511,29240,48271,28186.0,0.0,20.0,0.0,1502905,952186,550719,12060.0,43000.0,0.0,0.0,0,0,0,0.0,0.0,0.0,0.0
TN-07,1658286.0,2781936.0,794111,76888,717223,101545.0,3000.0,190336.0,165000.0,2262074,276506,1985567,416742.0,578005.0,0.0,111317.0,0,0,0,0.0,0.0,0.0,0.0
TN-08,0.0,0.0,0,0,0,0.0,0.0,0.0,0.0,2220455,3118534,1161382,3180.0,1022100.0,0.0,146500.0,0,0,0,0.0,0.0,0.0,0.0
TN-09,22222.0,467582.0,2201980,798929,1403052,1135358.0,32694.0,278.0,0.0,1426525,856613,569912,2534.0,67300.0,1000000.0,1000000.0,0,0,0,0.0,0.0,0.0,0.0
TX-01,0.0,0.0,0,0,0,0.0,0.0,0.0,0.0,1797848,777546,1401248,259260.0,779600.0,0.0,0.0,0,0,0,0.0,0.0,0.0,0.0
TX-02,1842767.0,519477.0,2729677,1469201,1260476,58184.0,1000.0,1961000.0,1961000.0,824450,152935,671515,48980.0,67800.0,13000.0,0.0,0,0,0,0.0,0.0,0.0,0.0
TX-03,0.0,0.0,446506,43878,402628,189126.0,5500.0,75000.0,75581.0,645503,212694,542149,130447.0,178673.0,1851.0,0.0,0,0,0,0.0,0.0,0.0,0.0
TX-04,0.0,0.0,16271,2086,14185,4774.0,0.0,8797.0,8797.0,790505,1097026,353558,2939.0,300080.0,0.0,25000.0,0,0,0,0.0,0.0,0.0,0.0
TX-05,0.0,0.0,20748,4035,16989,298.0,0.0,20000.0,38040.0,1341647,1329417,729587,5258.0,523533.0,0.0,0.0,0,0,0,0.0,0.0,0.0,0.0
TX-06,0.0,34293.0,44283,13638,30645,15583.0,0.0,3125.0,3125.0,4660385,2483402,3272431,447295.0,743635.0,0.0,0.0,0,0,0,0.0,0.0,0.0,0.0
TX-07,0.0,0.0,1426057,1702706,1040012,33174.0,601600.0,0.0,0.0,76578,6342,70236,4337.0,2500.0,3615.0,5077.0,0,0,0,0.0,0.0,0.0,0.0
TX-08,0.0,1744167.0,11974,410,11565,1203.0,0.0,414.0,0.0,2064033,122187,1941845,65062.0,297050.0,650000.0,425000.0,0,0,0,0.0,0.0,0.0,0.0
TX-09,567688.0,5110648.0,55358,18658,36700,9882.0,0.0,500.0,500.0,2080514,362040,1718474,46719.0,259300.0,4850.0,0.0,0,0,0,0.0,0.0,0.0,0.0
TX-10,0.0,1574333.0,363959,92140,271819,124564.0,7850.0,28061.0,0.0,2559185,119627,2439558,9828.0,129146.0,1649822.0,750000.0,0,0,0,0.0,0.0,0.0,0.0
TX-11,0.0,0.0,89281,46790,42491,23743.0,5000.0,5.0,3317.0,3189023,2881724,2631404,269143.0,182500.0,0.0,0.0,0,0,0,0.0,0.0,0.0,0.0
TX-12,0.0,0.0,0,0,0,0.0,0.0,0.0,0.0,1756535,1508861,783571,6852.0,607300.0,0.0,0.0,0,0,0,0.0,0.0,0.0,0.0
TX-13,0.0,0.0,98355,10918,87537,23994.0,750.0,11132.0,0.0,4036265,5410801,2027412,1387595.0,240600.0,0.0,0.0,0,0,0,0.0,0.0,0.0,0.0
TX-14,0.0,0.0,31761,0,31761,2031.0,0.0,27161.0,0.0,972561,921878,671255,2196.0,435611.0,0.0,0.0,0,0,0,0.0,0.0,0.0,0.0
TX-15,1197935.0,0.0,2960462,1155936,1804526,538742.0,243771.0,150300.0,0.0,5273960,2463323,3424607,1334572.0,705285.0,84.0,0.0,0,0,0,0.0,0.0,0.0,0.0
TX-16,0.0,0.0,858766,270455,704156,20769.0,366368.0,0.0,0.0,0,0,0,0.0,0.0,0.0,0.0,0,0,0,0.0,0.0,0.0,0.0
TX-17,0.0,0.0,0,0,0,0.0,0.0,0.0,0.0,1050237,933956,557216,3848.0,516176.0,10.0,0.0,0,0,0,0.0,0.0,0.0,0.0
TX-18,7061640.0,0.0,3637579,156016,3481563,700826.0,234868.0,100.0,0.0,0,0,0,0.0,0.0,0.0,0.0,0,0,0,0.0,0.0,0.0,0.0
TX-19,80633.0,1282423.0,31276,7631,20811,15290.0,1000.0,200.0,0.0,2143025,384766,1758259,8966.0,524039.0,0.0,7624.0,0,0,0,0.0,0.0,0.0,0.0
TX-20,0.0,0.0,514776,154380,499054,40347.0,141000.0,0.0,0.0,48536,21462,27073,4530.0,500.0,31985.0,30135.0,0,0,0,0.0,0.0,0.0,0.0
TX-21,0.0,1118370.0,243839,104069,144128,61473.0,4370.0,0.0,131.0,4177191,461164,3716028,12621.0,299830.0,2750000.0,2750000.0,0,0,0,0.0,0.0,0.0,0.0
TX-22,0.0,141263.0,53761,127,53615,20722.0,6634.0,0.0,0.0,206463,23258,183205,1658.0,86250.0,0.0,0.0,0,0,0,0.0,0.0,0.0,0.0
TX-23,173119.0,40724.0,484915,171373,313542,190351.0,23000.0,9792.0,0.0,1937719,309023,1636736,17445.0,62500.0,420000.0,570000.0,0,0,0,0.0,0.0,0.0,0.0
TX-24,0.0,0.0,0,0,0,0.0,0.0,0.0,0.0,2540738,2873013,1628596,78488.0,1102311.0,0.0,0.0,0,0,0,0.0,0.0,0.0,0.0
TX-25,0.0,0.0,0,0,0,0.0,0.0,0.0,0.0,1424050,1076189,919362,871.0,454978.0,0.0,0.0,0,0,0,0.0,0.0,0.0,0.0
TX-26,0.0,0.0,17227,3807,14623,6426.0,0.0,0.0,0.0,4217213,1411512,2933524,1986111.0,378890.0,0.0,46734.0,0,0,0,0.0,0.0,0.0,0.0
TX-27,0.0,0.0,139788,11311,128665,97140.0,0.0,72.0,29277.0,1062241,271133,927985,323624.0,209250.0,0.0,0.0,0,0,0,0.0,0.0,0.0,0.0
TX-28,10387.0,0.0,2231952,1129604,1150307,44637.0,676066.0,314500.0,301000.0,1399881,768188,631693,121323.0,243000.0,0.0,0.0,0,0,0,0.0,0.0,0.0,0.0
TX-29,522942.0,0.0,987402,200973,1158184,16198.0,650850.0,0.0,0.0,0,0,0,0.0,0.0,0.0,0.0,0,0,0,0.0,0.0,0.0,0.0
TX-30,200000.0,0.0,420153,119776,300377,43295.0,47515.0,0.0,0.0,357415,-21795,379210,191921.0,691.0,2076.0,0.0,0,0,0,0.0,0.0,0.0,0.0
TX-31,0.0,55000.0,123522,17400,106122,29233.0,7000.0,42642.0,58737.0,1419042,170827,1289654,2908.0,482311.0,0.0,0.0,0,0,0,0.0,0.0,0.0,0.0
TX-32,2125.0,1542372.0,58931,0,104350,0.0,0.0,0.0,0.0,865911,125412,740499,64980.0,184000.0,207000.0,207000.0,0,0,0,0.0,0.0,0.0,0.0
TX-33,50000.0,0.0,7431941,159887,7272054,1572614.0,62550.0,0.0,0.0,0,0,0,0.0,0.0,0.0,0.0,0,0,0,0.0,0.0,0.0,0.0
TX-34,1606.0,524573.0,3773915,2532412,1523563,179284.0,1311850.0,0.0,425000.0,2874990,686332,2188633,457943.0,361479.0,577245.0,591622.0,0,0,0,0.0,0.0,0.0,0.0
TX-35,3507019.0,2465913.0,931699,323108,608591,282789.0,214729.0,0.0,0.0,1048751,272389,776362,241683.0,195000.0,53000.0,116500.0,0,0,0,0.0,0.0,0.0,0.0
TX-36,0.0,0.0,0,0,0,0.0,0.0,0.0,4797.0,1006944,908646,744500,3949.0,432302.0,0.0,0.0,0,0,0,0.0,0.0,0.0,0.0
TX-37,0.0,0.0,1172881,597005,946714,266992.0,251220.0,0.0,10000.0,117890,770,117120,99745.0,0.0,0.0,0.0,0,0,0,0.0,0.0,0.0,0.0
TX-38,43939.0,662527.0,66929,43939,45689,12712.0,1500.0,28042.0,113240.0,1644127,89133,1554994,25840.0,173125.0,351231.0,330000.0,0,0,0,0.0,0.0,0.0,0.0
UT-01,2434219.0,0.0,2262255,299350,1977908,223153.0,193291.0,0.0,0.0,132533,9568,122965,3234.0,4000.0,30000.0,0.0,0,0,0,0.0,0.0,0.0,0.0
UT-02,520898.0,521354.0,60225,23283,31698,22930.0,0.0,175.0,0.0,2536636,1886962,2183697,6329.0,1421500.0,0.0,0.0,0,0,0,0.0,0.0,0.0,0.0
UT-03,300000.0,1328557.0,47533,13335,34198,0.0,131.0,20.0,1534.0,1453861,322379,1238503,7393.0,672923.0,0.0,0.0,0,0,0,0.0,0.0,0.0,0.0
UT-04,0.0,0.0,53579,1129,52450,7510.0,450.0,36155.0,35222.0,971392,391557,705038,3919.0,494000.0,0.0,225000.0,0,0,0,0.0,0.0,0.0,0.0
VA-01,466204.0,0.0,2054507,1181300,873207,315253.0,335015.0,0.0,0.0,4016190,4269831,1122239,53727.0,1169350.0,0.0,0.0,0,0,0,0.0,0.0,0.0,0.0
VA-02,0.0,90978.0,4443281,3565596,877685,535422.0,385658.0,8010.0,5526.0,5843429,3592183,2296724,766026.0,1254101.0,0.0,153170.0,0,0,0,0.0,0.0,0.0,0.0
VA-03,0.0,0.0,659665,169258,653271,26417.0,299381.0,0.0,3191.0,0,0,0,0.0,0.0,0.0,0.0,0,0,0,0.0,0.0,0.0,0.0
VA-04,0.0,0.0,1124945,192447,986600,77595.0,603300.0,0.0,0.0,0,0,0,0.0,0.0,0.0,0.0,0,0,0,0.0,0.0,0.0,0.0
VA-05,0.0,0.0,2095712,1536941,558771,202562.0,101850.0,13111.0,0.0,1746971,565242,1215947,437911.0,410887.0,0.0,41488.0,0,0,0,0.0,0.0,0.0,0.0
VA-06,0.0,6348.0,1590045,830689,762356,428204.0,39250.0,0.0,0.0,1413562,769639,972245,39499.0,596760.0,0.0,0.0,0,0,0,0.0,0.0,0.0,0.0
VA-07,180667.0,0.0,12056375,6661974,5529335,6305885.0,810699.0,716.0,0.0,392454,102338,290116,18093.0,9500.0,0.0,0.0,0,0,0,0.0,0.0,0.0,0.0
VA-08,0.0,0.0,2086520,864385,1779198,97725.0,562250.0,0.0,0.0,3300,1317,2262,800.0,0.0,2500.0,0.0,0,0,0,0.0,0.0,0.0,0.0
VA-09,0.0,0.0,53280,5343,47937,13409.0,3600.0,2975.0,0.0,1828839,973867,1318861,18255.0,1224589.0,0.0,0.0,0,0,0,0.0,0.0,0.0,0.0
VA-10,0.0,0.0,1153226,609264,634796,84375.0,320985.0,2171.0,0.0,223056,2832,220224,1244.0,0.0,213621.0,221828.0,0,0,0,0.0,0.0,0.0,0.0
VA-11,1012792.0,6880.0,2725747,968203,1757544,386987.0,928069.0,0.0,0.0,268077,0,268077,33810.0,13250.0,6427.0,0.0,0,0,0,0.0,0.0,0.0,0.0
VT-01,0.0,0.0,911064,598648,458178,202105.0,263029.0,0.0,1958.0,34786,9649,16067,2909.0,0.0,20897.0,114000.0,0,0,0,0.0,0.0,0.0,0.0
WA-01,56560.0,0.0,3472358,1595476,2940603,746909.0,1453493.0,0.0,495000.0,0,0,0,0.0,0.0,0.0,0.0,0,0,0,0.0,0.0,0.0,0.0
WA-02,0.0,0.0,1992847,669645,1570639,117741.0,1131325.0,0.0,0.0,0,0,0,0.0,0.0,0.0,0.0,0,0,0,0.0,0.0,0.0,0.0
WA-03,232898.0,0.0,6183270,3905263,2304467,269673.0,833083.0,0.0,0.0,1980862,1450415,530448,195667.0,276345.0,11434.0,600.0,0,0,0,0.0,0.0,0.0,0.0
WA-04,0.0,0.0,168109,51014,117032,50216.0,7000.0,887.0,600.0,565896,129704,511195,140371.0,1000.0,309468.0,483236.0,0,0,0,0.0,0.0,0.0,0.0
WA-05,372080.0,49205.0,387475,167895,232722,85575.0,13100.0,9941.0,5938.0,1709514,1084882,816197,181662.0,358450.0,0.0,0.0,0,0,0,0.0,0.0,0.0,0.0
WA-06,0.0,0.0,1175421,233739,969554,226023.0,310706.0,0.0,0.0,22907,957,21950,6789.0,1000.0,7025.0,11624.0,0,0,0,0.0,0.0,0.0,0.0
WA-07,0.0,0.0,2474297,1884718,2602304,992779.0,279613.0,0.0,0.0,0,0,0,0.0,0.0,0.0,0.0,0,0,0,0.0,0.0,0.0,0.0
WA-08,52520.0,0.0,2931993,3450508,1303108,197673.0,886050.0,0.0,0.0,154590,37815,116775,42405.0,0.0,28479.0,17935.0,0,0,0,0.0,0.0,0.0,0.0
WA-09,0.0,0.0,1812862,1170946,1212669,90638.0,557165.0,0.0,0.0,0,0,0,0.0,0.0,0.0,0.0,0,0,0,0.0,0.0,0.0,0.0
WA-10,51510.0,0.0,1511304,677498,1414394,65724.0,667380.0,0.0,50000.0,0,0,0,0.0,0.0,0.0,0.0,0,0,0,0.0,0.0,0.0,0.0
WI-01,0.0,0.0,653922,220682,433240,323307.0,19500.0,0.0,0.0,5302289,6177414,1344045,237976.0,1601877.0,0.0,0.0,0,0,0,0.0,0.0,0.0,0.0
WI-02,0.0,0.0,777289,863539,915967,122378.0,378160.0,0.0,0.0,2840,0,3415,50.0,0.0,2790.0,0.0,0,0,0,0.0,0.0,0.0,0.0
WI-03,12898.0,153880.0,8305020,2456680,5858479,2571458.0,517475.0,0.0,0.0,7289146,4684610,3121342,1521194.0,982742.0,0.0,210098.0,0,0,0,0.0,0.0,0.0,0.0
WI-04,0.0,0.0,1029973,45491,1006730,34632.0,652491.0,668.0,6000.0,0,4718,1893,0.0,0.0,0.0,0.0,0,0,0,0.0,0.0,0.0,0.0
WI-05,0.0,0.0,14612,3158,11590,3829.0,0.0,1625.0,425.0,1345665,1314848,868423,44770.0,857100.0,0.0,0.0,0,0,0,0.0,0.0,0.0,0.0
WI-06,0.0,0.0,44015,0,44015,16501.0,1250.0,22050.0,19143.0,865241,803602,584128,91013.0,271500.0,0.0,139110.0,0,0,0,0.0,0.0,0.0,0.0
WI-07,0.0,0.0,392760,165680,227080,107517.0,6500.0,5030.0,5000.0,3403946,0,3403946,4639.0,0.0,3240366.0,0.0,0,0,0,0.0,0.0,0.0,0.0
WI-08,0.0,0.0,132784,18853,113931,42007.0,0.0,40100.0,25000.0,1044881,500919,589193,91948.0,576150.0,0.0,614226.0,0,0,0,0.0,0.0,0.0,0.0
WV-01,0.0,0.0,258330,258330,0,1480.0,0.0,240000.0,240000.0,1746898,604379,1382061,2971.0,1232139.0,0.0,417993.0,0,0,0,0.0,0.0,0.0,0.0
WV-02,0.0,0.0,134245,43669,90575,33670.0,1000.0,60.0,0.0,1325162,751072,697053,204309.0,522450.0,0.0,60882.0,0,0,0,0.0,0.0,0.0,0.0
WY-01,0.0,36970.0,13270,2686,11214,4555.0,0.0,0.0,7360.0,1378842,526477,852365,10563.0,2500.0,1147000.0,1147000.0,0,0,0,0.0,0.0,0.0,0.0
