race_code,dem_outside,rep_outside,dem_funds,dem_coh,dem_spent,dem_small,dem_pac,dem_self,dem_debt,rep_funds,rep_coh,rep_spent,rep_small,rep_pac,rep_self,rep_debt,ind_funds,ind_coh,ind_spent,ind_small,ind_pac,ind_self,ind_debt
AK-SEN,14832891.0,19709971.0,18545132.0,4636755.0,13908377.0,6750626.0,603646.0,0.0,0.0,9136967.0,7295069.0,3932803.0,558386.0,1998758.0,0.0,0.0,0.0,0.0,0.0,0.0,0.0,0.0,0.0
AL-SEN,3019.0,17142534.0,80555.0,18283.0,62272.0,1561.0,0.0,70643.0,70643.0,3787330.0,627788.0,3284673.0,346554.0,881598.0,50000.0,360928.0,0.0,0.0,0.0,0.0,0.0,0.0,0.0
AR-SEN,0.0,3690250.0,2269114.0,863578.0,1405536.0,807603.0,20060.0,0.0,0.0,6233117.0,9931885.0,3752101.0,552197.0,1191500.0,0.0,73959.0,28778.0,8469.0,20309.0,999.0,0.0,21029.0,0.0
CO-SEN,510004.0,0.0,8119380.0,2083870.0,7471143.0,1302169.0,958273.0,0.0,0.0,138147.0,50021.0,88913.0,28371.0,999.0,2200.0,0.0,1270007.0,1044358.0,225649.0,1507.0,0.0,1250000.0,150000.0
DE-SEN,11559.0,0.0,4168081.0,4793384.0,1559897.0,60175.0,1408377.0,0.0,0.0,159367.0,98413.0,60954.0,5698.0,300.0,129260.0,129250.0,0.0,0.0,0.0,0.0,0.0,0.0,0.0
FL-SEN,52180.0,3297011.0,974845.0,264978.0,709866.0,576840.0,0.0,0.0,0.0,11270805.0,8491175.0,2779629.0,1529142.0,2083000.0,0.0,0.0,0.0,0.0,0.0,0.0,0.0,0.0,0.0
GA-SEN,4803409.0,10174653.0,77279766.0,42587451.0,39682882.0,39110515.0,931316.0,0.0,0.0,7409350.0,2079981.0,5932539.0,2085895.0,495632.0,65000.0,461916.0,0.0,0.0,0.0,0.0,0.0,0.0,0.0
IA-SEN,25971778.0,32223523.0,6276527.0,2362314.0,3914213.0,2726556.0,440127.0,0.0,0.0,10217845.0,6749491.0,5396429.0,1052135.0,2232367.0,0.0,0.0,31908.0,8334.0,38131.0,7044.0,0.0,196.0,0.0
ID-SEN,0.0,0.0,0.0,0.0,0.0,0.0,0.0,0.0,0.0,3357516.0,3535956.0,2241925.0,139910.0,959329.0,0.0,0.0,692245.0,194226.0,506311.0,115721.0,10000.0,10500.0,0.0
IL-SEN,10437456.0,11068156.0,5906599.0,1107958.0,4798641.0,1182892.0,426634.0,0.0,0.0,2459890.0,1512424.0,947466.0,27050.0,12325.0,2000000.0,2000000.0,100702.0,3751.0,96951.0,11358.0,0.0,66749.0,64050.0
KS-SEN,8280939.0,2229575.0,4169078.0,1730621.0,2438457.0,767189.0,17500.0,50050.0,50000.0,4009075.0,5388078.0,326015.0,151384.0,1555250.0,0.0,0.0,0.0,0.0,0.0,0.0,0.0,0.0,0.0
KY-SEN,8306596.0,6980575.0,1099509.0,309623.0,789887.0,654554.0,24750.0,0.0,89868.0,9981055.0,2305546.0,11368587.0,729356.0,1995311.0,0.0,0.0,0.0,0.0,0.0,0.0,0.0,0.0,0.0
LA-SEN,10861766.0,12599855.0,1983548.0,479104.0,1504444.0,1699034.0,0.0,10000.0,10000.0,6210122.0,1427072.0,4783049.0,127995.0,824000.0,0.0,0.0,0.0,0.0,0.0,0.0,0.0,0.0,0.0
MA-SEN,42917.0,3329005.0,5352148.0,1348676.0,5814159.0,804613.0,589250.0,0.0,0.0,1561360.0,712417.0,848943.0,71926.0,5775.0,1053414.0,1005000.0,285486.0,131229.0,153114.0,16455.0,0.0,10832.0,0.0
ME-SEN,12091398.0,32189105.0,0.0,0.0,0.0,0.0,0.0,0.0,0.0,16169827.0,11038115.0,7708021.0,1425763.0,1263550.0,0.0,0.0,0.0,0.0,0.0,0.0,0.0,0.0,0.0
MI-SEN,21785066.0,83151526.0,14514336.0,2552763.0,11961573.0,4142626.0,71845.0,0.0,0.0,10898177.0,4473237.0,6680643.0,2220167.0,849227.0,0.0,0.0,0.0,0.0,0.0,0.0,0.0,0.0,0.0
MN-SEN,1746564.0,8552529.0,6517348.0,1058604.0,5458744.0,2913200.0,177992.0,7000.0,0.0,5337942.0,1372728.0,3965545.0,2464154.0,229000.0,7878.0,294847.0,1257.0,1257.0,0.0,257.0,0.0,0.0,0.0
MS-SEN,3057344.0,593173.0,2384921.0,847046.0,1537875.0,351461.0,312330.0,25193.0,61083.0,3825455.0,2535896.0,1759323.0,98642.0,1182050.0,0.0,60000.0,98038.0,5352.0,98301.0,64618.0,0.0,0.0,0.0
MT-SEN,5410157.0,3322855.0,58829.0,21485.0,37011.0,18727.0,6627.0,6522.0,0.0,1984861.0,1450719.0,534142.0,88310.0,639500.0,0.0,0.0,3238151.0,977779.0,2260371.0,369366.0,93050.0,0.0,0.0
NC-SEN,20248728.0,40215248.0,34975789.0,20717567.0,14258222.0,4748620.0,820563.0,0.0,0.0,11272504.0,3461698.0,7810806.0,1775437.0,936330.0,0.0,46928.0,25276.0,10027.0,16990.0,655.0,1740.0,20000.0,20000.0
NE-SEN,3310432.0,1732682.0,0.0,0.0,0.0,0.0,0.0,0.0,0.0,11233507.0,6910970.0,4809506.0,232136.0,1701815.0,5295888.0,0.0,5751951.0,2421487.0,3393630.0,2195423.0,139868.0,0.0,0.0
NH-SEN,5534809.0,15602440.0,15384657.0,4251918.0,11540323.0,4743838.0,1106373.0,0.0,0.0,4180252.0,3070033.0,1110715.0,507446.0,479000.0,0.0,0.0,0.0,0.0,0.0,0.0,0.0,0.0,0.0
NJ-SEN,0.0,0.0,18869341.0,23060940.0,7000887.0,8440493.0,500530.0,0.0,0.0,27316.0,123.0,26297.0,7240.0,650.0,4932.0,8782.0,0.0,0.0,0.0,0.0,0.0,0.0,0.0
NM-SEN,0.0,0.0,5626629.0,4396754.0,2443668.0,1158566.0,1738346.0,0.0,0.0,33525.0,11850.0,21675.0,1065.0,5000.0,0.0,0.0,0.0,0.0,0.0,0.0,0.0,0.0,0.0
OH-SEN,20839892.0,58922137.0,38566234.0,16229741.0,22336493.0,13527788.0,861223.0,0.0,0.0,14360028.0,9419311.0,4940716.0,1843640.0,2382560.0,0.0,0.0,80348.0,25971.0,56132.0,37445.0,0.0,0.0,0.0
OK-SEN,0.0,2428319.0,57159.0,456.0,57639.0,41107.0,0.0,0.0,0.0,9953579.0,2491910.0,7461669.0,132138.0,761500.0,5050000.0,0.0,8713.0,162.0,8551.0,25.0,0.0,188.0,0.0
OR-SEN,0.0,0.0,4540974.0,6828404.0,1979569.0,1059223.0,477520.0,0.0,0.0,120760.0,28980.0,91781.0,34621.0,11000.0,0.0,8156.0,0.0,0.0,0.0,0.0,0.0,0.0,0.0
RI-SEN,0.0,0.0,3381651.0,3093684.0,1876160.0,30579.0,1140100.0,0.0,0.0,180468.0,7569.0,173238.0,69332.0,1600.0,1.0,690.0,5050.0,2206.0,2844.0,0.0,0.0,5050.0,5050.0
SC-SEN,425008.0,5841635.0,10804040.0,4119295.0,6684746.0,6474403.0,104955.0,0.0,1025357.0,346783.0,251431.0,95351.0,50733.0,47000.0,0.0,0.0,17264.0,2607.0,14658.0,2660.0,0.0,8389.0,894.0
SD-SEN,0.0,586948.0,0.0,0.0,0.0,0.0,0.0,0.0,0.0,3176451.0,2736664.0,2309816.0,36975.0,1443800.0,0.0,0.0,782050.0,51406.0,730644.0,474153.0,5000.0,0.0,0.0
TN-SEN,0.0,782360.0,2257.0,1043.0,1293.0,2007.0,0.0,0.0,0.0,7162897.0,5234429.0,3855937.0,958119.0,1545200.0,0.0,0.0,9149.0,500.0,9149.0,0.0,0.0,9149.0,0.0
TX-SEN,39363610.0,119162429.0,68560930.0,21548155.0,47012775.0,36716518.0,348408.0,0.0,0.0,9248699.0,1755783.0,7492915.0,1764118.0,219500.0,0.0,0.0,7460.0,1151.0,6376.0,1310.0,0.0,5000.0,0.0
VA-SEN,150000.0,0.0,17889335.0,16114725.0,7327844.0,2953209.0,2117795.0,0.0,0.0,418742.0,90328.0,328750.0,122597.0,5000.0,171454.0,50783.0,0.0,0.0,0.0,0.0,0.0,0.0,0.0
WV-SEN,0.0,386725.0,49913.0,22129.0,34780.0,14901.0,100.0,7890.0,0.0,4624145.0,4377201.0,2558310.0,84240.0,1742755.0,0.0,0.0,2420.0,499.0,1921.0,217.0,0.0,1953.0,0.0
WY-SEN,0.0,1042710.0,22559.0,356.0,23293.0,5589.0,0.0,1000.0,0.0,2435023.0,915369.0,2402617.0,598315.0,581700.0,0.0,0.0,0.0,0.0,0.0,0.0,0.0,0.0,0.0
AK-GOV,0.0,0.0,0.0,0.0,0.0,0.0,0.0,0.0,0.0,0.0,0.0,0.0,0.0,0.0,0.0,0.0,0.0,0.0,0.0,0.0,0.0,0.0,0.0
AL-GOV,0.0,0.0,0.0,0.0,0.0,0.0,0.0,0.0,0.0,13792994.0,0.0,0.0,0.0,0.0,0.0,0.0,0.0,0.0,0.0,0.0,0.0,0.0,0.0
AR-GOV,0.0,0.0,0.0,0.0,0.0,0.0,0.0,0.0,0.0,0.0,0.0,0.0,0.0,0.0,0.0,0.0,0.0,0.0,0.0,0.0,0.0,0.0,0.0
AZ-GOV,0.0,0.0,9827820.0,0.0,0.0,0.0,0.0,0.0,0.0,2787170.0,0.0,0.0,0.0,0.0,0.0,0.0,21500.0,0.0,0.0,0.0,0.0,0.0,0.0
CA-GOV,0.0,0.0,24217949.0,10580853.0,0.0,0.0,0.0,0.0,0.0,17445485.0,2163517.0,0.0,0.0,0.0,0.0,0.0,0.0,0.0,0.0,0.0,0.0,0.0,0.0
CO-GOV,0.0,0.0,6951032.0,0.0,0.0,0.0,0.0,0.0,0.0,2935521.0,0.0,0.0,0.0,0.0,0.0,0.0,84692.0,0.0,0.0,0.0,0.0,0.0,0.0
CT-GOV,0.0,0.0,0.0,0.0,0.0,0.0,0.0,0.0,0.0,0.0,0.0,0.0,0.0,0.0,0.0,0.0,0.0,0.0,0.0,0.0,0.0,0.0,0.0
FL-GOV,0.0,0.0,5531882.0,0.0,0.0,0.0,0.0,0.0,0.0,99442171.0,0.0,0.0,0.0,0.0,0.0,0.0,4440.0,0.0,0.0,0.0,0.0,0.0,0.0
GA-GOV,0.0,0.0,5774631.0,0.0,0.0,0.0,0.0,0.0,0.0,118984243.0,0.0,0.0,0.0,0.0,0.0,0.0,0.0,0.0,0.0,0.0,0.0,0.0,0.0
HI-GOV,0.0,0.0,0.0,0.0,0.0,0.0,0.0,0.0,0.0,0.0,0.0,0.0,0.0,0.0,0.0,0.0,0.0,0.0,0.0,0.0,0.0,0.0,0.0
IA-GOV,0.0,0.0,19860206.0,0.0,0.0,0.0,0.0,0.0,0.0,1218702.0,0.0,0.0,0.0,0.0,0.0,0.0,0.0,0.0,0.0,0.0,0.0,0.0,0.0
ID-GOV,0.0,0.0,136953.0,0.0,0.0,0.0,0.0,0.0,0.0,2057743.0,0.0,0.0,0.0,0.0,0.0,0.0,310.0,0.0,0.0,0.0,0.0,0.0,0.0
IL-GOV,0.0,0.0,25619035.0,3141018.0,0.0,0.0,0.0,0.0,0.0,2166962.0,127990.0,0.0,0.0,0.0,0.0,0.0,60603.0,379163.0,0.0,0.0,0.0,0.0,0.0
KS-GOV,0.0,0.0,0.0,0.0,0.0,0.0,0.0,0.0,0.0,0.0,0.0,0.0,0.0,0.0,0.0,0.0,0.0,0.0,0.0,0.0,0.0,0.0,0.0
MA-GOV,0.0,0.0,0.0,0.0,0.0,0.0,0.0,0.0,0.0,0.0,0.0,0.0,0.0,0.0,0.0,0.0,0.0,0.0,0.0,0.0,0.0,0.0,0.0
MD-GOV,0.0,0.0,0.0,0.0,0.0,0.0,0.0,0.0,0.0,0.0,0.0,0.0,0.0,0.0,0.0,0.0,0.0,0.0,0.0,0.0,0.0,0.0,0.0
ME-GOV,0.0,0.0,0.0,0.0,0.0,0.0,0.0,0.0,0.0,0.0,0.0,0.0,0.0,0.0,0.0,0.0,0.0,0.0,0.0,0.0,0.0,0.0,0.0
MI-GOV,0.0,0.0,5958887.0,0.0,0.0,0.0,0.0,0.0,0.0,4492470.0,0.0,0.0,0.0,0.0,0.0,0.0,13682.0,0.0,0.0,0.0,0.0,0.0,0.0
MN-GOV,0.0,0.0,9312380.0,4480911.0,0.0,0.0,0.0,0.0,0.0,1102119.0,457944.0,0.0,0.0,0.0,0.0,0.0,0.0,0.0,0.0,0.0,0.0,0.0,0.0
NE-GOV,0.0,0.0,0.0,0.0,0.0,0.0,0.0,0.0,0.0,0.0,0.0,0.0,0.0,0.0,0.0,0.0,0.0,0.0,0.0,0.0,0.0,0.0,0.0
NH-GOV,0.0,0.0,908163.0,0.0,0.0,0.0,0.0,0.0,0.0,6079166.0,0.0,0.0,0.0,0.0,0.0,0.0,2525.0,0.0,0.0,0.0,0.0,0.0,0.0
NM-GOV,0.0,0.0,13910580.0,0.0,0.0,0.0,0.0,0.0,0.0,987856.0,0.0,0.0,0.0,0.0,0.0,0.0,0.0,0.0,0.0,0.0,0.0,0.0,0.0
NV-GOV,0.0,0.0,4285307.0,0.0,0.0,0.0,0.0,0.0,0.0,2275075.0,0.0,0.0,0.0,0.0,0.0,0.0,0.0,0.0,0.0,0.0,0.0,0.0,0.0
NY-GOV,0.0,0.0,16594119.0,0.0,0.0,0.0,0.0,0.0,0.0,13445025.0,0.0,0.0,0.0,0.0,0.0,0.0,0.0,0.0,0.0,0.0,0.0,0.0,0.0
OH-GOV,0.0,0.0,15928993.0,0.0,0.0,0.0,0.0,0.0,0.0,30306297.0,0.0,0.0,0.0,0.0,0.0,0.0,1250.0,0.0,0.0,0.0,0.0,0.0,0.0
OK-GOV,0.0,0.0,0.0,0.0,0.0,0.0,0.0,0.0,0.0,0.0,0.0,0.0,0.0,0.0,0.0,0.0,0.0,0.0,0.0,0.0,0.0,0.0,0.0
OR-GOV,0.0,0.0,0.0,0.0,0.0,0.0,0.0,0.0,0.0,0.0,0.0,0.0,0.0,0.0,0.0,0.0,0.0,0.0,0.0,0.0,0.0,0.0,0.0
PA-GOV,0.0,0.0,34960533.0,0.0,0.0,0.0,0.0,0.0,0.0,2545436.0,0.0,0.0,0.0,0.0,0.0,0.0,0.0,0.0,0.0,0.0,0.0,0.0,0.0
RI-GOV,0.0,0.0,0.0,0.0,0.0,0.0,0.0,0.0,0.0,0.0,0.0,0.0,0.0,0.0,0.0,0.0,0.0,0.0,0.0,0.0,0.0,0.0,0.0
SC-GOV,0.0,0.0,753609.0,0.0,0.0,0.0,0.0,0.0,0.0,62585.0,0.0,0.0,0.0,0.0,0.0,0.0,0.0,0.0,0.0,0.0,0.0,0.0,0.0
SD-GOV,0.0,0.0,0.0,0.0,0.0,0.0,0.0,0.0,0.0,0.0,0.0,0.0,0.0,0.0,0.0,0.0,0.0,0.0,0.0,0.0,0.0,0.0,0.0
TN-GOV,0.0,0.0,0.0,0.0,0.0,0.0,0.0,0.0,0.0,0.0,0.0,0.0,0.0,0.0,0.0,0.0,0.0,0.0,0.0,0.0,0.0,0.0,0.0
TX-GOV,0.0,0.0,8433631.0,3002416.0,0.0,0.0,0.0,0.0,0.0,71176238.0,67461299.0,0.0,0.0,0.0,0.0,0.0,13283.0,6374.0,0.0,0.0,0.0,0.0,0.0
VT-GOV,0.0,0.0,0.0,0.0,0.0,0.0,0.0,0.0,0.0,0.0,0.0,0.0,0.0,0.0,0.0,0.0,0.0,0.0,0.0,0.0,0.0,0.0,0.0
WI-GOV,0.0,0.0,1426778.0,0.0,0.0,0.0,0.0,0.0,0.0,15315779.0,0.0,0.0,0.0,0.0,0.0,0.0,0.0,0.0,0.0,0.0,0.0,0.0,0.0
WY-GOV,0.0,0.0,0.0,0.0,0.0,0.0,0.0,0.0,0.0,1673103.0,0.0,0.0,0.0,0.0,0.0,0.0,0.0,0.0,0.0,0.0,0.0,0.0,0.0
AK-01,1377636.0,2111596.0,0.0,0.0,0.0,0.0,0.0,0.0,0.0,5470446.0,3119158.0,2455619.0,1108897.0,1033577.0,0.0,225764.0,1336292.0,515886.0,820406.0,233665.0,62050.0,0.0,0.0
AL-01,0.0,547042.0,85968.0,28030.0,57938.0,44055.0,2000.0,0.0,0.0,1162583.0,366616.0,865257.0,45133.0,303059.0,0.0,254536.0,0.0,0.0,0.0,0.0,0.0,0.0,0.0
AL-02,115235.0,3802941.0,1355789.0,662600.0,716297.0,167493.0,830380.0,0.0,12000.0,1318574.0,187718.0,1130856.0,8808.0,188469.0,0.0,0.0,0.0,0.0,0.0,0.0,0.0,0.0,0.0
AL-03,3435.0,0.0,60787.0,9462.0,28900.0,17227.0,0.0,0.0,0.0,2133554.0,2590964.0,1464925.0,8029.0,735704.0,0.0,0.0,0.0,0.0,0.0,0.0,0.0,0.0,0.0
AL-04,0.0,0.0,15591.0,396.0,14624.0,7452.0,0.0,0.0,12000.0,1022664.0,749660.0,1239901.0,9102.0,422278.0,0.0,0.0,0.0,0.0,0.0,0.0,0.0,0.0,0.0
AL-05,0.0,0.0,646512.0,169720.0,476792.0,73555.0,2350.0,20000.0,0.0,1477819.0,1424334.0,682462.0,6635.0,631300.0,0.0,240000.0,0.0,0.0,0.0,0.0,0.0,0.0,0.0
AL-06,0.0,131018.0,6539.0,1863.0,4676.0,3680.0,0.0,0.0,0.0,1053566.0,260721.0,946083.0,806.0,464000.0,0.0,0.0,0.0,0.0,0.0,0.0,0.0,0.0,0.0
AL-07,0.0,0.0,1961991.0,3754350.0,1678202.0,67584.0,1589750.0,0.0,0.0,150730.0,115936.0,34794.0,522.0,0.0,100000.0,100000.0,0.0,0.0,0.0,0.0,0.0,0.0,0.0
AR-01,0.0,0.0,65149.0,11958.0,53192.0,13695.0,4900.0,14395.0,17838.0,944302.0,1031631.0,743498.0,12107.0,557750.0,0.0,0.0,0.0,0.0,0.0,0.0,0.0,0.0,0.0
AR-02,0.0,835308.0,1174414.0,191398.0,983016.0,303345.0,27750.0,0.0,17801.0,4421510.0,2967541.0,2830321.0,28686.0,1457367.0,0.0,0.0,0.0,0.0,0.0,0.0,0.0,0.0,0.0
AR-03,0.0,0.0,120526.0,5951.0,114576.0,57841.0,5886.0,250.0,20588.0,1871761.0,2404276.0,1183378.0,27541.0,877500.0,0.0,0.0,0.0,0.0,0.0,0.0,0.0,0.0,0.0
AR-04,0.0,0.0,5853.0,907.0,5628.0,1762.0,1500.0,0.0,1052.0,2562973.0,4668447.0,928087.0,38088.0,1053550.0,0.0,0.0,0.0,0.0,0.0,0.0,0.0,0.0,0.0
AZ-01,1371834.0,4145408.0,1830193.0,401745.0,1520251.0,205293.0,146250.0,430655.0,210070.0,2528497.0,794475.0,1734022.0,28573.0,328330.0,330000.0,330000.0,8941.0,634.0,8307.0,35.0,0.0,1656.0,871.0
AZ-02,908669.0,748879.0,3519760.0,1910990.0,1674073.0,1473633.0,213271.0,0.0,0.0,9481428.0,2841745.0,6957053.0,3385826.0,86500.0,0.0,0.0,0.0,0.0,0.0,0.0,0.0,0.0,0.0
AZ-03,0.0,0.0,1436333.0,547321.0,899423.0,145331.0,226033.0,65705.0,70000.0,0.0,0.0,0.0,0.0,0.0,0.0,0.0,523.0,0.0,523.0,0.0,0.0,523.0,0.0
AZ-04,422716.0,0.0,2117114.0,2020289.0,1112556.0,90792.0,638763.0,0.0,0.0,564641.0,341651.0,222990.0,24225.0,5000.0,10000.0,0.0,0.0,0.0,0.0,0.0,0.0,0.0,0.0
AZ-05,0.0,325479.0,153111.0,26740.0,126371.0,65653.0,0.0,5000.0,5000.0,1222217.0,243426.0,978791.0,514699.0,70400.0,40047.0,0.0,0.0,0.0,0.0,0.0,0.0,0.0,0.0
AZ-06,1927929.0,754865.0,7354808.0,3260877.0,4093932.0,2800193.0,516802.0,0.0,3300.0,6172867.0,4135163.0,2274265.0,500509.0,1655410.0,0.0,0.0,10500.0,0.0,10500.0,0.0,0.0,0.0,0.0
AZ-07,817317.0,195587.0,2285639.0,427977.0,1857663.0,1015921.0,435939.0,0.0,0.0,224367.0,11399.0,213560.0,16901.0,2000.0,175207.0,144120.0,0.0,0.0,0.0,0.0,0.0,0.0,0.0
AZ-08,0.0,0.0,209358.0,190394.0,17589.0,165308.0,100.0,0.0,0.0,1206361.0,384185.0,858585.0,213882.0,269960.0,0.0,103414.0,0.0,0.0,0.0,0.0,0.0,0.0,0.0
AZ-09,0.0,0.0,354383.0,25745.0,332316.0,306781.0,0.0,250.0,0.0,580042.0,303214.0,368426.0,127935.0,85000.0,0.0,6958.0,0.0,0.0,0.0,0.0,0.0,0.0,0.0
CA-01,474065.0,0.0,1827711.0,152606.0,1675105.0,483160.0,300070.0,0.0,0.0,1488906.0,332899.0,1156006.0,74465.0,282863.0,0.0,33633.0,0.0,0.0,0.0,0.0,0.0,0.0,0.0
CA-02,0.0,0.0,978277.0,1076703.0,886217.0,55444.0,316245.0,0.0,2131.0,0.0,0.0,0.0,0.0,0.0,0.0,0.0,0.0,0.0,0.0,0.0,0.0,0.0,0.0
CA-03,0.0,0.0,1250126.0,1830338.0,1293160.0,51066.0,649068.0,0.0,105000.0,258139.0,16000.0,242139.0,6749.0,0.0,205000.0,205000.0,0.0,0.0,0.0,0.0,0.0,0.0,0.0
CA-04,1150453.0,3825093.0,4204013.0,1075737.0,4337765.0,197819.0,1849646.0,0.0,37712.0,0.0,0.0,0.0,0.0,0.0,0.0,0.0,0.0,0.0,0.0,0.0,0.0,0.0,0.0
CA-05,0.0,0.0,361735.0,89452.0,272284.0,141932.0,18750.0,0.0,27146.0,928788.0,201472.0,875521.0,112113.0,156551.0,0.0,5106.0,0.0,0.0,0.0,0.0,0.0,0.0,0.0
CA-06,3060606.0,367646.0,1098283.0,359132.0,739151.0,241251.0,308198.0,0.0,117141.0,2988805.0,2123953.0,1245831.0,433049.0,361391.0,15.0,6225.0,0.0,0.0,0.0,0.0,0.0,0.0,0.0
CA-07,1094697.0,412161.0,1086084.0,105536.0,980548.0,248455.0,53827.0,0.0,19908.0,0.0,0.0,0.0,0.0,0.0,0.0,0.0,0.0,0.0,0.0,0.0,0.0,0.0,0.0
CA-08,0.0,0.0,489135.0,1196018.0,557834.0,7559.0,334500.0,0.0,0.0,8576.0,1541.0,8073.0,1628.0,0.0,25.0,31273.0,0.0,0.0,0.0,0.0,0.0,0.0,0.0
CA-09,0.0,0.0,4083528.0,4739488.0,1032871.0,377932.0,508815.0,0.0,0.0,52178.0,18738.0,33569.0,3149.0,19882.0,0.0,23491.0,0.0,0.0,0.0,0.0,0.0,0.0,0.0
CA-10,0.0,0.0,567258.0,586497.0,609748.0,40092.0,304983.0,0.0,0.0,0.0,0.0,0.0,0.0,0.0,0.0,0.0,0.0,0.0,0.0,0.0,0.0,0.0,0.0
CA-11,1657500.0,41145.0,4561120.0,1234692.0,3326428.0,159240.0,93676.0,0.0,157267.0,0.0,0.0,0.0,0.0,0.0,0.0,0.0,0.0,0.0,0.0,0.0,0.0,0.0,0.0
CA-12,111599.0,0.0,1449191.0,777590.0,957256.0,85221.0,261421.0,0.0,0.0,0.0,0.0,0.0,0.0,0.0,0.0,0.0,0.0,0.0,0.0,0.0,0.0,0.0,0.0
CA-13,991.0,96357.0,4191397.0,2072111.0,2311244.0,482042.0,1269883.0,0.0,0.0,2237084.0,837885.0,1423323.0,445085.0,251621.0,0.0,126125.0,0.0,0.0,0.0,0.0,0.0,0.0,0.0
CA-14,290424.0,2892831.0,874398.0,232925.0,641473.0,96882.0,183983.0,38500.0,2830.0,0.0,0.0,0.0,0.0,0.0,0.0,0.0,0.0,0.0,0.0,0.0,0.0,0.0,0.0
CA-15,0.0,0.0,819662.0,219735.0,651698.0,15210.0,470712.0,0.0,5325.0,0.0,0.0,0.0,0.0,0.0,0.0,0.0,0.0,0.0,0.0,0.0,0.0,0.0,0.0
CA-16,0.0,0.0,3489298.0,2152957.0,1426732.0,15733.0,662750.0,0.0,840.0,400.0,400.0,0.0,0.0,0.0,100.0,0.0,0.0,0.0,0.0,0.0,0.0,0.0,0.0
CA-17,0.0,37500.0,13761491.0,16929752.0,7540830.0,1650809.0,1000.0,0.0,89348.0,37653.0,891.0,36763.0,2226.0,0.0,25.0,0.0,0.0,0.0,0.0,0.0,0.0,0.0,0.0
CA-18,109274.0,0.0,1721916.0,643341.0,1318327.0,436598.0,438813.0,0.0,0.0,60180.0,3307.0,56873.0,2664.0,0.0,41958.0,40225.0,0.0,0.0,0.0,0.0,0.0,0.0,0.0
CA-19,1198560.0,0.0,2887610.0,5109558.0,1492690.0,88768.0,1559107.0,0.0,0.0,76324.0,24682.0,51642.0,4624.0,3500.0,505.0,0.0,0.0,0.0,0.0,0.0,0.0,0.0,0.0
CA-20,0.0,0.0,17086.0,-2017.0,16701.0,5369.0,0.0,9907.0,0.0,1849356.0,453750.0,1434838.0,17074.0,894497.0,0.0,0.0,0.0,0.0,0.0,0.0,0.0,0.0,0.0
CA-21,0.0,0.0,1338630.0,938778.0,608734.0,11086.0,796717.0,0.0,0.0,338971.0,17934.0,321037.0,38714.0,0.0,127459.0,33141.0,0.0,0.0,0.0,0.0,0.0,0.0,0.0
CA-22,6750831.0,2701109.0,2645560.0,571792.0,2073768.0,778710.0,190098.0,0.0,0.0,4927602.0,3365587.0,1607550.0,97100.0,1921533.0,0.0,0.0,0.0,0.0,0.0,0.0,0.0,0.0,0.0
CA-23,18690.0,519365.0,79499.0,10237.0,69262.0,28040.0,0.0,9080.0,3770.0,1455868.0,1644222.0,809486.0,1363.0,863371.0,0.0,1125000.0,0.0,0.0,0.0,0.0,0.0,0.0,0.0
CA-24,0.0,0.0,1650355.0,3383604.0,910621.0,28020.0,571016.0,0.0,5416.0,203264.0,47128.0,156136.0,31687.0,1286.0,22492.0,29373.0,0.0,0.0,0.0,0.0,0.0,0.0,0.0
CA-25,0.0,0.0,2093907.0,2556494.0,1240152.0,88212.0,969251.0,0.0,0.0,936496.0,14847.0,921649.0,686618.0,450.0,0.0,24964.0,0.0,0.0,0.0,0.0,0.0,0.0,0.0
CA-26,366028.0,0.0,822382.0,295478.0,526904.0,17494.0,164050.0,0.0,0.0,377078.0,33681.0,343397.0,9352.0,0.0,232520.0,125000.0,0.0,0.0,0.0,0.0,0.0,0.0,0.0
CA-27,1074903.0,0.0,3963530.0,2554917.0,1735347.0,359853.0,635983.0,0.0,1310000.0,379440.0,201877.0,177563.0,5780.0,10000.0,0.0,0.0,0.0,0.0,0.0,0.0,0.0,0.0,0.0
CA-28,0.0,0.0,930123.0,3674296.0,857832.0,37156.0,379775.0,0.0,0.0,250.0,205.0,7882.0,250.0,0.0,0.0,0.0,0.0,0.0,0.0,0.0,0.0,0.0,0.0
CA-29,0.0,0.0,670678.0,377476.0,557465.0,13006.0,356790.0,0.0,0.0,0.0,0.0,0.0,0.0,0.0,0.0,0.0,0.0,0.0,0.0,0.0,0.0,0.0,0.0
CA-30,0.0,0.0,827895.0,469254.0,655389.0,55622.0,286550.0,0.0,0.0,58294.0,2616.0,55678.0,1544.0,0.0,40000.0,40000.0,0.0,0.0,0.0,0.0,0.0,0.0,0.0
CA-31,0.0,0.0,705263.0,259803.0,485536.0,24198.0,453650.0,6616.0,5452550.0,81571.0,64913.0,56899.0,5020.0,0.0,0.0,0.0,0.0,0.0,0.0,0.0,0.0,0.0,0.0
CA-32,974078.0,0.0,2514330.0,2668480.0,3767794.0,11439.0,703424.0,0.0,265.0,34316.0,2174.0,32142.0,814.0,0.0,27452.0,19291.0,0.0,0.0,0.0,0.0,0.0,0.0,0.0
CA-33,0.0,0.0,4722835.0,3457642.0,3914264.0,259702.0,2091001.0,0.0,0.0,0.0,0.0,0.0,0.0,0.0,0.0,0.0,0.0,0.0,0.0,0.0,0.0,0.0,0.0
CA-34,0.0,0.0,1175128.0,781726.0,482161.0,12050.0,521144.0,0.0,76784.0,0.0,0.0,0.0,0.0,0.0,0.0,0.0,0.0,0.0,0.0,0.0,0.0,0.0,0.0
CA-35,0.0,0.0,769061.0,339247.0,733128.0,43080.0,498820.0,0.0,889.0,4759.0,2873.0,2357.0,1559.0,0.0,0.0,12960.0,0.0,0.0,0.0,0.0,0.0,0.0,0.0
CA-36,106348.0,0.0,1832769.0,1188399.0,1319377.0,35142.0,570479.0,0.0,27711.0,5139.0,801.0,4338.0,678.0,0.0,0.0,773.0,0.0,0.0,0.0,0.0,0.0,0.0,0.0
CA-37,0.0,0.0,1150468.0,185491.0,1026975.0,387951.0,385235.0,0.0,0.0,0.0,0.0,0.0,0.0,0.0,0.0,0.0,0.0,0.0,0.0,0.0,0.0,0.0,0.0
CA-38,367531.0,0.0,1049534.0,154503.0,895031.0,22180.0,124249.0,0.0,178.0,0.0,0.0,0.0,0.0,0.0,0.0,0.0,0.0,0.0,0.0,0.0,0.0,0.0,0.0
CA-39,0.0,0.0,893848.0,186224.0,976794.0,107176.0,404800.0,0.0,0.0,0.0,0.0,0.0,0.0,0.0,0.0,0.0,0.0,0.0,0.0,0.0,0.0,0.0,0.0
CA-40,577540.0,451180.0,0.0,0.0,0.0,0.0,0.0,0.0,0.0,6142469.0,1497001.0,4907604.0,265201.0,1379327.0,0.0,2370.0,0.0,0.0,0.0,0.0,0.0,0.0,0.0
CA-41,300000.0,0.0,1602790.0,415746.0,1612831.0,26484.0,1243209.0,0.0,12116.0,1709.0,1659.0,50.0,209.0,0.0,500.0,0.0,0.0,0.0,0.0,0.0,0.0,0.0,0.0
CA-42,0.0,0.0,2615120.0,1381467.0,1646081.0,1109602.0,625683.0,0.0,0.0,231371.0,5509.0,231639.0,22656.0,0.0,186000.0,132309.0,0.0,0.0,0.0,0.0,0.0,0.0,0.0
CA-43,0.0,0.0,863683.0,269669.0,710470.0,20299.0,400500.0,0.0,211525.0,0.0,0.0,0.0,0.0,0.0,0.0,0.0,0.0,0.0,0.0,0.0,0.0,0.0,0.0
CA-44,0.0,0.0,785765.0,1088423.0,1178896.0,3847.0,606750.0,0.0,0.0,13898.0,8746.0,5152.0,1705.0,0.0,3000.0,3000.0,0.0,0.0,0.0,0.0,0.0,0.0,0.0
CA-45,394010.0,0.0,4981277.0,3257398.0,2051202.0,796121.0,1107439.0,0.0,25000.0,495763.0,74876.0,420887.0,134680.0,17000.0,0.0,10000.0,0.0,0.0,0.0,0.0,0.0,0.0,0.0
CA-46,107387.0,0.0,1226104.0,2479554.0,613912.0,4351.0,666283.0,0.0,8132.0,80726.0,6238.0,77368.0,3264.0,250.0,9000.0,33477.0,0.0,0.0,0.0,0.0,0.0,0.0,0.0
CA-47,697088.0,0.0,3381161.0,1889360.0,1664867.0,346683.0,599642.0,0.0,0.0,375883.0,128533.0,247351.0,31946.0,0.0,150500.0,157500.0,0.0,0.0,0.0,0.0,0.0,0.0,0.0
CA-48,4194378.0,879671.0,2174872.0,825012.0,1349861.0,326383.0,443335.0,1975.0,67000.0,2258836.0,1230031.0,1028804.0,250752.0,145099.0,0.0,7170.0,0.0,0.0,0.0,0.0,0.0,0.0,0.0
CA-49,60445.0,0.0,3164023.0,1418237.0,2015523.0,216738.0,392785.0,0.0,0.0,58784.0,17916.0,40867.0,7064.0,1000.0,13613.0,28967.0,0.0,0.0,0.0,0.0,0.0,0.0,0.0
CA-50,0.0,0.0,1810961.0,2598276.0,1363206.0,16263.0,1066750.0,1641.0,170760.0,0.0,0.0,0.0,0.0,0.0,0.0,0.0,0.0,0.0,0.0,0.0,0.0,0.0,0.0
CA-51,0.0,0.0,1639893.0,269452.0,1447813.0,153441.0,207250.0,929347.0,350000.0,0.0,0.0,0.0,0.0,0.0,0.0,0.0,0.0,0.0,0.0,0.0,0.0,0.0,0.0
CA-52,0.0,0.0,568520.0,163676.0,495684.0,153.0,431200.0,0.0,0.0,25498.0,1364.0,24134.0,572.0,0.0,0.0,7000.0,0.0,0.0,0.0,0.0,0.0,0.0,0.0
CO-01,627215.0,675000.0,1091198.0,126406.0,964792.0,460978.0,26890.0,4953.0,1100.0,2057.0,1703.0,354.0,713.0,150.0,0.0,0.0,0.0,0.0,0.0,0.0,0.0,0.0,0.0
CO-02,0.0,0.0,2742281.0,3092918.0,1640260.0,222945.0,983752.0,0.0,0.0,0.0,0.0,0.0,0.0,0.0,0.0,0.0,0.0,0.0,0.0,0.0,0.0,0.0,0.0
CO-03,0.0,423868.0,716576.0,84208.0,632367.0,30053.0,12000.0,350000.0,350000.0,3552599.0,1760849.0,1800885.0,76384.0,568651.0,0.0,0.0,0.0,0.0,0.0,0.0,0.0,0.0,0.0
CO-04,0.0,443767.0,10349940.0,3610909.0,6739031.0,7575504.0,17510.0,0.0,0.0,1010297.0,247202.0,922240.0,393909.0,130500.0,0.0,0.0,0.0,0.0,0.0,0.0,0.0,0.0,0.0
CO-05,562119.0,1312111.0,3143744.0,1592642.0,1551102.0,176908.0,269345.0,632433.0,0.0,2177288.0,1465048.0,778793.0,141653.0,837000.0,0.0,0.0,0.0,0.0,0.0,0.0,0.0,0.0,0.0
CO-06,0.0,0.0,3177447.0,2707899.0,2217842.0,1102428.0,208550.0,0.0,0.0,0.0,0.0,0.0,0.0,0.0,0.0,0.0,100.0,-58959.0,59159.0,100.0,0.0,0.0,66173.0
CO-07,0.0,0.0,1866765.0,1105388.0,1322310.0,186392.0,997205.0,0.0,0.0,63306.0,1325.0,61981.0,3482.0,999.0,29800.0,20000.0,3531.0,916.0,2614.0,633.0,0.0,1332.0,0.0
CO-08,7673511.0,3735022.0,4336988.0,601232.0,3735756.0,2065691.0,92650.0,0.0,0.0,5393673.0,3880463.0,1588203.0,784602.0,1427927.0,0.0,154186.0,0.0,0.0,0.0,0.0,0.0,0.0,0.0
CT-01,1755666.0,1125106.0,3070151.0,600894.0,2469257.0,122156.0,22500.0,0.0,0.0,20827.0,344.0,16227.0,1860.0,0.0,16736.0,0.0,0.0,0.0,0.0,0.0,0.0,0.0,0.0
CT-02,0.0,0.0,760424.0,603234.0,508302.0,93731.0,433000.0,0.0,0.0,283997.0,199951.0,84046.0,20447.0,3600.0,240000.0,240000.0,0.0,0.0,0.0,0.0,0.0,0.0,0.0
CT-03,0.0,0.0,1152007.0,349418.0,1028036.0,60128.0,520762.0,0.0,0.0,14649.0,4028.0,4446.0,7163.0,0.0,1000.0,0.0,0.0,0.0,0.0,0.0,0.0,0.0,0.0
CT-04,0.0,0.0,1379560.0,2517677.0,968702.0,43767.0,830500.0,0.0,0.0,46809.0,41042.0,5768.0,2778.0,0.0,25000.0,29518.0,0.0,0.0,0.0,0.0,0.0,0.0,0.0
CT-05,0.0,0.0,1290078.0,1084158.0,728471.0,151428.0,578355.0,0.0,0.0,311676.0,145617.0,166059.0,61525.0,13947.0,600.0,31450.0,0.0,0.0,0.0,0.0,0.0,0.0,0.0
DE-01,0.0,0.0,5060925.0,2700202.0,2567850.0,1319688.0,467900.0,0.0,0.0,779.0,240.0,539.0,679.0,0.0,0.0,0.0,0.0,0.0,0.0,0.0,0.0,0.0,0.0
FL-01,151354.0,2145004.0,174309.0,21814.0,152495.0,107445.0,1285.0,0.0,0.0,3789738.0,935302.0,2854437.0,698132.0,588300.0,12000.0,29943.0,0.0,0.0,0.0,0.0,0.0,0.0,0.0
FL-02,91203.0,1820559.0,348120.0,28038.0,320082.0,48854.0,6000.0,1440.0,0.0,1010277.0,387029.0,623248.0,16934.0,6500.0,375000.0,377218.0,0.0,0.0,0.0,0.0,0.0,0.0,0.0
FL-03,0.0,0.0,37794.0,3011.0,34784.0,15964.0,0.0,1155.0,735.0,2045294.0,876971.0,1723874.0,399283.0,727500.0,0.0,0.0,58937.0,18082.0,40855.0,1779.0,0.0,44208.0,25000.0
FL-04,0.0,0.0,27348.0,23633.0,14155.0,9740.0,488.0,0.0,10440.0,2163376.0,1632550.0,1005547.0,6600.0,1149650.0,0.0,14411.0,24186.0,4915.0,14356.0,0.0,0.0,10093.0,10000.0
FL-05,12.0,0.0,272423.0,90533.0,174862.0,58363.0,0.0,1196.0,0.0,726727.0,268730.0,635666.0,759.0,452500.0,0.0,0.0,0.0,0.0,0.0,0.0,0.0,0.0,0.0
FL-06,59551.0,3717099.0,325710.0,34096.0,291614.0,269282.0,250.0,2065.0,0.0,4286207.0,1191059.0,3095148.0,566290.0,468360.0,950000.0,950000.0,7949.0,73.0,7876.0,161.0,0.0,7202.0,7000.0
FL-07,1401900.0,24334.0,1378109.0,475858.0,902251.0,141692.0,181100.0,0.0,0.0,355955.0,186155.0,169801.0,12004.0,0.0,134100.0,138193.0,10500.0,60.0,10440.0,0.0,0.0,0.0,0.0
FL-08,12.0,10834.0,725731.0,108111.0,617619.0,469685.0,8000.0,0.0,0.0,1824838.0,1197777.0,885224.0,37550.0,700750.0,0.0,10138.0,0.0,0.0,0.0,0.0,0.0,0.0,0.0
FL-09,51955.0,204128.0,2157834.0,1187355.0,984598.0,14844.0,1387044.0,0.0,0.0,1298516.0,363243.0,935273.0,5427.0,18500.0,1140000.0,1140000.0,0.0,0.0,0.0,0.0,0.0,0.0,0.0
FL-10,12.0,0.0,3474867.0,1283056.0,3283537.0,1846965.0,289100.0,8250.0,0.0,0.0,0.0,0.0,0.0,0.0,0.0,0.0,0.0,0.0,0.0,0.0,0.0,0.0,0.0
FL-11,0.0,255196.0,119754.0,32231.0,87523.0,2780.0,0.0,64965.0,59965.0,5248640.0,2248903.0,2999737.0,5630.0,0.0,5000000.0,5000000.0,0.0,0.0,0.0,0.0,0.0,0.0,0.0
FL-12,12.0,0.0,186813.0,4906.0,181906.0,76617.0,852.0,14001.0,30748.0,1588538.0,554070.0,1155885.0,7612.0,828700.0,0.0,0.0,7975.0,353.0,7722.0,125.0,0.0,6900.0,0.0
FL-13,311038.0,3279.0,1223069.0,683295.0,539774.0,198220.0,70500.0,7000.0,7000.0,3233312.0,1474124.0,1890603.0,1125753.0,103000.0,0.0,0.0,28181.0,25681.0,2500.0,0.0,0.0,0.0,0.0
FL-14,513003.0,1346806.0,2337999.0,1744723.0,820006.0,194116.0,877242.0,0.0,0.0,2116747.0,1939864.0,176884.0,5843.0,0.0,2014000.0,2019210.0,10500.0,100.0,10400.0,0.0,0.0,0.0,0.0
FL-15,0.0,0.0,40108.0,3474.0,36634.0,11851.0,200.0,17072.0,10440.0,2346664.0,1960682.0,820753.0,3293.0,852500.0,0.0,0.0,0.0,0.0,0.0,0.0,0.0,0.0,0.0
FL-16,0.0,1646540.0,296507.0,80738.0,215769.0,35358.0,0.0,502.0,106.0,1087683.0,622381.0,465301.0,4074.0,120500.0,7000.0,0.0,51311.0,3204.0,48106.0,37009.0,0.0,2185.0,0.0
FL-17,0.0,0.0,96489.0,23859.0,72590.0,17810.0,0.0,38579.0,33000.0,1337887.0,2083868.0,845315.0,132513.0,580500.0,0.0,0.0,11552.0,4592.0,6960.0,0.0,0.0,11552.0,1552.0
FL-18,0.0,0.0,12208.0,1452.0,10756.0,2460.0,0.0,9748.0,0.0,850000.0,960764.0,371131.0,2509.0,377500.0,0.0,298500.0,21932.0,5764.0,16168.0,6475.0,5000.0,0.0,0.0
FL-19,47879.0,0.0,45356.0,19203.0,26154.0,3106.0,0.0,30500.0,36454.0,2065485.0,181899.0,1883586.0,5706.0,9500.0,1050000.0,1050000.0,8000.0,775.0,7225.0,0.0,0.0,8000.0,8000.0
FL-20,306377.0,66500.0,3300107.0,1861373.0,2496043.0,95739.0,728500.0,0.0,0.0,63849.0,40623.0,23226.0,1037.0,0.0,0.0,0.0,18049.0,2541.0,15508.0,720.0,0.0,8059.0,5000.0
FL-21,0.0,77950.0,579319.0,188045.0,391274.0,73882.0,0.0,150001.0,150000.0,4308890.0,2928458.0,3151810.0,1156653.0,389200.0,0.0,0.0,19543.0,665.0,18878.0,2793.0,0.0,13000.0,13000.0
FL-22,720636.0,121863.0,2284052.0,1296684.0,987368.0,267274.0,72001.0,247000.0,247000.0,2578519.0,1058655.0,1519864.0,410.0,0.0,2500000.0,2100000.0,0.0,0.0,0.0,0.0,0.0,0.0,0.0
FL-23,151726.0,0.0,2276254.0,1212162.0,1351534.0,490011.0,525250.0,0.0,0.0,162515.0,33691.0,132432.0,6963.0,0.0,87004.0,65466.0,0.0,0.0,0.0,0.0,0.0,0.0,0.0
FL-24,895056.0,2308884.0,812143.0,229093.0,583050.0,7123.0,25000.0,0.0,0.0,313318.0,298626.0,14693.0,1225.0,0.0,306068.0,306068.0,0.0,0.0,0.0,0.0,0.0,0.0,0.0
FL-25,582662.0,3570989.0,2998428.0,1882634.0,1465081.0,528039.0,561392.0,0.0,20700.0,2256719.0,476478.0,1780241.0,184335.0,38000.0,724010.0,579453.0,10500.0,60.0,10440.0,0.0,0.0,0.0,0.0
FL-26,0.0,0.0,347681.0,198600.0,149082.0,72396.0,0.0,250918.0,250000.0,2060782.0,2538703.0,1341399.0,2622.0,845150.0,0.0,0.0,8924.0,1540.0,7384.0,0.0,0.0,8924.0,8500.0
FL-27,12.0,45000.0,661173.0,325097.0,336076.0,64968.0,0.0,7000.0,0.0,1999399.0,2259547.0,1150679.0,17867.0,533179.0,2493.0,14300.0,0.0,0.0,0.0,0.0,0.0,0.0,0.0
FL-28,0.0,0.0,438286.0,454610.0,76322.0,9365.0,0.0,343200.0,644084.0,601254.0,692873.0,484409.0,2016.0,276750.0,0.0,0.0,0.0,0.0,0.0,0.0,0.0,0.0,0.0
GA-01,0.0,2151837.0,162500.0,7389.0,155572.0,44845.0,1000.0,32512.0,32512.0,1944528.0,294093.0,1650436.0,24117.0,202450.0,0.0,0.0,0.0,0.0,0.0,0.0,0.0,0.0,0.0
GA-02,0.0,0.0,1126530.0,447808.0,861583.0,19920.0,738750.0,0.0,0.0,206344.0,1768.0,204576.0,0.0,0.0,182288.0,50000.0,0.0,0.0,0.0,0.0,0.0,0.0,0.0
GA-03,0.0,0.0,150514.0,87576.0,65894.0,47952.0,4000.0,0.0,25520.0,2045913.0,1142625.0,1143464.0,212179.0,836640.0,0.0,8770.0,0.0,0.0,0.0,0.0,0.0,0.0,0.0
GA-04,0.0,0.0,402315.0,117906.0,396085.0,19345.0,317529.0,0.0,5211.0,0.0,0.0,0.0,0.0,0.0,0.0,0.0,0.0,0.0,0.0,0.0,0.0,0.0,0.0
GA-05,0.0,0.0,599715.0,76092.0,536865.0,26128.0,402755.0,0.0,0.0,0.0,0.0,0.0,0.0,0.0,0.0,0.0,0.0,0.0,0.0,0.0,0.0,0.0,0.0
GA-06,0.0,0.0,896856.0,676349.0,1173781.0,53943.0,344217.0,0.0,0.0,10320.0,100.0,10220.0,0.0,0.0,10320.0,10320.0,0.0,0.0,0.0,0.0,0.0,0.0,0.0
GA-07,0.0,0.0,392831.0,277427.0,115405.0,14428.0,5000.0,316702.0,316702.0,1642413.0,1007984.0,1332251.0,11662.0,435500.0,0.0,1000.0,0.0,0.0,0.0,0.0,0.0,0.0,0.0
GA-08,1748.0,0.0,19343.0,1688.0,24003.0,843.0,0.0,1000.0,0.0,1124952.0,1349452.0,755665.0,1338.0,703250.0,0.0,0.0,0.0,0.0,0.0,0.0,0.0,0.0,0.0
GA-09,44440.0,35522.0,43387.0,4670.0,38718.0,10051.0,2000.0,6181.0,0.0,671072.0,176253.0,590804.0,44424.0,118711.0,0.0,1298864.0,0.0,0.0,0.0,0.0,0.0,0.0,0.0
GA-10,0.0,2841837.0,23080.0,8705.0,11121.0,3980.0,0.0,7600.0,4100.0,2303880.0,703420.0,1600460.0,35638.0,214510.0,0.0,0.0,0.0,0.0,0.0,0.0,0.0,0.0,0.0
GA-11,40096.0,815942.0,76330.0,2237.0,63995.0,14075.0,2000.0,17.0,87.0,2347796.0,17630.0,2330167.0,6233.0,120000.0,1750020.0,1774962.0,0.0,0.0,0.0,0.0,0.0,0.0,0.0
GA-12,0.0,0.0,26696.0,3502.0,23291.0,13242.0,0.0,1753.0,0.0,993220.0,1320958.0,847219.0,30510.0,510750.0,0.0,1639945.0,0.0,0.0,0.0,0.0,0.0,0.0,0.0
GA-13,4218293.0,0.0,1619079.0,229145.0,1389935.0,1022238.0,55173.0,0.0,0.0,0.0,0.0,0.0,0.0,0.0,0.0,0.0,0.0,0.0,0.0,0.0,0.0,0.0,0.0
GA-14,44069.0,5002827.0,8098514.0,18230.0,8080284.0,6218091.0,13688.0,0.0,0.0,1846892.0,70518.0,1776374.0,173151.0,305481.0,450000.0,411902.0,0.0,0.0,0.0,0.0,0.0,0.0,0.0
HI-01,0.0,0.0,1093795.0,599649.0,810804.0,18123.0,522597.0,0.0,0.0,0.0,0.0,0.0,0.0,0.0,0.0,0.0,0.0,0.0,0.0,0.0,0.0,0.0,0.0
HI-02,0.0,0.0,820678.0,570355.0,733764.0,81576.0,183349.0,0.0,0.0,122615.0,16101.0,106514.0,12812.0,1000.0,0.0,0.0,0.0,0.0,0.0,0.0,0.0,0.0,0.0
IA-01,2845417.0,606840.0,7051745.0,5425318.0,1733644.0,1094239.0,502648.0,7000.0,0.0,7208271.0,4691481.0,2890534.0,936090.0,2421207.0,0.0,0.0,189523.0,124859.0,64664.0,1400.0,5000.0,22671.0,100000.0
IA-02,4046808.0,1199664.0,1628201.0,755838.0,872363.0,178865.0,210505.0,0.0,0.0,1938593.0,895564.0,1043029.0,284402.0,412850.0,100000.0,50000.0,26117.0,11570.0,14483.0,7945.0,5000.0,1858.0,4858.0
IA-03,1393498.0,229699.0,5293773.0,3859683.0,1434089.0,894587.0,450786.0,120.0,0.0,4869249.0,3568369.0,1353713.0,143418.0,1726477.0,0.0,0.0,0.0,0.0,0.0,0.0,0.0,0.0,0.0
IA-04,0.0,172669.0,135722.0,49762.0,85959.0,43002.0,10800.0,0.0,0.0,679844.0,328850.0,350993.0,4236.0,116500.0,0.0,0.0,0.0,0.0,0.0,0.0,0.0,0.0,0.0
ID-01,0.0,0.0,181024.0,14616.0,171799.0,68061.0,12050.0,0.0,0.0,662615.0,244700.0,597924.0,15894.0,302350.0,0.0,0.0,81497.0,24473.0,57024.0,6375.0,500.0,63420.0,30000.0
ID-02,0.0,0.0,106892.0,71163.0,35729.0,20551.0,0.0,0.0,0.0,1118093.0,429359.0,793940.0,2343.0,611500.0,0.0,0.0,7565.0,6963.0,1578.0,815.0,0.0,0.0,0.0
IL-01,0.0,0.0,418350.0,47163.0,424875.0,10569.0,142500.0,0.0,27000.0,63316.0,33832.0,36042.0,33450.0,0.0,0.0,0.0,0.0,0.0,0.0,0.0,0.0,0.0,0.0
IL-02,4379243.0,3843.0,2452894.0,40546.0,2412349.0,63263.0,125750.0,0.0,13750.0,0.0,0.0,0.0,0.0,0.0,0.0,0.0,0.0,0.0,0.0,0.0,0.0,0.0,0.0
IL-03,0.0,0.0,1465280.0,946222.0,986630.0,148641.0,371847.0,0.0,0.0,8080.0,3738.0,4341.0,1880.0,0.0,0.0,600.0,0.0,0.0,0.0,0.0,0.0,0.0,0.0
IL-04,0.0,0.0,358667.0,185499.0,173168.0,25300.0,172800.0,0.0,0.0,0.0,0.0,0.0,0.0,0.0,0.0,0.0,188170.0,131647.0,56523.0,12160.0,0.0,0.0,0.0
IL-05,0.0,0.0,725695.0,1187818.0,719060.0,7552.0,480608.0,0.0,0.0,0.0,0.0,0.0,0.0,0.0,0.0,0.0,0.0,0.0,0.0,0.0,0.0,0.0,0.0
IL-06,12087.0,0.0,2108920.0,1285018.0,1518045.0,188627.0,724183.0,0.0,455694.0,313038.0,22661.0,295578.0,194487.0,4950.0,0.0,0.0,0.0,0.0,0.0,0.0,0.0,0.0,0.0
IL-07,0.0,2527703.0,722009.0,112588.0,609421.0,37545.0,57250.0,175000.0,175000.0,55451.0,42.0,55408.0,0.0,0.0,53154.0,0.0,0.0,0.0,0.0,0.0,0.0,0.0,0.0
IL-08,7177655.0,59974.0,2071076.0,144530.0,1926546.0,26412.0,275750.0,323000.0,396373.0,1476009.0,730401.0,745608.0,30552.0,14000.0,1000000.0,1000000.0,0.0,0.0,0.0,0.0,0.0,0.0,0.0
IL-09,1219420.0,1426379.0,2946675.0,262130.0,2684545.0,147064.0,205684.0,3205.0,0.0,0.0,0.0,0.0,0.0,0.0,0.0,0.0,0.0,0.0,0.0,0.0,0.0,0.0,0.0
IL-10,11342.0,0.0,3006862.0,1699007.0,2279282.0,96126.0,1266239.0,0.0,0.0,0.0,0.0,0.0,0.0,0.0,0.0,0.0,0.0,0.0,0.0,0.0,0.0,0.0,0.0
IL-11,0.0,0.0,2180937.0,2505288.0,1226214.0,131182.0,833000.0,0.0,1017995.0,311439.0,22765.0,288674.0,56740.0,2354.0,167592.0,165085.0,0.0,0.0,0.0,0.0,0.0,0.0,0.0
IL-12,0.0,0.0,88060.0,59815.0,28244.0,42195.0,8293.0,0.0,0.0,1327225.0,789999.0,889522.0,39507.0,811237.0,0.0,0.0,0.0,0.0,0.0,0.0,0.0,0.0,0.0
IL-13,83860.0,0.0,2885018.0,2625565.0,2044185.0,107319.0,1174794.0,0.0,0.0,348237.0,12241.0,335996.0,9908.0,5150.0,283639.0,195600.0,0.0,0.0,0.0,0.0,0.0,0.0,0.0
IL-14,0.0,0.0,2417082.0,1106564.0,2365620.0,289569.0,365000.0,0.0,0.0,140848.0,31898.0,112994.0,25185.0,100.0,382.0,31741.0,0.0,0.0,0.0,0.0,0.0,0.0,0.0
IL-15,1771.0,3705.0,122996.0,34290.0,82735.0,55362.0,6710.0,0.0,0.0,1331399.0,810427.0,1167229.0,754616.0,144500.0,100.0,1525.0,0.0,0.0,0.0,0.0,0.0,0.0,0.0
IL-16,0.0,0.0,415748.0,230141.0,185607.0,110128.0,63476.0,1585.0,0.0,3672739.0,6748621.0,2445401.0,88213.0,1749222.0,0.0,0.0,0.0,0.0,0.0,0.0,0.0,0.0,0.0
IL-17,0.0,0.0,2233676.0,1325642.0,1020828.0,185874.0,848250.0,0.0,0.0,308832.0,56689.0,272464.0,76538.0,10700.0,16542.0,12700.0,0.0,0.0,0.0,0.0,0.0,0.0,0.0
IN-01,0.0,0.0,2386268.0,1336696.0,1138032.0,179981.0,1023820.0,0.0,0.0,2376256.0,1800689.0,575567.0,18850.0,39610.0,2156925.0,2000000.0,0.0,0.0,0.0,0.0,0.0,0.0,0.0
IN-02,0.0,0.0,355589.0,104496.0,251093.0,15296.0,0.0,302694.0,225039.0,5246030.0,855313.0,5000296.0,1170154.0,1286014.0,0.0,0.0,0.0,0.0,0.0,0.0,0.0,0.0,0.0
IN-03,0.0,0.0,136340.0,6039.0,130301.0,0.0,0.0,17908.0,0.0,839565.0,101923.0,786959.0,88046.0,367700.0,0.0,60000.0,0.0,0.0,0.0,0.0,0.0,0.0,0.0
IN-04,200000.0,531743.0,20377.0,6863.0,13514.0,9763.0,0.0,500.0,500.0,358293.0,91561.0,481342.0,68518.0,197200.0,0.0,383899.0,0.0,0.0,0.0,0.0,0.0,0.0,0.0
IN-05,0.0,0.0,582087.0,314652.0,267434.0,107719.0,49904.0,616.0,0.0,1327228.0,230004.0,1355274.0,403303.0,118750.0,25000.0,200000.0,0.0,0.0,0.0,0.0,0.0,0.0,0.0
IN-06,0.0,0.0,37046.0,7151.0,30400.0,10487.0,0.0,4919.0,0.0,2426805.0,1608235.0,950285.0,2220.0,291000.0,2000000.0,3900000.0,0.0,0.0,0.0,0.0,0.0,0.0,0.0
IN-07,0.0,0.0,1006177.0,621351.0,834249.0,33892.0,506242.0,730.0,0.0,0.0,0.0,0.0,0.0,0.0,0.0,0.0,0.0,0.0,0.0,0.0,0.0,0.0,0.0
IN-08,0.0,0.0,294502.0,179308.0,115194.0,107411.0,23845.0,1929.0,0.0,1171366.0,713500.0,664972.0,5915.0,421375.0,3500.0,6250.0,0.0,0.0,0.0,0.0,0.0,0.0,0.0
IN-09,0.0,0.0,105510.0,17840.0,81901.0,21487.0,0.0,11339.0,11339.0,1856572.0,1183066.0,1415551.0,23017.0,1041193.0,931.0,0.0,1719.0,246.0,1473.0,960.0,0.0,272.0,0.0
KS-01,0.0,0.0,48261.0,4784.0,43478.0,13201.0,0.0,4601.0,4000.0,1488465.0,2713324.0,528838.0,10184.0,598040.0,0.0,0.0,0.0,0.0,0.0,0.0,0.0,0.0,0.0
KS-02,0.0,0.0,758823.0,244286.0,514537.0,240192.0,33500.0,7000.0,0.0,1457605.0,939168.0,556938.0,55452.0,505500.0,0.0,2898.0,0.0,0.0,0.0,0.0,0.0,0.0,0.0
KS-03,0.0,0.0,3690440.0,1724212.0,2369484.0,1119972.0,807231.0,0.0,0.0,18916.0,12284.0,6633.0,986.0,10000.0,1790.0,1790.0,0.0,0.0,0.0,0.0,0.0,0.0,0.0
KS-04,0.0,0.0,234455.0,72896.0,161558.0,38412.0,0.0,600.0,0.0,1855035.0,1757677.0,1295634.0,9091.0,1090100.0,0.0,0.0,0.0,0.0,0.0,0.0,0.0,0.0,0.0
KY-01,0.0,0.0,118755.0,20182.0,98532.0,69518.0,5000.0,1700.0,1700.0,1899533.0,3041112.0,2067643.0,692697.0,426900.0,0.0,0.0,0.0,0.0,0.0,0.0,0.0,0.0,0.0
KY-02,0.0,80276.0,7539.0,1197.0,6342.0,6104.0,0.0,0.0,0.0,4707593.0,1718271.0,3355566.0,8727.0,3025480.0,0.0,2295.0,0.0,0.0,0.0,0.0,0.0,0.0,0.0
KY-03,0.0,0.0,1633684.0,1813760.0,1083341.0,157955.0,538001.0,0.0,0.0,38069.0,15672.0,22297.0,4269.0,5500.0,0.0,0.0,0.0,0.0,0.0,0.0,0.0,0.0,0.0
KY-04,8366952.0,5378133.0,94464.0,11145.0,83319.0,12513.0,0.0,20000.0,20000.0,3567324.0,179309.0,3388014.0,396242.0,56130.0,0.0,0.0,22393.0,5921.0,16472.0,4777.0,0.0,1002.0,0.0
KY-05,0.0,0.0,182281.0,91274.0,91006.0,29940.0,250.0,62875.0,0.0,849758.0,874716.0,946293.0,1147.0,314150.0,0.0,0.0,2200.0,1514.0,686.0,200.0,0.0,2000.0,2000.0
KY-06,698964.0,530095.0,1463855.0,491275.0,972579.0,161118.0,58150.0,3665.0,0.0,1521813.0,398018.0,1123795.0,11113.0,263541.0,57245.0,0.0,0.0,0.0,0.0,0.0,0.0,0.0,0.0
LA-01,0.0,0.0,142677.0,11884.0,130793.0,55075.0,1250.0,1272.0,0.0,10638030.0,3885942.0,10883241.0,325922.0,171500.0,0.0,0.0,0.0,0.0,0.0,0.0,0.0,0.0,0.0
LA-02,0.0,0.0,1412697.0,382786.0,1539321.0,4075.0,950717.0,0.0,24914.0,0.0,0.0,0.0,0.0,0.0,0.0,0.0,0.0,0.0,0.0,0.0,0.0,0.0,0.0
LA-03,0.0,0.0,18947.0,7385.0,17749.0,2569.0,0.0,5000.0,5000.0,822841.0,595415.0,551995.0,87799.0,132500.0,0.0,0.0,6968.0,3465.0,4102.0,1043.0,0.0,2350.0,2350.0
LA-04,18934.0,0.0,268772.0,10175.0,258532.0,38644.0,0.0,203058.0,200000.0,20976864.0,9613157.0,12616083.0,3867677.0,1813700.0,0.0,0.0,0.0,0.0,0.0,0.0,0.0,0.0,0.0
LA-05,0.0,100383.0,90000.0,-19056.0,109075.0,23786.0,0.0,39238.0,39238.0,2979894.0,1081639.0,1898255.0,3472.0,13500.0,2430000.0,1580000.0,0.0,0.0,0.0,0.0,0.0,0.0,0.0
LA-06,235074.0,0.0,65473.0,36348.0,29125.0,44059.0,0.0,2864.0,2864.0,6612410.0,2032592.0,4579818.0,443078.0,68410.0,3013458.0,2012356.0,0.0,0.0,0.0,0.0,0.0,0.0,0.0
MA-01,0.0,0.0,2462685.0,3276321.0,3074234.0,9311.0,1557500.0,0.0,0.0,0.0,0.0,0.0,0.0,0.0,0.0,0.0,43869.0,22221.0,34798.0,4269.0,0.0,0.0,75000.0
MA-02,0.0,0.0,864676.0,348736.0,910105.0,165653.0,233100.0,0.0,0.0,0.0,0.0,0.0,0.0,0.0,0.0,0.0,0.0,0.0,0.0,0.0,0.0,0.0,0.0
MA-03,0.0,0.0,1639978.0,1773389.0,1321741.0,0.0,813250.0,0.0,0.0,7121.0,5775.0,1346.0,1086.0,600.0,4000.0,4000.0,0.0,0.0,0.0,0.0,0.0,0.0,0.0
MA-04,189528.0,0.0,3630329.0,7341766.0,1271790.0,34036.0,727250.0,0.0,0.0,26242.0,1319.0,24923.0,1353.0,0.0,17275.0,0.0,0.0,0.0,0.0,0.0,0.0,0.0,0.0
MA-05,0.0,0.0,4503671.0,2047792.0,3781770.0,86343.0,1838507.0,0.0,0.0,0.0,0.0,0.0,0.0,0.0,0.0,0.0,0.0,0.0,0.0,0.0,0.0,0.0,0.0
MA-06,1760631.0,35000.0,4716543.0,1994307.0,2723575.0,214320.0,105550.0,93505.0,69000.0,448868.0,188918.0,259949.0,27516.0,9800.0,0.0,0.0,0.0,0.0,0.0,0.0,0.0,0.0,0.0
MA-07,0.0,0.0,1204995.0,76201.0,1247015.0,330117.0,79755.0,0.0,0.0,0.0,0.0,0.0,0.0,0.0,0.0,0.0,0.0,0.0,0.0,0.0,0.0,0.0,0.0
MA-08,77931.0,213732.0,910160.0,642256.0,1356628.0,30667.0,339200.0,0.0,0.0,0.0,-10940.0,5002.0,0.0,0.0,0.0,0.0,0.0,0.0,0.0,0.0,0.0,0.0,0.0
MA-09,0.0,0.0,422462.0,495522.0,592807.0,49162.0,170100.0,0.0,0.0,175122.0,35051.0,140071.0,25576.0,1250.0,1005.0,1005.0,0.0,0.0,0.0,0.0,0.0,0.0,0.0
MD-01,36174.0,15256.0,695170.0,72575.0,622594.0,292096.0,11600.0,15568.0,34175.0,2319668.0,1853603.0,1221001.0,527134.0,443459.0,0.0,0.0,0.0,0.0,0.0,0.0,0.0,0.0,0.0
MD-02,0.0,0.0,1040390.0,614275.0,592706.0,26185.0,334224.0,0.0,0.0,20194.0,3073.0,17122.0,3334.0,0.0,1200.0,1000.0,0.0,0.0,0.0,0.0,0.0,0.0,0.0
MD-03,0.0,0.0,1141516.0,335826.0,836430.0,64297.0,441881.0,649.0,0.0,12708.0,2016.0,14404.0,3422.0,4750.0,0.0,0.0,0.0,0.0,0.0,0.0,0.0,0.0,0.0
MD-04,0.0,0.0,674406.0,459226.0,520568.0,31930.0,338250.0,0.0,0.0,0.0,0.0,0.0,0.0,0.0,0.0,0.0,0.0,0.0,0.0,0.0,0.0,0.0,0.0
MD-05,12093528.0,0.0,1676916.0,91867.0,1585049.0,21486.0,116745.0,0.0,7400.0,0.0,0.0,0.0,0.0,0.0,0.0,0.0,0.0,0.0,0.0,0.0,0.0,0.0,0.0
MD-06,516368.0,42387.0,12308220.0,307611.0,12013488.0,34837.0,377303.0,11000000.0,14873000.0,403934.0,401.0,403533.0,1072.0,0.0,402862.0,402862.0,0.0,0.0,0.0,0.0,0.0,0.0,0.0
MD-07,0.0,0.0,415174.0,702810.0,406290.0,8064.0,233750.0,0.0,0.0,0.0,0.0,0.0,0.0,0.0,0.0,0.0,0.0,0.0,0.0,0.0,0.0,0.0,0.0
MD-08,0.0,0.0,7425389.0,7893447.0,4497145.0,3050018.0,395799.0,0.0,0.0,16590.0,1806.0,15372.0,4483.0,0.0,0.0,0.0,0.0,0.0,0.0,0.0,0.0,0.0,0.0
ME-01,0.0,0.0,429634.0,423112.0,422200.0,69003.0,237050.0,0.0,20000.0,75680.0,20023.0,69878.0,7445.0,6819.0,1000.0,4537.0,0.0,0.0,0.0,0.0,0.0,0.0,0.0
ME-02,881976.0,229362.0,1205432.0,228649.0,976783.0,646576.0,13500.0,10000.0,0.0,2563901.0,1685710.0,878191.0,167505.0,411301.0,0.0,0.0,0.0,0.0,0.0,0.0,0.0,0.0,0.0
MI-01,0.0,18250.0,824341.0,530725.0,301257.0,100309.0,64250.0,0.0,0.0,1917574.0,660163.0,1368361.0,151276.0,756925.0,0.0,0.0,0.0,0.0,0.0,0.0,0.0,0.0,0.0
MI-02,0.0,0.0,85094.0,21868.0,62840.0,19434.0,250.0,0.0,0.0,1652235.0,1905561.0,1028618.0,35444.0,549373.0,0.0,27361.0,0.0,0.0,0.0,0.0,0.0,0.0,0.0
MI-03,0.0,562026.0,2329122.0,1356573.0,1322264.0,169694.0,696370.0,0.0,0.0,551697.0,361355.0,190342.0,7983.0,12000.0,0.0,19951.0,0.0,0.0,0.0,0.0,0.0,0.0,0.0
MI-04,4228004.0,2901560.0,2620011.0,1686240.0,933771.0,454574.0,316050.0,0.0,0.0,4093991.0,2268747.0,1934284.0,214513.0,1580550.0,0.0,0.0,0.0,0.0,0.0,0.0,0.0,0.0,0.0
MI-05,0.0,0.0,55756.0,13290.0,42467.0,14490.0,3000.0,0.0,0.0,1742399.0,993833.0,1658017.0,66697.0,786598.0,0.0,0.0,0.0,0.0,0.0,0.0,0.0,0.0,0.0
MI-06,0.0,0.0,1193712.0,414935.0,1122149.0,69239.0,691593.0,0.0,0.0,0.0,0.0,0.0,0.0,0.0,0.0,0.0,0.0,0.0,0.0,0.0,0.0,0.0,0.0
MI-07,3157376.0,3462494.0,1119198.0,383116.0,736082.0,290681.0,39844.0,13072.0,10000.0,6306828.0,2871872.0,3457356.0,1642639.0,1470275.0,0.0,2809.0,0.0,0.0,0.0,0.0,0.0,0.0,0.0
MI-08,35145.0,89498.0,5644876.0,4254099.0,1407808.0,392735.0,1533240.0,0.0,0.0,243238.0,219799.0,23439.0,1385.0,0.0,7605.0,7600.0,0.0,0.0,0.0,0.0,0.0,0.0,0.0
MI-09,0.0,0.0,8084.0,4942.0,3142.0,4295.0,0.0,0.0,0.0,5242309.0,1536890.0,4312277.0,964382.0,1454798.0,0.0,0.0,0.0,0.0,0.0,0.0,0.0,0.0,0.0
MI-10,1188407.0,302765.0,1211489.0,158196.0,1053292.0,269873.0,75763.0,0.0,0.0,1623745.0,1144520.0,479225.0,108726.0,124500.0,0.0,124275.0,0.0,0.0,0.0,0.0,0.0,0.0,0.0
MI-11,399495.0,20000.0,1485178.0,352517.0,1132661.0,93323.0,141950.0,7000.0,0.0,141876.0,121125.0,21751.0,6975.0,1000.0,0.0,0.0,712923.0,407720.0,306864.0,4998.0,5000.0,620125.0,595000.0
MI-12,0.0,10000.0,2756214.0,3434433.0,3585336.0,793973.0,37150.0,0.0,0.0,775.0,8381.0,1411.0,525.0,0.0,0.0,533.0,0.0,0.0,0.0,0.0,0.0,0.0,0.0
MI-13,1983888.0,268690.0,1372309.0,142854.0,1229455.0,577662.0,91383.0,0.0,0.0,0.0,0.0,0.0,0.0,0.0,0.0,0.0,0.0,0.0,0.0,0.0,0.0,0.0,0.0
MN-01,7063.0,50000.0,2000547.0,1011593.0,988953.0,729421.0,108500.0,5372.0,0.0,2030569.0,1283923.0,808055.0,147427.0,966407.0,0.0,0.0,0.0,0.0,0.0,0.0,0.0,0.0,0.0
MN-02,475327.0,17393.0,923277.0,127543.0,796236.0,145833.0,42370.0,162000.0,131000.0,511213.0,254373.0,256841.0,31473.0,48000.0,112100.0,105000.0,0.0,0.0,0.0,0.0,0.0,0.0,0.0
MN-03,0.0,0.0,1361933.0,413942.0,973380.0,95446.0,208783.0,7000.0,0.0,0.0,0.0,0.0,0.0,0.0,0.0,0.0,0.0,0.0,0.0,0.0,0.0,0.0,0.0
MN-04,0.0,0.0,1251583.0,498697.0,1307805.0,42626.0,458800.0,0.0,0.0,28031.0,2205.0,14744.0,5364.0,5000.0,0.0,0.0,0.0,0.0,0.0,0.0,0.0,0.0,0.0
MN-05,0.0,0.0,5829715.0,1347365.0,4806570.0,3688613.0,73828.0,0.0,0.0,747046.0,46922.0,700125.0,572704.0,263.0,0.0,33270.0,0.0,0.0,0.0,0.0,0.0,0.0,0.0
MN-06,0.0,0.0,438700.0,70293.0,368407.0,163570.0,8234.0,73351.0,50000.0,9786064.0,4496007.0,6978508.0,691336.0,2244251.0,0.0,0.0,0.0,0.0,0.0,0.0,0.0,0.0,0.0
MN-07,0.0,0.0,334945.0,114432.0,220512.0,120827.0,1000.0,24237.0,0.0,1286028.0,919823.0,777286.0,152054.0,729549.0,0.0,0.0,0.0,0.0,0.0,0.0,0.0,0.0,0.0
MN-08,0.0,0.0,316706.0,90423.0,226283.0,119200.0,10200.0,0.0,0.0,1996898.0,1200836.0,1324555.0,136304.0,931660.0,0.0,0.0,0.0,0.0,0.0,0.0,0.0,0.0,0.0
MO-01,986770.0,84743.0,3561712.0,1094094.0,2901538.0,59864.0,590796.0,0.0,0.0,0.0,0.0,0.0,0.0,0.0,0.0,0.0,0.0,0.0,0.0,0.0,0.0,0.0,0.0
MO-02,0.0,0.0,1155880.0,242217.0,913662.0,513808.0,53250.0,410.0,0.0,3528095.0,4227396.0,2411928.0,651487.0,1143239.0,0.0,0.0,0.0,0.0,0.0,0.0,0.0,0.0,0.0
MO-03,0.0,0.0,43339.0,2776.0,44990.0,24959.0,125.0,0.0,542.0,950350.0,471459.0,636335.0,77804.0,373480.0,0.0,894000.0,0.0,0.0,0.0,0.0,0.0,0.0,0.0
MO-04,0.0,0.0,41657.0,19366.0,22674.0,15561.0,0.0,8558.0,0.0,1387968.0,747401.0,864475.0,16601.0,567061.0,0.0,0.0,0.0,0.0,0.0,0.0,0.0,0.0,0.0
MO-05,1213054.0,982544.0,1336738.0,1142882.0,1083483.0,148137.0,849891.0,0.0,0.0,331764.0,222510.0,109254.0,4286.0,39087.0,0.0,0.0,0.0,0.0,0.0,0.0,0.0,0.0,0.0
MO-06,182000.0,248691.0,71949.0,16727.0,55222.0,31868.0,0.0,8353.0,0.0,599336.0,166050.0,433286.0,18699.0,76000.0,0.0,63950.0,0.0,0.0,0.0,0.0,0.0,0.0,0.0
MO-07,0.0,12107.0,50540.0,33543.0,22134.0,26365.0,8500.0,0.0,0.0,1464359.0,957571.0,1108175.0,619520.0,246255.0,0.0,0.0,0.0,0.0,0.0,0.0,0.0,0.0,0.0
MO-08,0.0,0.0,5674.0,1942.0,3732.0,4269.0,0.0,109.0,5196.0,5264183.0,5012103.0,3269224.0,273782.0,2734275.0,0.0,0.0,0.0,0.0,0.0,0.0,0.0,0.0,0.0
MS-01,0.0,0.0,551243.0,149645.0,401599.0,137251.0,2500.0,21869.0,0.0,1004205.0,863664.0,749399.0,16080.0,500635.0,0.0,0.0,0.0,0.0,0.0,0.0,0.0,0.0,0.0
MS-02,0.0,0.0,770971.0,1449522.0,947613.0,6419.0,566744.0,0.0,0.0,45390.0,35874.0,46245.0,6118.0,150.0,2921.0,2500.0,0.0,9190.0,0.0,0.0,0.0,0.0,0.0
MS-03,0.0,0.0,155400.0,23208.0,132191.0,69258.0,2800.0,17776.0,17149.0,822761.0,962515.0,371591.0,5410.0,370000.0,0.0,0.0,0.0,0.0,0.0,0.0,0.0,0.0,0.0
MS-04,0.0,0.0,29045.0,6534.0,22864.0,5890.0,500.0,3500.0,3500.0,990106.0,123359.0,1018212.0,12096.0,477000.0,0.0,0.0,0.0,0.0,0.0,0.0,0.0,0.0,0.0
MT-01,356307.0,1748202.0,1382873.0,550079.0,832794.0,495944.0,140650.0,1267.0,0.0,1303394.0,502201.0,801193.0,290173.0,330600.0,0.0,209089.0,0.0,0.0,0.0,0.0,0.0,0.0,0.0
MT-02,0.0,0.0,19174.0,3166.0,14573.0,4916.0,1000.0,4832.0,0.0,2127927.0,650464.0,1588993.0,496243.0,681678.0,0.0,2026506.0,296253.0,140122.0,164060.0,2734.0,2500.0,250000.0,257126.0
NC-01,1477555.0,1294675.0,4287386.0,3570366.0,987862.0,367550.0,1530112.0,0.0,0.0,3793077.0,1829661.0,1989720.0,83111.0,351704.0,2402740.0,3501000.0,0.0,0.0,0.0,0.0,0.0,0.0,0.0
NC-02,0.0,0.0,1675978.0,1337687.0,1075801.0,65366.0,689413.0,0.0,9555.0,0.0,0.0,0.0,0.0,0.0,0.0,0.0,0.0,0.0,0.0,0.0,0.0,0.0,0.0
NC-03,371202.0,131108.0,223119.0,73711.0,137467.0,70520.0,27250.0,100.0,0.0,2357956.0,2697820.0,1243599.0,28721.0,1037799.0,0.0,0.0,0.0,0.0,0.0,0.0,0.0,0.0,0.0
NC-04,2382171.0,241900.0,912011.0,47788.0,949918.0,86347.0,495618.0,0.0,4000.0,11917.0,16967.0,10302.0,1095.0,1000.0,4569.0,0.0,0.0,0.0,0.0,0.0,0.0,0.0,0.0
NC-05,377958.0,0.0,394695.0,99815.0,302276.0,181733.0,3350.0,0.0,20000.0,1662604.0,3369069.0,1204804.0,25085.0,419516.0,0.0,0.0,0.0,0.0,0.0,0.0,0.0,0.0,0.0
NC-06,0.0,0.0,199881.0,13898.0,185984.0,37641.0,7400.0,0.0,0.0,1226408.0,381728.0,852003.0,16395.0,515505.0,0.0,28602.0,0.0,0.0,0.0,0.0,0.0,0.0,0.0
NC-07,0.0,0.0,293818.0,65017.0,228801.0,99168.0,9411.0,0.0,0.0,1990423.0,2301487.0,1124461.0,6705.0,1209699.0,0.0,0.0,7341.0,450.0,6890.0,200.0,1740.0,2433.0,2000.0
NC-08,0.0,13442.0,39569.0,2343.0,37232.0,7059.0,3700.0,25460.0,0.0,1019134.0,517853.0,608814.0,74493.0,200500.0,0.0,0.0,0.0,0.0,0.0,0.0,0.0,0.0,0.0
NC-09,405280.0,0.0,2237508.0,163673.0,2073836.0,1666772.0,18842.0,0.0,0.0,3215341.0,1335132.0,2511943.0,214005.0,1605397.0,0.0,0.0,0.0,0.0,0.0,0.0,0.0,0.0,0.0
NC-10,11080.0,485.0,84024.0,26174.0,57805.0,30263.0,3050.0,14948.0,8486.0,1081821.0,451275.0,683387.0,81411.0,359925.0,0.0,0.0,36857.0,1342.0,52776.0,50.0,0.0,36307.0,0.0
NC-11,2388119.0,1153032.0,3052354.0,2184778.0,867576.0,556269.0,231570.0,0.0,0.0,0.0,0.0,0.0,0.0,0.0,0.0,0.0,0.0,0.0,0.0,0.0,0.0,0.0,0.0
NC-12,0.0,0.0,370506.0,456594.0,487322.0,12384.0,274275.0,0.0,0.0,28704.0,3.0,28701.0,1857.0,0.0,3053.0,3000.0,0.0,0.0,0.0,0.0,0.0,0.0,0.0
NC-13,0.0,0.0,1022610.0,514555.0,508054.0,76837.0,8100.0,461846.0,320000.0,1339161.0,707795.0,648627.0,28235.0,657718.0,0.0,760483.0,0.0,0.0,0.0,0.0,0.0,0.0,0.0
NC-14,0.0,80948.0,24888.0,-376.0,26124.0,11823.0,2200.0,0.0,0.0,1538952.0,1581992.0,880526.0,22782.0,435700.0,0.0,0.0,0.0,0.0,0.0,0.0,0.0,0.0,0.0
ND-01,0.0,0.0,190064.0,67391.0,122672.0,98864.0,2900.0,15.0,0.0,1730663.0,1055571.0,1004420.0,7624.0,962475.0,0.0,0.0,0.0,0.0,0.0,0.0,0.0,0.0,0.0
NE-01,0.0,0.0,592233.0,290611.0,301622.0,98457.0,25000.0,104319.0,100000.0,2368910.0,1560751.0,1028941.0,36065.0,1127179.0,0.0,6046.0,0.0,0.0,0.0,0.0,0.0,0.0,0.0
NE-02,4392596.0,178149.0,2668287.0,997390.0,1670897.0,493969.0,310406.0,65033.0,75000.0,2034386.0,1070769.0,963618.0,52231.0,255800.0,3500.0,0.0,0.0,0.0,0.0,0.0,0.0,0.0,0.0
NE-03,0.0,282975.0,55101.0,14834.0,40268.0,11451.0,50.0,36731.0,36731.0,1777414.0,1023354.0,1682292.0,3630.0,1299250.0,0.0,0.0,33064.0,5975.0,30617.0,10894.0,0.0,0.0,0.0
NH-01,4136151.0,1102797.0,2432372.0,604203.0,1828170.0,426835.0,99355.0,7000.0,0.0,2500778.0,189086.0,2311692.0,81153.0,20500.0,1750000.0,1750000.0,0.0,0.0,0.0,0.0,0.0,0.0,0.0
NH-02,150000.0,8016.0,4155360.0,2701065.0,1512294.0,275917.0,325303.0,0.0,0.0,1199750.0,627779.0,701451.0,645406.0,1500.0,120000.0,120000.0,0.0,0.0,0.0,0.0,0.0,0.0,0.0
NJ-01,0.0,0.0,1657743.0,2365599.0,999633.0,11139.0,791232.0,0.0,0.0,11125.0,5056.0,6138.0,6233.0,500.0,100.0,100.0,0.0,0.0,0.0,0.0,0.0,0.0,0.0
NJ-02,0.0,0.0,462863.0,120210.0,342653.0,76814.0,6000.0,110000.0,110000.0,1930058.0,1538041.0,1154447.0,219043.0,327471.0,0.0,11668.0,0.0,0.0,0.0,0.0,0.0,0.0,0.0
NJ-03,0.0,0.0,934660.0,439329.0,532745.0,54194.0,500874.0,0.0,0.0,79190.0,807.0,78383.0,5115.0,0.0,21000.0,94594.0,0.0,0.0,0.0,0.0,0.0,0.0,0.0
NJ-04,0.0,0.0,34352.0,5363.0,28989.0,14725.0,0.0,6712.0,25692.0,592016.0,488316.0,467765.0,85452.0,216783.0,0.0,0.0,0.0,0.0,0.0,0.0,0.0,0.0,0.0
NJ-05,0.0,0.0,4765145.0,12773075.0,12704564.0,20739.0,882050.0,0.0,0.0,55656.0,8034.0,47622.0,3603.0,0.0,25054.0,24325.0,0.0,0.0,0.0,0.0,0.0,0.0,0.0
NJ-06,0.0,0.0,2214837.0,3066966.0,2219781.0,7797.0,1455707.0,0.0,0.0,7645.0,1866.0,5779.0,1190.0,0.0,2786.0,4351.0,0.0,0.0,0.0,0.0,0.0,0.0,0.0
NJ-07,2777815.0,859883.0,4272034.0,1445694.0,2826340.0,632513.0,272746.0,0.0,0.0,4892807.0,3634205.0,1306888.0,220555.0,1194427.0,0.0,0.0,0.0,0.0,0.0,0.0,0.0,0.0,0.0
NJ-08,1539515.0,0.0,1958766.0,679737.0,1555715.0,13337.0,734489.0,0.0,0.0,0.0,0.0,0.0,0.0,0.0,0.0,0.0,0.0,0.0,0.0,0.0,0.0,0.0,0.0
NJ-09,38000.0,76393.0,2661928.0,1793359.0,1021043.0,231971.0,1024879.0,0.0,0.0,437829.0,39624.0,398205.0,251372.0,0.0,0.0,157218.0,0.0,0.0,0.0,0.0,0.0,0.0,0.0
NJ-10,0.0,0.0,2136938.0,814120.0,1486031.0,1072110.0,553383.0,0.0,0.0,2270.0,1018.0,1252.0,360.0,0.0,910.0,0.0,0.0,0.0,0.0,0.0,0.0,0.0,0.0
NJ-11,648446.0,0.0,1823436.0,27475.0,1795960.0,633740.0,336506.0,7000.0,111426.0,657711.0,5036.0,652675.0,71416.0,40500.0,0.0,11452.0,0.0,0.0,0.0,0.0,0.0,0.0,0.0
NJ-12,1900174.0,0.0,1533852.0,91930.0,1441921.0,263767.0,61806.0,0.0,0.0,79425.0,3084.0,76341.0,16648.0,0.0,53746.0,98552.0,0.0,0.0,0.0,0.0,0.0,0.0,0.0
NM-01,0.0,0.0,1353564.0,416711.0,1082562.0,467355.0,202335.0,0.0,0.0,100340.0,42741.0,57599.0,15340.0,1900.0,0.0,0.0,0.0,0.0,0.0,0.0,0.0,0.0,0.0
NM-02,913619.0,354315.0,3784102.0,2378703.0,1444484.0,385490.0,990919.0,0.0,0.0,1510080.0,794187.0,715893.0,142850.0,158100.0,0.0,0.0,0.0,0.0,0.0,0.0,0.0,0.0,0.0
NM-03,0.0,0.0,1249949.0,666975.0,990899.0,114676.0,212450.0,0.0,0.0,440623.0,242569.0,198054.0,23608.0,14200.0,0.0,0.0,0.0,0.0,0.0,0.0,0.0,0.0,0.0
NV-01,0.0,0.0,1537358.0,1337525.0,355197.0,50604.0,766723.0,0.0,4000.0,1915058.0,653588.0,1261470.0,526707.0,138100.0,3732.0,24440.0,85873.0,2972.0,82901.0,4528.0,0.0,0.0,7166.0
NV-02,399937.0,1861723.0,257087.0,140607.0,116479.0,57268.0,23100.0,20000.0,27163.0,2275392.0,117883.0,2172225.0,16480.0,66500.0,1675000.0,1614965.0,0.0,0.0,0.0,0.0,0.0,0.0,0.0
NV-03,970.0,68711.0,4401421.0,3689228.0,1178847.0,246965.0,1306593.0,0.0,0.0,4055410.0,2409434.0,1645976.0,189257.0,271905.0,3007000.0,3000000.0,0.0,0.0,0.0,0.0,0.0,0.0,0.0
NV-04,0.0,0.0,3350563.0,1496222.0,1860631.0,209416.0,1788353.0,0.0,22500.0,884687.0,285221.0,599467.0,204906.0,7000.0,320119.0,430235.0,0.0,0.0,0.0,0.0,0.0,0.0,0.0
NY-01,0.0,0.0,647598.0,172217.0,475381.0,100617.0,11100.0,3500.0,0.0,3795307.0,3329857.0,1141528.0,108697.0,941305.0,0.0,0.0,0.0,0.0,0.0,0.0,0.0,0.0,0.0
NY-02,0.0,0.0,461848.0,89408.0,372440.0,50667.0,9950.0,7000.0,0.0,3513016.0,3458915.0,1599708.0,5584.0,1805000.0,0.0,0.0,0.0,0.0,0.0,0.0,0.0,0.0,0.0
NY-03,0.0,2083500.0,5456698.0,5679950.0,1811089.0,203262.0,1584043.0,0.0,0.0,1666542.0,724906.0,957956.0,199352.0,209500.0,0.0,56746.0,0.0,0.0,0.0,0.0,0.0,0.0,0.0
NY-04,0.0,93339.0,5097222.0,3843824.0,1276602.0,325671.0,1032059.0,0.0,0.0,264824.0,226274.0,38550.0,13709.0,66250.0,0.0,0.0,24500.0,0.0,24500.0,0.0,0.0,0.0,0.0
NY-05,0.0,0.0,1744888.0,2010350.0,1963090.0,1965.0,928255.0,0.0,0.0,0.0,0.0,0.0,0.0,0.0,0.0,0.0,0.0,0.0,0.0,0.0,0.0,0.0,0.0
NY-06,0.0,0.0,2033045.0,1034068.0,1967862.0,22020.0,574800.0,0.0,0.0,2578.0,4149.0,550.0,78.0,0.0,0.0,6192.0,0.0,0.0,0.0,0.0,0.0,0.0,0.0
NY-07,956361.0,0.0,1693312.0,206842.0,1486470.0,620052.0,44750.0,0.0,0.0,0.0,0.0,0.0,0.0,0.0,0.0,0.0,0.0,0.0,0.0,0.0,0.0,0.0,0.0
NY-08,0.0,32101.0,14899981.0,5000460.0,14854086.0,7235721.0,2079150.0,0.0,0.0,0.0,0.0,0.0,0.0,0.0,0.0,0.0,0.0,0.0,0.0,0.0,0.0,0.0,0.0
NY-09,289695.0,0.0,1013953.0,30978.0,1093030.0,27671.0,581951.0,0.0,95704.0,0.0,0.0,0.0,0.0,0.0,0.0,0.0,0.0,0.0,0.0,0.0,0.0,0.0,0.0
NY-10,432138.0,219039.0,2455130.0,55336.0,2399794.0,659707.0,49000.0,0.0,0.0,0.0,0.0,0.0,0.0,0.0,0.0,0.0,0.0,0.0,0.0,0.0,0.0,0.0,0.0
NY-11,0.0,0.0,67616.0,35290.0,32326.0,17835.0,0.0,0.0,0.0,2750505.0,2767340.0,1329411.0,210566.0,1072300.0,0.0,0.0,0.0,0.0,0.0,0.0,0.0,0.0,0.0
NY-12,11999039.0,3017410.0,3315975.0,1088073.0,2232656.0,90223.0,22000.0,500000.0,500000.0,155145.0,83847.0,71298.0,23887.0,1995.0,26379.0,35527.0,46268.0,23469.0,22799.0,4494.0,0.0,25362.0,25362.0
NY-13,1887856.0,1542818.0,1354602.0,222087.0,1132514.0,416612.0,26603.0,0.0,0.0,0.0,0.0,0.0,0.0,0.0,0.0,0.0,0.0,0.0,0.0,0.0,0.0,0.0,0.0
NY-14,0.0,0.0,32607754.0,15960932.0,20381469.0,21547856.0,28050.0,0.0,0.0,342896.0,31041.0,311855.0,217527.0,850.0,8889.0,27913.0,0.0,0.0,0.0,0.0,0.0,0.0,0.0
NY-15,3857427.0,0.0,6908655.0,13986721.0,4345916.0,129722.0,700550.0,0.0,0.0,0.0,0.0,0.0,0.0,0.0,0.0,0.0,290837.0,11849.0,280261.0,67398.0,1500.0,0.0,0.0
NY-16,0.0,0.0,513967.0,100662.0,605959.0,47572.0,189650.0,0.0,0.0,0.0,0.0,0.0,0.0,0.0,0.0,0.0,0.0,0.0,0.0,0.0,0.0,0.0,0.0
NY-17,2542569.0,2121340.0,4317457.0,1319156.0,2998301.0,707036.0,422990.0,7000.0,0.0,8172046.0,4841306.0,3500108.0,425903.0,1926075.0,0.0,0.0,0.0,0.0,0.0,0.0,0.0,0.0,0.0
NY-18,0.0,0.0,4723627.0,3116479.0,1774339.0,245625.0,526547.0,0.0,0.0,89698.0,61255.0,28443.0,10915.0,8800.0,0.0,0.0,0.0,0.0,0.0,0.0,0.0,0.0,0.0
NY-19,73021.0,0.0,4825666.0,3190954.0,1703032.0,437652.0,743543.0,0.0,0.0,1237179.0,392868.0,844311.0,240815.0,259000.0,130000.0,100000.0,0.0,0.0,0.0,0.0,0.0,0.0,0.0
NY-20,0.0,0.0,957587.0,404327.0,1152761.0,97613.0,616955.0,0.0,0.0,29026.0,8119.0,20907.0,7657.0,1335.0,0.0,0.0,0.0,0.0,0.0,0.0,0.0,0.0,0.0
NY-21,148819.0,40000.0,5461528.0,2622585.0,3091285.0,2589744.0,60400.0,125.0,0.0,9460254.0,3036386.0,8730755.0,0.0,7000.0,9400000.0,12000000.0,0.0,0.0,0.0,0.0,0.0,0.0,0.0
NY-22,71377.0,0.0,2694739.0,1842997.0,979983.0,301510.0,831621.0,0.0,0.0,267339.0,186587.0,80751.0,13944.0,27350.0,22000.0,22000.0,0.0,0.0,0.0,0.0,0.0,0.0,0.0
NY-23,0.0,0.0,227174.0,17795.0,203235.0,64461.0,0.0,0.0,0.0,2326405.0,2477498.0,942715.0,58551.0,1032142.0,0.0,0.0,0.0,0.0,0.0,0.0,0.0,0.0,0.0
NY-24,0.0,0.0,193088.0,12850.0,180238.0,76636.0,7600.0,27597.0,17597.0,2763139.0,1373087.0,1745055.0,296718.0,1220160.0,0.0,0.0,0.0,0.0,0.0,0.0,0.0,0.0,0.0
NY-25,571931.0,0.0,1786904.0,408038.0,1759070.0,61270.0,853475.0,0.0,0.0,32416.0,12261.0,20155.0,6308.0,2000.0,0.0,0.0,0.0,0.0,0.0,0.0,0.0,0.0,0.0
NY-26,0.0,0.0,2310288.0,1213878.0,1435475.0,57306.0,575739.0,0.0,0.0,0.0,0.0,0.0,0.0,0.0,0.0,0.0,0.0,0.0,0.0,0.0,0.0,0.0,0.0
OH-01,420510.0,652907.0,4633250.0,3610214.0,1203152.0,242861.0,976688.0,0.0,0.0,1513614.0,474156.0,1039457.0,300934.0,282647.0,326142.0,394102.0,0.0,0.0,0.0,0.0,0.0,0.0,0.0
OH-02,0.0,0.0,0.0,0.0,0.0,0.0,0.0,0.0,0.0,1095248.0,442977.0,780078.0,151894.0,429000.0,0.0,1707300.0,0.0,0.0,0.0,0.0,0.0,0.0,0.0
OH-03,0.0,0.0,1201451.0,2776821.0,1137204.0,25836.0,889517.0,0.0,2500.0,0.0,0.0,0.0,0.0,0.0,0.0,0.0,0.0,0.0,0.0,0.0,0.0,0.0,0.0
OH-04,0.0,0.0,12868.0,465.0,12403.0,5418.0,100.0,5100.0,18222.0,4774322.0,6030301.0,6230902.0,1950436.0,529815.0,0.0,0.0,0.0,0.0,0.0,0.0,0.0,0.0,0.0
OH-05,0.0,11479.0,11664.0,8742.0,7258.0,0.0,2275.0,5523.0,5523.0,1461648.0,1019993.0,1038450.0,34441.0,810650.0,0.0,0.0,0.0,0.0,0.0,0.0,0.0,0.0,0.0
OH-06,0.0,0.0,1132.0,1069.0,63.0,632.0,0.0,0.0,0.0,1112553.0,269711.0,913479.0,9740.0,705286.0,0.0,0.0,0.0,0.0,0.0,0.0,0.0,0.0,0.0
OH-07,2404918.0,195622.0,603156.0,312290.0,290865.0,148902.0,162073.0,1421.0,0.0,2142562.0,1379132.0,937959.0,165677.0,656841.0,0.0,970000.0,0.0,0.0,0.0,0.0,0.0,0.0,0.0
OH-08,0.0,0.0,0.0,2987.0,0.0,11204.0,14192.0,0.0,0.0,661353.0,529910.0,526145.0,6597.0,273950.0,0.0,0.0,0.0,0.0,0.0,0.0,0.0,0.0,0.0
OH-09,2514330.0,932662.0,4303416.0,3491668.0,1260674.0,448413.0,1126725.0,0.0,0.0,1508953.0,531214.0,1054389.0,88590.0,116900.0,310000.0,88352.0,0.0,0.0,0.0,0.0,0.0,0.0,0.0
OH-10,612672.0,149765.0,362666.0,125160.0,237506.0,75520.0,26500.0,7028.0,48362.0,894595.0,556284.0,768735.0,48775.0,399000.0,0.0,0.0,0.0,0.0,0.0,0.0,0.0,0.0,0.0
OH-11,0.0,0.0,1183643.0,1156556.0,882901.0,39308.0,723196.0,0.0,0.0,0.0,0.0,0.0,0.0,0.0,0.0,0.0,0.0,0.0,0.0,0.0,0.0,0.0,0.0
OH-12,0.0,0.0,84378.0,18925.0,69210.0,54369.0,2250.0,0.0,0.0,1743281.0,1982352.0,767354.0,16715.0,1040300.0,0.0,0.0,0.0,0.0,0.0,0.0,0.0,0.0,0.0
OH-13,0.0,10921.0,3137440.0,1897462.0,1362656.0,414139.0,1006777.0,0.0,0.0,127109.0,77727.0,49382.0,32140.0,8000.0,51000.0,57778.0,58496.0,6171.0,53808.0,7740.0,0.0,24000.0,8000.0
OH-14,0.0,12000.0,61678.0,33693.0,19515.0,23317.0,0.0,80.0,9012.0,1410643.0,3121595.0,1031924.0,20291.0,967101.0,0.0,0.0,0.0,0.0,0.0,0.0,0.0,0.0,0.0
OH-15,444840.0,88993.0,606658.0,252402.0,354256.0,90488.0,11250.0,11920.0,10000.0,3299678.0,2056713.0,1404260.0,51245.0,1742650.0,0.0,0.0,0.0,0.0,0.0,0.0,0.0,0.0,0.0
OK-01,0.0,95000.0,141972.0,36579.0,105393.0,46686.0,0.0,1000.0,0.0,1763830.0,173735.0,1590095.0,6010.0,61000.0,1300369.0,1200369.0,0.0,0.0,0.0,0.0,0.0,0.0,0.0
OK-02,0.0,0.0,4290.0,86.0,2002.0,2730.0,0.0,1060.0,0.0,218894.0,76064.0,213526.0,4729.0,110008.0,0.0,0.0,0.0,0.0,0.0,0.0,0.0,0.0,0.0
OK-03,0.0,0.0,0.0,0.0,0.0,0.0,0.0,0.0,0.0,907279.0,532512.0,993052.0,4066.0,674481.0,0.0,0.0,0.0,0.0,0.0,0.0,0.0,0.0,0.0
OK-04,0.0,250000.0,65289.0,4166.0,61123.0,15682.0,0.0,23231.0,22500.0,3827891.0,2599733.0,3008432.0,109109.0,1568079.0,0.0,0.0,0.0,0.0,0.0,0.0,0.0,0.0,0.0
OK-05,0.0,0.0,449421.0,17334.0,432087.0,174155.0,3500.0,0.0,38312.0,1943507.0,2021981.0,1007476.0,41602.0,973750.0,0.0,0.0,6361.0,4185.0,2176.0,150.0,0.0,6211.0,0.0
OR-01,0.0,0.0,816770.0,572435.0,790299.0,58564.0,423600.0,0.0,0.0,4466.0,212.0,3555.0,1246.0,500.0,0.0,10870.0,0.0,0.0,0.0,0.0,0.0,0.0,0.0
OR-02,0.0,0.0,94774.0,53777.0,40996.0,20945.0,7850.0,0.0,1307.0,1011413.0,1420775.0,646983.0,44713.0,561542.0,0.0,0.0,0.0,0.0,0.0,0.0,0.0,0.0,0.0
OR-03,0.0,0.0,1038514.0,173687.0,887314.0,92790.0,350972.0,0.0,0.0,0.0,0.0,0.0,0.0,0.0,0.0,0.0,0.0,0.0,0.0,0.0,0.0,0.0,0.0
OR-04,292419.0,300000.0,1222922.0,520840.0,791472.0,65059.0,609627.0,0.0,0.0,677571.0,387695.0,289876.0,93427.0,24999.0,30434.0,30000.0,0.0,0.0,0.0,0.0,0.0,0.0,0.0
OR-05,60445.0,0.0,3760212.0,2715860.0,1089484.0,476165.0,1145915.0,0.0,0.0,423922.0,135365.0,288556.0,103182.0,3750.0,7144.0,27361.0,0.0,0.0,0.0,0.0,0.0,0.0,0.0
OR-06,0.0,0.0,1613394.0,611103.0,1063766.0,183489.0,669120.0,7.0,0.0,12791.0,1855.0,25206.0,284.0,5000.0,2000.0,2000.0,0.0,0.0,0.0,0.0,0.0,0.0,0.0
PA-01,121502.0,315016.0,2007499.0,794921.0,1212578.0,410843.0,200963.0,0.0,0.0,6734931.0,6355534.0,4801927.0,116186.0,2240827.0,0.0,24750.0,0.0,0.0,0.0,0.0,0.0,0.0,0.0
PA-02,0.0,0.0,2451958.0,5560518.0,729723.0,18411.0,970785.0,0.0,0.0,0.0,0.0,0.0,0.0,0.0,0.0,0.0,0.0,0.0,0.0,0.0,0.0,0.0,0.0
PA-03,2753769.0,0.0,1329253.0,21452.0,1307802.0,310928.0,89113.0,0.0,42000.0,0.0,0.0,0.0,0.0,0.0,0.0,0.0,10800.0,8252.0,2548.0,0.0,0.0,1000.0,0.0
PA-04,0.0,0.0,1371536.0,1184807.0,1155470.0,140831.0,725200.0,0.0,0.0,0.0,0.0,0.0,0.0,0.0,0.0,0.0,0.0,0.0,0.0,0.0,0.0,0.0,0.0
PA-05,0.0,0.0,990586.0,448590.0,859742.0,73979.0,449092.0,0.0,0.0,9296.0,5930.0,3366.0,71.0,0.0,5425.0,5425.0,0.0,0.0,0.0,0.0,0.0,0.0,0.0
PA-06,0.0,0.0,1763415.0,4037759.0,1131269.0,131686.0,523250.0,0.0,0.0,411270.0,213449.0,197822.0,10915.0,3548.0,100000.0,25000.0,0.0,0.0,0.0,0.0,0.0,0.0,0.0
PA-07,3225187.0,748009.0,2392215.0,1018423.0,1373792.0,599387.0,408000.0,3500.0,15000.0,4357405.0,2938717.0,1521928.0,554134.0,1047913.0,0.0,22583.0,0.0,0.0,0.0,0.0,0.0,0.0,0.0
PA-08,2039788.0,652537.0,4609589.0,3406710.0,1202879.0,620354.0,436327.0,0.0,0.0,5234586.0,2608048.0,2679690.0,608195.0,1383927.0,55536.0,777068.0,0.0,0.0,0.0,0.0,0.0,0.0,0.0
PA-09,0.0,0.0,697865.0,386883.0,310982.0,171661.0,42800.0,0.0,0.0,1903078.0,170733.0,1765991.0,6655.0,792000.0,0.0,250000.0,0.0,0.0,0.0,0.0,0.0,0.0,0.0
PA-10,906865.0,1829013.0,6364069.0,4478639.0,1900667.0,1057743.0,495435.0,0.0,0.0,5194925.0,2845976.0,2430869.0,1408838.0,655127.0,0.0,335158.0,0.0,0.0,0.0,0.0,0.0,0.0,0.0
PA-11,0.0,0.0,214230.0,47150.0,167079.0,51165.0,7250.0,47457.0,0.0,1524161.0,810787.0,1617466.0,5708.0,803667.0,0.0,0.0,0.0,0.0,0.0,0.0,0.0,0.0,0.0
PA-12,43068.0,0.0,1466287.0,1649288.0,828578.0,381058.0,207105.0,0.0,0.0,40139.0,9521.0,31303.0,12084.0,5200.0,25.0,12253.0,0.0,0.0,0.0,0.0,0.0,0.0,0.0
PA-13,0.0,0.0,55347.0,16053.0,40056.0,22129.0,2217.0,168.0,0.0,2418119.0,3759995.0,1258262.0,1699.0,1402618.0,0.0,0.0,0.0,0.0,0.0,0.0,0.0,0.0,0.0
PA-14,0.0,0.0,201421.0,34707.0,166713.0,56725.0,17908.0,2000.0,0.0,4209644.0,990681.0,3768044.0,1004693.0,1167150.0,0.0,0.0,0.0,0.0,0.0,0.0,0.0,0.0,0.0
PA-15,1788.0,0.0,139521.0,87343.0,52178.0,41802.0,2250.0,1100.0,0.0,1851459.0,829752.0,1813501.0,38674.0,1037568.0,0.0,0.0,0.0,0.0,0.0,0.0,0.0,0.0,0.0
PA-16,0.0,0.0,66591.0,37534.0,34058.0,30195.0,50.0,620.0,0.0,1168433.0,1329347.0,881774.0,2279.0,874667.0,0.0,90000.0,0.0,0.0,0.0,0.0,0.0,0.0,0.0
PA-17,0.0,0.0,2776943.0,1073975.0,2056640.0,749578.0,512370.0,0.0,0.0,117530.0,35849.0,81682.0,9344.0,5100.0,0.0,15275.0,0.0,0.0,0.0,0.0,0.0,0.0,0.0
RI-01,0.0,0.0,1725081.0,1851028.0,808701.0,37179.0,654422.0,0.0,0.0,12771.0,2332.0,10439.0,2421.0,0.0,8100.0,8100.0,0.0,0.0,0.0,0.0,0.0,0.0,0.0
RI-02,0.0,0.0,1382796.0,1512712.0,747050.0,52412.0,520000.0,0.0,0.0,3018775.0,280079.0,3889178.0,19553.0,0.0,2930334.0,2175000.0,0.0,0.0,0.0,0.0,0.0,0.0,0.0
SC-01,770636.0,1660553.0,2279585.0,412020.0,1867565.0,1066621.0,75250.0,0.0,0.0,556418.0,78533.0,477885.0,12145.0,74500.0,13500.0,10000.0,113822.0,9011.0,104811.0,1761.0,0.0,105500.0,105500.0
SC-02,0.0,0.0,19296.0,724.0,18572.0,4963.0,0.0,0.0,2000.0,861105.0,182912.0,722706.0,15147.0,261000.0,200000.0,0.0,0.0,0.0,0.0,0.0,0.0,0.0,0.0
SC-03,0.0,5979.0,40813.0,17699.0,23114.0,19831.0,333.0,100.0,100.0,505333.0,218741.0,390677.0,6400.0,291476.0,0.0,395000.0,0.0,0.0,0.0,0.0,0.0,0.0,0.0
SC-04,0.0,487316.0,32993.0,1207.0,37392.0,32993.0,0.0,0.0,0.0,1595725.0,77225.0,1538615.0,2566.0,637500.0,650000.0,0.0,409.0,324.0,85.0,0.0,0.0,409.0,0.0
SC-05,0.0,0.0,139717.0,74508.0,65209.0,41306.0,100.0,1209.0,0.0,884284.0,599621.0,284663.0,11650.0,236000.0,5630.0,0.0,0.0,0.0,0.0,0.0,0.0,0.0,0.0
SC-06,0.0,0.0,1225051.0,1634793.0,1429385.0,164655.0,720491.0,0.0,0.0,0.0,0.0,0.0,0.0,0.0,0.0,0.0,0.0,0.0,0.0,0.0,0.0,0.0,0.0
SC-07,0.0,0.0,297264.0,62378.0,234885.0,145946.0,3500.0,10750.0,0.0,1720803.0,1038817.0,1243169.0,88678.0,697914.0,0.0,0.0,0.0,0.0,0.0,0.0,0.0,0.0,0.0
SD-01,0.0,210989.0,261764.0,110978.0,150786.0,88621.0,12933.0,1500.0,0.0,1438706.0,1062725.0,375981.0,17640.0,181250.0,1000.0,0.0,0.0,0.0,0.0,0.0,0.0,0.0,0.0
TN-01,0.0,13375.0,101984.0,14106.0,87877.0,71203.0,250.0,10.0,0.0,1274194.0,1985063.0,739900.0,92875.0,683250.0,0.0,1456793.0,0.0,0.0,0.0,0.0,0.0,0.0,0.0
TN-02,0.0,0.0,397584.0,56230.0,341354.0,153957.0,250.0,6415.0,6000.0,2428734.0,967447.0,2189477.0,1377489.0,141525.0,0.0,23687.0,0.0,0.0,0.0,0.0,0.0,0.0,0.0
TN-03,0.0,0.0,55555.0,33870.0,28352.0,24937.0,0.0,0.0,0.0,2330803.0,4835525.0,752331.0,4395.0,642250.0,0.0,0.0,0.0,0.0,0.0,0.0,0.0,0.0,0.0
TN-04,0.0,0.0,59772.0,8490.0,58974.0,39700.0,1250.0,500.0,0.0,536843.0,495126.0,407735.0,1452.0,307000.0,0.0,0.0,27150.0,26766.0,384.0,26730.0,0.0,420.0,0.0
TN-05,306721.0,0.0,2599775.0,1482196.0,1117579.0,296295.0,215921.0,0.0,32786.0,719503.0,104821.0,614682.0,14584.0,3500.0,133713.0,0.0,0.0,0.0,0.0,0.0,0.0,0.0,0.0
TN-06,252636.0,600268.0,35380.0,2431.0,33199.0,18521.0,0.0,0.0,0.0,2380327.0,287585.0,2092742.0,217059.0,103200.0,1202292.0,1200000.0,0.0,0.0,0.0,0.0,0.0,0.0,0.0
TN-07,1658286.0,2781936.0,868615.0,78689.0,789926.0,119534.0,3000.0,229136.0,165000.0,2300690.0,207954.0,2092736.0,419392.0,589605.0,0.0,60000.0,5100.0,4970.0,130.0,0.0,0.0,5100.0,5100.0
TN-08,0.0,0.0,39805.0,13478.0,26327.0,5905.0,1500.0,0.0,0.0,2232874.0,3006838.0,1285497.0,3350.0,1028850.0,0.0,146500.0,2164.0,805.0,1459.0,164.0,0.0,1000.0,0.0
TN-09,68292.0,475814.0,2344947.0,844733.0,1500214.0,1218046.0,32694.0,278.0,0.0,1549482.0,417377.0,1132104.0,3347.0,82300.0,1000000.0,1000000.0,0.0,0.0,0.0,0.0,0.0,0.0,0.0
TX-01,0.0,0.0,9245.0,394.0,3752.0,124.0,0.0,7038.0,9636.0,1797848.0,777546.0,1401248.0,259260.0,779600.0,0.0,0.0,0.0,0.0,0.0,0.0,0.0,0.0,0.0
TX-02,1842767.0,519477.0,2729677.0,1469201.0,1260476.0,58184.0,1000.0,1961000.0,1961000.0,824450.0,152935.0,671515.0,48980.0,67800.0,13000.0,0.0,0.0,0.0,0.0,0.0,0.0,0.0,0.0
TX-03,0.0,0.0,446506.0,43878.0,402628.0,189126.0,5500.0,75000.0,75581.0,645503.0,212694.0,542149.0,130447.0,178673.0,1851.0,0.0,0.0,0.0,0.0,0.0,0.0,0.0,0.0
TX-04,0.0,0.0,16271.0,2086.0,14185.0,4774.0,0.0,8797.0,8797.0,790505.0,1097026.0,353558.0,2939.0,300080.0,0.0,25000.0,0.0,0.0,0.0,0.0,0.0,0.0,0.0
TX-05,0.0,0.0,12666.0,5129.0,-13258.0,6132.0,0.0,0.0,0.0,1341647.0,1329417.0,729587.0,5258.0,523533.0,0.0,0.0,0.0,0.0,0.0,0.0,0.0,0.0,0.0
TX-06,0.0,34293.0,44283.0,13638.0,30645.0,15583.0,0.0,3125.0,3125.0,4660385.0,2483402.0,3272431.0,447295.0,743635.0,0.0,0.0,0.0,0.0,0.0,0.0,0.0,0.0,0.0
TX-07,0.0,0.0,1426057.0,1702706.0,1040012.0,33174.0,601600.0,0.0,0.0,76578.0,6342.0,70236.0,4337.0,2500.0,3615.0,5077.0,3133.0,0.0,3125.0,762.0,0.0,1000.0,0.0
TX-08,0.0,1747822.0,21980.0,7859.0,16621.0,6795.0,2625.0,0.0,2040.0,2064033.0,122187.0,1941845.0,65062.0,297050.0,650000.0,425000.0,0.0,0.0,0.0,0.0,0.0,0.0,0.0
TX-09,641951.0,5347309.0,55358.0,18658.0,36700.0,9882.0,0.0,500.0,500.0,2080514.0,362040.0,1718474.0,46719.0,259300.0,4850.0,0.0,0.0,0.0,0.0,0.0,0.0,0.0,0.0
TX-10,0.0,1574333.0,363959.0,92140.0,271819.0,124564.0,7850.0,28061.0,0.0,2559185.0,119627.0,2439558.0,9828.0,129146.0,1649822.0,750000.0,0.0,0.0,0.0,0.0,0.0,0.0,0.0
TX-11,0.0,0.0,89281.0,46790.0,42491.0,23743.0,5000.0,5.0,3317.0,3189023.0,2881724.0,2631404.0,269143.0,182500.0,0.0,0.0,0.0,0.0,0.0,0.0,0.0,0.0,0.0
TX-12,0.0,0.0,0.0,0.0,0.0,0.0,0.0,0.0,0.0,1756535.0,1508861.0,783571.0,6852.0,607300.0,0.0,0.0,0.0,0.0,0.0,0.0,0.0,0.0,0.0
TX-13,0.0,0.0,101896.0,14017.0,87979.0,24372.0,750.0,11132.0,0.0,4036265.0,5410801.0,2027412.0,1387595.0,240600.0,0.0,0.0,0.0,0.0,0.0,0.0,0.0,0.0,0.0
TX-14,0.0,0.0,26823.0,-1092.0,27465.0,1600.0,1100.0,0.0,0.0,972561.0,921878.0,671255.0,2196.0,435611.0,0.0,0.0,0.0,0.0,0.0,0.0,0.0,0.0,0.0
TX-15,3169684.0,1402531.0,2960462.0,1155936.0,1804526.0,538712.0,243771.0,150300.0,0.0,5273960.0,2463323.0,3424607.0,1334572.0,705285.0,84.0,0.0,0.0,0.0,0.0,0.0,0.0,0.0,0.0
TX-16,0.0,0.0,858766.0,270455.0,704156.0,20769.0,366368.0,0.0,0.0,0.0,0.0,0.0,0.0,0.0,0.0,0.0,0.0,0.0,0.0,0.0,0.0,0.0,0.0
TX-17,0.0,0.0,8801.0,3145.0,5656.0,2199.0,0.0,5302.0,5000.0,1050237.0,933956.0,557216.0,3848.0,516176.0,10.0,0.0,0.0,0.0,0.0,0.0,0.0,0.0,0.0
TX-18,7102512.0,0.0,3637579.0,156016.0,3481563.0,700826.0,234868.0,100.0,0.0,0.0,0.0,0.0,0.0,0.0,0.0,0.0,0.0,0.0,0.0,0.0,0.0,0.0,0.0
TX-19,80633.0,1282423.0,31276.0,7631.0,20811.0,15290.0,1000.0,200.0,0.0,2143025.0,384766.0,1758259.0,8966.0,524039.0,0.0,7624.0,0.0,0.0,0.0,0.0,0.0,0.0,0.0
TX-20,0.0,0.0,514776.0,154380.0,499054.0,40347.0,141000.0,0.0,0.0,48536.0,21462.0,27073.0,4530.0,500.0,31985.0,30135.0,0.0,0.0,0.0,0.0,0.0,0.0,0.0
TX-21,0.0,1118370.0,243839.0,104069.0,144128.0,61473.0,4370.0,0.0,131.0,3922216.0,382201.0,3540015.0,12396.0,299830.0,2750000.0,2750000.0,0.0,0.0,0.0,0.0,0.0,0.0,0.0
TX-22,0.0,141263.0,53761.0,127.0,53615.0,20722.0,6634.0,0.0,0.0,206463.0,23258.0,183205.0,1658.0,86250.0,0.0,0.0,0.0,0.0,0.0,0.0,0.0,0.0,0.0
TX-23,616119.0,1018744.0,484915.0,171373.0,313542.0,190351.0,23000.0,9792.0,0.0,1937719.0,309023.0,1636736.0,17445.0,62500.0,420000.0,570000.0,0.0,0.0,0.0,0.0,0.0,0.0,0.0
TX-24,0.0,0.0,209860.0,37265.0,172595.0,69746.0,0.0,3500.0,0.0,2540738.0,2873013.0,1628596.0,78488.0,1102311.0,0.0,0.0,0.0,0.0,0.0,0.0,0.0,0.0,0.0
TX-25,12469.0,0.0,0.0,0.0,0.0,0.0,0.0,0.0,0.0,1424050.0,1076189.0,919362.0,871.0,454978.0,0.0,0.0,0.0,0.0,0.0,0.0,0.0,0.0,0.0
TX-26,0.0,0.0,17227.0,3807.0,14623.0,6426.0,0.0,0.0,0.0,4217213.0,1411512.0,2933524.0,1986111.0,378890.0,0.0,46734.0,0.0,0.0,0.0,0.0,0.0,0.0,0.0
TX-27,0.0,0.0,139788.0,11311.0,128665.0,97140.0,0.0,72.0,29277.0,1062241.0,271133.0,927985.0,323624.0,209250.0,0.0,0.0,0.0,0.0,0.0,0.0,0.0,0.0,0.0
TX-28,755913.0,155187.0,2231952.0,1129604.0,1150307.0,44637.0,676066.0,314500.0,301000.0,1399881.0,768188.0,631693.0,121323.0,243000.0,0.0,0.0,0.0,0.0,0.0,0.0,0.0,0.0,0.0
TX-29,522942.0,0.0,987402.0,200973.0,1158184.0,16198.0,650850.0,0.0,0.0,0.0,0.0,0.0,0.0,0.0,0.0,0.0,0.0,0.0,0.0,0.0,0.0,0.0,0.0
TX-30,200000.0,0.0,420153.0,119776.0,300377.0,43295.0,47515.0,0.0,0.0,17215.0,1159.0,16056.0,1956.0,0.0,200.0,0.0,0.0,0.0,0.0,0.0,0.0,0.0,0.0
TX-31,0.0,55000.0,123522.0,17400.0,106122.0,29233.0,7000.0,42642.0,58737.0,1419042.0,170827.0,1289654.0,2908.0,482311.0,0.0,0.0,78678.0,12398.0,66281.0,35154.0,0.0,0.0,0.0
TX-32,2125.0,1542372.0,96538.0,6043.0,90495.0,30105.0,750.0,0.0,0.0,865911.0,125412.0,740499.0,64980.0,184000.0,207000.0,207000.0,0.0,0.0,0.0,0.0,0.0,0.0,0.0
TX-33,50000.0,0.0,7431941.0,159887.0,7272054.0,1572614.0,62550.0,0.0,0.0,0.0,0.0,0.0,0.0,0.0,0.0,0.0,0.0,0.0,0.0,0.0,0.0,0.0,0.0
TX-34,3387929.0,1638224.0,3773915.0,2532412.0,1523563.0,179284.0,1311850.0,0.0,425000.0,2874990.0,686332.0,2188633.0,455607.0,317302.0,577245.0,591622.0,0.0,0.0,0.0,0.0,0.0,0.0,0.0
TX-35,3533715.0,4224207.0,931699.0,323108.0,608591.0,282789.0,214729.0,0.0,0.0,1048751.0,272389.0,776362.0,241683.0,195000.0,53000.0,116500.0,0.0,0.0,0.0,0.0,0.0,0.0,0.0
TX-36,0.0,0.0,0.0,0.0,0.0,0.0,0.0,0.0,4797.0,1006944.0,908646.0,744500.0,3949.0,432302.0,0.0,0.0,0.0,0.0,0.0,0.0,0.0,0.0,0.0
TX-37,0.0,0.0,1172881.0,597005.0,946714.0,266992.0,251220.0,0.0,10000.0,117890.0,770.0,117120.0,99745.0,0.0,0.0,0.0,0.0,0.0,0.0,0.0,0.0,0.0,0.0
TX-38,43939.0,662527.0,66929.0,43939.0,45689.0,12712.0,1500.0,28042.0,113240.0,1644127.0,89133.0,1554994.0,25840.0,173125.0,351231.0,330000.0,9888.0,806.0,9082.0,520.0,0.0,4107.0,0.0
UT-01,2434219.0,0.0,2262255.0,299350.0,1977908.0,223153.0,193291.0,0.0,0.0,132533.0,9568.0,122965.0,3234.0,4000.0,30000.0,0.0,0.0,0.0,0.0,0.0,0.0,0.0,0.0
UT-02,520898.0,521354.0,60225.0,23283.0,31698.0,22930.0,0.0,175.0,0.0,2536636.0,1886962.0,2183697.0,6329.0,1421500.0,0.0,0.0,8806.0,5402.0,3404.0,0.0,0.0,306.0,0.0
UT-03,300000.0,1328557.0,47533.0,13335.0,34198.0,0.0,131.0,20.0,1534.0,1453861.0,322379.0,1238503.0,7393.0,672923.0,0.0,0.0,663.0,-9641.0,16313.0,175.0,0.0,488.0,0.0
UT-04,0.0,0.0,53579.0,1129.0,52450.0,7510.0,450.0,36155.0,35222.0,971392.0,386557.0,710038.0,3919.0,494000.0,0.0,225000.0,34074.0,2075.0,31999.0,3511.0,0.0,5639.0,0.0
VA-01,4606524.0,140205.0,2140980.0,1004227.0,1136753.0,331552.0,342015.0,0.0,0.0,4053142.0,4292789.0,1136232.0,54324.0,1169350.0,0.0,0.0,0.0,0.0,0.0,0.0,0.0,0.0,0.0
VA-02,2400621.0,660531.0,4659795.0,3582723.0,1077072.0,562196.0,405663.0,8010.0,0.0,5954338.0,3391740.0,2608075.0,784112.0,1255601.0,0.0,38101.0,0.0,0.0,0.0,0.0,0.0,0.0,0.0
VA-03,0.0,0.0,688200.0,191843.0,659220.0,26802.0,305381.0,0.0,3191.0,6555.0,1762.0,4793.0,1305.0,500.0,4100.0,0.0,34330.0,14717.0,19613.0,530.0,0.0,20000.0,20000.0
VA-04,0.0,0.0,1135225.0,197426.0,991901.0,79210.0,607800.0,0.0,0.0,0.0,0.0,0.0,0.0,0.0,0.0,0.0,0.0,0.0,0.0,0.0,0.0,0.0,0.0
VA-05,1405451.0,367735.0,2140402.0,1511291.0,629110.0,211452.0,106850.0,13111.0,0.0,1781840.0,524346.0,1291713.0,449073.0,415801.0,0.0,41488.0,0.0,0.0,0.0,0.0,0.0,0.0,0.0
VA-06,0.0,6348.0,1686322.0,847470.0,838852.0,445062.0,39250.0,0.0,0.0,1441436.0,711442.0,1058317.0,46824.0,597760.0,0.0,0.0,0.0,0.0,0.0,0.0,0.0,0.0,0.0
VA-07,180667.0,48024.0,12355664.0,6573093.0,5917504.0,6484357.0,821234.0,716.0,0.0,251134.0,65801.0,185334.0,29179.0,7250.0,0.0,0.0,115.0,115.0,0.0,115.0,0.0,0.0,0.0
VA-08,0.0,0.0,2125761.0,838934.0,1843890.0,100225.0,573250.0,0.0,0.0,21917.0,17903.0,4014.0,3439.0,6000.0,3712.0,0.0,25000.0,4438.0,20562.0,0.0,0.0,25000.0,25000.0
VA-09,0.0,0.0,85335.0,13941.0,71395.0,17512.0,3.0,2587.0,0.0,1828839.0,973867.0,1318861.0,18255.0,1224589.0,0.0,0.0,0.0,0.0,0.0,0.0,0.0,0.0,0.0
VA-10,0.0,0.0,1170446.0,582812.0,678467.0,86553.0,320985.0,2171.0,0.0,107334.0,54260.0,53073.0,6365.0,2000.0,50000.0,50000.0,0.0,0.0,0.0,0.0,0.0,0.0,0.0
VA-11,1012792.0,2790.0,2758961.0,979176.0,1779785.0,392033.0,932069.0,0.0,0.0,10780.0,200.0,10580.0,1272.0,0.0,3982.0,3982.0,0.0,0.0,0.0,0.0,0.0,0.0,0.0
VT-01,0.0,0.0,956339.0,626332.0,475768.0,206782.0,280029.0,0.0,0.0,58280.0,19707.0,38573.0,6258.0,0.0,5055.0,16500.0,0.0,0.0,0.0,0.0,0.0,0.0,0.0
WA-01,113120.0,0.0,3550452.0,1109685.0,3504488.0,776471.0,1479993.0,0.0,495000.0,3186.0,820.0,2622.0,442.0,0.0,2244.0,0.0,0.0,0.0,0.0,0.0,0.0,0.0,0.0
WA-02,0.0,0.0,2038786.0,652100.0,1634123.0,118658.0,1157275.0,0.0,0.0,0.0,0.0,0.0,0.0,0.0,0.0,0.0,0.0,0.0,0.0,0.0,0.0,0.0,0.0
WA-03,583632.0,1321428.0,6292683.0,2064820.0,4254323.0,278709.0,864716.0,0.0,8500.0,2214441.0,1267035.0,947406.0,205710.0,279845.0,11434.0,600.0,0.0,0.0,0.0,0.0,0.0,0.0,0.0
WA-04,0.0,2125940.0,179020.0,34309.0,144711.0,50216.0,7000.0,887.0,600.0,981820.0,215447.0,766373.0,192066.0,110500.0,63792.0,0.0,0.0,0.0,0.0,0.0,0.0,0.0,0.0
WA-05,721438.0,121058.0,396217.0,74463.0,334896.0,88416.0,13100.0,9941.0,23421.0,1738226.0,953784.0,976007.0,186660.0,366950.0,0.0,0.0,0.0,0.0,0.0,0.0,0.0,0.0,0.0
WA-06,0.0,0.0,1195247.0,241631.0,981488.0,231651.0,311706.0,0.0,0.0,27615.0,2836.0,24779.0,8476.0,1000.0,7535.0,12344.0,0.0,0.0,0.0,0.0,0.0,0.0,0.0
WA-07,0.0,0.0,2502816.0,1766786.0,2748755.0,1008781.0,281113.0,0.0,0.0,11811.0,5044.0,10525.0,661.0,0.0,5900.0,0.0,0.0,0.0,0.0,0.0,0.0,0.0,0.0
WA-08,105040.0,0.0,3016894.0,3508751.0,1329765.0,197673.0,900550.0,0.0,0.0,126517.0,89862.0,36655.0,2560.0,0.0,85000.0,85000.0,0.0,0.0,0.0,0.0,0.0,0.0,0.0
WA-09,0.0,0.0,1882001.0,869549.0,1583206.0,94878.0,563165.0,0.0,0.0,99242.0,5021.0,94764.0,3317.0,0.0,72760.0,760.0,0.0,0.0,0.0,0.0,0.0,0.0,0.0
WA-10,391134.0,0.0,1511304.0,677498.0,1414394.0,65724.0,667380.0,0.0,50000.0,0.0,0.0,0.0,0.0,0.0,0.0,0.0,0.0,0.0,0.0,0.0,0.0,0.0,0.0
WI-01,105700.0,978899.0,712984.0,151644.0,561340.0,345825.0,19500.0,0.0,0.0,5467777.0,6327099.0,1359849.0,253363.0,1634675.0,0.0,0.0,0.0,0.0,0.0,0.0,0.0,0.0,0.0
WI-02,0.0,0.0,814874.0,884043.0,933048.0,124620.0,401660.0,0.0,0.0,0.0,0.0,0.0,0.0,0.0,0.0,0.0,0.0,0.0,0.0,0.0,0.0,0.0,0.0
WI-03,2049112.0,651998.0,8601146.0,1826605.0,6784680.0,2645733.0,523475.0,0.0,0.0,7526052.0,4677029.0,3365829.0,1592300.0,1009742.0,0.0,181867.0,0.0,0.0,0.0,0.0,0.0,0.0,0.0
WI-04,25000.0,0.0,1070659.0,28561.0,1064346.0,35303.0,682991.0,668.0,4000.0,0.0,0.0,0.0,0.0,0.0,0.0,0.0,0.0,0.0,0.0,0.0,0.0,0.0,0.0
WI-05,0.0,0.0,14612.0,3158.0,11590.0,3829.0,0.0,1625.0,425.0,1376100.0,1327087.0,886619.0,45262.0,872850.0,0.0,0.0,0.0,0.0,0.0,0.0,0.0,0.0,0.0
WI-06,0.0,0.0,166061.0,60280.0,105780.0,53620.0,1000.0,11286.0,0.0,929020.0,829736.0,621774.0,96789.0,277750.0,0.0,139110.0,169862.0,62983.0,108484.0,20142.0,8750.0,0.0,0.0
WI-07,199405.0,3289705.0,423041.0,173977.0,249064.0,115985.0,6500.0,5030.0,5000.0,1351546.0,663408.0,688138.0,63888.0,211000.0,0.0,0.0,0.0,0.0,0.0,0.0,0.0,0.0,0.0
WI-08,0.0,0.0,75430.0,23332.0,39307.0,19451.0,6661.0,1960.0,0.0,1090216.0,515561.0,619885.0,96766.0,596900.0,0.0,634225.0,0.0,0.0,0.0,0.0,0.0,0.0,0.0
WV-01,0.0,25515.0,258330.0,258330.0,0.0,1480.0,0.0,240000.0,240000.0,1746898.0,604379.0,1382061.0,2971.0,1232139.0,0.0,417993.0,0.0,0.0,0.0,0.0,0.0,0.0,0.0
WV-02,0.0,0.0,134245.0,43669.0,90575.0,33670.0,1000.0,60.0,0.0,1325162.0,751072.0,697053.0,204309.0,522450.0,0.0,60882.0,0.0,0.0,0.0,0.0,0.0,0.0,0.0
WY-01,723633.0,36970.0,17946.0,2010.0,15936.0,6081.0,0.0,0.0,11223.0,1621197.0,240146.0,1381051.0,11618.0,2500.0,1377000.0,1377000.0,0.0,0.0,0.0,0.0,0.0,0.0,0.0
