code,level,state,district,pres16_total,pres16_dem,pres16_rep,pres20_total,pres20_dem,pres20_rep,pres24_total,pres24_dem,pres24_rep,margin_2016,margin_2020,margin_2024
AK-01,district,AK,1,318608,116454,163387,357569,153778,189951,337780,139695,184410,-16.77130942213614,-10.523697447698623,-13.796454852594067
AL-01,district,AL,1,297479,97477,190125,324766,111504,209022,328069,103121,220876,-32.2139623507486,-30.424364950113254,-36.34447232536104
AL-02,district,AL,2,294563,127407,159319,310336,139947,166756,293174,123962,165887,-11.12978941567908,-8.741029595406632,-14.464428029767223
AL-03,district,AL,3,289677,79538,200498,322821,93356,225352,316410,82862,230048,-43.194446428316354,-41.41596696662776,-47.03780639800581
AL-04,district,AL,4,297488,51956,236405,326492,60120,262489,323861,52911,267661,-63.96461380006312,-62.72887613178801,-66.98963103452579
AL-05,district,AL,5,298086,92178,189897,346248,122869,216421,353600,122382,224861,-34.64291411858548,-27.572872763712457,-29.512185990790314
AL-06,district,AL,6,320579,88483,217406,356423,116892,233531,349473,112016,231535,-42.14698795968472,-33.285201028471306,-34.789303480414844
AL-07,district,AL,7,325952,192568,124979,336196,204936,127599,300503,175158,121748,21.28472320632851,23.256800036086428,17.988858426572722
AR-01,district,AR,1,274701,82710,178526,286792,80516,197832,279751,73540,200849,-36.677946377987716,-42.14724014542946,-46.39726811205988
AR-02,district,AR,2,306119,120843,166843,333041,140254,183964,322108,131691,182666,-15.989655388166266,-13.481669740730004,-16.21564017979558
AR-03,district,AR,3,259373,82476,156678,300274,110479,180794,316568,114236,193730,-31.026869715748013,-24.140582889591553,-25.812589701460553
AR-04,district,AR,4,290299,94416,182697,298962,92683,198057,280797,81677,193950,-31.857401132390034,-36.24337896402284,-40.73367268083315
AZ-01,district,AZ,1,371758,165645,181468,462714,231828,225000,450734,216232,230237,-4.558457908519704,1.4946544432477868,-3.1368359281383476
AZ-02,district,AZ,2,317058,130295,162484,405642,183709,215674,416477,174969,237306,-10.994299454537382,-8.003595546129906,-15.120247407676915
AZ-03,district,AZ,3,170143,121424,36498,229528,171012,54815,213222,147522,62762,53.777181140056484,51.45398911556192,40.30739381027563
AZ-04,district,AZ,4,292378,136013,128842,371378,201148,162949,347506,182893,159723,2.7075192086235864,10.49143497474574,6.762673080066313
AZ-05,district,AZ,5,293915,103832,166365,417448,171318,239637,445025,175673,264571,-23.14348419856623,-16.624447932255357,-20.192893032045866
AZ-06,district,AZ,6,354405,155070,173737,436083,214892,214586,440175,216024,219323,-5.677190570760355,0.07124928401454789,-0.7577863175811479
AZ-07,district,AZ,7,236125,149723,70427,296842,194849,97589,281685,170352,108028,36.01907790143084,33.25833168056135,22.388102593577123
AZ-08,district,AZ,8,313776,116708,176019,402270,171106,225569,392023,162183,226186,-20.261540616342188,-13.729879624377638,-16.479945618728582
AZ-09,district,AZ,9,255099,82457,156561,363389,132281,225867,402472,137012,262106,-31.00352274724079,-26.130538213252624,-31.342610456055603
CA-01,district,CA,1,321841,170598,126522,369547,212964,147017,341644,186164,144424,14.834410339256864,18.319577977726603,12.6259876341549
CA-02,district,CA,2,360469,211519,123116,417404,263170,144491,389315,236524,140558,26.41773873025834,29.112178991858435,25.449636948992527
CA-03,district,CA,3,312846,158917,130674,390775,217623,163088,366634,195637,158302,9.75272021575256,14.324513870100944,10.548427836435092
CA-04,district,CA,4,294872,167192,107953,361299,214496,138292,343934,191758,141847,21.530102309691255,21.600507953785275,14.961106698041096
CA-05,district,CA,5,307542,117813,171874,383759,159852,215543,362461,139201,214114,-18.661866083048256,-14.835306810159965,-21.202892602918073
CA-06,district,CA,6,267285,138060,110749,357325,196529,151560,336344,176808,148595,10.976692965286626,12.91882248505411,8.670172063564257
CA-07,district,CA,7,292191,164796,109416,375056,220144,146476,346907,190078,145585,20.19605268916021,20.093830123833943,13.25525899488475
CA-08,district,CA,8,276809,191499,69772,343801,241492,94851,312348,204494,98040,46.590321926275784,43.598647808933144,35.187450005619205
CA-09,district,CA,9,223768,135705,76029,295299,183175,105771,268485,145369,114692,28.1844200742441,26.78839644777917,11.79607861232557
CA-10,district,CA,10,332881,215821,96748,413477,282092,122486,377829,246078,119171,38.09494863534132,39.44999480940635,34.74533811180866
CA-11,district,CA,11,363048,312188,32219,393710,339716,46188,361181,295462,50870,81.29015960767349,76.06244039968489,70.62356351708765
CA-12,district,CA,12,326129,285851,21158,367980,328667,31678,318372,269134,33869,86.21669071590735,82.4179605655691,77.64444576456339
CA-13,district,CA,13,172949,99641,63356,223212,128684,89225,207956,101626,100599,22.261145910660932,18.108017566966026,0.5078501668933119
CA-14,district,CA,14,261784,185055,61360,327119,234592,85794,285585,186755,87473,50.197836982326564,46.44335270579863,36.20418046297242
CA-15,district,CA,15,288196,222846,51514,351206,272983,71576,305556,220581,74238,62.447878699518874,58.453559477477,49.63825262279568
CA-16,district,CA,16,323947,241413,63325,378287,284912,85226,340107,245843,82146,58.43970886466408,53.94906764504049,49.909295738576596
CA-17,district,CA,17,244152,181413,48738,303008,221507,75429,264237,177855,74877,57.64693614192421,49.19511275156936,40.74592849342387
CA-18,district,CA,18,209851,148302,49331,267322,187853,73682,237448,148784,81233,50.078175203533824,43.65419542317472,29.367829334353544
CA-19,district,CA,19,343793,228213,92930,412422,283131,119846,376406,246335,116873,42.12547058475508,40.51968226474464,35.644038677562165
CA-20,district,CA,20,254783,79369,161348,330665,118319,204971,315433,103304,204989,-34.05617384729786,-26.80317980760308,-32.98323348243392
CA-21,district,CA,21,178879,103959,65153,230879,137371,88586,201804,104262,92148,22.946922749420505,21.590391092110444,6.167710401710707
CA-22,district,CA,22,148327,85332,54863,189956,108930,76598,171160,81761,84855,21.733300046363993,17.427019102237935,-1.8569645172132327
CA-23,district,CA,23,239572,93385,132767,301409,128992,165463,276563,107871,161464,-17.413951678517105,-12.385933334465369,-19.898267956262647
CA-24,district,CA,24,324394,191795,110312,378599,239698,129955,351365,214059,126370,26.971569675644723,29.688112905887415,25.75838133649013
CA-25,district,CA,25,217741,122676,85098,283332,162219,115733,270081,139917,124154,18.085997285512143,16.724470412157494,5.969227972780048
CA-26,district,CA,26,309914,177503,114648,377422,227110,142642,343374,193089,140597,21.51455925189371,22.84450117916874,15.730956647866556
CA-27,district,CA,27,257839,145107,97256,329919,193710,128922,296071,157992,129114,19.743525208055683,20.081083091571823,10.05830599151533
CA-28,district,CA,28,288234,184398,87774,368031,240596,120216,326776,199321,116646,35.501080199285745,33.36363535580856,26.165707178281277
CA-29,district,CA,29,217818,167798,38126,278708,205835,66753,239025,156032,75625,62.97080476292224,51.022788970901146,34.709505864273474
CA-30,district,CA,30,309258,225759,66999,382071,273452,101697,341501,233206,96623,54.22909023835386,45.7831421648465,41.410245915307634
CA-31,district,CA,31,256037,157364,83888,330596,203333,120410,291926,159433,123733,30.456120571021174,25.6138356659449,12.607445809172004
CA-32,district,CA,32,322638,212185,93210,396309,261121,127773,359671,219580,129616,38.957743250544375,34.28903505839638,25.76318170883973
CA-33,district,CA,33,209314,130175,67605,275681,170325,99061,248383,132778,108364,31.63616139144504,26.454232959396556,10.124325086463577
CA-34,district,CA,34,198317,166571,20440,253311,205047,42312,214522,156727,48089,78.14032329649058,65.78899494257334,53.04175455042574
CA-35,district,CA,35,214097,131214,71126,290094,176058,107853,260394,136333,116142,29.69655036077889,24.023373521984002,7.997227448262204
CA-36,district,CA,36,358360,248098,88950,421859,299632,113497,385607,261900,111111,47.21820037502077,45.054934415158456,40.42481320926192
CA-37,district,CA,37,231849,204880,16919,279706,239694,34727,235123,184949,42949,84.74384465214,74.69071244547611,62.308576643937194
CA-38,district,CA,38,239041,154188,72172,305247,192239,106965,261693,142692,110315,36.23254992048065,28.500287429312444,12.796879137731368
CA-39,district,CA,39,206876,126878,67779,266320,164929,95580,235122,125176,102730,30.36058297415454,26.62057740807419,9.84879731117215
CA-40,district,CA,40,301368,121928,163266,397465,179744,210083,381054,161580,208158,-14.494694839302369,-7.782683087626049,-12.59756908946335
CA-41,district,CA,41,277244,170270,90662,348655,215396,125512,310791,172644,128621,30.509098155841368,26.36605770471799,14.612716379267424
CA-42,district,CA,42,313401,173517,119343,388327,227988,151313,349656,192310,146354,18.498258553575088,20.214816201380962,13.569791888125105
CA-43,district,CA,43,220096,185173,25041,270712,218705,46038,223391,162810,53414,76.17570666083134,65.22061017666189,50.5938286221696
CA-44,district,CA,44,210652,167919,32208,261940,197434,58412,219761,145044,67751,67.81243910117075,54.33815654729799,36.322751944359595
CA-45,district,CA,45,254163,147086,93147,336493,182099,148046,300328,151753,139878,22.45278542082062,10.314558754486665,4.07192650987035
CA-46,district,CA,46,203064,130126,60820,260764,164307,90684,227530,128596,91799,36.29612560619233,28.872783745308656,16.695932303364415
CA-47,district,CA,47,295756,155989,122746,383910,219008,157105,357754,190234,154166,11.926381688700738,16.458617489956477,10.472706155632986
CA-48,district,CA,48,261942,122931,123869,341175,179202,154412,328054,165384,154132,-0.38006482982171796,7.4307433141295025,3.5215763842812255
CA-49,district,CA,49,322115,166708,136094,406458,229526,167891,388330,211925,164898,10.110237052595425,15.50889871344205,12.47986455179222
CA-50,district,CA,50,327981,177367,129599,404074,239765,154464,371751,214074,146224,15.56133252542627,21.63742393380497,18.83163381423155
CA-51,district,CA,51,318830,180744,118963,388146,233972,145350,355638,205084,140213,20.613799477489682,23.36326392879928,18.787015236159014
CA-52,district,CA,52,244110,166832,64326,306819,201155,99185,272681,156736,108793,44.34456086313258,33.95152160884331,18.055654937878725
CO-01,district,CO,1,334973,246634,63455,397329,315919,72380,366354,280662,75479,59.073040320682125,62.71945073255404,57.61285558247997
CO-02,district,CO,2,399225,242986,121475,446101,306343,128381,431937,295692,123973,33.33991840004829,40.93677827771184,40.91811325700261
CO-03,district,CO,3,357266,139358,189660,412129,184177,218192,406766,178501,218065,-15.28852524785878,-8.45368306206492,-9.976649536268868
CO-04,district,CO,4,365046,117337,217525,442213,174566,256598,461578,182901,267114,-29.919190591945338,-19.02570715551391,-18.71337622079264
CO-05,district,CO,5,314303,107229,175679,373442,160890,198634,375473,165522,199615,-24.195144711354928,-10.498325563801025,-9.337043356329268
CO-06,district,CO,6,332723,173994,130081,383801,232523,141218,360369,210533,139305,14.441502918687824,24.430019719538397,20.360281044369106
CO-07,district,CO,7,394772,185568,173918,459883,256137,190958,445768,249924,183164,3.240738165046761,14.578333463805231,15.41488104034284
CO-08,district,CO,8,281939,125764,130691,342082,173797,158246,344500,164426,170726,-1.9211947515158603,4.683429555810543,-1.8797441161025445
CT-01,district,CT,1,327259,194466,118324,359968,227813,126734,343970,208405,129726,24.34284983535279,28.509337266991402,23.26879227281734
CT-02,district,CT,2,353384,172514,160603,391663,214323,169390,388589,205994,175984,3.575620577754963,11.710054128997454,7.856473409463373
CT-03,district,CT,3,326342,179608,134228,359611,212970,142041,342043,191715,143619,14.459781541951847,19.979380920591193,14.342715024423411
CT-04,district,CT,4,316448,190493,113120,355029,230421,119649,338461,206080,127034,25.484086649781133,31.642814294284,23.729413954381982
CT-05,district,CT,5,321222,160336,146834,357356,195183,156794,345708,179741,160435,4.395611550607156,10.906678561383272,5.6752974930624145
DE-01,district,DE,1,441052,235154,185062,504010,296268,200603,510775,288933,214262,11.920536105241114,19.253488329968945,14.839376384900484
FL-01,district,FL,1,367242,103970,243249,423264,139203,275564,422612,130047,286312,-40.11272424608101,-32.87653067867019,-37.531313121608996
FL-02,district,FL,2,381032,159976,204914,411700,180593,225707,413134,166349,241011,-12.315492340157308,-11.103618016244155,-18.32826001571092
FL-03,district,FL,3,348275,141371,192669,393522,166674,222024,400758,155705,239803,-15.35684349179739,-14.239846873408146,-21.2632867097505
FL-04,district,FL,4,347759,149004,185561,400821,184068,210863,398747,173074,220114,-10.926725748359809,-6.784729484390945,-11.963742535377477
FL-05,district,FL,5,358884,131386,209914,427864,176973,244305,439074,169106,262791,-23.008496923527687,-15.982795208864456,-21.69151441200101
FL-06,district,FL,6,365067,133086,218572,427616,161022,262093,442572,152600,285318,-24.30941426044623,-23.887359228578518,-30.3065870779461
FL-07,district,FL,7,374512,163729,192372,433846,202046,226041,428617,184389,237638,-8.043504511360542,-5.605169042741312,-12.617439168584
FL-08,district,FL,8,383313,156158,206745,434539,190788,237424,432353,177979,247784,-13.939537562378929,-10.89086714057523,-16.395271547785974
FL-09,district,FL,9,305876,144139,150585,373055,171889,197172,375543,152205,218724,-2.1871310107083235,-6.850629028805537,-17.93308153312359
FL-10,district,FL,10,299763,193520,91818,335396,220525,110247,299915,183316,111659,35.642641358669366,33.33958134303992,24.29256716670904
FL-11,district,FL,11,337842,142011,183528,423819,189517,230117,450673,187138,257579,-12.753310663238507,-9.675097823341293,-15.839511419621916
FL-12,district,FL,12,337176,153722,168020,398692,185004,208306,384441,159992,218925,-4.443933337891851,-5.9245887467900635,-15.553010289852395
FL-13,district,FL,13,389140,166993,202454,438499,199274,233340,409293,174633,228934,-9.598399770467752,-7.874456212697694,-13.45526269491807
FL-14,district,FL,14,324372,145385,162884,395901,189458,200699,389451,171478,212233,-5.676535752865193,-2.8811478456108692,-10.621274865719252
FL-15,district,FL,15,334307,143745,176208,394126,173755,215554,400234,157393,236555,-10.146177719852604,-10.736715565270774,-20.094530242570087
FL-16,district,FL,16,362284,163344,183465,427170,199416,222824,433163,184339,243417,-5.801752549674316,-5.543766578249336,-13.811144671261186
FL-17,district,FL,17,374268,152684,207803,443876,189104,250655,453507,174415,274186,-15.290149159331682,-13.996529917523008,-22.24047650361903
FL-18,district,FL,18,303199,131343,159066,365753,162062,199004,372105,152345,215216,-9.546191750255675,-10.231370441969059,-17.104915918718252
FL-19,district,FL,19,361337,132367,217409,427434,165037,259154,424197,145965,273568,-24.313274781574492,-22.18741085973064,-30.415485790152385
FL-20,district,FL,20,318861,237566,73584,359683,265212,91710,325400,221083,100489,52.701912260967376,48.61062080790761,37.50139937556752
FL-21,district,FL,21,374757,162763,199110,441689,199523,238441,451872,186840,259933,-10.044131504699163,-8.886118493757477,-16.36020977095751
FL-22,district,FL,22,324737,168161,146477,388260,198114,186929,388170,171280,211914,6.891729543157534,2.9048703651280507,-10.604028246788832
FL-23,district,FL,23,311337,198452,104281,360417,226632,130749,339960,191314,144504,31.106949027691066,26.829350189293777,13.939097963778
FL-24,district,FL,24,283529,237143,40004,316184,246096,67594,278540,191452,83867,71.13156555907155,56.90394975931652,39.07648945405148
FL-25,district,FL,25,346258,188436,148040,400621,209005,188734,379038,169978,204494,12.00561109856275,5.096558295766822,-9.217244546988827
FL-26,district,FL,26,290150,169889,112089,345108,169398,173413,327045,131900,191796,20.498053039598833,-1.1711992905711894,-18.5037813256883
FL-27,district,FL,27,307874,175715,121689,358962,177712,178550,338423,142685,191851,18.165861925192665,-0.235220146970488,-14.696774039266328
FL-28,district,FL,28,284266,158917,115376,343052,158945,181518,336629,124038,209511,15.873901266164284,-6.630089025826595,-25.625320417689757
GA-01,district,GA,1,274027,110607,155973,338540,144348,189659,363903,152157,209766,-17.017780778753096,-13.565883349750155,-15.917474158868048
GA-02,district,GA,2,280721,150531,124987,317651,173868,140913,316657,169767,145620,9.271263583504526,10.469183336986667,7.656307964500757
GA-03,district,GA,3,317474,97676,210579,385087,132203,248167,418466,145846,270151,-36.62649429855153,-30.487157241633145,-29.88122510498874
GA-04,district,GA,4,264373,201353,55295,317434,248553,65339,309227,234107,71829,56.90985318412768,58.36848342742089,53.04312012970033
GA-05,district,GA,5,292351,245682,36974,347624,298153,45247,352020,300220,48212,73.83816370429072,73.6476412347117,72.32630757220922
GA-06,district,GA,6,299005,208026,81373,367502,272522,90694,375844,280228,92564,43.764145695043865,50.060570018941895,50.34013605442177
GA-07,district,GA,7,317129,103939,199602,407587,161754,239986,432225,166107,261295,-31.515676630175165,-19.47329118335242,-22.271304298997197
GA-08,district,GA,8,279771,93873,179794,330378,117855,209131,345695,119189,225077,-31.396185875534865,-27.91434495666481,-30.75761184665346
GA-09,district,GA,9,283542,79279,194713,365652,121435,239400,401625,130883,267731,-42.130427165756664,-32.6922277495254,-34.33095676519139
GA-10,district,GA,10,301949,105431,187360,376507,145845,225968,413992,162653,248788,-27.982075951788136,-21.549273425081964,-20.934957867592193
GA-11,district,GA,11,316537,101813,200830,390391,149122,234735,420715,159375,257408,-32.717426142352544,-22.30335776083281,-23.52135283828755
GA-12,district,GA,12,287771,121481,159486,340904,151132,185716,348841,148916,198212,-13.526499553328328,-10.266945328456751,-14.201101610933142
GA-13,district,GA,13,290158,183801,98554,356715,248790,104145,364772,257798,103643,30.19142568752103,40.98346721067619,42.6501144031806
GA-14,district,GA,14,287565,74471,203584,356510,108927,242737,386084,120771,262821,-46.43433853014691,-38.050525501615176,-37.03153350434837
HI-01,district,HI,1,208431,131565,63534,279671,178661,96350,248838,153038,91497,34.86998908246582,29.93007552425176,25.166540577013514
HI-02,district,HI,2,220506,135326,65313,294798,187469,100514,267863,160006,102164,34.89501044163896,30.194490647017357,22.062783689972154
IA-01,district,IA,1,396628,177850,189883,428058,203400,215742,424688,190502,226309,-3.272211087936084,-2.9445867987460095,-8.590704180072024
IA-02,district,IA,2,408684,180282,198955,434421,203246,222312,421282,186017,227941,-4.923833908611238,-4.480235361572336,-10.127597485735269
IA-03,district,IA,3,370226,165874,177109,421197,205591,207043,424026,199043,217645,-3.275672555199529,-0.35188569046661206,-4.464251430326768
IA-04,district,IA,4,390493,129663,235036,407195,146824,252575,393510,131716,255124,-28.893142015744488,-26.477532492570088,-31.901561369041463
ID-01,district,ID,1,344543,86263,221000,447601,132143,302954,482396,126546,343895,-43.85070769991831,-39.25814243720366,-46.20111767469247
ID-02,district,ID,2,345881,103499,188058,419680,154878,251165,422665,148413,261355,-29.00256210620908,-23.71349832406913,-27.56242556763827
IL-01,district,IL,1,359512,258515,86153,369706,260608,103962,329810,213695,109427,50.00812375967598,42.967331376690346,32.26892628790364
IL-02,district,IL,2,330104,228009,88360,334633,231875,98019,299486,196546,97680,44.14117691682814,40.57545757121985,33.60206100072733
IL-03,district,IL,3,267054,184409,65684,297753,207606,84237,268964,171937,88946,47.472340289412344,42.272386180240744,31.811578370380595
IL-04,district,IL,4,227807,164935,49530,242648,175347,62773,213559,134061,74126,53.81064509360501,47.27616327901899,28.789021408637428
IL-05,district,IL,5,360070,235988,98390,402055,277279,117413,377272,253925,115297,41.15043453815741,40.503987919694346,37.54597505024078
IL-06,district,IL,6,356452,180640,151235,396781,216291,173135,375294,190515,170076,8.860263653483992,11.08195138485874,5.668194713678378
IL-07,district,IL,7,317580,272562,31019,321152,274990,41089,279610,227681,46425,79.56459725740413,74.00080359656921,66.12624313221892
IL-08,district,IL,8,290368,158507,113058,333617,189421,138008,311069,162605,141292,16.735956400861674,15.70203005842488,7.0132314567106615
IL-09,district,IL,9,342357,233480,88297,380325,265636,108344,351559,234667,107823,45.11913530177732,42.058933632814586,37.035825863528856
IL-10,district,IL,10,322655,186067,112732,355626,220431,128452,333562,199021,126349,24.543254830170113,26.363852638277013,22.335187632541416
IL-11,district,IL,11,332333,171819,136492,380397,215293,157092,365895,198881,157533,11.458235353263426,15.629254669226741,11.601115556627967
IL-12,district,IL,12,366997,95310,251552,383343,106247,270231,374175,102485,264356,-45.044426890233005,-43.55739246383587,-44.125656619625396
IL-13,district,IL,13,348727,176530,147579,358871,195381,155133,336281,180960,146195,8.932488761496904,11.482565603656344,10.626461463220798
IL-14,district,IL,14,310095,157151,130645,349032,191041,151038,338702,173956,156555,9.20999596936719,11.694082361092029,5.264877719652296
IL-15,district,IL,15,370924,102580,244940,395364,117022,270205,382709,111340,262935,-40.964548802946595,-39.558966704284565,-40.50364037138468
IL-16,district,IL,16,367027,125721,213029,400455,152607,238749,392642,147464,235918,-25.773579335793357,-22.01116119338914,-23.072027377393827
IL-17,district,IL,17,319863,158506,137320,331680,174840,149011,319035,163124,148146,7.1616423167672885,7.975581363034234,4.811899636971118
IN-01,district,IN,1,313114,165956,128967,340696,181830,153362,327083,161625,160330,12.541917720896642,8.49304279338409,0.40223012532807384
IN-02,district,IN,2,290652,99794,172718,311444,117691,187982,299606,107779,187184,-26.759922498825738,-22.995488643092454,-26.920325600160023
IN-03,district,IN,3,293561,87898,187915,328595,111653,209896,321169,107772,207943,-36.262612712236184,-30.55304168260514,-31.7282992572415
IN-04,district,IN,4,303286,89720,192817,345295,118416,219016,333989,115001,212994,-36.48973408792477,-29.813414258280186,-29.876370066616868
IN-05,district,IN,5,325741,113722,189864,369018,151395,210211,369170,150105,212150,-25.080866706633376,-16.26521683821618,-17.12743785454997
IN-06,district,IN,6,297501,83828,194382,331732,109388,215299,325610,107010,212902,-39.737608281513964,-32.61941500583639,-33.100352596964164
IN-07,district,IN,7,289346,187181,84036,303733,213497,84812,271247,189586,77134,38.030433195559276,43.13815540261943,42.161067786442715
IN-08,district,IN,8,320574,96921,206009,343954,112349,225278,332397,103783,223052,-36.010959627636744,-33.44785813930758,-36.49211375770649
IN-09,district,IN,9,326753,108135,200532,356789,126279,224001,353491,121011,226651,-29.93420093498819,-27.898252826310383,-30.3858345174336
KS-01,district,KS,1,287317,85010,182300,324068,110565,206461,310550,103889,200988,-36.3959447832105,-30.24862314131964,-31.848581559120564
KS-02,district,KS,2,284752,105015,158407,321506,130814,183254,307903,120738,181316,-20.268618414559146,-16.697021027293452,-20.055354340614592
KS-03,district,KS,3,340884,146168,164241,401920,205619,187733,397590,203405,187105,-5.822318296183422,4.547072342329517,4.174028834088755
KS-04,district,KS,4,280732,90812,166070,324809,123325,193958,311548,116821,189393,-29.29671989473766,-22.261829344780526,-23.69976552345745
KY-01,district,KY,1,325717,84440,228580,351934,98067,248605,342821,88125,250232,-46.04817583540988,-43.42375501915355,-47.91004767154219
KY-02,district,KY,2,312050,86587,210823,351844,108585,237267,351430,100536,245734,-41.77263710029925,-37.207244717393564,-41.93201836717012
KY-03,district,KY,3,336720,185507,133555,365925,220409,138631,332660,194712,131797,16.282728748644466,22.776849376114082,19.26899411654809
KY-04,district,KY,4,327274,94420,214576,375259,122873,245599,375012,117644,250916,-38.88594027107147,-33.30673701122473,-36.16019101367484
KY-05,district,KY,5,302043,55923,237010,327434,64518,258770,316791,55275,257630,-61.818572847716034,-60.08636262403802,-64.66978795481056
KY-06,district,KY,6,319571,121970,178413,363040,158022,197774,355813,147751,201182,-18.79034432707577,-11.172694465367796,-15.312681804243223
LA-01,district,LA,1,348685,92289,240287,377164,111184,258965,360811,107889,246297,-44.50050514769556,-39.92473301292183,-39.07777269570226
LA-02,district,LA,2,326542,241973,74262,354537,266954,81693,313903,228669,78875,53.033661675652596,53.137127237578405,48.70652654579508
LA-03,district,LA,3,345131,110617,223214,352107,116088,230069,338601,105807,228229,-33.728742986720825,-32.927544437928454,-36.64934318456694
LA-04,district,LA,4,333156,113427,209966,349637,119767,224410,319566,103232,212403,-29.851913925162265,-30.40383291155423,-34.58773583411219
LA-05,district,LA,5,336773,116519,211865,348684,121180,222382,320890,103973,212971,-29.03491034885987,-29.45669195079782,-34.39030238780352
LA-06,district,LA,6,338745,105329,219044,365933,120861,238257,353204,117300,229730,-35.05686354906234,-32.69009072226956,-32.39777540846613
MA-01,district,MA,1,366617,201248,137157,394516,235201,150047,381359,211784,160045,18.939140970139327,22.10368386078578,13.91472962033623
MA-02,district,MA,2,363362,209107,123066,397528,254519,132540,384958,231966,141308,25.9024664858372,31.514316938761272,24.287252795533576
MA-03,district,MA,3,344439,195231,121845,374196,233535,131371,358902,208626,140854,23.14460886349014,27.997347262034605,19.39223989927893
MA-04,district,MA,4,378162,217826,132524,418353,263665,145116,406811,237730,158054,24.34765234765235,29.00061402071036,20.13118266529218
MA-05,district,MA,5,372341,255386,92837,401879,298874,94414,374885,265591,97371,46.67957027536952,51.98734769431053,46.346449490580284
MA-06,district,MA,6,410546,227630,152986,452222,283227,158964,433167,255729,166654,19.611366836916996,28.10165742857724,21.088680178889778
MA-07,district,MA,7,297480,247479,34540,316358,269379,41247,280351,222689,47009,75.50519645839465,73.44266094918004,65.13952643326981
MA-08,district,MA,8,377770,228502,124147,416707,277345,130314,393116,242627,139502,29.591747034586795,36.06715416561391,26.986959900975847
MA-09,district,MA,9,414034,212641,171656,459400,266298,183106,460119,249776,200506,10.664928427752493,18.51162873494673,10.942031882242684
MD-01,district,MD,1,376493,133884,220643,412885,171274,230936,427049,171555,243356,-24.471760966019513,-14.833544665721888,-17.30515700957555
MD-02,district,MD,2,369798,193450,152487,394208,232384,150935,395335,227251,154851,11.841173392843206,21.248359721276536,18.94782021554454
MD-03,district,MD,3,371892,197828,147068,417218,255269,149735,416995,249542,151360,14.71748005195769,26.057520419551413,24.490274431157737
MD-04,district,MD,4,302958,270118,22449,304435,271634,26252,283398,240880,33369,84.65377161470707,82.37446539951524,75.66518018297242
MD-05,district,MD,5,346917,205347,122588,419204,280869,128856,431467,280941,138217,25.23640355558266,37.10122643236317,34.05016724003836
MD-06,district,MD,6,339332,160786,156713,373942,200390,163854,390367,200059,177663,1.282838686106098,10.03063880256092,5.92922837430703
MD-07,district,MD,7,310142,240979,54435,312583,251744,54311,303970,236114,58120,63.1466348920498,64.50899348156376,60.49402856230075
MD-08,district,MD,8,363914,275536,66786,402553,321459,71532,389753,296235,78614,60.98059721548717,63.5961128880814,58.05564373921233
ME-01,district,ME,1,382326,205601,150452,430149,258033,159936,436532,261038,165742,15.488986190258192,23.4699224105137,22.329068841089086
ME-02,district,ME,2,365609,152134,185141,389220,177037,200831,394843,174614,212235,-9.786376102586908,-6.296907914933257,-9.724983132953685
MI-01,district,MI,1,401079,142954,236371,465110,182980,274976,485804,187848,290861,-24.62716667765109,-20.088392771357945,-21.51891859146162
MI-02,district,MI,2,347334,114523,212052,414576,145232,262161,441630,151095,283938,-29.86419658577662,-28.701769544395706,-30.536304142444365
MI-03,district,MI,3,355420,166808,166206,416867,222082,186676,427618,226939,193503,0.18077318070711743,8.661848820084256,7.9525832338348685
MI-04,district,MI,4,360411,152485,186625,417546,196710,213174,433918,201639,225611,-10.067529710123559,-4.016746201364288,-5.6107665301345815
MI-05,district,MI,5,347875,120334,208566,405858,150373,248444,422372,151101,265208,-26.826391000304046,-24.590476333757085,-27.40920806420231
MI-06,district,MI,6,391114,227231,145719,456476,286129,164372,464272,280092,171956,21.856012870357958,27.027021027700272,23.92135348458571
MI-07,district,MI,7,386370,174627,189235,447468,221984,217748,463108,224818,230862,-4.014708873144214,0.9633140185385645,-1.326369382022472
MI-08,district,MI,8,381587,183253,179216,429210,215709,206999,433786,209506,218087,1.1137504172770638,2.0605240496986097,-2.0068148917311555
MI-09,district,MI,9,390276,120932,249882,464802,160625,297506,486616,161398,318624,-34.77484668863635,-29.878135293180335,-32.753915445542084
MI-10,district,MI,10,370004,166889,186837,429829,209969,214177,436229,199324,227882,-5.639393202648377,-0.9921112069900458,-6.684831205554229
MI-11,district,MI,11,399697,218132,162525,462264,273913,182216,460402,262383,188356,14.608164305398299,20.103304109144563,16.423473451376516
MI-12,district,MI,12,348166,250125,85669,387387,285421,97504,372561,247356,106968,48.97526459674681,49.07410067245544,39.62136349781556
MI-13,district,MI,13,310993,230545,70638,340833,252919,83911,334915,232935,94494,53.092970054750765,50.17605320191194,42.28122738059243
MN-01,district,MN,1,357115,137508,186985,389730,172290,208063,389557,167186,213794,-15.247478373955678,-9.405210422949208,-12.233713055803454
MN-02,district,MN,2,368772,165768,169685,422175,221065,190867,426655,220555,195780,-1.1676747562251641,7.330821591913228,5.9507367864820395
MN-03,district,MN,3,387267,197818,155180,435974,258519,167389,424914,251791,161935,12.078821976328477,21.39663964987744,21.718722052759556
MN-04,district,MN,4,361958,221276,108507,397840,268899,119665,378602,251495,117085,34.194909986263696,38.406543066264504,36.46698138802974
MN-05,district,MN,5,363290,266202,65575,398002,319421,69139,369401,292800,65271,60.47043646786848,64.41270331480338,63.542984491902445
MN-06,district,MN,6,361787,122297,207900,414967,165870,238883,431989,168595,253243,-25.924826694367304,-18.03890273821318,-20.066471014939385
MN-07,district,MN,7,364232,106539,230288,396627,128550,260006,401008,123652,269504,-36.73963191786881,-33.83193156198849,-37.09774237198466
MN-08,district,MN,8,380392,150308,198831,421856,182463,230053,431794,180905,242420,-13.89790312740771,-11.536522219744203,-14.531388413157739
MO-01,district,MO,1,352251,264225,72723,356554,280382,70459,316509,246418,64299,56.834288970404934,59.83422690050478,58.612499477016065
MO-02,district,MO,2,400242,152991,227850,429923,187579,235264,420917,182976,230848,-19.65623449155947,-11.277235285909901,-11.568202907516238
MO-03,district,MO,3,360946,126718,214461,397528,158177,231359,406941,159749,240977,-25.717585197213193,-18.786967058243654,-20.27020956963112
MO-04,district,MO,4,350749,125028,208388,392866,155951,229889,395017,153232,236509,-25.00179955371068,-19.162865436450343,-21.367266979866116
MO-05,district,MO,5,321480,129796,175707,343089,143602,192560,332891,133438,194505,-15.028002998333895,-14.563811495647933,-18.621223810235314
MO-06,district,MO,6,341473,112272,210557,374135,137236,230188,377140,135780,236206,-30.444910463434198,-25.298292980317015,-26.997252584774696
MO-07,district,MO,7,330930,82189,232326,364372,103422,254241,376524,105653,266226,-47.73603802680317,-42.1679066607393,-43.178829673092594
MO-08,district,MO,8,343378,77849,252499,366690,86665,274776,369388,83353,282416,-52.86849019821521,-52.044732058620916,-54.42314684951432
MS-01,district,MS,1,301502,96616,198299,333730,111535,217292,324051,99871,219880,-34.47874811386332,-32.1618966812336,-37.53201710080656
MS-02,district,MS,2,324055,201803,117922,333313,208181,121247,286655,171061,112641,26.23535851122058,26.389377952086647,20.592029664930102
MS-03,district,MS,3,317517,111864,199550,344969,128372,212292,323422,112896,207370,-28.15737250091518,-24.63424371227955,-29.498604285187934
MS-04,district,MS,4,266283,74848,184943,301747,91310,205933,293879,82839,207853,-42.3782963997983,-38.562051923846816,-43.005655470394785
MT-01,district,MT,1,252193,101342,131086,316599,143417,165186,322069,137407,174611,-12.797081246665634,-7.054046785028014,-11.923671070258766
MT-02,district,MT,2,242333,76367,148154,287041,101369,178416,280894,94499,177468,-31.973401151785357,-27.537930911235414,-30.507010041659466
NC-01,district,NC,1,376463,174505,191843,413926,190436,218891,416845,182065,230368,-4.7326585650801976,-6.951654789447067,-11.711720449139618
NC-02,district,NC,2,356956,221522,116605,411630,274360,129367,413074,271772,132620,31.028873766365894,35.913624800917454,34.410176264614535
NC-03,district,NC,3,305369,136203,159872,340722,153774,182097,346080,147604,194722,-7.994258211601791,-8.43270184088534,-13.76407284284571
NC-04,district,NC,4,357301,246910,92998,420149,303334,109939,436896,312412,115447,45.28048766136719,46.79594360144505,46.035025557485056
NC-05,district,NC,5,361478,148539,199157,400898,167125,228735,408268,165404,237629,-14.558119736781554,-15.563583084929014,-17.920368803547106
NC-06,district,NC,6,328056,125701,189948,381619,157036,218933,391691,159349,226292,-20.353937443172637,-16.46332543374587,-17.358890781841144
NC-07,district,NC,7,347162,145404,188896,415809,182076,227833,443202,188294,249694,-13.009871373018248,-11.162721482085049,-14.018648912755602
NC-08,district,NC,8,333489,125654,194792,397224,160781,231187,409708,162358,241622,-21.57555407151283,-17.9621805861703,-19.620773305609188
NC-09,district,NC,9,316101,126298,178638,372135,157604,209219,382677,158552,219095,-17.164257417949997,-14.070818896306939,-16.03163801115857
NC-10,district,NC,10,340665,134426,192722,397624,164108,227817,416353,168702,242192,-17.81945786005111,-16.255406008802705,-17.885391366143093
NC-11,district,NC,11,373237,148019,207561,433723,189678,237270,441237,196314,238078,-16.745036278755833,-11.147024930436492,-9.61435753881287
NC-12,district,NC,12,301193,213377,73884,354216,262589,85342,355661,254946,91834,48.55967221446698,50.943146773354485,47.03616125497433
NC-13,district,NC,13,314339,119692,182050,389550,158090,225136,425637,174774,244879,-20.665999429976605,-17.495159514229204,-16.705468565695945
NC-14,district,NC,14,329755,123066,193665,395579,163301,227009,409053,171063,232469,-22.289892684959792,-16.3224103917399,-15.217132718099185
ND-01,district,ND,1,344360,93758,216794,362024,115042,235751,368155,112327,246505,-39.61848579303949,-34.41032175670552,-37.39298613278637
NE-01,district,NE,1,271143,101993,151680,316213,136856,171834,318301,136153,177663,-19.587027393534196,-11.331108879458355,-13.227496367298034
NE-02,district,NE,2,265036,122402,127556,313187,163346,143563,316693,163541,148908,-2.0619464069963755,6.445884610747811,4.683324318528784
NE-03,district,NE,3,291997,60099,216725,322312,74381,241449,312165,70301,238245,-56.5796318238303,-52.89807807997974,-54.43078179590726
NH-01,district,NH,1,372167,170707,176898,403198,210310,186410,413940,208186,199942,-1.7810445764589116,6.024400080661424,2.0199545240708794
NH-02,district,NH,2,372129,177819,168892,400635,214627,179250,412249,210302,195581,2.574766880773901,8.98173795372667,3.626907261452192
NJ-01,district,NJ,1,339091,203453,124314,402401,247673,149308,377328,220362,149993,24.144895611821813,24.778263947141046,19.00041851736847
NJ-02,district,NJ,2,342600,153433,177679,410267,192116,212723,376636,160517,209709,-7.322597791683781,-5.0901716484824835,-13.28701928011539
NJ-03,district,NJ,3,369116,195590,160578,440507,248448,186277,385350,204031,174088,9.830192493430067,14.301224912300881,7.918935573192567
NJ-04,district,NJ,4,348975,120268,217894,428872,163477,259866,403670,136916,259999,-28.869595046161304,-22.768535206676383,-31.00991396142751
NJ-05,district,NJ,5,364588,190410,162315,432502,240337,186713,393138,195238,190272,7.965128641292791,12.556843460953049,1.2881637311613188
NJ-06,district,NJ,6,290786,168248,113095,334105,197763,131984,317497,163739,144525,19.603473340371007,19.948324018110856,6.232969143331689
NJ-07,district,NJ,7,388097,175248,197287,462052,235720,218813,438977,210218,218352,-5.915954205645106,3.7196419181885583,-1.897939659798866
NJ-08,district,NJ,8,216168,163542,46366,239751,172263,64970,217048,135768,74966,55.822550831792974,45.22684449465294,28.852487021553237
NJ-09,district,NJ,9,271851,165009,99667,315008,185789,125877,273696,131176,134622,24.68754250479832,19.223142723299944,-1.2964732616498242
NJ-10,district,NJ,10,265683,217131,43223,292250,236302,53598,254100,185281,63876,66.79674596894996,63.02311141773025,48.7263051007999
NJ-11,district,NJ,11,369254,198538,158881,437004,252518,179005,394595,208082,177521,11.09538105137108,17.03570840951699,7.925508878302296
NJ-12,district,NJ,12,307837,197408,100634,354634,235929,114140,330374,197885,122377,32.46992034679676,34.78999854314435,23.57694637515534
NM-01,district,NM,1,309924,146886,122247,359119,201152,149216,353679,194852,150029,9.154953127264214,14.823271531646725,12.996656817858915
NM-02,district,NM,2,225412,107186,93613,264910,137454,121870,271734,130545,135450,6.759495814222182,6.009470777868612,-1.8440196244290306
NM-03,district,NM,3,262983,131162,103807,299936,163008,130808,297983,153404,137906,11.641961279998638,10.95923979633512,5.32010572929182
NV-01,district,NV,1,262978,136880,110379,324302,172630,144981,335236,168436,160856,10.717911178157317,8.705303027917799,2.3019083366738338
NV-02,district,NV,2,333869,130913,175329,401976,173065,217352,420931,176235,234860,-14.503562542041914,-11.343512193372728,-14.260694000170277
NV-03,district,NV,3,275714,139341,120686,363055,190170,166060,385136,187977,190808,7.174254981213489,6.768099261712939,-0.7473896801615693
NV-04,district,NV,4,252824,132126,105664,316043,167621,141497,343079,172380,164399,11.128306488918794,8.451141635233148,2.369803342845011
NY-01,district,NY,1,376120,162092,199071,429345,207865,215368,429463,190070,233206,-10.238867215080171,-1.7727823681045665,-10.19098649580888
NY-02,district,NY,2,324813,144020,168577,366587,176294,185232,362137,153928,204363,-7.855801559196025,-2.472297981334676,-14.07654671761222
NY-03,district,NY,3,344063,180142,151638,394446,216924,172450,378292,178095,194280,8.591235155826151,11.421923394987852,-4.346424974823766
NY-04,district,NY,4,352242,191158,148717,395629,223908,166536,388641,194462,189492,12.487237955130563,14.694040630666624,1.2944258947686442
NY-05,district,NY,5,239268,200133,34377,267618,216236,49325,242000,170189,68170,70.68184725598056,62.852226042227585,42.80056553350199
NY-06,district,NY,6,198512,135722,56383,233531,149650,81285,209347,109480,96065,41.29980999973973,29.60356810357893,6.526551363448394
NY-07,district,NY,7,214366,180356,26490,251314,199615,48431,235013,168187,60343,74.38674182725312,60.94998508341195,47.1903032424627
NY-08,district,NY,8,237262,189197,42518,263927,203839,57668,239380,170473,65030,63.30146947759101,55.89563568088044,44.773527301138415
NY-09,district,NY,9,237301,186510,44411,270786,204641,63636,250409,173356,71858,61.53576331299448,52.559481431505496,41.39160080582675
NY-10,district,NY,10,263811,224497,29053,286330,241979,40386,276966,218940,51536,77.08302110037468,71.39447169443805,61.89236752983629
NY-11,district,NY,11,247539,110014,129447,295501,134686,157195,272725,100628,167092,-8.115308964716593,-7.711704427489286,-24.82593754669057
NY-12,district,NY,12,326197,271195,41591,343316,291101,47205,339053,273954,58314,73.4060987384346,72.09331197200169,64.89941854165913
NY-13,district,NY,13,265125,243798,13951,276080,242573,30506,239540,188808,46800,89.17473976620666,77.65774739178039,60.27299582357135
NY-14,district,NY,14,207289,168835,32688,231260,178044,50778,203123,131879,67385,67.55903792619205,55.61790387287936,32.36610727477115
NY-15,district,NY,15,208285,187336,16789,217715,184551,31315,186840,137445,47283,83.55027556644214,70.9866305949061,48.80797713394829
NY-16,district,NY,16,306815,215230,80794,334601,240160,91076,326298,216167,108141,45.41388536064643,45.00839280754507,33.30969325456048
NY-17,district,NY,17,345213,179410,151619,386978,210411,171524,389343,194302,192139,8.39533696443514,10.181575398955319,0.5597232177745115
NY-18,district,NY,18,319816,154068,149466,365344,196159,163016,371418,190676,178299,1.5161398723042558,9.227535324006404,3.354427806761976
NY-19,district,NY,19,344146,157236,163835,383691,196142,179031,384903,194143,187277,-2.0553086388991844,4.5608292707630875,1.8001153583975669
NY-20,district,NY,20,343529,180371,139718,384479,224569,151118,373934,211181,158272,12.700530165047846,19.551115689390368,14.320901440778663
NY-21,district,NY,21,313631,116528,174775,355972,146455,202220,357087,140758,214512,-19.995331321682237,-15.993403599340361,-20.759985363244855
NY-22,district,NY,22,330885,164220,145355,371891,202853,160633,362520,194091,166358,6.09383832673827,11.615302927760629,7.694014964669066
NY-23,district,NY,23,357094,123200,213225,401370,160041,232953,395116,154428,237461,-26.759307423645684,-18.552955006946668,-21.187887386479336
NY-24,district,NY,24,338733,116712,198947,378193,146392,222924,375708,143275,230018,-26.051847088155256,-20.722633192171475,-23.23724259495892
NY-25,district,NY,25,357079,192574,141224,391918,231293,150712,375956,220540,151196,15.383555323878515,21.094226515359747,18.654098607614007
NY-26,district,NY,26,321436,181577,124893,354431,218505,129474,339786,200098,134624,18.495774464058474,25.585164622003052,19.560710081799222
OH-01,district,OH,1,372005,171637,183796,405878,200126,199450,397244,191603,201912,-3.420897890741715,0.1691793300898953,-2.6197222469283252
OH-02,district,OH,2,353812,103858,235154,378358,111600,261545,376022,107317,265831,-38.72901254232888,-40.18411073443299,-42.48019552563594
OH-03,district,OH,3,357640,239177,101909,381894,271664,104532,358346,249431,105242,40.24439584151798,44.42684132739317,40.654067267595785
OH-04,district,OH,4,359204,100316,242527,393787,114210,273297,396335,111941,280927,-41.47991938000776,-41.05396805735122,-43.013429447040735
OH-05,district,OH,5,356252,134880,202111,388919,150175,232535,387528,145964,238010,-19.950384431631704,-21.520211125917797,-23.971935599806237
OH-06,district,OH,6,358366,126116,217308,382138,131306,245482,365518,118027,244557,-26.553764442787926,-30.30245124579339,-34.89674116894292
OH-07,district,OH,7,393850,164824,211861,436786,194811,236653,426048,187691,234785,-12.487091336262395,-9.697680455379823,-11.147142086177677
OH-08,district,OH,8,387084,146732,223385,414210,173573,234543,402587,167929,230834,-20.710478038025816,-14.939379980201709,-15.775034293552812
OH-09,district,OH,9,375717,168618,186743,392775,179884,206332,381139,168624,208947,-5.100447150925397,-6.847981440437476,-10.679580794075816
OH-10,district,OH,10,370936,161065,192717,391473,181210,203762,379147,172975,202500,-8.946752519913392,-5.858088380453643,-7.863373060789666
OH-11,district,OH,11,358591,282881,65718,358409,280544,74107,320521,247372,70858,62.29593314955005,58.20849229242269,55.467429217861294
OH-12,district,OH,12,354744,115143,223201,405493,141032,258365,410144,141594,265024,-31.93731823233159,-29.377536636479494,-30.35527202435701
OH-13,district,OH,13,370229,186781,167088,400322,209165,185484,390355,199819,186970,5.565053734574094,6.000521982825244,3.3219662399913132
OH-14,district,OH,14,384397,153445,214436,422570,172571,244475,413435,162913,247101,-16.57900244916155,-17.241263553660747,-20.532957411210347
OH-15,district,OH,15,327346,138691,173051,367368,167294,194272,360648,160499,196618,-11.021934805063163,-7.46143166116283,-10.114052257383435
OK-01,district,OK,1,295222,97934,179882,320366,121871,190281,314995,120247,188086,-29.49722118236531,-21.915605217970732,-22.001861623634188
OK-02,district,OK,2,301291,68868,219041,321517,72000,243615,325621,69690,250807,-52.1598838521894,-54.374792072620124,-56.511293397442095
OK-03,district,OK,3,266306,65688,185731,279059,76638,196075,274858,73264,196545,-47.74619261074143,-43.795858649936015,-45.69195245525538
OK-04,district,OK,4,289633,84987,187332,312061,104031,200483,311317,101422,203949,-37.58276139380653,-31.674077382320682,-33.57456994934031
OK-05,district,OK,5,300540,102898,177150,327696,129350,189826,339241,134833,196699,-26.514026166942813,-18.94753991528185,-18.660642109962236
OR-01,district,OR,1,333070,202099,93579,395512,268304,114116,368037,245702,107307,36.70208808230575,40.3190209717065,39.20438289108776
OR-02,district,OR,2,323892,101332,191223,381197,138802,231497,367425,128291,227577,-30.726188238109074,-25.032473757693108,-27.899670664403654
OR-03,district,OR,3,329908,219816,77122,389868,280723,97583,351633,248749,88287,48.05514955984078,48.41054596014867,47.60975088714559
OR-04,district,OR,4,353364,171251,143081,410411,224384,172533,391308,211865,164980,8.961861980326534,13.063436436333037,12.441454709495947
OR-05,district,OR,5,351454,161179,151130,427100,225528,188045,415589,217920,182245,3.2176466256175775,9.063212540470484,8.91507253258031
OR-06,district,OR,6,308344,146059,125501,368952,202149,153928,351400,188863,149183,7.570334364413021,13.542295627069425,11.738047484661852
PA-01,district,PA,1,402738,195159,192317,466261,241494,219860,473750,235347,233794,0.7334647823349059,4.689240799906362,0.33103054305635193
PA-02,district,PA,2,297780,218914,72232,311388,221033,88070,294771,198243,93017,50.38090854760154,43.01575850121157,36.12785827096066
PA-03,district,PA,3,378614,340416,30380,397131,357958,36748,392226,345301,42202,83.61363121500771,81.37955845616737,78.21849121168094
PA-04,district,PA,4,391456,215499,160945,456826,269145,182670,467816,268450,194506,14.491929742538067,19.13947080110222,15.972144221049083
PA-05,district,PA,5,378873,238669,128728,420224,276124,140476,418716,267100,147213,29.924305315503393,32.560729716754686,28.936335572381267
PA-06,district,PA,6,359608,188382,156447,414314,235146,174183,425079,234612,186122,9.26111202944068,14.89339870861825,11.525096616864811
PA-07,district,PA,7,339007,158280,167931,396479,197109,194646,410973,196712,209881,-2.9585145810533673,0.6287092698242523,-3.238865401027563
PA-08,district,PA,8,332114,147574,174440,381384,183204,194298,390938,177078,210297,-8.343115516716665,-2.9387923772589284,-8.57541142303969
PA-09,district,PA,9,338111,95521,229294,386873,119971,261280,398490,121849,272916,-41.18436648553792,-37.06455851919077,-38.267576912846884
PA-10,district,PA,10,347683,149131,183631,399547,188628,205129,411822,192786,214312,-10.367770358394287,-4.190655658185125,-5.287670290691676
PA-11,district,PA,11,341583,119074,206105,397045,153328,237727,412526,160180,248304,-26.764028427419973,-21.582386109370805,-21.573427600591454
PA-12,district,PA,12,394333,225154,156162,429646,255294,169595,429277,253676,171379,18.093130107312568,20.16973844933618,19.36149439484302
PA-13,district,PA,13,346434,87050,247592,400148,107201,288136,413208,110800,298889,-47.974253082398505,-45.76728209097555,-45.9101904127277
PA-14,district,PA,14,362759,117354,233777,412029,138883,268695,421591,138811,279249,-33.15657119422666,-31.849609154566732,-33.59278572453715
PA-15,district,PA,15,345283,102937,228664,387842,119496,263047,397666,121639,272661,-37.91514500860975,-37.52545465477083,-38.30129343139742
PA-16,district,PA,16,360283,132836,212600,406694,158729,242664,417766,159548,254692,-23.090818559733208,-20.910927694304586,-22.968327539590575
PA-17,district,PA,17,399032,194206,190058,454518,237732,211218,457124,238977,213801,1.079466200320613,5.905780153691948,5.560340829280575
RI-01,district,RI,1,218335,129139,75151,240941,152965,83224,235877,140675,88768,26.42713789221205,29.527624063779427,22.623047990132626
RI-02,district,RI,2,245809,123386,105392,276816,154521,116698,277477,144457,125630,7.865266765160986,13.945556911573304,6.9707168430913
SC-01,district,SC,1,296870,118151,161864,383012,171778,204859,401148,171283,223769,-15.61094941342428,-8.783258150420698,-13.285845913955633
SC-02,district,SC,2,312682,121650,175272,366484,160980,199792,365657,154598,205591,-18.05928829793683,-10.758041089663278,-14.157289645158514
SC-03,district,SC,3,296781,86418,198613,348371,106466,236993,356551,99238,252775,-39.36238514407205,-38.003662737037025,-43.61685505933019
SC-04,district,SC,4,289240,102317,171333,347051,138166,202526,354171,132503,215950,-25.220537182532432,-18.890963098634543,-23.94784949476687
SC-05,district,SC,5,302020,114383,175665,365470,147082,213494,373037,141484,226482,-21.128227052074138,-18.418308484203052,-23.09941679394292
SC-06,district,SC,6,305478,195181,98548,336372,219791,111767,312822,189674,118149,32.89869233204757,32.58072494103596,23.23575561280346
SC-07,district,SC,7,299956,117273,174094,366569,147278,215672,384754,139672,241031,-19.50152213531388,-18.843917895026863,-26.624166344893524
SD-01,district,SD,1,370111,117466,227731,422609,150471,261043,426390,145799,270651,-31.942629860630305,-26.869559723362997,-29.980069636210832
TN-01,district,TN,1,280824,55039,214656,336345,74137,256562,348338,71642,273125,-59.18426370529672,-55.16345679908316,-58.44033796738087
TN-02,district,TN,2,288678,85249,186898,356247,122696,226782,366777,118776,242955,-37.350769988278394,-29.78327677278684,-34.3291009064747
TN-03,district,TN,3,290302,86970,188701,349413,116138,226942,363211,114326,244099,-36.90304747325616,-32.29684038708173,-36.206458812861825
TN-04,district,TN,4,242471,90807,139363,307714,126568,173814,304636,113664,186548,-21.095711865143155,-15.728638866509979,-24.277510559204828
TN-05,district,TN,5,272228,115940,145080,322522,138194,178897,314025,118678,191152,-11.163895486935866,-12.836378200579645,-23.391537294645453
TN-06,district,TN,6,278626,100170,164737,352804,137136,208115,362098,130633,226645,-24.373459364984694,-20.55866601400141,-26.873191184455802
TN-07,district,TN,7,277813,102540,161285,349798,139424,202866,361613,137698,218702,-22.266654032028807,-18.534575944374655,-22.728395061728396
TN-08,district,TN,8,301472,112764,176952,349577,144866,199444,321368,126046,190779,-22.155490204199975,-15.851412970869275,-20.431784107946026
TN-09,district,TN,9,275613,121216,145253,328569,144552,179053,321876,124802,192860,-9.020561491205356,-10.661454551073067,-21.424658914191813
TX-01,district,TX,1,281960,71388,201793,324129,89143,231048,325730,80850,241942,-47.735750290100704,-44.31885968062812,-49.90582170561848
TX-02,district,TX,2,259956,83902,162725,330840,127510,198586,337080,127854,204811,-31.960409849692045,-21.79603552328149,-23.133482632678522
TX-03,district,TX,3,256071,84177,157174,338661,136761,195871,370352,136992,223427,-30.245161611097533,-17.7703888982419,-23.981810059957994
TX-04,district,TX,4,271225,91498,166233,356596,143877,207432,367744,134682,225235,-28.997287869910878,-18.090911419861147,-25.15941175326534
TX-05,district,TX,5,234171,85908,139887,285087,117612,163853,293398,113124,176352,-23.906198100046502,-16.42868562698737,-21.842225262197903
TX-06,district,TX,6,242318,81387,150002,299767,118506,176747,309826,116800,187669,-29.653527177177825,-19.72579448811697,-23.276261294253274
TX-07,district,TX,7,216246,136788,68106,277197,180252,92917,254110,153127,93619,33.5207473132449,31.97105088791188,24.11710828139058
TX-08,district,TX,8,216979,82183,126113,286810,115154,167935,308330,109560,194738,-21.090179360141338,-18.64466651830343,-27.991639774168743
TX-09,district,TX,9,172792,80900,86073,208344,93941,111907,198594,78639,118132,-3.098105681756931,-8.727799152772919,-20.070538849728873
TX-10,district,TX,10,273455,100316,157495,346398,144424,195622,353548,134085,213878,-22.17865025154086,-15.056198279056362,-22.931461103623086
TX-11,district,TX,11,237293,71489,154780,296164,101256,190220,292892,94213,194696,-36.810610379680824,-30.521895456229675,-34.78015568916164
TX-12,district,TX,12,224425,79889,133181,294495,118763,170831,314205,117738,192719,-25.011498568545548,-17.979654274605135,-24.151814905123736
TX-13,district,TX,13,255273,57807,185900,299628,81303,213331,303909,80162,220441,-52.56024652554092,-44.81085007161427,-46.66586827144107
TX-14,district,TX,14,258022,91831,156210,323319,124542,193976,335400,124943,206349,-25.9549832487371,-21.799081998505578,-24.57228064668027
TX-15,district,TX,15,186305,102450,77141,227421,109875,115253,227873,92600,133315,14.092577022233854,-2.3888632244767423,-18.02226501117677
TX-16,district,TX,16,199284,135875,51845,244595,163993,76842,229768,131985,94338,44.76347751971021,36.18701600680964,16.63419095717183
TX-17,district,TX,17,253878,90932,148062,319296,132377,180962,320775,123163,192428,-23.90436579997824,-15.505570643935162,-21.947710802906293
TX-18,district,TX,18,222677,182804,32917,267580,217360,47152,243493,186782,53117,69.48187705415792,64.34793128478104,55.71719765401273
TX-19,district,TX,19,237096,55576,170518,279814,73170,202442,282334,66862,212708,-50.83814696542146,-46.9036181298347,-52.167972243087604
TX-20,district,TX,20,195589,131711,53152,248457,172231,72239,227227,144230,79593,42.495794182719095,40.90154211150652,28.8786228403694
TX-21,district,TX,21,305819,107136,181262,395339,161525,227694,414749,159472,249919,-25.702674775830626,-17.000454756833555,-22.093060179632673
TX-22,district,TX,22,244343,85689,147709,325011,131979,188014,335812,126899,201258,-26.572635583852477,-17.511320560137253,-22.659580627565465
TX-23,district,TX,23,229196,100694,116622,302861,138493,160217,319049,133969,181141,-7.329418910710671,-7.272605537143048,-14.970010472533401
TX-24,district,TX,24,310672,109846,184278,381542,164122,211300,373064,153071,213069,-25.306333383198925,-12.566658320503327,-16.38662806576719
TX-25,district,TX,25,243776,93095,141386,300697,124453,172083,309215,115592,189981,-20.594845637812874,-16.062130736234387,-24.344101082229123
TX-26,district,TX,26,258283,83896,161101,356628,142670,208544,387418,144950,237089,-31.51263076690735,-18.75608603301691,-24.117694790322457
TX-27,district,TX,27,243786,88069,144737,306351,124288,177080,324199,125739,194368,-24.34129704560879,-17.51745374425951,-21.43939370273065
TX-28,district,TX,28,166497,110629,50057,207339,112597,92662,199009,88409,109042,37.69587891913421,9.7121198096064,-10.449681186724808
TX-29,district,TX,29,159358,115299,38295,197198,139870,54929,179752,116000,61311,50.13477088948787,43.604433287645215,30.843546085691244
TX-30,district,TX,30,222835,170966,45781,268096,208565,56392,244001,177406,62648,57.75627805690505,57.43309291696388,47.80507719096537
TX-31,district,TX,31,226109,76333,136102,317572,127209,183712,351392,134712,211328,-28.135194294725448,-18.172783440166473,-22.140792971910763
TX-32,district,TX,32,257464,100552,145404,321397,142066,174362,324173,129764,187174,-18.23578200979037,-10.20642926668942,-18.113952886684462
TX-33,district,TX,33,179291,124631,46867,227300,163018,60823,209202,136366,68170,45.343969025877854,45.65517487859686,33.34180779911605
TX-34,district,TX,34,197763,107128,82208,243276,123605,116464,240502,106947,131303,13.161786453711919,2.9745614802410976,-10.222875131164741
TX-35,district,TX,35,227309,102249,113651,293178,141507,147047,301836,133334,164829,-5.281148679944419,-1.919917935637697,-10.56301419022481
TX-36,district,TX,36,264208,101018,153708,318964,128113,186757,311842,114917,192668,-20.684971302497583,-18.62482929462953,-25.277890664369203
TX-37,district,TX,37,277591,207441,50037,350843,280916,62202,328410,252342,67678,61.132990003029384,63.74308546913889,57.70389350665583
TX-38,district,TX,38,274093,94383,166344,352229,142235,205122,354315,136854,210920,-27.60013347294296,-18.104428585000445,-21.29716425034649
UT-01,district,UT,1,282553,137551,79292,355994,214978,127378,327300,197553,120241,26.866903704523548,25.587400250032132,24.32770914491778
UT-02,district,UT,2,290267,62814,136536,366928,119335,230690,369086,125175,231962,-36.981188863807375,-31.813441897007355,-29.90085037394613
UT-03,district,UT,3,284260,54102,162997,377057,104465,257824,385908,108346,267996,-50.15914398500223,-42.33057034577368,-42.421520850715574
UT-04,district,UT,4,274295,56209,136406,387697,121504,249247,405497,131149,262883,-41.63590582249565,-34.45520039055862,-33.43231006618751
VA-01,district,VA,1,410156,164366,220149,461129,210907,241626,486595,227074,250992,-14.50736642263631,-6.78823422822203,-5.003074889241234
VA-02,district,VA,2,359148,159063,178908,404141,202122,193849,414128,203172,204261,-5.8718055691168765,2.089294418025563,-0.2672832097547327
VA-03,district,VA,3,316813,202649,97251,338599,230248,101373,320985,213132,102213,35.14438146048683,38.862134786397725,35.17385720401465
VA-04,district,VA,4,357428,226456,114324,394395,264454,123594,383730,250985,125928,32.90451317565585,36.29963303508844,33.1792747928567
VA-05,district,VA,5,391600,163720,207979,435323,195887,231760,444090,191693,246006,-11.90721524674535,-8.388460576129377,-12.408755788795496
VA-06,district,VA,6,349889,119913,209513,398936,151507,239666,410905,152726,251675,-27.198824622221686,-22.537087171149338,-24.46804038565681
VA-07,district,VA,7,329818,158995,151848,390486,204622,178344,404061,203210,191700,2.299231444812976,6.861705738890659,2.9145881340052164
VA-08,district,VA,8,366045,264655,75619,396010,303882,83638,390212,285004,92725,55.554053498063325,56.8342279108175,50.90395495183054
VA-09,district,VA,9,365400,99310,250107,401339,113688,281828,408547,112210,291613,-43.156743947775865,-42.511554526239145,-44.42614709910035
VA-10,district,VA,10,345987,174827,148538,412830,239474,165175,420534,221133,186201,8.129822336987615,18.361345264661473,8.57576337845601
VA-11,district,VA,11,390468,247519,115207,427336,296777,121577,419501,273439,130783,36.4771204710994,41.878409194127464,35.291498236117775
VT-01,district,VT,1,315067,178573,95369,367428,242820,112704,369422,235791,119395,30.37285264764074,36.59837310561313,32.77043577168019
WA-01,district,WA,1,315830,185952,104596,395248,250883,130736,374405,232693,126087,28.000881093657505,31.483495318629313,29.7134734377613
WA-02,district,WA,2,346835,190735,128467,440519,263078,162799,425118,254400,154441,19.507396570196928,23.546469990161476,24.449358063403622
WA-03,district,WA,3,312295,132417,156118,423505,196207,213882,424203,197986,211907,-8.214254769785295,-4.310040015703908,-3.396252192645398
WA-04,district,WA,4,252486,89994,144696,324983,130115,184877,312324,119032,183219,-23.308193787549534,-17.385203433738,-21.23632345302414
WA-05,district,WA,5,327079,126563,172318,418124,180837,222219,405822,173909,217375,-15.308768372696827,-10.267059664165773,-11.108555422659757
WA-06,district,WA,6,347922,179622,138177,447088,253642,177181,436320,251826,168264,13.041261929710288,17.74765971176098,19.891451831750338
WA-07,district,WA,7,397414,331302,43799,459934,396920,51406,437624,373392,47188,76.64682312230573,77.06758028755861,77.56051167435446
WA-08,district,WA,8,336893,160749,149805,438960,226805,197513,428594,218292,193707,3.5240248072798934,6.903313081226815,5.967247493319158
WA-09,district,WA,9,282807,194307,70572,358038,254217,94118,320605,219426,88121,46.71378251956554,45.96121549657657,42.69428737721389
WA-10,district,WA,10,289653,151077,113199,381232,216908,149920,359228,204893,140614,14.332743041365845,18.261419520865367,18.6042540382684
WI-01,district,WI,1,349322,159094,168403,394810,190048,197943,404230,189560,207737,-2.8424687859736117,-2.0348410143534257,-4.575166688900243
WI-02,district,WI,2,396685,260100,110866,444235,310862,125920,469607,324784,136734,40.22848455114485,42.34194632562697,40.74597307147283
WI-03,district,WI,3,364731,161639,177898,396394,185086,203591,421741,191708,222857,-4.788579742413934,-4.76102264862598,-7.513658895468744
WI-04,district,WI,4,336288,242162,74928,344275,260129,78277,345704,258176,80483,52.74023148002145,53.7378178873897,52.46959330772252
WI-05,district,WI,5,413939,137813,249369,465929,176027,282440,481537,183685,290063,-28.812289827522974,-23.21061275947887,-22.454553897852865
WI-06,district,WI,6,376041,143139,206859,416617,171945,237091,427835,175480,245816,-18.20581831896182,-15.926715496924476,-16.69515020318256
WI-07,district,WI,7,375094,138573,214567,423158,165853,250176,441810,167604,266844,-21.519510675652715,-20.268538972042816,-22.84277980333665
WI-08,district,WI,8,364050,140016,202394,412623,170916,234746,430454,177232,247092,-18.21734178324231,-15.734774270205246,-16.463834239873304
WV-01,district,WV,1,355774,92958,247279,392576,112947,273523,364662,98066,259831,-45.356912975367166,-41.549408751002666,-45.19875830196956
WV-02,district,WV,2,357275,95834,242092,402076,123037,271859,397728,116243,273725,-43.28107337109308,-37.68637818564888,-40.383313502646374
WY-01,district,WY,1,255849,55973,174419,276765,73491,193559,269048,69527,192633,-51.410639258307576,-44.96086875117019,-46.958346048214835
AK,state,AK,STATE,318608,116454,163387,357569,153778,189951,337780,139695,184410,-16.77130942213614,-10.523697447698623,-13.796454852594067
AL,state,AL,STATE,2123824,729607,1318629,2323282,849624,1441170,2265090,772412,1462616,-28.757525988216205,-25.82274966670945,-30.88122385938789
AR,state,AR,STATE,1130492,380445,684744,1219069,423932,760647,1199224,401144,771195,-28.56760631211926,-28.4248665559663,-31.565187202677723
AZ,state,AZ,STATE,2604657,1161167,1252401,3385294,1672143,1661686,3389319,1582860,1770242,-3.780046802078914,0.31366335825862696,-5.588317921733369
CA,state,CA,STATE,14058363,8752066,4483301,17497060,11110493,6006428,15855062,9273042,6077541,32.25271350616874,29.81882664528276,20.816805459440857
CO,state,CO,STATE,2780247,1338870,1202484,3256980,1804352,1364607,3192745,1728161,1377441,5.366666745364872,13.876638984600307,11.293140589167574
CT,state,CT,STATE,1644655,897417,673109,1823627,1080710,714608,1758771,991935,736798,14.282348716289956,20.39204196693845,14.758612232195487
DE,state,DE,STATE,441052,235154,185062,504010,296268,200603,510775,288933,214262,11.920536105241114,19.253488329968945,14.839376384900484
FL,state,FL,STATE,9497417,4504975,4617886,11090869,5297045,5668731,10935466,4683038,6110126,-1.2376709455509627,-3.3895093242831154,-13.222146907060802
GA,state,GA,STATE,4092373,1877963,2089104,4998482,2474507,2461837,5250066,2548017,2663117,-5.322345198606426,0.2566676876652032,-2.2087323027962817
HI,state,HI,STATE,428937,266891,128847,574469,366130,196864,516701,313044,193661,34.88267490107091,30.065329293029762,23.560651661223
IA,state,IA,STATE,1566031,653669,800983,1690871,759061,897672,1663506,707278,927019,-10.12709569024069,-8.366526169274108,-13.445597709596235
ID,state,ID,STATE,690424,189762,409058,867281,287021,554119,905061,274959,605250,-36.621355332153236,-31.75428585015574,-37.52415619472194
IL,state,IL,STATE,5589925,3090729,2146015,6033438,3471915,2446891,5649624,3062863,2449079,18.04010278142296,17.31808746561384,11.135530816543424
IN,state,IN,STATE,2760528,1033155,1557240,3031256,1242498,1729857,2933762,1163672,1720340,-20.231856531532834,-16.396392759276736,-19.301861434695834
KS,state,KS,STATE,1193685,427005,671018,1372303,570323,771406,1327591,544853,758802,-22.22294068521333,-14.986856511262706,-16.411473894550323
KY,state,KY,STATE,1923375,628847,1202957,2135436,772474,1326646,2074527,704043,1337491,-31.34123519765215,-26.40020580052593,-31.028040679214747
LA,state,LA,STATE,2029032,780154,1178638,2148062,856034,1255776,2006975,766870,1208505,-20.343354475615584,-18.9288809125821,-22.35702081883187
MA,state,MA,STATE,3324751,1995050,1090758,3631159,2382043,1167119,3473668,2126518,1251303,29.30486925952619,34.23129178098942,25.91063884083852
MD,state,MD,STATE,2781446,1677928,943169,3037028,1985023,976411,3038334,1902577,1035550,28.032499369538783,34.058229898083155,29.509514054361848
ME,state,ME,STATE,747935,357735,335593,819369,435070,360767,831375,435652,377977,3.1935822583250637,9.336459601652097,7.088611639948921
MI,state,MI,STATE,4790326,2268838,2279541,5538226,2804046,2649864,5663231,2736434,2816350,-0.23531460329053494,2.826999345423742,-1.4392059910848325
MN,state,MN,STATE,2944813,1367716,1322951,3277171,1717077,1484065,3253920,1656979,1519032,1.6637138672306904,7.279027297133335,4.343404352188957
MO,state,MO,STATE,2801449,1071068,1594511,3025157,1253014,1718736,2995327,1200599,1751986,-19.637121991132133,-15.671641288802892,-18.674720626163175
MS,state,MS,STATE,1209357,485131,700714,1313759,539398,756764,1228007,466667,747744,-18.17969464812012,-16.76997165477772,-23.145129614273916
MT,state,MT,STATE,494526,177709,279240,603640,244786,343602,602963,231906,352079,-22.21932863404888,-16.794360184096206,-20.578097040163705
NC,state,NC,STATE,4741564,2189316,2362631,5524804,2684292,2758775,5696382,2713609,2896941,-3.8074916074374325,-1.368401307571632,-3.2676297332703568
ND,state,ND,STATE,344360,93758,216794,362024,115042,235751,368155,112327,246505,-39.61848579303949,-34.41032175670552,-37.39298613278637
NE,state,NE,STATE,828176,284494,495961,951712,374583,556846,947159,369995,564816,-27.09534822635514,-19.568104493203453,-20.840683303897794
NH,state,NH,STATE,744296,348526,345790,803833,424937,365660,826189,418488,395523,0.3940568847614055,7.497751699032504,2.821214946726764
NJ,state,NJ,STATE,3874046,2148278,1601933,4549353,2608335,1883274,4162409,2149213,1920300,14.568380285802585,16.142567173589686,5.625071108017102
NM,state,NM,STATE,798319,385234,319667,923965,501614,401894,923396,478801,423385,9.301589868648222,11.036980303439483,6.1424140919943335
NV,state,NV,STATE,1125385,539260,512058,1405376,703486,669890,1484382,705028,750923,2.587418839970399,2.446234680087609,-3.1522352057177745
NY,state,NY,STATE,7720570,4556131,2819552,8632253,5244886,3251997,8304998,4619553,3579514,23.544653423960874,23.4543537906783,12.684845726958931
OH,state,OH,STATE,5480173,2394164,2841005,5920380,2679165,3154834,5765017,2533699,3180116,-8.53536915427181,-8.153395295405433,-11.313229427274072
OK,state,OK,STATE,1452992,420375,949136,1560699,503890,1020280,1566032,499456,1036086,-38.60947447665627,-33.88007899381303,-34.94726943320339
OR,state,OR,STATE,2000032,1001736,781636,2373040,1339890,957702,2245392,1241390,919579,12.341788477109656,16.634284938318032,14.891976701192844
PA,state,PA,STATE,6115691,2926156,2971303,6918349,3460475,3378442,7033739,3421109,3543235,-0.7655330880638593,1.1995027867716481,-1.7535894263695186
RI,state,RI,STATE,464144,252525,180543,517757,307486,199922,513354,285132,214398,16.621408185319627,21.19871976791852,14.160110503873641
SC,state,SC,STATE,2103027,855373,1155389,2513329,1091541,1385103,2548140,1028452,1483747,-14.920512721048041,-11.853217499164192,-18.123365227038143
SD,state,SD,STATE,370111,117466,227731,422609,150471,261043,426390,145799,270651,-31.942629860630305,-26.869559723362997,-29.980069636210832
TN,state,TN,STATE,2508027,870695,1522925,3052989,1143711,1852475,3063942,1056265,1966865,-27.248686090523975,-23.655540744132708,-30.121099654993333
TX,state,TX,STATE,8983408,3877865,4684856,11320419,5259281,5890570,11404528,4835134,6393403,-9.424469161146321,-5.661860414098808,-13.877756291848172
UT,state,UT,STATE,1131375,310676,515231,1487676,560282,865139,1487791,562223,883082,-24.767316416981572,-21.38715509312687,-22.200089254517213
VA,state,VA,STATE,3982752,1981473,1769443,4460524,2413568,1962430,4503288,2333778,2074097,5.652752554309401,10.309373998799817,5.8912968267022086
VT,state,VT,STATE,315067,178573,95369,367428,242820,112704,369422,235791,119395,30.37285264764074,36.59837310561313,32.77043577168019
WA,state,WA,STATE,3209214,1742718,1221747,4087631,2369612,1584651,3924243,2245849,1530923,17.573862400129535,19.851006369581388,18.92955147941152
WI,state,WI,STATE,2976150,1382536,1405284,3298041,1630866,1610184,3422918,1668229,1697626,-0.81597807605943,0.6381265330679872,-0.8733887823450505
WV,state,WV,STATE,713049,188792,489371,794652,235984,545382,762390,214309,533556,-44.32253012918723,-39.597064627844055,-42.687784560047604
WY,state,WY,STATE,255849,55973,174419,276765,73491,193559,269048,69527,192633,-51.410639258307576,-44.96086875117019,-46.958346048214835
