code,party
AK-01,REP
AL-01,REP
AL-02,DEM
AL-03,REP
AL-04,REP
AL-05,REP
AL-06,REP
AL-07,DEM
AR-01,REP
AR-02,REP
AR-03,REP
AR-04,REP
AZ-01,REP
AZ-02,REP
AZ-03,DEM
AZ-04,DEM
AZ-05,REP
AZ-06,REP
AZ-07,DEM
AZ-08,REP
AZ-09,REP
CA-01,REP
CA-02,DEM
CA-03,REP
CA-04,DEM
CA-05,REP
CA-06,DEM
CA-07,DEM
CA-08,DEM
CA-09,DEM
CA-10,DEM
CA-11,DEM
CA-12,DEM
CA-13,DEM
CA-14,DEM
CA-15,DEM
CA-16,DEM
CA-17,DEM
CA-18,DEM
CA-19,DEM
CA-20,REP
CA-21,DEM
CA-22,REP
CA-23,REP
CA-24,DEM
CA-25,DEM
CA-26,DEM
CA-27,DEM
CA-28,DEM
CA-29,DEM
CA-30,DEM
CA-31,DEM
CA-32,DEM
CA-33,DEM
CA-34,DEM
CA-35,DEM
CA-36,DEM
CA-37,DEM
CA-38,DEM
CA-39,DEM
CA-40,REP
CA-41,REP
CA-42,DEM
CA-43,DEM
CA-44,DEM
CA-45,DEM
CA-46,DEM
CA-47,DEM
CA-48,REP
CA-49,DEM
CA-50,DEM
CA-51,DEM
CA-52,DEM
CO-01,DEM
CO-02,DEM
CO-03,REP
CO-04,REP
CO-05,REP
CO-06,DEM
CO-07,DEM
CO-08,REP
CT-01,DEM
CT-02,DEM
CT-03,DEM
CT-04,DEM
CT-05,DEM
DE-01,DEM
FL-01,REP
FL-02,REP
FL-03,REP
FL-04,REP
FL-05,REP
FL-06,REP
FL-07,REP
FL-08,REP
FL-09,DEM
FL-10,DEM
FL-11,REP
FL-12,REP
FL-13,REP
FL-14,DEM
FL-15,REP
FL-16,REP
FL-17,REP
FL-18,REP
FL-19,REP
FL-20,DEM
FL-21,REP
FL-22,DEM
FL-23,DEM
FL-24,DEM
FL-25,DEM
FL-26,REP
FL-27,REP
FL-28,REP
GA-01,REP
GA-02,DEM
GA-03,REP
GA-04,DEM
GA-05,DEM
GA-06,DEM
GA-07,REP
GA-08,REP
GA-09,REP
GA-10,REP
GA-11,REP
GA-12,REP
GA-13,DEM
GA-14,REP
HI-01,DEM
HI-02,DEM
IA-01,REP
IA-02,REP
IA-03,REP
IA-04,REP
ID-01,REP
ID-02,REP
IL-01,DEM
IL-02,DEM
IL-03,DEM
IL-04,DEM
IL-05,DEM
IL-06,DEM
IL-07,DEM
IL-08,DEM
IL-09,DEM
IL-10,DEM
IL-11,DEM
IL-12,REP
IL-13,DEM
IL-14,DEM
IL-15,REP
IL-16,REP
IL-17,DEM
IN-01,DEM
IN-02,REP
IN-03,REP
IN-04,REP
IN-05,REP
IN-06,REP
IN-07,DEM
IN-08,REP
IN-09,REP
KS-01,REP
KS-02,REP
KS-03,DEM
KS-04,REP
KY-01,REP
KY-02,REP
KY-03,DEM
KY-04,REP
KY-05,REP
KY-06,REP
LA-01,REP
LA-02,DEM
LA-03,REP
LA-04,REP
LA-05,REP
LA-06,DEM
MA-01,DEM
MA-02,DEM
MA-03,DEM
MA-04,DEM
MA-05,DEM
MA-06,DEM
MA-07,DEM
MA-08,DEM
MA-09,DEM
MD-01,REP
MD-02,DEM
MD-03,DEM
MD-04,DEM
MD-05,DEM
MD-06,DEM
MD-07,DEM
MD-08,DEM
ME-01,DEM
ME-02,DEM
MI-01,REP
MI-02,REP
MI-03,DEM
MI-04,REP
MI-05,REP
MI-06,DEM
MI-07,REP
MI-08,DEM
MI-09,REP
MI-10,REP
MI-11,DEM
MI-12,DEM
MI-13,DEM
MN-01,REP
MN-02,DEM
MN-03,DEM
MN-04,DEM
MN-05,DEM
MN-06,REP
MN-07,REP
MN-08,REP
MO-01,DEM
MO-02,REP
MO-03,REP
MO-04,REP
MO-05,DEM
MO-06,REP
MO-07,REP
MO-08,REP
MS-01,REP
MS-02,DEM
MS-03,REP
MS-04,REP
MT-01,REP
MT-02,REP
NC-01,DEM
NC-02,DEM
NC-03,REP
NC-04,DEM
NC-05,REP
NC-06,REP
NC-07,REP
NC-08,REP
NC-09,REP
NC-10,REP
NC-11,REP
NC-12,DEM
NC-13,REP
NC-14,REP
ND-01,REP
NE-01,REP
NE-02,REP
NE-03,REP
NH-01,DEM
NH-02,DEM
NJ-01,DEM
NJ-02,REP
NJ-03,DEM
NJ-04,REP
NJ-05,DEM
NJ-06,DEM
NJ-07,REP
NJ-08,DEM
NJ-09,DEM
NJ-10,DEM
NJ-11,DEM
NJ-12,DEM
NM-01,DEM
NM-02,DEM
NM-03,DEM
NV-01,DEM
NV-02,REP
NV-03,DEM
NV-04,DEM
NY-01,REP
NY-02,REP
NY-03,DEM
NY-04,DEM
NY-05,DEM
NY-06,DEM
NY-07,DEM
NY-08,DEM
NY-09,DEM
NY-10,DEM
NY-11,REP
NY-12,DEM
NY-13,DEM
NY-14,DEM
NY-15,DEM
NY-16,DEM
NY-17,REP
NY-18,DEM
NY-19,DEM
NY-20,DEM
NY-21,REP
NY-22,DEM
NY-23,REP
NY-24,REP
NY-25,DEM
NY-26,DEM
OH-01,DEM
OH-02,REP
OH-03,DEM
OH-04,REP
OH-05,REP
OH-06,REP
OH-07,REP
OH-08,REP
OH-09,DEM
OH-10,REP
OH-11,DEM
OH-12,REP
OH-13,DEM
OH-14,REP
OH-15,REP
OK-01,REP
OK-02,REP
OK-03,REP
OK-04,REP
OK-05,REP
OR-01,DEM
OR-02,REP
OR-03,DEM
OR-04,DEM
OR-05,DEM
OR-06,DEM
PA-01,REP
PA-02,DEM
PA-03,DEM
PA-04,DEM
PA-05,DEM
PA-06,DEM
PA-07,REP
PA-08,REP
PA-09,REP
PA-10,REP
PA-11,REP
PA-12,DEM
PA-13,REP
PA-14,REP
PA-15,REP
PA-16,REP
PA-17,DEM
RI-01,DEM
RI-02,DEM
SC-01,REP
SC-02,REP
SC-03,REP
SC-04,REP
SC-05,REP
SC-06,DEM
SC-07,REP
SD-01,REP
TN-01,REP
TN-02,REP
TN-03,REP
TN-04,REP
TN-05,REP
TN-06,REP
TN-07,REP
TN-08,REP
TN-09,DEM
TX-01,REP
TX-02,REP
TX-03,REP
TX-04,REP
TX-05,REP
TX-06,REP
TX-07,DEM
TX-08,REP
TX-09,DEM
TX-10,REP
TX-11,REP
TX-12,REP
TX-13,REP
TX-14,REP
TX-15,REP
TX-16,DEM
TX-17,REP
TX-18,DEM
TX-19,REP
TX-20,DEM
TX-21,REP
TX-22,REP
TX-23,REP
TX-24,REP
TX-25,REP
TX-26,REP
TX-27,REP
TX-28,DEM
TX-29,DEM
TX-30,DEM
TX-31,REP
TX-32,DEM
TX-33,DEM
TX-34,DEM
TX-35,DEM
TX-36,REP
TX-37,DEM
TX-38,REP
UT-01,REP
UT-02,REP
UT-03,REP
UT-04,REP
VA-01,REP
VA-02,REP
VA-03,DEM
VA-04,DEM
VA-05,REP
VA-06,REP
VA-07,DEM
VA-08,DEM
VA-09,REP
VA-10,DEM
VA-11,DEM
VT-01,DEM
WA-01,DEM
WA-02,DEM
WA-03,DEM
WA-04,REP
WA-05,REP
WA-06,DEM
WA-07,DEM
WA-08,DEM
WA-09,DEM
WA-10,DEM
WI-01,REP
WI-02,DEM
WI-03,REP
WI-04,DEM
WI-05,REP
WI-06,REP
WI-07,REP
WI-08,REP
WV-01,REP
WV-02,REP
WY-01,REP
