race_code,from_id,to_id,share,source,note
AK-SEN,C-1066,EXHAUST,45.6,"Data for Progress 8/4/26 (NYT feed, poll_id 7ec6f01b-349f-4e8a-b058-78704ccaaace, n 578->567)","Pile is 2 eliminated candidates of DIFFERENT parties reported as one bloc. The exhaustion level is a property of the whole pile and is kept; the destination split is not attributable per candidate and is left to irv.AFFINITY rather than asserted. Exhaustion measured as the sample-size drop (578->567) over 1 reporting poll(s), scaled by POLL_EXHAUST_SCALE=1.92 to 45.6% because polls understate exhaustion (see scrape_rcv_transfers.observations). Shares are of the candidate's own pile."
AK-SEN,C-1062,EXHAUST,45.6,"Data for Progress 8/4/26 (NYT feed, poll_id 7ec6f01b-349f-4e8a-b058-78704ccaaace, n 578->567)","Pile is 2 eliminated candidates of DIFFERENT parties reported as one bloc. The exhaustion level is a property of the whole pile and is kept; the destination split is not attributable per candidate and is left to irv.AFFINITY rather than asserted. Exhaustion measured as the sample-size drop (578->567) over 1 reporting poll(s), scaled by POLL_EXHAUST_SCALE=1.92 to 45.6% because polls understate exhaustion (see scrape_rcv_transfers.observations). Shares are of the candidate's own pile."
AK-GOV,C-1068,C-0073,10.4,"The New York Times/Siena University 10/1/26 (NYT feed, poll_id 1dd26268-04c3-441e-9f93-2ff27d322d77, n 448->431); Fabrizio Ward/Impact Research 9/11/26 (NYT feed, poll_id a1d3551f-cc1f-40ee-8d08-c7fdc1872796, n 800->800)","Pile is 2 eliminated candidates reported as ONE bloc, so per-candidate behaviour is NOT identified; the same vector is asserted for each. Exhaustion measured as the sample-size drop (448->431) over 1 reporting poll(s), scaled by POLL_EXHAUST_SCALE=1.92 to 24.2% because polls understate exhaustion (see scrape_rcv_transfers.observations). Pooled over 2 polls by recency and sample size. Shares are of the candidate's own pile."
AK-GOV,C-1068,C-0074,65.4,"The New York Times/Siena University 10/1/26 (NYT feed, poll_id 1dd26268-04c3-441e-9f93-2ff27d322d77, n 448->431); Fabrizio Ward/Impact Research 9/11/26 (NYT feed, poll_id a1d3551f-cc1f-40ee-8d08-c7fdc1872796, n 800->800)",
AK-GOV,C-1068,EXHAUST,24.2,"The New York Times/Siena University 10/1/26 (NYT feed, poll_id 1dd26268-04c3-441e-9f93-2ff27d322d77, n 448->431); Fabrizio Ward/Impact Research 9/11/26 (NYT feed, poll_id a1d3551f-cc1f-40ee-8d08-c7fdc1872796, n 800->800)",
AK-GOV,C-1061,C-0073,10.4,"The New York Times/Siena University 10/1/26 (NYT feed, poll_id 1dd26268-04c3-441e-9f93-2ff27d322d77, n 448->431); Fabrizio Ward/Impact Research 9/11/26 (NYT feed, poll_id a1d3551f-cc1f-40ee-8d08-c7fdc1872796, n 800->800)","Pile is 2 eliminated candidates reported as ONE bloc, so per-candidate behaviour is NOT identified; the same vector is asserted for each. Exhaustion measured as the sample-size drop (448->431) over 1 reporting poll(s), scaled by POLL_EXHAUST_SCALE=1.92 to 24.2% because polls understate exhaustion (see scrape_rcv_transfers.observations). Pooled over 2 polls by recency and sample size. Shares are of the candidate's own pile."
AK-GOV,C-1061,C-0074,65.4,"The New York Times/Siena University 10/1/26 (NYT feed, poll_id 1dd26268-04c3-441e-9f93-2ff27d322d77, n 448->431); Fabrizio Ward/Impact Research 9/11/26 (NYT feed, poll_id a1d3551f-cc1f-40ee-8d08-c7fdc1872796, n 800->800)",
AK-GOV,C-1061,EXHAUST,24.2,"The New York Times/Siena University 10/1/26 (NYT feed, poll_id 1dd26268-04c3-441e-9f93-2ff27d322d77, n 448->431); Fabrizio Ward/Impact Research 9/11/26 (NYT feed, poll_id a1d3551f-cc1f-40ee-8d08-c7fdc1872796, n 800->800)",
AK-01,C-1071,EXHAUST,30.2,"The New York Times/Siena University 10/1/26 (NYT feed, poll_id c115983e-1ed7-42e1-bd8c-92692471a053, n 487->476)","Pile is 2 eliminated candidates of DIFFERENT parties reported as one bloc. The exhaustion level is a property of the whole pile and is kept; the destination split is not attributable per candidate and is left to irv.AFFINITY rather than asserted. Exhaustion measured as the sample-size drop (487->476) over 1 reporting poll(s), scaled by POLL_EXHAUST_SCALE=1.92 to 30.2% because polls understate exhaustion (see scrape_rcv_transfers.observations). Shares are of the candidate's own pile."
AK-01,C-1063,EXHAUST,30.2,"The New York Times/Siena University 10/1/26 (NYT feed, poll_id c115983e-1ed7-42e1-bd8c-92692471a053, n 487->476)","Pile is 2 eliminated candidates of DIFFERENT parties reported as one bloc. The exhaustion level is a property of the whole pile and is kept; the destination split is not attributable per candidate and is left to irv.AFFINITY rather than asserted. Exhaustion measured as the sample-size drop (487->476) over 1 reporting poll(s), scaled by POLL_EXHAUST_SCALE=1.92 to 30.2% because polls understate exhaustion (see scrape_rcv_transfers.observations). Shares are of the candidate's own pile."
