race_code,race_type,state,dem_votes,rep_votes,ind_votes,oth_votes,total_votes,margin,pres24,cd_code
AK-GOV,governor,AK,111109,125337,0,0,236446,-6.02,-13.8,AK-01
AL-GOV,governor,AL,90096,139522,0,0,229618,-21.53,-36.34,AL-01
AL-GOV,governor,AL,102867,102357,0,0,205224,0.25,-14.47,AL-02
AL-GOV,governor,AL,74994,146523,0,0,221517,-32.29,-47.03,AL-03
AL-GOV,governor,AL,53759,172896,0,0,226655,-52.56,-67.01,AL-04
AL-GOV,governor,AL,103849,143672,0,0,247521,-16.09,-29.51,AL-05
AL-GOV,governor,AL,95918,148769,0,0,244687,-21.6,-34.78,AL-06
AL-GOV,governor,AL,139482,70859,0,0,210340,32.62,17.99,AL-07
AR-GOV,governor,AR,60314,120351,13598,0,194263,-33.23,-46.17,AR-01
AR-GOV,governor,AR,101339,109724,15887,0,226950,-3.97,-15.91,AR-02
AR-GOV,governor,AR,87548,116434,15354,0,219336,-14.16,-25.51,AR-03
AR-GOV,governor,AR,66868,118117,13923,0,198908,-27.7,-40.66,AR-04
AZ-GOV,governor,AZ,175274,136665,4045,0,315983,12.38,-3.17,AZ-01
AZ-GOV,governor,AZ,145650,141889,3728,0,291268,1.31,-15.06,AZ-02
AZ-GOV,governor,AZ,116766,31151,1918,0,149834,57.88,40.0,AZ-03
AZ-GOV,governor,AZ,146646,94006,3120,0,243772,21.87,6.67,AZ-04
AZ-GOV,governor,AZ,145829,161114,3980,0,310922,-4.98,-20.21,AZ-05
AZ-GOV,governor,AZ,173186,131185,3946,0,308317,13.8,-0.83,AZ-06
AZ-GOV,governor,AZ,136264,58015,2519,0,196798,40.28,22.55,AZ-07
AZ-GOV,governor,AZ,133174,137124,3505,0,273803,-1.46,-16.5,AZ-08
AZ-GOV,governor,AZ,117501,160718,3607,0,281827,-15.53,-31.28,AZ-09
CA-GOV,governor,CA,139914,98890,0,0,238804,17.18,12.58,CA-01
CA-GOV,governor,CA,176342,95841,0,0,272182,29.58,25.43,CA-02
CA-GOV,governor,CA,147066,109482,0,0,256548,14.65,10.61,CA-03
CA-GOV,governor,CA,144990,96231,0,0,241221,20.21,15.15,CA-04
CA-GOV,governor,CA,105916,147534,0,0,253449,-16.42,-21.15,CA-05
CA-GOV,governor,CA,132224,102163,0,0,234387,12.83,8.47,CA-06
CA-GOV,governor,CA,143709,99050,0,0,242760,18.4,13.25,CA-07
CA-GOV,governor,CA,154241,64594,0,0,218835,40.97,35.2,CA-08
CA-GOV,governor,CA,111907,76068,0,0,187975,19.07,11.78,CA-09
CA-GOV,governor,CA,184348,80162,0,0,264510,39.39,34.87,CA-10
CA-GOV,governor,CA,222009,30551,0,0,252560,75.81,70.57,CA-11
CA-GOV,governor,CA,202777,19351,0,0,222128,82.58,77.61,CA-12
CA-GOV,governor,CA,80473,68251,0,0,148724,8.22,-0.04,CA-13
CA-GOV,governor,CA,142041,57325,0,0,199366,42.49,36.21,CA-14
CA-GOV,governor,CA,166094,47329,0,0,213423,55.65,49.69,CA-15
CA-GOV,governor,CA,183756,53802,0,0,237558,54.7,49.9,CA-16
CA-GOV,governor,CA,135931,49034,0,0,184965,46.98,40.79,CA-17
CA-GOV,governor,CA,115302,53950,0,0,169252,36.25,28.57,CA-18
CA-GOV,governor,CA,184725,78320,0,0,263044,40.45,35.68,CA-19
CA-GOV,governor,CA,78772,141257,0,0,220029,-28.4,-32.84,CA-20
CA-GOV,governor,CA,80062,61244,0,0,141306,13.32,5.94,CA-21
CA-GOV,governor,CA,64041,56222,0,0,120263,6.5,-2.08,CA-22
CA-GOV,governor,CA,82903,111266,0,0,194170,-14.61,-19.54,CA-23
CA-GOV,governor,CA,159374,85805,0,0,245180,30.01,25.79,CA-24
CA-GOV,governor,CA,108729,84621,0,0,193350,12.47,6.43,CA-25
CA-GOV,governor,CA,145531,95191,0,0,240722,20.91,15.81,CA-26
CA-GOV,governor,CA,120150,87162,0,0,207311,15.91,10.0,CA-27
CA-GOV,governor,CA,150506,78207,0,0,228713,31.61,26.22,CA-28
CA-GOV,governor,CA,119400,47450,0,0,166850,43.12,34.7,CA-29
CA-GOV,governor,CA,174787,63836,0,0,238623,46.5,41.3,CA-30
CA-GOV,governor,CA,121749,81678,0,0,203427,19.7,12.65,CA-31
CA-GOV,governor,CA,165702,85940,0,0,251643,31.7,25.78,CA-32
CA-GOV,governor,CA,102314,71047,0,0,173360,18.04,10.13,CA-33
CA-GOV,governor,CA,120751,29543,0,0,150294,60.69,53.13,CA-34
CA-GOV,governor,CA,105652,76782,0,0,182435,15.82,7.96,CA-35
CA-GOV,governor,CA,195843,73804,0,0,269647,45.26,40.49,CA-36
CA-GOV,governor,CA,138475,24864,0,0,163339,69.55,62.22,CA-37
CA-GOV,governor,CA,110715,72693,0,0,183408,20.73,12.81,CA-38
CA-GOV,governor,CA,96769,67899,0,0,164669,17.53,9.66,CA-39
CA-GOV,governor,CA,121831,144155,0,0,265986,-8.39,-12.54,CA-40
CA-GOV,governor,CA,131911,85668,0,0,217579,21.25,14.57,CA-41
CA-GOV,governor,CA,144993,99697,0,0,244690,18.51,13.54,CA-42
CA-GOV,governor,CA,124232,32498,0,0,156729,58.53,50.61,CA-43
CA-GOV,governor,CA,111730,42044,0,0,153774,45.32,36.35,CA-44
CA-GOV,governor,CA,115326,94314,0,0,209640,10.02,4.11,CA-45
CA-GOV,governor,CA,98141,60571,0,0,158711,23.67,16.64,CA-46
CA-GOV,governor,CA,144243,106484,0,0,250727,15.06,10.48,CA-47
CA-GOV,governor,CA,122620,106091,0,0,228711,7.23,3.43,CA-48
CA-GOV,governor,CA,158107,113858,0,0,271965,16.27,12.47,CA-49
CA-GOV,governor,CA,159284,100757,0,0,260042,22.51,18.83,CA-50
CA-GOV,governor,CA,152330,95231,0,0,247561,23.06,18.7,CA-51
CA-GOV,governor,CA,121398,70601,0,0,191999,26.46,18.29,CA-52
CO-GOV,governor,CO,206227,39897,9193,0,255316,67.58,57.65,CO-01
CO-GOV,governor,CO,217881,74214,10909,0,303004,49.18,40.81,CO-02
CO-GOV,governor,CO,135677,138907,10254,0,284838,-1.18,-9.95,CO-03
CO-GOV,governor,CO,139234,172500,11641,0,323374,-10.67,-18.68,CO-04
CO-GOV,governor,CO,124480,128855,9460,0,262795,-1.73,-9.32,CO-05
CO-GOV,governor,CO,157771,85555,9087,0,252414,29.68,20.5,CO-06
CO-GOV,governor,CO,185575,115541,11245,0,312361,23.26,15.4,CO-07
CO-GOV,governor,CO,125574,106576,8669,0,240819,8.18,-1.87,CO-08
CT-GOV,governor,CT,154776,85668,0,0,240444,28.74,23.25,CT-01
CT-GOV,governor,CT,153116,118546,0,0,271662,12.73,7.91,CT-02
CT-GOV,governor,CT,143633,96168,0,0,239800,19.79,14.3,CT-03
CT-GOV,governor,CT,153566,82757,0,0,236323,29.96,24.04,CT-04
CT-GOV,governor,CT,134545,108366,0,0,242911,10.78,5.42,CT-05
FL-GOV,governor,FL,102671,191651,1479,0,295802,-30.23,-37.53,FL-01
FL-GOV,governor,FL,129597,158201,1446,0,289244,-9.94,-18.33,FL-02
FL-GOV,governor,FL,121446,157530,1402,0,280377,-12.93,-21.29,FL-03
FL-GOV,governor,FL,133023,144879,1396,0,279299,-4.27,-11.92,FL-04
FL-GOV,governor,FL,131170,174455,1536,0,307161,-14.16,-21.75,FL-05
FL-GOV,governor,FL,120237,188307,1550,0,310094,-22.06,-30.31,FL-06
FL-GOV,governor,FL,142747,155673,1500,0,299920,-4.33,-12.58,FL-07
FL-GOV,governor,FL,137818,163507,1514,0,302839,-8.53,-16.36,FL-08
FL-GOV,governor,FL,120107,141359,1314,0,262780,-8.13,-17.92,FL-09
FL-GOV,governor,FL,139235,69571,1049,0,209856,33.36,24.25,FL-10
FL-GOV,governor,FL,144616,169200,1577,0,315393,-7.83,-15.82,FL-11
FL-GOV,governor,FL,125503,142551,1347,0,269401,-6.36,-15.56,FL-12
FL-GOV,governor,FL,134540,150226,1431,0,286196,-5.51,-13.45,FL-13
FL-GOV,governor,FL,132551,138542,1362,0,272456,-2.21,-10.61,FL-14
FL-GOV,governor,FL,123994,154773,1401,0,280168,-11.04,-20.1,FL-15
FL-GOV,governor,FL,143253,158636,1517,0,303406,-5.1,-13.83,FL-16
FL-GOV,governor,FL,136448,179329,1587,0,317364,-13.58,-22.22,FL-17
FL-GOV,governor,FL,118392,140846,1303,0,260541,-8.66,-17.12,FL-18
FL-GOV,governor,FL,115470,179977,1485,0,296931,-21.83,-30.41,FL-19
FL-GOV,governor,FL,167259,60127,1143,0,228529,47.11,37.33,FL-20
FL-GOV,governor,FL,144919,169787,1581,0,316288,-7.9,-16.36,FL-21
FL-GOV,governor,FL,134624,135400,1357,0,271380,-0.29,-10.64,FL-22
FL-GOV,governor,FL,147006,89783,1190,0,237978,24.17,13.94,FL-23
FL-GOV,governor,FL,147082,47528,978,0,195589,51.16,38.93,FL-24
FL-GOV,governor,FL,133584,129480,1322,0,264387,1.56,-9.21,FL-25
FL-GOV,governor,FL,107206,120534,1144,0,228885,-5.85,-18.49,FL-26
FL-GOV,governor,FL,114285,121290,1184,0,236758,-2.97,-14.63,FL-27
FL-GOV,governor,FL,102602,132024,1179,0,235805,-12.54,-25.67,FL-28
GA-GOV,governor,GA,112065,142553,0,0,254618,-11.97,-15.92,GA-01
GA-GOV,governor,GA,125108,98376,0,0,223484,11.96,7.76,GA-02
GA-GOV,governor,GA,107118,185808,0,0,292926,-26.86,-29.87,GA-03
GA-GOV,governor,GA,170577,45416,0,0,215993,57.95,53.1,GA-04
GA-GOV,governor,GA,216983,29209,0,0,246192,76.27,72.3,GA-05
GA-GOV,governor,GA,201393,61139,0,0,262532,53.42,50.34,GA-06
GA-GOV,governor,GA,122692,179774,0,0,302467,-18.87,-22.29,GA-07
GA-GOV,governor,GA,88620,153182,0,0,241802,-26.7,-30.77,GA-08
GA-GOV,governor,GA,96983,184110,0,0,281093,-31.0,-34.32,GA-09
GA-GOV,governor,GA,118960,170889,0,0,289850,-17.92,-20.89,GA-10
GA-GOV,governor,GA,117289,177244,0,0,294534,-20.36,-23.49,GA-11
GA-GOV,governor,GA,110015,134047,0,0,244062,-9.85,-14.2,GA-12
GA-GOV,governor,GA,185299,70134,0,0,255433,45.09,42.68,GA-13
GA-GOV,governor,GA,88708,181353,0,0,270061,-34.3,-37.04,GA-14
HI-GOV,governor,HI,117689,56495,0,0,174184,35.13,25.17,HI-01
HI-GOV,governor,HI,124552,62955,0,0,187507,32.85,22.06,HI-02
IA-GOV,governor,IA,169111,128118,0,0,297229,13.79,-8.58,IA-01
IA-GOV,governor,IA,165491,129406,0,0,294897,12.24,-10.13,IA-02
IA-GOV,governor,IA,174143,122727,0,0,296870,17.32,-4.47,IA-03
IA-GOV,governor,IA,124313,151146,0,0,275459,-9.74,-31.9,IA-04
ID-GOV,governor,ID,87367,215741,34804,0,337912,-42.35,-46.07,ID-01
ID-GOV,governor,ID,99939,165241,30451,0,295631,-24.63,-27.55,ID-02
IL-GOV,governor,IL,155448,61748,13839,0,231036,43.14,32.29,IL-01
IL-GOV,governor,IL,140992,55899,12545,0,209436,43.22,33.56,IL-02
IL-GOV,governor,IL,125838,50759,11252,0,187850,42.51,31.87,IL-03
IL-GOV,governor,IL,100048,41340,9009,0,150397,41.52,28.76,IL-04
IL-GOV,governor,IL,181008,66968,15800,0,263776,45.99,37.54,IL-05
IL-GOV,governor,IL,141074,105270,15696,0,262040,14.53,5.7,IL-06
IL-GOV,governor,IL,162186,21941,11732,0,195859,76.17,66.15,IL-07
IL-GOV,governor,IL,119726,85057,13048,0,217831,16.93,7.03,IL-08
IL-GOV,governor,IL,169058,62344,14744,0,246146,46.12,36.99,IL-09
IL-GOV,governor,IL,143619,75902,13987,0,233508,30.85,22.33,IL-10
IL-GOV,governor,IL,144407,96491,15349,0,256247,19.89,11.53,IL-11
IL-GOV,governor,IL,78243,167967,15688,0,261897,-36.44,-44.12,IL-12
IL-GOV,governor,IL,130858,90428,14100,0,235385,18.27,10.59,IL-13
IL-GOV,governor,IL,127505,95506,14210,0,237221,14.35,5.28,IL-14
IL-GOV,governor,IL,84762,167079,16047,0,267888,-32.69,-40.46,IL-15
IL-GOV,governor,IL,109193,149071,16456,0,274720,-15.44,-23.08,IL-16
IL-GOV,governor,IL,118880,91232,13388,0,223499,13.16,4.78,IL-17
KS-GOV,governor,KS,84515,132830,0,0,217345,-22.23,-31.88,KS-01
KS-GOV,governor,KS,97272,118307,0,0,215579,-9.76,-20.04,KS-02
KS-GOV,governor,KS,157537,120781,0,0,278318,13.21,4.18,KS-03
KS-GOV,governor,KS,93602,124470,0,0,218072,-14.16,-23.7,KS-04
MA-GOV,governor,MA,156503,107234,2798,0,266535,18.68,13.92,MA-01
MA-GOV,governor,MA,171470,95134,2829,0,269433,28.63,24.29,MA-02
MA-GOV,governor,MA,154155,94238,2636,0,251029,24.12,19.37,MA-03
MA-GOV,governor,MA,175912,105787,2989,0,284687,24.89,20.07,MA-04
MA-GOV,governor,MA,194905,64463,2753,0,262121,50.29,46.31,MA-05
MA-GOV,governor,MA,188068,112454,3189,0,303711,25.16,21.09,MA-06
MA-GOV,governor,MA,165762,28845,2066,0,196673,70.36,65.14,MA-07
MA-GOV,governor,MA,179603,92916,2892,0,275410,31.81,27.06,MA-08
MA-GOV,governor,MA,183494,135093,3380,0,321967,15.19,10.93,MA-09
MD-GOV,governor,MD,128553,162342,8163,0,299058,-11.62,-17.27,MD-01
MD-GOV,governor,MD,167267,101195,7534,0,275996,24.61,18.97,MD-02
MD-GOV,governor,MD,183799,99517,7951,0,291268,29.75,24.41,MD-03
MD-GOV,governor,MD,177403,16124,5433,0,198960,83.34,75.7,MD-04
MD-GOV,governor,MD,205152,88622,8245,0,302019,39.67,34.0,MD-05
MD-GOV,governor,MD,148983,116839,7460,0,273281,12.09,5.97,MD-06
MD-GOV,governor,MD,173397,34216,5828,0,213440,67.04,60.3,MD-07
MD-GOV,governor,MD,218918,46446,7449,0,272812,64.99,58.01,MD-08
ME-GOV,governor,ME,188041,106462,11062,0,305565,27.7,22.33,ME-01
ME-GOV,governor,ME,128606,137786,10005,0,276397,-3.45,-9.72,ME-02
MI-GOV,governor,MI,155258,182963,1699,0,339920,-8.19,-21.52,MI-01
MI-GOV,governor,MI,127825,179630,1544,0,308999,-16.85,-30.53,MI-02
MI-GOV,governor,MI,179962,117969,1497,0,299428,20.81,7.95,MI-03
MI-GOV,governor,MI,162543,139450,1517,0,303510,7.65,-5.61,MI-04
MI-GOV,governor,MI,127069,166935,1477,0,295481,-13.56,-27.41,MI-05
MI-GOV,governor,MI,223193,101104,1630,0,325928,37.65,23.92,MI-06
MI-GOV,governor,MI,180585,141286,1617,0,323488,12.21,-1.3,MI-07
MI-GOV,governor,MI,169327,132388,1516,0,303230,12.24,-2.01,MI-08
MI-GOV,governor,MI,137269,202081,1704,0,341054,-19.1,-32.77,MI-09
MI-GOV,governor,MI,163870,140268,1528,0,305666,7.76,-6.63,MI-10
MI-GOV,governor,MI,208844,111834,1612,0,322290,30.25,16.42,MI-11
MI-GOV,governor,MI,203126,57982,1313,0,262421,55.59,39.94,MI-12
MI-GOV,governor,MI,182507,49174,1165,0,232846,57.55,41.92,MI-13
MN-GOV,governor,MN,126173,140175,6409,0,272757,-5.26,-12.23,MN-01
MN-GOV,governor,MN,163607,127626,7009,0,298241,12.35,5.93,MN-02
MN-GOV,governor,MN,185523,105185,6997,0,297706,27.64,21.7,MN-03
MN-GOV,governor,MN,185702,73405,6238,0,265344,43.34,36.44,MN-04
MN-GOV,governor,MN,214735,37552,6075,0,258362,70.23,63.55,MN-05
MN-GOV,governor,MN,127682,167435,7100,0,302218,-13.47,-20.1,MN-06
MN-GOV,governor,MN,96309,177914,6597,0,280819,-29.76,-37.07,MN-07
MN-GOV,governor,MN,136888,158306,7103,0,302297,-7.26,-14.54,MN-08
NE-GOV,governor,NE,106611,113399,3146,0,223156,-3.09,-13.29,NE-01
NE-GOV,governor,NE,125345,92887,3121,0,221353,14.87,4.75,NE-02
NE-GOV,governor,NE,60342,155079,3081,0,218502,-43.98,-54.42,NE-03
NH-GOV,governor,NH,127981,160307,1449,0,289737,-11.21,2.02,NH-01
NH-GOV,governor,NH,130413,156740,1443,0,288596,-9.17,3.62,NH-02
NM-GOV,governor,NM,143179,104499,0,0,247678,15.62,13.03,NM-01
NM-GOV,governor,NM,97658,92321,0,0,189979,2.81,-1.78,NM-02
NM-GOV,governor,NM,114078,94642,0,0,208720,9.31,5.27,NM-03
NV-GOV,governor,NV,123051,100309,11237,0,234597,10.18,2.27,NV-01
NV-GOV,governor,NV,129577,150929,14112,0,294618,-7.61,-14.26,NV-02
NV-GOV,governor,NV,137616,118851,12903,0,269370,7.32,-0.75,NV-03
NV-GOV,governor,NV,126225,102738,11519,0,240482,10.26,2.38,NV-04
NY-GOV,governor,NY,136565,164259,0,0,300824,-9.21,-10.2,NY-01
NY-GOV,governor,NY,111530,142115,0,0,253646,-12.06,-14.07,NY-02
NY-GOV,governor,NY,130896,133933,0,0,264829,-1.15,-4.38,NY-03
NY-GOV,governor,NY,141564,130376,0,0,271940,4.11,1.41,NY-04
NY-GOV,governor,NY,125170,44162,0,0,169332,47.84,42.7,NY-05
NY-GOV,governor,NY,82654,63917,0,0,146571,12.78,6.65,NY-06
NY-GOV,governor,NY,123395,39978,0,0,163373,51.06,47.1,NY-07
NY-GOV,governor,NY,124844,44247,0,0,169091,47.66,44.76,NY-08
NY-GOV,governor,NY,126230,48466,0,0,174696,44.51,41.53,NY-09
NY-GOV,governor,NY,159045,34617,0,0,193662,64.25,61.91,NY-10
NY-GOV,governor,NY,75538,115709,0,0,191247,-21.0,-24.79,NY-11
NY-GOV,governor,NY,197078,39908,0,0,236986,66.32,64.86,NY-12
NY-GOV,governor,NY,139201,29448,0,0,168649,65.08,60.32,NY-13
NY-GOV,governor,NY,97140,43191,0,0,140331,38.44,32.19,NY-14
NY-GOV,governor,NY,102124,29854,0,0,131978,54.76,48.73,NY-15
NY-GOV,governor,NY,154639,73248,0,0,227887,35.72,33.22,NY-16
NY-GOV,governor,NY,139506,133107,0,0,272613,2.35,0.56,NY-17
NY-GOV,governor,NY,134899,125119,0,0,260018,3.76,3.36,NY-18
NY-GOV,governor,NY,136743,132726,0,0,269469,1.49,1.78,NY-19
NY-GOV,governor,NY,150089,111750,0,0,261839,14.64,14.34,NY-20
NY-GOV,governor,NY,99547,150425,0,0,249972,-20.35,-20.77,NY-21
NY-GOV,governor,NY,136747,117023,0,0,253770,7.77,7.69,NY-22
NY-GOV,governor,NY,108414,168233,0,0,276647,-21.62,-21.18,NY-23
NY-GOV,governor,NY,100665,162469,0,0,263133,-23.49,-23.24,NY-24
NY-GOV,governor,NY,155724,107423,0,0,263147,18.36,18.66,NY-25
NY-GOV,governor,NY,142767,95080,0,0,237847,20.05,19.56,NY-26
OH-GOV,governor,OH,149814,126838,1390,0,278042,8.3,-2.62,OH-01
OH-GOV,governor,OH,89913,171815,1315,0,263043,-31.29,-42.48,OH-02
OH-GOV,governor,OH,189263,60115,1253,0,250632,51.79,40.65,OH-03
OH-GOV,governor,OH,93713,182135,1386,0,277234,-32.05,-43.02,OH-04
OH-GOV,governor,OH,117736,152090,1356,0,271182,-12.73,-23.96,OH-05
OH-GOV,governor,OH,98694,158566,1293,0,258553,-23.27,-35.31,OH-06
OH-GOV,governor,OH,147408,148886,1489,0,297783,-0.5,-11.16,OH-07
OH-GOV,governor,OH,132309,147681,1407,0,281397,-5.49,-15.77,OH-08
OH-GOV,governor,OH,133814,131399,1333,0,266546,0.91,-10.68,OH-09
OH-GOV,governor,OH,135791,128119,1326,0,265236,2.91,-7.87,OH-10
OH-GOV,governor,OH,186359,36942,1122,0,224423,66.91,55.41,OH-11
OH-GOV,governor,OH,114475,170989,1435,0,286899,-19.8,-30.35,OH-12
OH-GOV,governor,OH,155489,116181,1365,0,273035,14.47,3.33,OH-13
OH-GOV,governor,OH,130703,157045,1446,0,289194,-9.15,-20.53,OH-14
OH-GOV,governor,OH,126524,124529,1262,0,252314,0.79,-10.11,OH-15
OK-GOV,governor,OK,89923,124740,5776,0,220439,-16.22,-21.99,OK-01
OK-GOV,governor,OK,56073,165912,5972,0,227957,-49.48,-56.51,OK-02
OK-GOV,governor,OK,57204,133281,5125,0,195611,-39.94,-46.7,OK-03
OK-GOV,governor,OK,77657,135844,5744,0,219246,-27.25,-33.62,OK-04
OK-GOV,governor,OK,99857,127008,6104,0,232969,-11.97,-17.31,OK-05
OR-GOV,governor,OR,160911,88853,8019,0,257783,28.85,39.12,OR-01
OR-GOV,governor,OR,77455,171961,8003,0,257419,-37.89,-27.88,OR-02
OR-GOV,governor,OR,164041,74603,7662,0,246306,37.48,47.61,OR-03
OR-GOV,governor,OR,135193,129960,8511,0,273663,1.97,12.45,OR-04
OR-GOV,governor,OR,138057,143408,9034,0,290500,-1.9,8.78,OR-05
OR-GOV,governor,OR,120918,117531,7654,0,246103,1.42,11.77,OR-06
PA-GOV,governor,PA,202796,127417,1926,0,332139,22.83,0.32,PA-01
PA-GOV,governor,PA,164362,40861,1197,0,206421,60.18,36.18,PA-02
PA-GOV,governor,PA,274020,0,1599,0,275619,100.0,77.92,PA-03
PA-GOV,governor,PA,224711,100653,1898,0,327262,38.13,15.97,PA-04
PA-GOV,governor,PA,220298,70556,1697,0,292551,51.48,29.06,PA-05
PA-GOV,governor,PA,198267,98412,1731,0,298409,33.66,11.53,PA-06
PA-GOV,governor,PA,170382,115543,1668,0,287592,19.18,-3.23,PA-07
PA-GOV,governor,PA,154366,116080,1578,0,272024,14.16,-8.56,PA-08
PA-GOV,governor,PA,115527,161317,1615,0,278459,-16.54,-38.24,PA-09
PA-GOV,governor,PA,166523,120018,1672,0,288213,16.23,-5.29,PA-10
PA-GOV,governor,PA,143589,144332,1680,0,289601,-0.26,-21.58,PA-11
PA-GOV,governor,PA,211661,88263,1750,0,301674,41.14,19.38,PA-12
PA-GOV,governor,PA,108718,178630,1676,0,289024,-24.33,-45.91,PA-13
PA-GOV,governor,PA,129524,163334,1708,0,294566,-11.54,-33.59,PA-14
PA-GOV,governor,PA,115487,160826,1612,0,277925,-16.41,-38.28,PA-15
PA-GOV,governor,PA,143667,146335,1692,0,291694,-0.92,-22.99,PA-16
PA-GOV,governor,PA,202240,116346,1859,0,320445,26.96,5.52,PA-17
RI-GOV,governor,RI,83091,43808,38485,0,165383,30.96,22.72,RI-01
RI-GOV,governor,RI,85515,63314,45135,0,193965,14.92,6.87,RI-02
SC-GOV,governor,SC,131422,144084,5250,0,280756,-4.6,-13.28,SC-01
SC-GOV,governor,SC,118373,132842,4787,0,256002,-5.76,-14.13,SC-02
SC-GOV,governor,SC,80539,164418,4668,0,249624,-34.24,-43.62,SC-03
SC-GOV,governor,SC,103288,139989,4636,0,247913,-15.09,-23.95,SC-04
SC-GOV,governor,SC,110078,146109,4882,0,261069,-14.06,-23.1,SC-05
SC-GOV,governor,SC,143593,71323,4096,0,219012,33.63,23.19,SC-06
SC-GOV,governor,SC,110131,154155,5036,0,269323,-16.66,-26.62,SC-07
SD-GOV,governor,SD,113347,185126,0,0,298473,-24.05,-29.89,SD-01
TN-GOV,governor,TN,63300,161559,18969,0,243828,-43.7,-58.44,TN-01
TN-GOV,governor,TN,95258,141526,19976,0,256760,-19.54,-34.33,TN-02
TN-GOV,governor,TN,92200,142260,19780,0,254240,-21.35,-36.2,TN-03
TN-GOV,governor,TN,90192,106582,16601,0,213375,-8.33,-24.28,TN-04
TN-GOV,governor,TN,94924,107655,17090,0,219669,-6.28,-23.23,TN-05
TN-GOV,governor,TN,103704,130198,19733,0,253635,-11.33,-26.85,TN-06
TN-GOV,governor,TN,107490,125659,19669,0,252818,-7.79,-22.78,TN-07
TN-GOV,governor,TN,97975,109562,17509,0,225046,-5.58,-20.49,TN-08
TN-GOV,governor,TN,99320,108533,17535,0,225389,-4.43,-21.48,TN-09
TX-GOV,governor,TX,66781,160066,1163,0,228010,-41.12,-49.9,TX-01
TX-GOV,governor,TX,98598,135987,1202,0,235787,-15.94,-23.14,TX-02
TX-GOV,governor,TX,108765,149281,1323,0,259369,-15.7,-23.94,TX-03
TX-GOV,governor,TX,106838,149298,1313,0,257449,-16.58,-25.15,TX-04
TX-GOV,governor,TX,88439,115880,1047,0,205366,-13.43,-21.85,TX-05
TX-GOV,governor,TX,91387,124694,1108,0,217189,-15.41,-23.19,TX-06
TX-GOV,governor,TX,118490,58648,908,0,178046,33.78,24.06,TX-07
TX-GOV,governor,TX,87957,127424,1104,0,216485,-18.32,-28.17,TX-08
TX-GOV,governor,TX,62870,75476,709,0,139055,-9.11,-19.99,TX-09
TX-GOV,governor,TX,105813,139942,1260,0,247015,-13.89,-22.94,TX-10
TX-GOV,governor,TX,75147,129380,1048,0,205575,-26.52,-34.72,TX-11
TX-GOV,governor,TX,92397,126369,1121,0,219888,-15.53,-24.18,TX-12
TX-GOV,governor,TX,64469,147330,1086,0,212884,-39.12,-46.63,TX-13
TX-GOV,governor,TX,97522,136250,1198,0,234971,-16.57,-24.58,TX-14
TX-GOV,governor,TX,75143,83336,812,0,159292,-5.17,-17.93,TX-15
TX-GOV,governor,TX,103770,56114,820,0,160704,29.81,16.64,TX-16
TX-GOV,governor,TX,96833,126484,1145,0,224462,-13.28,-21.87,TX-17
TX-GOV,governor,TX,140485,28887,869,0,170240,65.89,55.7,TX-18
TX-GOV,governor,TX,55553,141097,1008,0,197658,-43.5,-52.16,TX-19
TX-GOV,governor,TX,110254,47663,810,0,158727,39.64,28.88,TX-20
TX-GOV,governor,TX,124422,164373,1480,0,290274,-13.83,-22.08,TX-21
TX-GOV,governor,TX,99842,133500,1196,0,234538,-14.42,-22.67,TX-22
TX-GOV,governor,TX,105365,117305,1141,0,223812,-5.36,-14.92,TX-23
TX-GOV,governor,TX,118672,141259,1332,0,261264,-8.69,-16.32,TX-24
TX-GOV,governor,TX,91679,124003,1106,0,216788,-14.99,-24.36,TX-25
TX-GOV,governor,TX,113109,156637,1383,0,271128,-16.14,-24.16,TX-26
TX-GOV,governor,TX,98034,128217,1160,0,227410,-13.34,-21.42,TX-27
TX-GOV,governor,TX,72278,66295,710,0,139283,4.32,-10.45,TX-28
TX-GOV,governor,TX,89209,36309,644,0,126161,42.15,30.83,TX-29
TX-GOV,governor,TX,133769,35668,869,0,170306,57.9,47.82,TX-30
TX-GOV,governor,TX,104606,139554,1252,0,245411,-14.31,-22.2,TX-31
TX-GOV,governor,TX,102720,123257,1158,0,227135,-9.09,-18.11,TX-32
TX-GOV,governor,TX,104676,40657,745,0,146078,44.05,33.35,TX-33
TX-GOV,governor,TX,85026,82527,859,0,168412,1.49,-10.2,TX-34
TX-GOV,governor,TX,104021,106162,1077,0,211260,-1.02,-10.56,TX-35
TX-GOV,governor,TX,91010,126154,1113,0,218277,-16.18,-25.33,TX-36
TX-GOV,governor,TX,190448,38198,1172,0,229819,66.59,57.62,TX-37
TX-GOV,governor,TX,106607,139769,1263,0,247639,-13.46,-21.13,TX-38
VT-GOV,governor,VT,108251,146880,3465,0,258596,-15.14,32.77,VT-01
WI-GOV,governor,WI,142405,140615,0,0,283021,0.63,-4.56,WI-01
WI-GOV,governor,WI,239329,89391,0,0,328720,45.61,40.74,WI-02
WI-GOV,governor,WI,144372,150880,0,0,295251,-2.2,-7.51,WI-03
WI-GOV,governor,WI,190251,51573,0,0,241824,57.35,52.46,WI-04
WI-GOV,governor,WI,137500,199615,0,0,337115,-18.43,-22.44,WI-05
WI-GOV,governor,WI,131704,167802,0,0,299506,-12.05,-16.7,WI-06
WI-GOV,governor,WI,127310,181958,0,0,309268,-17.67,-22.84,WI-07
WI-GOV,governor,WI,132826,168512,0,0,301339,-11.84,-16.46,WI-08
WY-GOV,governor,WY,55089,125880,7364,0,188333,-39.12,-46.96,WY-01
AK-SEN,senate,AK,116498,114037,0,5911,236446,1.07,-13.8,AK-01
AL-SEN,senate,AL,85995,143623,0,0,229618,-25.1,-36.34,AL-01
AL-SEN,senate,AL,99202,106022,0,0,205224,-3.32,-14.47,AL-02
AL-SEN,senate,AL,71038,150478,0,0,221517,-35.86,-47.03,AL-03
AL-SEN,senate,AL,49712,176944,0,0,226656,-56.13,-67.01,AL-04
AL-SEN,senate,AL,99429,148092,0,0,247521,-19.66,-29.51,AL-05
AL-SEN,senate,AL,91549,153138,0,0,244687,-25.17,-34.78,AL-06
AL-SEN,senate,AL,135725,74615,0,0,210340,29.05,17.99,AL-07
AR-SEN,senate,AR,63156,124425,6682,0,194263,-32.66,-46.17,AR-01
AR-SEN,senate,AR,105841,113301,7807,0,226949,-3.4,-15.91,AR-02
AR-SEN,senate,AR,91501,120289,7545,0,219335,-13.59,-25.51,AR-03
AR-SEN,senate,AR,69974,122092,6842,0,198908,-27.14,-40.66,AR-04
CO-SEN,senate,CO,198377,28341,19406,9193,255318,75.0,57.65,CO-01
CO-SEN,senate,CO,210682,58384,23030,10909,303005,56.6,40.81,CO-02
CO-SEN,senate,CO,134359,118578,21646,10254,284837,6.24,-9.95,CO-03
CO-SEN,senate,CO,138904,148255,24574,11641,323373,-3.26,-18.68,CO-04
CO-SEN,senate,CO,123319,110044,19971,9460,262795,5.69,-9.32,CO-05
CO-SEN,senate,CO,153645,70498,19184,9087,252414,37.1,20.5,CO-06
CO-SEN,senate,CO,181231,96146,23740,11245,312361,30.67,15.4,CO-07
CO-SEN,senate,CO,123603,90245,18302,8669,240819,15.6,-1.87,CO-08
DE-SEN,senate,DE,225682,131860,0,0,357542,26.24,14.84,DE-01
FL-SEN,senate,FL,102312,192010,1479,0,295802,-30.48,-37.53,FL-01
FL-SEN,senate,FL,129246,158552,1446,0,289244,-10.18,-18.33,FL-02
FL-SEN,senate,FL,121105,157870,1402,0,280377,-13.18,-21.29,FL-03
FL-SEN,senate,FL,132684,145218,1396,0,279299,-4.51,-11.92,FL-04
FL-SEN,senate,FL,130797,174828,1536,0,307161,-14.41,-21.75,FL-05
FL-SEN,senate,FL,119861,188683,1550,0,310094,-22.31,-30.31,FL-06
FL-SEN,senate,FL,142383,156037,1500,0,299920,-4.58,-12.58,FL-07
FL-SEN,senate,FL,137450,163874,1514,0,302839,-8.77,-16.36,FL-08
FL-SEN,senate,FL,119788,141678,1314,0,262780,-8.37,-17.92,FL-09
FL-SEN,senate,FL,138981,69826,1049,0,209856,33.12,24.25,FL-10
FL-SEN,senate,FL,144233,169583,1577,0,315393,-8.08,-15.82,FL-11
FL-SEN,senate,FL,125177,142878,1347,0,269401,-6.6,-15.56,FL-12
FL-SEN,senate,FL,134192,150573,1431,0,286196,-5.75,-13.45,FL-13
FL-SEN,senate,FL,132221,138873,1362,0,272456,-2.45,-10.61,FL-14
FL-SEN,senate,FL,123654,155113,1401,0,280168,-11.29,-20.1,FL-15
FL-SEN,senate,FL,142885,159004,1517,0,303406,-5.34,-13.83,FL-16
FL-SEN,senate,FL,136062,179715,1587,0,317364,-13.82,-22.22,FL-17
FL-SEN,senate,FL,118075,141163,1303,0,260541,-8.91,-17.12,FL-18
FL-SEN,senate,FL,115109,180337,1485,0,296931,-22.08,-30.41,FL-19
FL-SEN,senate,FL,166982,60404,1143,0,228529,46.87,37.33,FL-20
FL-SEN,senate,FL,144535,170171,1581,0,316288,-8.15,-16.36,FL-21
FL-SEN,senate,FL,134294,135729,1357,0,271380,-0.53,-10.64,FL-22
FL-SEN,senate,FL,146717,90071,1190,0,237978,23.92,13.94,FL-23
FL-SEN,senate,FL,146845,47766,978,0,195589,50.91,38.93,FL-24
FL-SEN,senate,FL,133264,129801,1322,0,264387,1.32,-9.21,FL-25
FL-SEN,senate,FL,106928,120812,1144,0,228885,-6.1,-18.49,FL-26
FL-SEN,senate,FL,113997,121577,1184,0,236758,-3.22,-14.63,FL-27
FL-SEN,senate,FL,102315,132310,1179,0,235805,-12.78,-25.67,FL-28
GA-SEN,senate,GA,126279,128340,0,0,254618,-0.81,-15.92,GA-01
GA-SEN,senate,GA,137586,85898,0,0,223484,23.13,7.76,GA-02
GA-SEN,senate,GA,123468,169458,0,0,292926,-15.7,-29.87,GA-03
GA-SEN,senate,GA,182640,33352,0,0,215992,69.12,53.1,GA-04
GA-SEN,senate,GA,230735,15456,0,0,246191,87.44,72.3,GA-05
GA-SEN,senate,GA,216056,46476,0,0,262531,64.59,50.34,GA-06
GA-SEN,senate,GA,139576,162891,0,0,302467,-7.71,-22.29,GA-07
GA-SEN,senate,GA,102117,139686,0,0,241803,-15.54,-30.77,GA-08
GA-SEN,senate,GA,112672,168421,0,0,281093,-19.83,-34.32,GA-09
GA-SEN,senate,GA,135140,154710,0,0,289850,-6.75,-20.89,GA-10
GA-SEN,senate,GA,133731,160804,0,0,294534,-9.19,-23.49,GA-11
GA-SEN,senate,GA,123640,120423,0,0,244063,1.32,-14.2,GA-12
GA-SEN,senate,GA,199564,55868,0,0,255433,56.26,42.68,GA-13
GA-SEN,senate,GA,103782,166280,0,0,270062,-23.14,-37.04,GA-14
IA-SEN,senate,IA,156265,139477,1486,0,297229,5.68,-8.58,IA-01
IA-SEN,senate,IA,152758,140665,1474,0,294897,4.12,-10.13,IA-02
IA-SEN,senate,IA,161287,134099,1484,0,296870,9.2,-4.47,IA-03
IA-SEN,senate,IA,112570,161511,1377,0,275459,-17.86,-31.9,IA-04
ID-SEN,senate,ID,0,199601,123477,14834,337912,-23.56,-46.07,ID-01
ID-SEN,senate,ID,0,149570,133083,12979,295632,-5.83,-27.55,ID-02
IL-SEN,senate,IL,157497,66885,6654,0,231036,40.38,32.29,IL-01
IL-SEN,senate,IL,142851,60553,6032,0,209436,40.46,33.56,IL-02
IL-SEN,senate,IL,127486,54954,5410,0,187850,39.76,31.87,IL-03
IL-SEN,senate,IL,101344,44722,4331,0,150397,38.76,28.76,IL-04
IL-SEN,senate,IL,183464,72716,7597,0,263776,43.23,37.54,IL-05
IL-SEN,senate,IL,142231,112262,7547,0,262040,11.78,5.7,IL-06
IL-SEN,senate,IL,164929,25290,5641,0,195859,73.41,66.15,IL-07
IL-SEN,senate,IL,120769,90788,6274,0,217831,14.17,7.03,IL-08
IL-SEN,senate,IL,171354,67703,7089,0,246146,43.36,36.99,IL-09
IL-SEN,senate,IL,145243,81540,6725,0,233508,28.09,22.33,IL-10
IL-SEN,senate,IL,145752,103115,7380,0,256247,17.13,11.53,IL-11
IL-SEN,senate,IL,77324,177031,7543,0,261897,-39.2,-44.12,IL-12
IL-SEN,senate,IL,132034,96571,6779,0,235385,15.51,10.59,IL-13
IL-SEN,senate,IL,128546,101843,6832,0,237221,11.59,5.28,IL-14
IL-SEN,senate,IL,83979,176194,7715,0,267888,-35.44,-40.46,IL-15
IL-SEN,senate,IL,109126,157681,7912,0,274720,-18.2,-23.08,IL-16
IL-SEN,senate,IL,119820,97243,6437,0,223499,10.4,4.78,IL-17
KS-SEN,senate,KS,87099,125922,4325,0,217345,-18.23,-31.88,KS-01
KS-SEN,senate,KS,99567,111722,4290,0,215579,-5.75,-20.04,KS-02
KS-SEN,senate,KS,159864,112915,5538,0,278318,17.21,4.18,KS-03
KS-SEN,senate,KS,96018,117713,4340,0,218071,-10.15,-23.7,KS-04
KY-SEN,senate,KY,68621,166413,5016,0,240051,-41.61,-47.91,KY-01
KY-SEN,senate,KY,77470,163382,5141,0,245993,-35.67,-41.86,KY-02
KY-SEN,senate,KY,142438,85538,4868,0,232844,24.96,19.18,KY-03
KY-SEN,senate,KY,89281,167549,5482,0,262312,-30.47,-36.13,KY-04
KY-SEN,senate,KY,45322,172007,4638,0,221968,-58.29,-64.7,KY-05
KY-SEN,senate,KY,110361,133437,5205,0,249002,-9.47,-15.29,KY-06
LA-SEN,senate,LA,81617,171065,0,0,252682,-35.4,-38.98,LA-01
LA-SEN,senate,LA,168618,50549,0,0,219168,53.87,48.62,LA-02
LA-SEN,senate,LA,81007,156052,0,0,237059,-31.66,-36.66,LA-03
LA-SEN,senate,LA,79006,144706,0,0,223712,-29.37,-34.59,LA-04
LA-SEN,senate,LA,79743,144877,0,0,224620,-29.0,-34.4,LA-05
LA-SEN,senate,LA,88683,158958,0,0,247641,-28.38,-32.25,LA-06
MA-SEN,senate,MA,149346,98452,9941,8795,266534,20.54,13.92,MA-01
MA-SEN,senate,MA,163435,87058,10050,8891,269433,30.49,24.29,MA-02
MA-SEN,senate,MA,147007,86375,9363,8284,251029,25.98,19.37,MA-03
MA-SEN,senate,MA,167739,96935,10618,9394,284687,26.75,20.07,MA-04
MA-SEN,senate,MA,185391,58302,9778,8651,262123,52.15,46.31,MA-05
MA-SEN,senate,MA,179325,103036,11328,10022,303710,27.02,21.09,MA-06
MA-SEN,senate,MA,157444,25402,7338,6492,196676,72.21,65.14,MA-07
MA-SEN,senate,MA,171127,84922,10273,9089,275410,33.67,27.06,MA-08
MA-SEN,senate,MA,175185,124149,12008,10624,321966,17.05,10.93,MA-09
ME-SEN,senate,ME,178614,126951,0,0,305565,16.91,22.33,ME-01
ME-SEN,senate,ME,118521,157876,0,0,276397,-14.24,-9.72,ME-02
MI-SEN,senate,MI,142095,188272,1699,7849,339916,-13.98,-21.52,MI-01
MI-SEN,senate,MI,116171,184144,1544,7134,308994,-22.63,-30.53,MI-02
MI-SEN,senate,MI,167356,123658,1497,6918,299430,15.02,7.95,MI-03
MI-SEN,senate,MI,150230,144751,1517,7011,303509,1.86,-5.61,MI-04
MI-SEN,senate,MI,115812,171366,1477,6822,295476,-19.34,-27.41,MI-05
MI-SEN,senate,MI,208833,107937,1630,7532,325933,31.85,23.92,MI-06
MI-SEN,senate,MI,167290,147108,1617,7473,323488,6.42,-1.3,MI-07
MI-SEN,senate,MI,156863,137846,1516,7005,303230,6.45,-2.01,MI-08
MI-SEN,senate,MI,124495,206974,1704,7874,341047,-24.88,-32.77,MI-09
MI-SEN,senate,MI,151466,145610,1528,7060,305665,1.97,-6.63,MI-10
MI-SEN,senate,MI,194922,118313,1612,7447,322293,24.46,16.42,MI-11
MI-SEN,senate,MI,191016,64032,1313,6067,262428,49.79,39.94,MI-12
MI-SEN,senate,MI,171709,54596,1165,5383,232853,51.75,41.92,MI-13
MN-SEN,senate,MN,124484,143120,5154,0,272757,-6.96,-12.23,MN-01
MN-SEN,senate,MN,161880,130725,5637,0,298241,10.65,5.93,MN-02
MN-SEN,senate,MN,183903,108175,5628,0,297706,25.93,21.7,MN-03
MN-SEN,senate,MN,184353,75975,5017,0,265344,41.63,36.44,MN-04
MN-SEN,senate,MN,213580,39896,4886,0,258362,68.52,63.55,MN-05
MN-SEN,senate,MN,125753,170754,5710,0,302218,-15.18,-20.1,MN-06
MN-SEN,senate,MN,94412,181102,5305,0,280819,-31.46,-37.07,MN-07
MN-SEN,senate,MN,135001,161583,5712,0,302297,-8.96,-14.54,MN-08
MS-SEN,senate,MS,81300,137503,8030,0,226832,-25.69,-37.53,MS-01
MS-SEN,senate,MS,128351,65088,7099,0,200538,32.7,20.58,MS-02
MS-SEN,senate,MS,89767,128738,8019,0,226524,-17.84,-29.46,MS-03
MS-SEN,senate,MS,67957,130471,7282,0,205710,-31.5,-43.01,MS-04
MT-SEN,senate,MT,49680,105679,61852,8252,225463,-26.16,-11.93,MT-01
MT-SEN,senate,MT,30484,104994,53937,7196,196611,-32.13,-30.5,MT-02
NC-SEN,senate,NC,144654,140131,1546,5456,291788,1.59,-11.71,NC-01
NC-SEN,senate,NC,206368,75605,1532,5404,288909,46.37,34.4,NC-02
NC-SEN,senate,NC,117697,118777,1284,4530,242288,-0.46,-13.77,NC-03
NC-SEN,senate,NC,235859,62555,1621,5720,305755,58.08,46.03,NC-04
NC-SEN,senate,NC,131958,146933,1514,5343,285748,-5.37,-17.98,NC-05
NC-SEN,senate,NC,126496,141066,1453,5126,274140,-5.45,-17.32,NC-06
NC-SEN,senate,NC,149214,153703,1645,5803,310365,-1.48,-14.0,NC-07
NC-SEN,senate,NC,129420,150504,1520,5362,286807,-7.53,-19.62,NC-08
NC-SEN,senate,NC,125693,135718,1419,5008,267838,-3.84,-16.04,NC-09
NC-SEN,senate,NC,134278,150350,1545,5453,291627,-5.65,-17.88,NC-10
NC-SEN,senate,NC,153033,148428,1637,5776,308874,1.53,-9.61,NC-11
NC-SEN,senate,NC,194043,48802,1319,4655,248819,59.81,47.04,NC-12
NC-SEN,senate,NC,137943,152977,1580,5573,298073,-5.17,-16.67,NC-13
NC-SEN,senate,NC,134201,145362,1518,5356,286437,-3.99,-15.21,NC-14
NE-SEN,senate,NE,0,102428,115863,4865,223157,6.15,-13.29,NE-01
NE-SEN,senate,NE,0,82157,134370,4826,221353,24.11,4.75,NE-02
NE-SEN,senate,NE,0,143995,69744,4763,218502,-34.74,-54.42,NE-03
NH-SEN,senate,NH,156114,132174,1449,0,289737,8.3,2.02,NH-01
NH-SEN,senate,NH,158434,128719,1443,0,288596,10.35,3.62,NH-02
NJ-SEN,senate,NJ,164634,83171,5419,0,253225,32.87,18.79,NJ-01
NJ-SEN,senate,NJ,132116,128170,5692,0,265978,1.52,-12.9,NJ-02
NJ-SEN,senate,NJ,162113,103516,5809,0,271438,22.06,8.25,NJ-03
NJ-SEN,senate,NJ,116600,162888,6111,0,285599,-16.56,-30.73,NJ-04
NJ-SEN,senate,NJ,155863,111738,5852,0,273454,16.49,1.42,NJ-05
NJ-SEN,senate,NJ,128200,81254,4580,0,214034,22.41,6.44,NJ-06
NJ-SEN,senate,NJ,168689,132925,6595,0,308210,11.86,-1.32,NJ-07
NJ-SEN,senate,NJ,107765,42423,3285,0,153473,43.51,24.99,NJ-08
NJ-SEN,senate,NJ,112124,79400,4188,0,195713,17.09,-1.01,NJ-09
NJ-SEN,senate,NJ,148997,29199,3897,0,182093,67.23,51.45,NJ-10
NJ-SEN,senate,NJ,170506,107005,6069,0,283580,22.88,8.58,NJ-11
NJ-SEN,senate,NJ,154980,67053,4856,0,226889,39.6,24.58,NJ-12
NM-SEN,senate,NM,155932,91746,0,0,247678,25.92,13.03,NM-01
NM-SEN,senate,NM,107440,82538,0,0,189979,13.11,-1.78,NM-02
NM-SEN,senate,NM,124825,83895,0,0,208720,19.61,5.27,NM-03
OH-SEN,senate,OH,151752,120535,1390,4365,278042,11.46,-2.62,OH-01
OH-SEN,senate,OH,92564,165034,1315,4130,263043,-28.13,-42.48,OH-02
OH-SEN,senate,OH,190155,55289,1253,3935,250632,54.95,40.65,OH-03
OH-SEN,senate,OH,96524,174971,1386,4352,277234,-28.89,-43.02,OH-04
OH-SEN,senate,OH,120074,145494,1356,4258,271182,-9.57,-23.96,OH-05
OH-SEN,senate,OH,101137,152064,1293,4059,258553,-20.11,-35.31,OH-06
OH-SEN,senate,OH,149690,141929,1489,4675,297782,2.66,-11.16,OH-07
OH-SEN,senate,OH,134575,140996,1407,4418,281397,-2.33,-15.77,OH-08
OH-SEN,senate,OH,135827,125202,1333,4185,266546,4.07,-10.68,OH-09
OH-SEN,senate,OH,137752,121993,1326,4164,265236,6.07,-7.87,OH-10
OH-SEN,senate,OH,186891,32886,1122,3523,224423,70.07,55.41,OH-11
OH-SEN,senate,OH,117108,163852,1435,4504,286899,-16.64,-30.35,OH-12
OH-SEN,senate,OH,157260,110123,1365,4287,273035,17.63,3.33,OH-13
OH-SEN,senate,OH,133115,150092,1446,4540,289194,-5.99,-20.53,OH-14
OH-SEN,senate,OH,128431,118660,1262,3961,252314,3.95,-10.11,OH-15
OK-SEN,senate,OK,83798,122048,8818,5776,220440,-18.58,-21.99,OK-01
OK-SEN,senate,OK,51256,161611,9118,5972,227957,-51.84,-56.51,OK-02
OK-SEN,senate,OK,52697,129964,7824,5125,195610,-42.3,-46.7,OK-03
OK-SEN,senate,OK,72049,132683,8770,5744,219246,-29.62,-33.62,OK-04
OK-SEN,senate,OK,93185,124361,9319,6104,232970,-14.33,-17.31,OK-05
OR-SEN,senate,OR,173196,60454,12067,12067,257783,48.25,39.12,OR-01
OR-SEN,senate,OR,95071,138261,12043,12043,257418,-18.51,-27.88,OR-02
OR-SEN,senate,OR,175118,48128,11530,11530,246307,56.88,47.61,OR-03
OR-SEN,senate,OR,150524,97525,12807,12807,273663,21.37,12.45,OR-04
OR-SEN,senate,OR,154683,108628,13595,13595,290500,17.49,8.78,OR-05
OR-SEN,senate,OR,134748,88320,11517,11517,246103,20.81,11.77,OR-06
RI-SEN,senate,RI,106514,51890,6979,0,165383,34.48,22.72,RI-01
RI-SEN,senate,RI,110023,75756,8185,0,193964,18.44,6.87,RI-02
SC-SEN,senate,SC,137540,134400,3566,5250,280756,1.15,-13.28,SC-01
SC-SEN,senate,SC,123970,123993,3251,4787,256002,-0.01,-14.13,SC-02
SC-SEN,senate,SC,86447,155339,3170,4668,249624,-28.49,-43.62,SC-03
SC-SEN,senate,SC,108855,131273,3148,4636,247913,-9.34,-23.95,SC-04
SC-SEN,senate,SC,115923,136948,3316,4882,261069,-8.31,-23.1,SC-05
SC-SEN,senate,SC,147835,64300,2782,4096,219012,39.38,23.19,SC-06
SC-SEN,senate,SC,116206,144660,3420,5036,269322,-10.91,-26.62,SC-07
SD-SEN,senate,SD,0,173498,124975,0,298473,-16.26,-29.89,SD-01
TN-SEN,senate,TN,50815,179409,13605,0,243829,-55.86,-58.44,TN-01
TN-SEN,senate,TN,82792,159641,14327,0,256760,-31.7,-34.33,TN-02
TN-SEN,senate,TN,79806,160248,14187,0,254240,-33.51,-36.2,TN-03
TN-SEN,senate,TN,80095,121373,11906,0,213374,-20.49,-24.28,TN-04
TN-SEN,senate,TN,84578,122834,12258,0,219669,-18.44,-23.23,TN-05
TN-SEN,senate,TN,91618,147864,14153,0,253635,-23.49,-26.85,TN-06
TN-SEN,senate,TN,95541,143170,14107,0,252818,-19.95,-22.78,TN-07
TN-SEN,senate,TN,87393,125095,12558,0,225045,-17.74,-20.49,TN-08
TN-SEN,senate,TN,88751,124061,12577,0,225389,-16.59,-21.48,TN-09
TX-SEN,senate,TX,75055,151427,1527,0,228010,-33.72,-49.9,TX-01
TX-SEN,senate,TX,107109,127099,1580,0,235787,-8.54,-23.14,TX-02
TX-SEN,senate,TX,118127,139505,1738,0,259369,-8.3,-23.94,TX-03
TX-SEN,senate,TX,116132,139592,1725,0,257449,-9.17,-25.15,TX-04
TX-SEN,senate,TX,95848,108142,1376,0,205366,-6.03,-21.85,TX-05
TX-SEN,senate,TX,99225,116508,1455,0,217189,-8.01,-23.19,TX-06
TX-SEN,senate,TX,124849,52004,1193,0,178046,41.19,24.06,TX-07
TX-SEN,senate,TX,95776,119259,1450,0,216485,-10.92,-28.17,TX-08
TX-SEN,senate,TX,67882,70242,932,0,139055,-1.71,-19.99,TX-09
TX-SEN,senate,TX,114725,130635,1655,0,247015,-6.48,-22.94,TX-10
TX-SEN,senate,TX,82584,121614,1377,0,205575,-19.11,-34.72,TX-11
TX-SEN,senate,TX,100334,118081,1473,0,219888,-8.13,-24.18,TX-12
TX-SEN,senate,TX,72191,139267,1426,0,212884,-31.72,-46.63,TX-13
TX-SEN,senate,TX,106005,127392,1574,0,234971,-9.16,-24.58,TX-14
TX-SEN,senate,TX,80880,77345,1067,0,159292,2.23,-17.93,TX-15
TX-SEN,senate,TX,109514,50113,1077,0,160704,37.21,16.64,TX-16
TX-SEN,senate,TX,104931,118027,1504,0,224462,-5.87,-21.87,TX-17
TX-SEN,senate,TX,146523,22576,1141,0,170240,73.3,55.7,TX-18
TX-SEN,senate,TX,62730,133605,1324,0,197658,-36.1,-52.16,TX-19
TX-SEN,senate,TX,115916,41747,1064,0,158727,47.04,28.88,TX-20
TX-SEN,senate,TX,134895,153435,1945,0,290274,-6.43,-22.08,TX-21
TX-SEN,senate,TX,108305,124662,1571,0,234538,-7.02,-22.67,TX-22
TX-SEN,senate,TX,113426,108886,1500,0,223812,2.04,-14.92,TX-23
TX-SEN,senate,TX,128088,131425,1750,0,261264,-1.29,-16.32,TX-24
TX-SEN,senate,TX,99503,115833,1452,0,216788,-7.58,-24.36,TX-25
TX-SEN,senate,TX,122896,146416,1816,0,271128,-8.73,-24.16,TX-26
TX-SEN,senate,TX,106238,119649,1524,0,227410,-5.94,-21.42,TX-27
TX-SEN,senate,TX,77284,61066,933,0,139283,11.72,-10.45,TX-28
TX-SEN,senate,TX,93707,31609,845,0,126161,49.55,30.83,TX-29
TX-SEN,senate,TX,139820,29345,1141,0,170307,65.31,47.82,TX-30
TX-SEN,senate,TX,113461,130306,1644,0,245411,-6.91,-22.2,TX-31
TX-SEN,senate,TX,110907,114707,1522,0,227135,-1.68,-18.11,TX-32
TX-SEN,senate,TX,109882,35217,979,0,146078,51.46,33.35,TX-33
TX-SEN,senate,TX,91083,76201,1128,0,168412,8.9,-10.2,TX-34
TX-SEN,senate,TX,111622,98222,1415,0,211260,6.39,-10.56,TX-35
TX-SEN,senate,TX,98890,117925,1462,0,218277,-8.78,-25.33,TX-36
TX-SEN,senate,TX,198599,29680,1540,0,229819,74.0,57.62,TX-37
TX-SEN,senate,TX,115541,130439,1659,0,247639,-6.06,-21.13,TX-38
VA-SEN,senate,VA,181921,158740,0,0,340661,6.8,-4.98,VA-01
VA-SEN,senate,VA,163118,126602,0,0,289720,12.6,-0.2,VA-02
VA-SEN,senate,VA,167002,57802,0,0,224804,48.58,35.04,VA-03
VA-SEN,senate,VA,196701,71753,0,0,268455,46.54,33.16,VA-04
VA-SEN,senate,VA,157346,153740,0,0,311086,1.16,-12.4,VA-05
VA-SEN,senate,VA,127338,160456,0,0,287795,-11.51,-24.46,VA-06
VA-SEN,senate,VA,164532,118209,0,0,282741,16.38,2.91,VA-07
VA-SEN,senate,VA,225524,47513,0,0,273037,65.2,50.93,VA-08
VA-SEN,senate,VA,98506,187707,0,0,286213,-31.17,-44.43,VA-09
VA-SEN,senate,VA,181140,113193,0,0,294333,23.09,8.58,VA-10
VA-SEN,senate,VA,219165,74291,0,0,293457,49.37,35.26,VA-11
WV-SEN,senate,WV,72130,177287,5845,0,255263,-42.16,-45.2,WV-01
WV-SEN,senate,WV,84715,187320,6376,0,278410,-37.72,-40.38,WV-02
WY-SEN,senate,WY,55390,132944,0,0,188334,-41.18,-46.96,WY-01
