race_code,race_type,state,dem_votes,rep_votes,ind_votes,oth_votes,total_votes,margin,pres24,hd_code
AK-GOV,governor,AK,2680,3322,0,0,6002,-10.7,-18.01,AK-HD-1
AK-GOV,governor,AK,3176,2957,0,0,6134,3.57,-3.28,AK-HD-10
AK-GOV,governor,AK,3566,3322,0,0,6888,3.55,-2.31,AK-HD-11
AK-GOV,governor,AK,3237,2723,0,0,5960,8.63,1.47,AK-HD-12
AK-GOV,governor,AK,2883,2420,0,0,5303,8.72,1.39,AK-HD-13
AK-GOV,governor,AK,3355,1842,0,0,5197,29.12,22.3,AK-HD-14
AK-GOV,governor,AK,3397,3108,0,0,6504,4.44,-2.45,AK-HD-15
AK-GOV,governor,AK,4136,2606,0,0,6742,22.7,15.43,AK-HD-16
AK-GOV,governor,AK,3843,1558,0,0,5401,42.31,35.02,AK-HD-17
AK-GOV,governor,AK,1631,1729,0,0,3360,-2.9,-16.23,AK-HD-18
AK-GOV,governor,AK,2227,1289,0,0,3517,26.67,17.93,AK-HD-19
AK-GOV,governor,AK,3641,3065,0,0,6706,8.59,0.53,AK-HD-2
AK-GOV,governor,AK,3054,2032,0,0,5086,20.09,12.77,AK-HD-20
AK-GOV,governor,AK,3630,2699,0,0,6329,14.72,8.49,AK-HD-21
AK-GOV,governor,AK,2091,1733,0,0,3824,9.36,1.39,AK-HD-22
AK-GOV,governor,AK,3254,4239,0,0,7493,-13.15,-19.35,AK-HD-23
AK-GOV,governor,AK,2620,4463,0,0,7083,-26.03,-33.33,AK-HD-24
AK-GOV,governor,AK,2545,4779,0,0,7324,-30.5,-36.87,AK-HD-25
AK-GOV,governor,AK,1683,4933,0,0,6616,-49.12,-55.94,AK-HD-26
AK-GOV,governor,AK,1536,4662,0,0,6198,-50.44,-57.86,AK-HD-27
AK-GOV,governor,AK,1838,4660,0,0,6498,-43.42,-50.31,AK-HD-28
AK-GOV,governor,AK,2237,5114,0,0,7352,-39.14,-46.43,AK-HD-29
AK-GOV,governor,AK,4769,3000,0,0,7769,22.77,15.51,AK-HD-3
AK-GOV,governor,AK,2228,5009,0,0,7237,-38.42,-45.92,AK-HD-30
AK-GOV,governor,AK,2545,2346,0,0,4891,4.07,-3.37,AK-HD-31
AK-GOV,governor,AK,1536,2577,0,0,4113,-25.32,-32.93,AK-HD-32
AK-GOV,governor,AK,1682,4517,0,0,6199,-45.74,-52.87,AK-HD-33
AK-GOV,governor,AK,2976,4036,0,0,7012,-15.11,-21.54,AK-HD-34
AK-GOV,governor,AK,3824,2930,0,0,6754,13.23,5.16,AK-HD-35
AK-GOV,governor,AK,2943,3837,0,0,6780,-13.19,-22.29,AK-HD-36
AK-GOV,governor,AK,1598,1444,0,0,3042,5.06,-6.9,AK-HD-37
AK-GOV,governor,AK,1754,1039,0,0,2793,25.6,13.15,AK-HD-38
AK-GOV,governor,AK,1835,1106,0,0,2941,24.76,12.71,AK-HD-39
AK-GOV,governor,AK,4723,1766,0,0,6488,45.58,39.27,AK-HD-4
AK-GOV,governor,AK,1180,1123,0,0,2304,2.48,-10.62,AK-HD-40
AK-GOV,governor,AK,2649,2965,0,0,5614,-5.64,-13.24,AK-HD-5
AK-GOV,governor,AK,3843,4558,0,0,8401,-8.5,-16.71,AK-HD-6
AK-GOV,governor,AK,2047,4682,0,0,6728,-39.16,-45.83,AK-HD-7
AK-GOV,governor,AK,2142,5435,0,0,7577,-43.45,-50.89,AK-HD-8
AK-GOV,governor,AK,4509,3776,0,0,8285,8.84,2.43,AK-HD-9
AK-SEN,senate,AK,2828,3024,0,150,6002,-3.33,-18.01,AK-HD-1
AK-SEN,senate,AK,3317,2663,0,153,6134,10.94,-3.28,AK-HD-10
AK-SEN,senate,AK,3725,2991,0,172,6888,10.92,-2.31,AK-HD-11
AK-SEN,senate,AK,3370,2441,0,149,5960,16.0,1.47,AK-HD-12
AK-SEN,senate,AK,3001,2169,0,133,5303,16.09,1.39,AK-HD-13
AK-SEN,senate,AK,3458,1609,0,130,5197,36.49,22.3,AK-HD-14
AK-SEN,senate,AK,3545,2796,0,163,6504,11.81,-2.45,AK-HD-15
AK-SEN,senate,AK,4275,2298,0,169,6742,30.07,15.43,AK-HD-16
AK-SEN,senate,AK,3941,1325,0,135,5401,49.69,35.02,AK-HD-17
AK-SEN,senate,AK,1711,1565,0,84,3360,4.46,-16.23,AK-HD-18
AK-SEN,senate,AK,2298,1131,0,88,3517,34.04,17.93,AK-HD-19
AK-SEN,senate,AK,3791,2747,0,168,6706,15.96,0.53,AK-HD-2
AK-SEN,senate,AK,3160,1799,0,127,5086,27.46,12.77,AK-HD-20
AK-SEN,senate,AK,3767,2404,0,158,6329,22.09,8.49,AK-HD-21
AK-SEN,senate,AK,2176,1553,0,96,3824,16.72,1.39,AK-HD-22
AK-SEN,senate,AK,3441,3864,0,187,7493,-5.79,-19.35,AK-HD-23
AK-SEN,senate,AK,2808,4098,0,177,7083,-18.67,-33.33,AK-HD-24
AK-SEN,senate,AK,2744,4397,0,183,7324,-23.14,-36.87,AK-HD-25
AK-SEN,senate,AK,1878,4572,0,165,6616,-41.77,-55.94,AK-HD-26
AK-SEN,senate,AK,1720,4323,0,155,6198,-43.09,-57.86,AK-HD-27
AK-SEN,senate,AK,2025,4310,0,162,6498,-36.07,-50.31,AK-HD-28
AK-SEN,senate,AK,2445,4723,0,184,7352,-31.78,-46.43,AK-HD-29
AK-SEN,senate,AK,4929,2646,0,194,7769,30.15,15.51,AK-HD-3
AK-SEN,senate,AK,2432,4624,0,181,7237,-31.06,-45.92,AK-HD-30
AK-SEN,senate,AK,2657,2111,0,122,4891,11.44,-3.37,AK-HD-31
AK-SEN,senate,AK,1645,2365,0,103,4113,-17.96,-32.93,AK-HD-32
AK-SEN,senate,AK,1862,4182,0,155,6199,-38.38,-52.87,AK-HD-33
AK-SEN,senate,AK,3154,3683,0,175,7012,-7.75,-21.54,AK-HD-34
AK-SEN,senate,AK,3971,2614,0,169,6754,20.6,5.16,AK-HD-35
AK-SEN,senate,AK,3113,3498,0,169,6780,-5.83,-22.29,AK-HD-36
AK-SEN,senate,AK,1668,1299,0,76,3042,12.43,-6.9,AK-HD-37
AK-SEN,senate,AK,1810,913,0,70,2793,32.97,13.15,AK-HD-38
AK-SEN,senate,AK,1894,973,0,74,2941,32.13,12.71,AK-HD-39
AK-SEN,senate,AK,4838,1488,0,162,6488,52.95,39.27,AK-HD-4
AK-SEN,senate,AK,1234,1012,0,58,2304,9.84,-10.62,AK-HD-40
AK-SEN,senate,AK,2784,2689,0,140,5614,1.73,-13.24,AK-HD-5
AK-SEN,senate,AK,4049,4142,0,210,8401,-1.14,-16.71,AK-HD-6
AK-SEN,senate,AK,2237,4323,0,168,6728,-31.8,-45.83,AK-HD-7
AK-SEN,senate,AK,2361,5027,0,189,7577,-36.09,-50.89,AK-HD-8
AK-SEN,senate,AK,4694,3384,0,207,8285,16.21,2.43,AK-HD-9
AK-01,house,AK,111,3128,2745,72,6056,-6.52,-18.01,AK-HD-1
AK-01,house,AK,277,2958,2806,74,6114,-2.63,-3.28,AK-HD-10
AK-01,house,AK,311,3322,3151,83,6866,-2.64,-2.31,AK-HD-11
AK-01,house,AK,326,2791,2727,72,5915,-1.17,1.47,AK-HD-12
AK-01,house,AK,291,2482,2426,64,5263,-1.15,1.39,AK-HD-13
AK-01,house,AK,484,2143,2378,62,5067,5.21,22.3,AK-HD-14
AK-01,house,AK,304,3121,2975,78,6479,-2.38,-2.45,AK-HD-15
AK-01,house,AK,546,2898,3085,81,6610,3.12,15.43,AK-HD-16
AK-01,house,AK,636,2032,2472,65,5205,9.77,35.02,AK-HD-17
AK-01,house,AK,111,1680,1537,40,3368,-4.44,-16.23,AK-HD-18
AK-01,house,AK,311,1474,1609,42,3436,4.4,17.93,AK-HD-19
AK-01,house,AK,366,3141,3068,80,6656,-1.19,0.53,AK-HD-2
AK-01,house,AK,387,2223,2327,61,4998,2.3,12.77,AK-HD-20
AK-01,house,AK,418,2859,2896,76,6249,0.64,8.49,AK-HD-21
AK-01,house,AK,214,1784,1750,46,3793,-0.96,1.39,AK-HD-22
AK-01,house,AK,104,3956,3427,90,7576,-7.16,-19.35,AK-HD-23
AK-01,house,AK,0,3882,3239,85,7206,-9.03,-33.33,AK-HD-24
AK-01,house,AK,0,4014,3349,88,7451,-9.03,-36.87,AK-HD-25
AK-01,house,AK,0,3625,3024,79,6728,-9.03,-55.94,AK-HD-26
AK-01,house,AK,0,3396,2833,74,6303,-9.03,-57.86,AK-HD-27
AK-01,house,AK,0,3560,2971,78,6609,-9.03,-50.31,AK-HD-28
AK-01,house,AK,0,4028,3361,88,7478,-9.03,-46.43,AK-HD-29
AK-01,house,AK,630,3338,3555,93,7617,3.14,15.51,AK-HD-3
AK-01,house,AK,0,3965,3309,87,7361,-9.03,-45.92,AK-HD-30
AK-01,house,AK,225,2352,2237,59,4873,-2.49,-3.37,AK-HD-31
AK-01,house,AK,0,2254,1881,49,4184,-9.03,-32.93,AK-HD-32
AK-01,house,AK,0,3397,2834,74,6305,-9.03,-52.87,AK-HD-33
AK-01,house,AK,71,3740,3207,84,7102,-7.67,-21.54,AK-HD-34
AK-01,house,AK,427,3078,3090,81,6676,0.19,5.16,AK-HD-35
AK-01,house,AK,93,3580,3101,81,6855,-7.17,-22.29,AK-HD-36
AK-01,house,AK,146,1455,1392,37,3029,-2.21,-6.9,AK-HD-37
AK-01,house,AK,241,1178,1278,34,2731,4.05,13.15,AK-HD-38
AK-01,house,AK,250,1248,1346,35,2878,3.78,12.71,AK-HD-39
AK-01,house,AK,804,2383,2970,78,6235,10.96,39.27,AK-HD-4
AK-01,house,AK,99,1118,1054,28,2298,-2.94,-10.62,AK-HD-40
AK-01,house,AK,157,2848,2568,67,5640,-5.18,-13.24,AK-HD-5
AK-01,house,AK,189,4328,3842,101,8461,-5.95,-16.71,AK-HD-6
AK-01,house,AK,0,3687,3076,81,6844,-9.03,-45.83,AK-HD-7
AK-01,house,AK,0,4152,3464,91,7707,-9.03,-50.89,AK-HD-8
AK-01,house,AK,456,3876,3790,99,8221,-1.11,2.43,AK-HD-9
