date,state,chamber,total,majority,seats_up,cur_dem,cur_gop,cur_other,cur_control,coalition_desc,proj_dem_mean,proj_dem_median,proj_dem_favored,structural_dem,dem_seats_p05,dem_seats_p95,dem_control_prob,proj_control,flip
2026-10-02,AK,House,40,21,40,14,21,5,Coalition,14D + 5I + 2R bipartisan coalition,17.2,17,17,0,13.0,21.0,0.0791,Coalition,False
2026-10-02,AK,Senate,20,11,10,9,11,0,Coalition,9D + 5R bipartisan coalition; 6-member Republican minority,9.0,9,9,5,8.0,10.0,0.0288,Coalition,False
2026-10-02,AL,House,105,53,105,29,76,0,R,,30.8,30,29,0,25.0,41.0,0.0129,R,False
2026-10-02,AL,Senate,35,18,35,8,27,0,R,,9.2,9,9,0,7.0,12.0,0.0059,R,False
2026-10-02,AR,House,100,51,100,20,80,0,R,,25.3,24,23,0,16.0,38.0,0.0103,R,False
2026-10-02,AR,Senate,35,18,17,6,28,1,R,,7.0,7,7,2,5.0,9.0,0.0004,R,False
2026-10-02,AZ,House,60,31,60,27,33,0,R,,31.6,31,30,0,24.0,40.0,0.583,D,True
2026-10-02,AZ,Senate,30,16,30,13,17,0,R,,16.2,16,16,0,12.0,22.0,0.5738,D,True
2026-10-02,CA,Assembly,80,41,80,60,20,0,D,,63.5,64,64,0,54.0,71.0,0.9977,D,False
2026-10-02,CA,Senate,40,21,20,30,10,0,D,,31.6,32,31,16,28.0,35.0,0.9999,D,False
2026-10-02,CO,House,65,33,65,43,22,0,D,,47.2,47,47,0,38.0,56.0,0.9845,D,False
2026-10-02,CO,Senate,35,18,21,23,12,0,D,,27.7,28,28,12,24.0,30.0,0.9996,D,False
2026-10-02,CT,House,151,76,151,102,49,0,D,,116.6,117,114,0,90.0,140.0,0.9893,D,False
2026-10-02,CT,Senate,36,19,36,25,11,0,D,,28.8,29,28,0,21.0,35.0,0.9762,D,False
2026-10-02,DE,House,41,21,41,27,14,0,D,,32.2,32,32,0,26.0,38.0,0.9915,D,False
2026-10-02,DE,Senate,21,11,11,15,6,0,D,,15.9,16,15,7,14.0,18.0,0.9988,D,False
2026-10-02,FL,House,120,61,120,34,85,1,R,,51.5,49,44,0,31.0,79.0,0.242,R,False
2026-10-02,FL,Senate,40,21,20,12,27,1,R,,14.1,14,13,5,10.0,19.0,0.0249,R,False
2026-10-02,GA,House,180,91,180,81,99,0,R,,88.8,87,86,0,73.0,110.0,0.3724,R,False
2026-10-02,GA,Senate,56,29,56,23,33,0,R,,25.7,25,23,0,21.0,33.0,0.1921,R,False
2026-10-02,HI,House,51,26,51,42,9,0,D,,46.3,47,46,0,41.0,50.0,1.0,D,False
2026-10-02,HI,Senate,25,13,14,22,3,0,D,,22.4,23,23,9,21.0,23.0,1.0,D,False
2026-10-02,IA,House,100,51,100,33,67,0,R,,44.4,43,39,0,28.0,66.0,0.2789,R,False
2026-10-02,IA,Senate,50,26,25,17,33,0,R,,19.2,19,18,6,15.0,24.0,0.0194,R,False
2026-10-02,ID,House,70,36,70,9,61,0,R,,13.3,12,11,0,8.0,22.0,0.0023,R,False
2026-10-02,ID,Senate,35,18,35,6,29,0,R,,7.2,7,7,0,4.0,10.0,0.0014,R,False
2026-10-02,IL,House,118,60,118,78,40,0,D,,82.8,83,82,0,71.0,93.0,0.9887,D,False
2026-10-02,IL,Senate,59,30,39,40,19,0,D,,43.1,43,43,17,38.0,48.0,0.9984,D,False
2026-10-02,IN,House,100,51,100,30,70,0,R,,33.4,32,30,0,24.0,47.0,0.0269,R,False
2026-10-02,IN,Senate,50,26,25,10,40,0,R,,12.1,12,12,7,8.0,18.0,0.002,R,False
2026-10-02,KS,House,125,63,125,37,88,0,R,,49.7,48,45,0,35.0,69.0,0.1145,R,False
2026-10-02,KY,House,100,51,100,20,80,0,R,,22.5,21,20,0,16.0,35.0,0.0094,R,False
2026-10-02,KY,Senate,38,20,19,6,32,0,R,,6.9,6,6,5,6.0,10.0,0.0007,R,False
2026-10-02,MA,House,160,81,160,135,25,0,D,,138.9,142,141,0,119.0,150.0,0.9949,D,False
2026-10-02,MA,Senate,40,21,40,35,5,0,D,,34.6,35,35,0,30.0,37.0,0.9952,D,False
2026-10-02,MD,House of Delegates,141,71,141,102,39,0,D,,108.6,109,107,0,94.0,123.0,0.9946,D,False
2026-10-02,MD,Senate,47,24,47,34,13,0,D,,35.7,35,34,0,31.0,41.0,0.9948,D,False
2026-10-02,ME,House,151,76,151,78,73,0,D,,86.4,86,83,0,62.0,112.0,0.774,D,False
2026-10-02,ME,Senate,35,18,35,20,14,1,D,,22.5,22,21,0,16.0,30.0,0.8966,D,False
2026-10-02,MI,House,110,56,110,52,58,0,R,,60.9,59,57,0,44.0,83.0,0.6529,D,True
2026-10-02,MI,Senate,38,20,38,20,18,0,D,,23.3,23,22,0,16.0,32.0,0.7774,D,False
2026-10-02,MN,House,134,68,134,67,67,0,Power_Sharing,,77.1,76,74,0,60.0,97.0,0.8143,D,True
2026-10-02,MN,Senate,67,34,67,34,33,0,D,,39.0,39,37,0,29.0,50.0,0.8174,D,False
2026-10-02,MO,House,163,82,163,52,111,0,R,,60.6,60,56,0,44.0,80.0,0.0437,R,False
2026-10-02,MO,Senate,34,18,17,10,24,0,R,,11.5,11,11,7,10.0,14.0,0.0012,R,False
2026-10-02,MT,House,100,51,100,42,58,0,R,,42.0,42,43,0,29.0,54.0,0.107,R,False
2026-10-02,MT,Senate,50,26,25,18,32,0,R,,19.7,20,19,9,15.0,24.0,0.011,R,False
2026-10-02,NC,House,120,61,120,47,71,2,R,,58.5,57,53,0,43.0,80.0,0.3713,R,False
2026-10-02,NC,Senate,50,26,50,20,30,0,R,,23.7,23,21,0,18.0,33.0,0.283,R,False
2026-10-02,ND,House,94,48,48,11,83,0,R,,12.3,12,13,3,7.0,19.0,0.0,R,False
2026-10-02,ND,Senate,47,24,24,5,42,0,R,,6.2,6,5,2,4.0,10.0,0.0,R,False
2026-10-02,NE,Legislature,49,25,24,15,33,1,R,,18.6,18,18,9,15.0,23.0,0.0037,R,False
2026-10-02,NH,House,400,201,397,178,220,2,R,,223.8,219,202,6,143.0,320.0,0.6443,D,True
2026-10-02,NH,Senate,24,13,24,8,16,0,R,,11.7,11,8,0,6.0,20.0,0.3654,R,False
2026-10-02,NM,House,70,36,70,44,26,0,D,,46.3,47,46,1,38.0,54.0,0.9692,D,False
2026-10-02,NV,Assembly,42,22,42,27,15,0,D,,28.8,29,28,0,21.0,36.0,0.9363,D,False
2026-10-02,NV,Senate,21,11,11,13,8,0,D,,13.1,13,13,6,11.0,15.0,0.969,D,False
2026-10-02,NY,Assembly,150,76,150,103,47,0,D,,108.9,109,107,0,89.0,129.0,0.9875,D,False
2026-10-02,NY,Senate,63,32,63,41,22,0,D,,45.5,46,45,0,35.0,55.0,0.9805,D,False
2026-10-02,OH,House,99,50,99,34,65,0,R,,43.1,42,40,0,30.0,59.0,0.2096,R,False
2026-10-02,OH,Senate,33,17,17,9,24,0,R,,11.8,11,11,3,9.0,16.0,0.0254,R,False
2026-10-02,OK,House,101,51,101,20,81,0,R,,22.7,21,20,0,16.0,34.0,0.0046,R,False
2026-10-02,OK,Senate,48,25,24,8,40,0,R,,8.5,8,8,2,7.0,11.0,0.0,R,False
2026-10-02,OR,House,60,31,60,37,23,0,D,,39.4,39,38,0,32.0,47.0,0.9713,D,False
2026-10-02,OR,Senate,30,16,15,18,12,0,D,,19.6,20,20,7,16.0,22.0,0.9785,D,False
2026-10-02,PA,House,203,102,203,102,101,0,D,,109.4,108,105,-1,87.0,135.0,0.7353,D,False
2026-10-02,PA,Senate,50,26,25,23,27,0,R,,24.0,24,23,10,20.0,28.0,0.2314,R,False
2026-10-02,RI,House,75,38,75,64,11,0,D,,64.5,66,68,0,55.0,70.0,0.9944,D,False
2026-10-02,RI,Senate,38,20,38,34,4,0,D,,34.3,35,36,0,30.0,36.0,0.9945,D,False
2026-10-02,SC,House,124,63,124,35,89,0,R,,44.4,42,40,0,31.0,66.0,0.075,R,False
2026-10-02,SD,House,70,36,70,5,65,0,R,,10.2,9,8,-1,2.0,23.0,0.0067,R,False
2026-10-02,SD,Senate,35,18,35,3,32,0,R,,6.0,5,5,1,3.0,11.0,0.0085,R,False
2026-10-02,TN,House,99,50,99,24,75,0,R,,27.0,26,24,0,20.0,37.0,0.0075,R,False
2026-10-02,TN,Senate,33,17,17,6,27,0,R,,6.6,6,6,2,5.0,10.0,0.0008,R,False
2026-10-02,TX,House,150,76,150,62,88,0,R,,72.3,70,66,0,56.0,96.0,0.3344,R,False
2026-10-02,TX,Senate,31,16,16,12,19,0,R,,12.6,12,12,7,10.0,16.0,0.0646,R,False
2026-10-02,UT,House,75,38,75,14,61,0,R,,18.7,17,15,0,12.0,30.0,0.0114,R,False
2026-10-02,UT,Senate,29,15,15,6,22,1,R,,6.8,7,6,2,5.0,9.0,0.0001,R,False
2026-10-02,VT,House,150,76,150,93,56,1,D,,109.8,112,114,-2,85.0,127.0,0.9809,D,False
2026-10-02,VT,Senate,30,16,30,17,13,0,D,,22.8,23,23,1,19.0,26.0,0.9991,D,False
2026-10-02,WA,House,98,50,98,59,39,0,D,,64.7,64,62,0,52.0,78.0,0.971,D,False
2026-10-02,WA,Senate,49,25,24,30,19,0,D,,30.2,30,30,13,27.0,32.0,0.991,D,False
2026-10-02,WI,Assembly,99,50,99,45,54,0,R,,51.4,51,50,0,38.0,67.0,0.5661,D,True
2026-10-02,WI,Senate,33,17,17,15,18,0,R,,17.6,18,17,10,14.0,21.0,0.7044,D,True
2026-10-02,WV,House of Delegates,100,51,100,9,91,0,R,,13.2,11,9,0,7.0,26.0,0.0009,R,False
2026-10-02,WV,Senate,34,18,17,2,32,0,R,,2.2,2,2,1,1.0,5.0,0.0,R,False
2026-10-02,WY,House,62,32,62,6,56,0,R,,8.1,7,8,0,4.0,14.0,0.0023,R,False
2026-10-02,WY,Senate,31,16,17,2,29,0,R,,2.6,2,2,0,2.0,4.0,0.0001,R,False
