state,chamber,dem_seats,count
AL,House,7,1
AL,House,10,3
AL,House,11,2
AL,House,12,2
AL,House,13,3
AL,House,14,2
AL,House,15,8
AL,House,16,8
AL,House,17,10
AL,House,18,19
AL,House,19,23
AL,House,20,34
AL,House,21,53
AL,House,22,71
AL,House,23,104
AL,House,24,155
AL,House,25,226
AL,House,26,371
AL,House,27,762
AL,House,28,1345
AL,House,29,1750
AL,House,30,1307
AL,House,31,869
AL,House,32,590
AL,House,33,484
AL,House,34,330
AL,House,35,302
AL,House,36,191
AL,House,37,155
AL,House,38,115
AL,House,39,90
AL,House,40,88
AL,House,41,66
AL,House,42,57
AL,House,43,42
AL,House,44,31
AL,House,45,41
AL,House,46,26
AL,House,47,29
AL,House,48,30
AL,House,49,28
AL,House,50,18
AL,House,51,18
AL,House,52,12
AL,House,53,11
AL,House,54,14
AL,House,55,5
AL,House,56,12
AL,House,57,8
AL,House,58,4
AL,House,59,7
AL,House,60,5
AL,House,61,4
AL,House,62,11
AL,House,63,4
AL,House,64,4
AL,House,65,1
AL,House,66,4
AL,House,67,4
AL,House,68,6
AL,House,69,1
AL,House,70,4
AL,House,71,1
AL,House,72,1
AL,House,73,1
AL,House,74,2
AL,House,75,6
AL,House,76,3
AL,House,80,1
AL,House,81,1
AL,House,83,1
AL,House,84,1
AL,House,90,1
AL,House,91,1
AL,Senate,1,3
AL,Senate,2,5
AL,Senate,3,11
AL,Senate,4,48
AL,Senate,5,80
AL,Senate,6,154
AL,Senate,7,503
AL,Senate,8,2070
AL,Senate,9,4348
AL,Senate,10,1515
AL,Senate,11,558
AL,Senate,12,287
AL,Senate,13,142
AL,Senate,14,85
AL,Senate,15,52
AL,Senate,16,42
AL,Senate,17,38
AL,Senate,18,16
AL,Senate,19,17
AL,Senate,20,6
AL,Senate,21,8
AL,Senate,22,6
AL,Senate,23,3
AL,Senate,24,1
AL,Senate,25,1
AL,Senate,32,1
AK,House,1,1
AK,House,3,1
AK,House,4,1
AK,House,5,2
AK,House,6,11
AK,House,7,16
AK,House,8,14
AK,House,9,40
AK,House,10,57
AK,House,11,105
AK,House,12,154
AK,House,13,283
AK,House,14,532
AK,House,15,893
AK,House,16,1407
AK,House,17,1869
AK,House,18,1823
AK,House,19,1361
AK,House,20,639
AK,House,21,345
AK,House,22,176
AK,House,23,89
AK,House,24,60
AK,House,25,27
AK,House,26,34
AK,House,27,26
AK,House,28,13
AK,House,29,8
AK,House,30,5
AK,House,31,3
AK,House,32,4
AK,House,34,1
AK,Senate,5,7
AK,Senate,6,52
AK,Senate,7,233
AK,Senate,8,1297
AK,Senate,9,6997
AK,Senate,10,1126
AK,Senate,11,203
AK,Senate,12,65
AK,Senate,13,15
AK,Senate,14,5
AZ,House,6,1
AZ,House,9,1
AZ,House,10,2
AZ,House,11,5
AZ,House,12,6
AZ,House,13,5
AZ,House,14,7
AZ,House,15,16
AZ,House,16,8
AZ,House,17,17
AZ,House,18,31
AZ,House,19,52
AZ,House,20,50
AZ,House,21,73
AZ,House,22,90
AZ,House,23,137
AZ,House,24,203
AZ,House,25,252
AZ,House,26,376
AZ,House,27,490
AZ,House,28,679
AZ,House,29,771
AZ,House,30,900
AZ,House,31,851
AZ,House,32,894
AZ,House,33,819
AZ,House,34,702
AZ,House,35,632
AZ,House,36,489
AZ,House,37,356
AZ,House,38,277
AZ,House,39,207
AZ,House,40,158
AZ,House,41,130
AZ,House,42,86
AZ,House,43,56
AZ,House,44,52
AZ,House,45,33
AZ,House,46,26
AZ,House,47,18
AZ,House,48,10
AZ,House,49,12
AZ,House,50,6
AZ,House,51,6
AZ,House,52,2
AZ,House,53,3
AZ,House,54,3
AZ,Senate,5,3
AZ,Senate,6,10
AZ,Senate,7,9
AZ,Senate,8,12
AZ,Senate,9,35
AZ,Senate,10,87
AZ,Senate,11,151
AZ,Senate,12,337
AZ,Senate,13,803
AZ,Senate,14,1242
AZ,Senate,15,1576
AZ,Senate,16,1604
AZ,Senate,17,1304
AZ,Senate,18,974
AZ,Senate,19,660
AZ,Senate,20,439
AZ,Senate,21,250
AZ,Senate,22,189
AZ,Senate,23,121
AZ,Senate,24,78
AZ,Senate,25,53
AZ,Senate,26,26
AZ,Senate,27,20
AZ,Senate,28,13
AZ,Senate,29,3
AZ,Senate,30,1
AR,House,3,1
AR,House,5,3
AR,House,6,4
AR,House,7,6
AR,House,8,8
AR,House,9,7
AR,House,10,20
AR,House,11,35
AR,House,12,46
AR,House,13,47
AR,House,14,86
AR,House,15,97
AR,House,16,159
AR,House,17,229
AR,House,18,316
AR,House,19,458
AR,House,20,604
AR,House,21,742
AR,House,22,777
AR,House,23,777
AR,House,24,740
AR,House,25,782
AR,House,26,644
AR,House,27,597
AR,House,28,458
AR,House,29,406
AR,House,30,305
AR,House,31,275
AR,House,32,223
AR,House,33,162
AR,House,34,140
AR,House,35,105
AR,House,36,97
AR,House,37,86
AR,House,38,70
AR,House,39,60
AR,House,40,48
AR,House,41,37
AR,House,42,35
AR,House,43,40
AR,House,44,43
AR,House,45,22
AR,House,46,34
AR,House,47,22
AR,House,48,18
AR,House,49,18
AR,House,50,8
AR,House,51,10
AR,House,52,7
AR,House,53,12
AR,House,54,8
AR,House,55,13
AR,House,56,8
AR,House,57,2
AR,House,58,8
AR,House,59,2
AR,House,60,8
AR,House,61,1
AR,House,62,2
AR,House,63,2
AR,House,65,5
AR,House,66,3
AR,House,67,2
AR,House,68,2
AR,House,69,1
AR,House,70,1
AR,House,71,1
AR,House,72,1
AR,House,74,2
AR,House,75,1
AR,House,78,1
AR,Senate,2,7
AR,Senate,3,32
AR,Senate,4,152
AR,Senate,5,586
AR,Senate,6,2862
AR,Senate,7,3897
AR,Senate,8,1426
AR,Senate,9,547
AR,Senate,10,237
AR,Senate,11,117
AR,Senate,12,56
AR,Senate,13,46
AR,Senate,14,21
AR,Senate,15,7
AR,Senate,16,3
AR,Senate,18,3
AR,Senate,19,1
CA,Assembly,23,1
CA,Assembly,30,1
CA,Assembly,31,2
CA,Assembly,34,2
CA,Assembly,35,3
CA,Assembly,36,3
CA,Assembly,38,1
CA,Assembly,39,6
CA,Assembly,40,4
CA,Assembly,41,3
CA,Assembly,42,10
CA,Assembly,43,2
CA,Assembly,44,11
CA,Assembly,45,17
CA,Assembly,46,20
CA,Assembly,47,23
CA,Assembly,48,25
CA,Assembly,49,42
CA,Assembly,50,45
CA,Assembly,51,61
CA,Assembly,52,76
CA,Assembly,53,92
CA,Assembly,54,109
CA,Assembly,55,163
CA,Assembly,56,198
CA,Assembly,57,293
CA,Assembly,58,348
CA,Assembly,59,451
CA,Assembly,60,507
CA,Assembly,61,621
CA,Assembly,62,692
CA,Assembly,63,776
CA,Assembly,64,864
CA,Assembly,65,805
CA,Assembly,66,786
CA,Assembly,67,729
CA,Assembly,68,594
CA,Assembly,69,491
CA,Assembly,70,378
CA,Assembly,71,255
CA,Assembly,72,185
CA,Assembly,73,118
CA,Assembly,74,95
CA,Assembly,75,46
CA,Assembly,76,20
CA,Assembly,77,16
CA,Assembly,78,7
CA,Assembly,79,3
CA,Senate,18,1
CA,Senate,21,4
CA,Senate,22,13
CA,Senate,23,21
CA,Senate,24,24
CA,Senate,25,65
CA,Senate,26,123
CA,Senate,27,239
CA,Senate,28,408
CA,Senate,29,667
CA,Senate,30,1178
CA,Senate,31,1673
CA,Senate,32,1829
CA,Senate,33,1841
CA,Senate,34,1378
CA,Senate,35,463
CA,Senate,36,73
CO,House,9,1
CO,House,15,1
CO,House,17,1
CO,House,18,1
CO,House,19,5
CO,House,20,2
CO,House,21,2
CO,House,22,5
CO,House,23,1
CO,House,24,1
CO,House,25,9
CO,House,26,7
CO,House,27,16
CO,House,28,12
CO,House,29,20
CO,House,30,14
CO,House,31,28
CO,House,32,29
CO,House,33,37
CO,House,34,37
CO,House,35,60
CO,House,36,74
CO,House,37,93
CO,House,38,104
CO,House,39,143
CO,House,40,187
CO,House,41,255
CO,House,42,330
CO,House,43,454
CO,House,44,636
CO,House,45,734
CO,House,46,876
CO,House,47,878
CO,House,48,920
CO,House,49,826
CO,House,50,676
CO,House,51,590
CO,House,52,464
CO,House,53,392
CO,House,54,319
CO,House,55,211
CO,House,56,166
CO,House,57,145
CO,House,58,84
CO,House,59,68
CO,House,60,39
CO,House,61,26
CO,House,62,9
CO,House,63,8
CO,House,64,2
CO,House,65,2
CO,Senate,16,3
CO,Senate,17,1
CO,Senate,18,9
CO,Senate,19,13
CO,Senate,20,25
CO,Senate,21,63
CO,Senate,22,97
CO,Senate,23,203
CO,Senate,24,334
CO,Senate,25,629
CO,Senate,26,1067
CO,Senate,27,1588
CO,Senate,28,1948
CO,Senate,29,2014
CO,Senate,30,1784
CO,Senate,31,194
CO,Senate,32,25
CO,Senate,33,3
CT,House,22,1
CT,House,26,1
CT,House,27,1
CT,House,41,1
CT,House,43,1
CT,House,46,1
CT,House,48,1
CT,House,50,1
CT,House,52,3
CT,House,55,2
CT,House,56,2
CT,House,57,1
CT,House,58,1
CT,House,59,4
CT,House,60,4
CT,House,61,1
CT,House,62,4
CT,House,63,3
CT,House,64,3
CT,House,65,5
CT,House,66,9
CT,House,67,4
CT,House,68,7
CT,House,69,5
CT,House,70,6
CT,House,71,5
CT,House,72,5
CT,House,73,9
CT,House,74,9
CT,House,75,7
CT,House,76,9
CT,House,77,15
CT,House,78,15
CT,House,79,15
CT,House,80,25
CT,House,81,19
CT,House,82,20
CT,House,83,24
CT,House,84,24
CT,House,85,29
CT,House,86,37
CT,House,87,48
CT,House,88,43
CT,House,89,47
CT,House,90,52
CT,House,91,45
CT,House,92,44
CT,House,93,67
CT,House,94,62
CT,House,95,88
CT,House,96,74
CT,House,97,105
CT,House,98,95
CT,House,99,135
CT,House,100,128
CT,House,101,149
CT,House,102,144
CT,House,103,152
CT,House,104,146
CT,House,105,186
CT,House,106,189
CT,House,107,182
CT,House,108,238
CT,House,109,226
CT,House,110,245
CT,House,111,246
CT,House,112,243
CT,House,113,248
CT,House,114,269
CT,House,115,278
CT,House,116,281
CT,House,117,238
CT,House,118,277
CT,House,119,255
CT,House,120,247
CT,House,121,255
CT,House,122,245
CT,House,123,257
CT,House,124,253
CT,House,125,230
CT,House,126,230
CT,House,127,251
CT,House,128,209
CT,House,129,190
CT,House,130,192
CT,House,131,202
CT,House,132,179
CT,House,133,184
CT,House,134,156
CT,House,135,160
CT,House,136,139
CT,House,137,117
CT,House,138,119
CT,House,139,110
CT,House,140,86
CT,House,141,86
CT,House,142,63
CT,House,143,83
CT,House,144,46
CT,House,145,51
CT,House,146,40
CT,House,147,22
CT,House,148,17
CT,House,149,9
CT,House,150,7
CT,House,151,1
CT,Senate,3,1
CT,Senate,5,2
CT,Senate,6,1
CT,Senate,7,4
CT,Senate,8,7
CT,Senate,9,3
CT,Senate,10,6
CT,Senate,11,10
CT,Senate,12,6
CT,Senate,13,14
CT,Senate,14,23
CT,Senate,15,29
CT,Senate,16,40
CT,Senate,17,42
CT,Senate,18,51
CT,Senate,19,87
CT,Senate,20,103
CT,Senate,21,136
CT,Senate,22,219
CT,Senate,23,259
CT,Senate,24,367
CT,Senate,25,496
CT,Senate,26,647
CT,Senate,27,886
CT,Senate,28,903
CT,Senate,29,1038
CT,Senate,30,933
CT,Senate,31,874
CT,Senate,32,769
CT,Senate,33,668
CT,Senate,34,593
CT,Senate,35,488
CT,Senate,36,295
DE,House,10,3
DE,House,13,2
DE,House,14,6
DE,House,15,2
DE,House,16,8
DE,House,17,8
DE,House,18,11
DE,House,19,13
DE,House,20,32
DE,House,21,28
DE,House,22,35
DE,House,23,71
DE,House,24,89
DE,House,25,135
DE,House,26,173
DE,House,27,301
DE,House,28,435
DE,House,29,621
DE,House,30,845
DE,House,31,1031
DE,House,32,1189
DE,House,33,1134
DE,House,34,1057
DE,House,35,925
DE,House,36,740
DE,House,37,493
DE,House,38,371
DE,House,39,170
DE,House,40,55
DE,House,41,17
DE,Senate,8,1
DE,Senate,9,2
DE,Senate,10,9
DE,Senate,11,31
DE,Senate,12,108
DE,Senate,13,298
DE,Senate,14,976
DE,Senate,15,2516
DE,Senate,16,2449
DE,Senate,17,2086
DE,Senate,18,1524
FL,House,8,2
FL,House,9,1
FL,House,11,2
FL,House,12,4
FL,House,13,4
FL,House,15,3
FL,House,16,4
FL,House,17,7
FL,House,18,7
FL,House,19,9
FL,House,20,10
FL,House,21,17
FL,House,22,16
FL,House,23,25
FL,House,24,28
FL,House,25,30
FL,House,26,38
FL,House,27,42
FL,House,28,56
FL,House,29,64
FL,House,30,62
FL,House,31,94
FL,House,32,113
FL,House,33,135
FL,House,34,154
FL,House,35,171
FL,House,36,181
FL,House,37,231
FL,House,38,236
FL,House,39,299
FL,House,40,276
FL,House,41,278
FL,House,42,331
FL,House,43,291
FL,House,44,300
FL,House,45,324
FL,House,46,331
FL,House,47,291
FL,House,48,285
FL,House,49,270
FL,House,50,264
FL,House,51,279
FL,House,52,245
FL,House,53,256
FL,House,54,250
FL,House,55,253
FL,House,56,221
FL,House,57,215
FL,House,58,202
FL,House,59,208
FL,House,60,172
FL,House,61,162
FL,House,62,140
FL,House,63,154
FL,House,64,150
FL,House,65,147
FL,House,66,106
FL,House,67,136
FL,House,68,93
FL,House,69,96
FL,House,70,115
FL,House,71,70
FL,House,72,106
FL,House,73,88
FL,House,74,63
FL,House,75,76
FL,House,76,55
FL,House,77,68
FL,House,78,63
FL,House,79,51
FL,House,80,38
FL,House,81,47
FL,House,82,32
FL,House,83,36
FL,House,84,29
FL,House,85,37
FL,House,86,21
FL,House,87,21
FL,House,88,28
FL,House,89,30
FL,House,90,22
FL,House,91,16
FL,House,92,21
FL,House,93,19
FL,House,94,11
FL,House,95,7
FL,House,96,11
FL,House,97,6
FL,House,98,9
FL,House,99,4
FL,House,100,3
FL,House,101,4
FL,House,102,7
FL,House,103,4
FL,House,104,1
FL,House,105,3
FL,House,106,3
FL,House,109,2
FL,House,111,1
FL,House,112,1
FL,Senate,5,2
FL,Senate,6,5
FL,Senate,7,15
FL,Senate,8,77
FL,Senate,9,205
FL,Senate,10,554
FL,Senate,11,1004
FL,Senate,12,1343
FL,Senate,13,1454
FL,Senate,14,1275
FL,Senate,15,1080
FL,Senate,16,885
FL,Senate,17,717
FL,Senate,18,525
FL,Senate,19,387
FL,Senate,20,223
FL,Senate,21,147
FL,Senate,22,82
FL,Senate,23,19
FL,Senate,24,1
GA,House,32,1
GA,House,41,2
GA,House,42,1
GA,House,43,1
GA,House,45,2
GA,House,46,2
GA,House,48,2
GA,House,49,4
GA,House,50,6
GA,House,51,3
GA,House,52,1
GA,House,53,3
GA,House,54,8
GA,House,55,3
GA,House,56,7
GA,House,57,4
GA,House,58,7
GA,House,59,10
GA,House,60,8
GA,House,61,15
GA,House,62,21
GA,House,63,13
GA,House,64,19
GA,House,65,24
GA,House,66,21
GA,House,67,30
GA,House,68,30
GA,House,69,47
GA,House,70,38
GA,House,71,61
GA,House,72,56
GA,House,73,78
GA,House,74,85
GA,House,75,112
GA,House,76,160
GA,House,77,217
GA,House,78,235
GA,House,79,257
GA,House,80,351
GA,House,81,408
GA,House,82,436
GA,House,83,448
GA,House,84,476
GA,House,85,484
GA,House,86,467
GA,House,87,429
GA,House,88,458
GA,House,89,393
GA,House,90,333
GA,House,91,370
GA,House,92,295
GA,House,93,316
GA,House,94,252
GA,House,95,234
GA,House,96,227
GA,House,97,193
GA,House,98,193
GA,House,99,169
GA,House,100,155
GA,House,101,124
GA,House,102,129
GA,House,103,115
GA,House,104,94
GA,House,105,83
GA,House,106,77
GA,House,107,68
GA,House,108,57
GA,House,109,59
GA,House,110,46
GA,House,111,44
GA,House,112,53
GA,House,113,35
GA,House,114,22
GA,House,115,25
GA,House,116,28
GA,House,117,35
GA,House,118,19
GA,House,119,20
GA,House,120,20
GA,House,121,21
GA,House,122,13
GA,House,123,13
GA,House,124,13
GA,House,125,18
GA,House,126,10
GA,House,127,11
GA,House,128,7
GA,House,129,10
GA,House,130,8
GA,House,131,6
GA,House,132,4
GA,House,133,6
GA,House,134,3
GA,House,135,1
GA,House,136,2
GA,House,137,4
GA,House,138,3
GA,House,139,2
GA,House,140,2
GA,House,141,1
GA,House,142,4
GA,House,143,1
GA,House,145,1
GA,House,148,1
GA,House,153,1
GA,Senate,7,1
GA,Senate,8,1
GA,Senate,10,1
GA,Senate,11,2
GA,Senate,12,6
GA,Senate,13,4
GA,Senate,14,14
GA,Senate,15,7
GA,Senate,16,22
GA,Senate,17,34
GA,Senate,18,50
GA,Senate,19,69
GA,Senate,20,186
GA,Senate,21,355
GA,Senate,22,778
GA,Senate,23,1662
GA,Senate,24,1472
GA,Senate,25,1174
GA,Senate,26,943
GA,Senate,27,726
GA,Senate,28,572
GA,Senate,29,450
GA,Senate,30,356
GA,Senate,31,275
GA,Senate,32,209
GA,Senate,33,147
GA,Senate,34,126
GA,Senate,35,96
GA,Senate,36,60
GA,Senate,37,55
GA,Senate,38,26
GA,Senate,39,32
GA,Senate,40,25
GA,Senate,41,17
GA,Senate,42,8
GA,Senate,43,9
GA,Senate,44,9
GA,Senate,45,6
GA,Senate,46,5
GA,Senate,47,2
GA,Senate,48,4
GA,Senate,49,2
GA,Senate,51,1
GA,Senate,52,1
HI,House,27,1
HI,House,28,2
HI,House,29,1
HI,House,30,1
HI,House,31,3
HI,House,32,8
HI,House,33,5
HI,House,34,8
HI,House,35,10
HI,House,36,16
HI,House,37,36
HI,House,38,51
HI,House,39,63
HI,House,40,125
HI,House,41,191
HI,House,42,316
HI,House,43,565
HI,House,44,814
HI,House,45,1127
HI,House,46,1387
HI,House,47,1482
HI,House,48,1404
HI,House,49,1291
HI,House,50,981
HI,House,51,112
HI,Senate,16,3
HI,Senate,17,2
HI,Senate,18,12
HI,Senate,19,42
HI,Senate,20,150
HI,Senate,21,756
HI,Senate,22,3954
HI,Senate,23,5081
ID,House,2,1
ID,House,3,5
ID,House,4,14
ID,House,5,40
ID,House,6,91
ID,House,7,213
ID,House,8,543
ID,House,9,870
ID,House,10,1065
ID,House,11,1118
ID,House,12,1160
ID,House,13,969
ID,House,14,830
ID,House,15,733
ID,House,16,557
ID,House,17,439
ID,House,18,299
ID,House,19,223
ID,House,20,168
ID,House,21,137
ID,House,22,108
ID,House,23,77
ID,House,24,63
ID,House,25,58
ID,House,26,42
ID,House,27,35
ID,House,28,28
ID,House,29,22
ID,House,30,12
ID,House,31,13
ID,House,32,11
ID,House,33,14
ID,House,34,14
ID,House,35,5
ID,House,36,4
ID,House,37,6
ID,House,38,1
ID,House,39,4
ID,House,40,2
ID,House,41,4
ID,House,43,2
ID,Senate,1,18
ID,Senate,2,48
ID,Senate,3,149
ID,Senate,4,405
ID,Senate,5,965
ID,Senate,6,1925
ID,Senate,7,2573
ID,Senate,8,2209
ID,Senate,9,851
ID,Senate,10,386
ID,Senate,11,216
ID,Senate,12,107
ID,Senate,13,49
ID,Senate,14,41
ID,Senate,15,20
ID,Senate,16,14
ID,Senate,17,10
ID,Senate,18,5
ID,Senate,19,4
ID,Senate,20,4
ID,Senate,22,1
IL,House,13,1
IL,House,17,1
IL,House,30,1
IL,House,31,1
IL,House,32,2
IL,House,33,1
IL,House,34,2
IL,House,36,3
IL,House,37,3
IL,House,38,1
IL,House,39,3
IL,House,42,1
IL,House,43,3
IL,House,44,2
IL,House,45,3
IL,House,46,5
IL,House,47,5
IL,House,48,3
IL,House,49,4
IL,House,50,7
IL,House,51,1
IL,House,52,1
IL,House,53,6
IL,House,54,7
IL,House,55,12
IL,House,56,8
IL,House,57,8
IL,House,58,9
IL,House,59,10
IL,House,60,11
IL,House,61,25
IL,House,62,12
IL,House,63,18
IL,House,64,18
IL,House,65,25
IL,House,66,32
IL,House,67,37
IL,House,68,44
IL,House,69,45
IL,House,70,64
IL,House,71,73
IL,House,72,91
IL,House,73,86
IL,House,74,121
IL,House,75,188
IL,House,76,210
IL,House,77,312
IL,House,78,379
IL,House,79,444
IL,House,80,649
IL,House,81,729
IL,House,82,761
IL,House,83,794
IL,House,84,758
IL,House,85,725
IL,House,86,606
IL,House,87,567
IL,House,88,464
IL,House,89,355
IL,House,90,289
IL,House,91,228
IL,House,92,170
IL,House,93,120
IL,House,94,110
IL,House,95,60
IL,House,96,55
IL,House,97,40
IL,House,98,39
IL,House,99,23
IL,House,100,26
IL,House,101,17
IL,House,102,13
IL,House,103,18
IL,House,104,7
IL,House,105,6
IL,House,106,3
IL,House,107,6
IL,House,108,4
IL,House,109,1
IL,House,110,2
IL,House,111,1
IL,House,112,1
IL,House,113,1
IL,House,114,1
IL,House,115,1
IL,House,116,1
IL,Senate,22,1
IL,Senate,23,1
IL,Senate,24,1
IL,Senate,26,1
IL,Senate,27,5
IL,Senate,28,3
IL,Senate,29,4
IL,Senate,30,11
IL,Senate,31,13
IL,Senate,32,26
IL,Senate,33,36
IL,Senate,34,49
IL,Senate,35,71
IL,Senate,36,95
IL,Senate,37,168
IL,Senate,38,271
IL,Senate,39,397
IL,Senate,40,598
IL,Senate,41,931
IL,Senate,42,1336
IL,Senate,43,1432
IL,Senate,44,1293
IL,Senate,45,1080
IL,Senate,46,838
IL,Senate,47,593
IL,Senate,48,353
IL,Senate,49,190
IL,Senate,50,94
IL,Senate,51,53
IL,Senate,52,28
IL,Senate,53,13
IL,Senate,54,11
IL,Senate,55,3
IL,Senate,56,1
IN,House,6,2
IN,House,8,2
IN,House,9,2
IN,House,10,6
IN,House,11,5
IN,House,12,7
IN,House,13,9
IN,House,14,10
IN,House,15,9
IN,House,16,12
IN,House,17,19
IN,House,18,19
IN,House,19,33
IN,House,20,52
IN,House,21,65
IN,House,22,91
IN,House,23,115
IN,House,24,165
IN,House,25,213
IN,House,26,312
IN,House,27,440
IN,House,28,529
IN,House,29,690
IN,House,30,826
IN,House,31,861
IN,House,32,768
IN,House,33,668
IN,House,34,557
IN,House,35,493
IN,House,36,410
IN,House,37,353
IN,House,38,288
IN,House,39,293
IN,House,40,271
IN,House,41,216
IN,House,42,154
IN,House,43,155
IN,House,44,129
IN,House,45,111
IN,House,46,84
IN,House,47,95
IN,House,48,70
IN,House,49,63
IN,House,50,60
IN,House,51,38
IN,House,52,33
IN,House,53,32
IN,House,54,24
IN,House,55,25
IN,House,56,23
IN,House,57,13
IN,House,58,13
IN,House,59,8
IN,House,60,6
IN,House,61,7
IN,House,62,12
IN,House,63,9
IN,House,64,4
IN,House,65,2
IN,House,66,3
IN,House,67,2
IN,House,68,3
IN,House,69,2
IN,House,71,3
IN,House,74,1
IN,House,75,1
IN,House,77,1
IN,House,78,1
IN,House,80,1
IN,House,85,1
IN,Senate,7,84
IN,Senate,8,564
IN,Senate,9,1154
IN,Senate,10,1430
IN,Senate,11,1587
IN,Senate,12,1506
IN,Senate,13,1115
IN,Senate,14,774
IN,Senate,15,573
IN,Senate,16,363
IN,Senate,17,245
IN,Senate,18,191
IN,Senate,19,129
IN,Senate,20,97
IN,Senate,21,65
IN,Senate,22,51
IN,Senate,23,24
IN,Senate,24,16
IN,Senate,25,12
IN,Senate,26,11
IN,Senate,27,8
IN,Senate,29,1
IA,House,6,1
IA,House,7,2
IA,House,9,1
IA,House,10,3
IA,House,11,3
IA,House,12,5
IA,House,13,6
IA,House,14,4
IA,House,15,7
IA,House,16,9
IA,House,17,10
IA,House,18,15
IA,House,19,16
IA,House,20,22
IA,House,21,24
IA,House,22,31
IA,House,23,35
IA,House,24,48
IA,House,25,67
IA,House,26,84
IA,House,27,99
IA,House,28,106
IA,House,29,149
IA,House,30,188
IA,House,31,244
IA,House,32,275
IA,House,33,314
IA,House,34,330
IA,House,35,345
IA,House,36,336
IA,House,37,354
IA,House,38,360
IA,House,39,377
IA,House,40,371
IA,House,41,351
IA,House,42,296
IA,House,43,340
IA,House,44,330
IA,House,45,322
IA,House,46,284
IA,House,47,289
IA,House,48,260
IA,House,49,260
IA,House,50,254
IA,House,51,232
IA,House,52,207
IA,House,53,214
IA,House,54,192
IA,House,55,176
IA,House,56,176
IA,House,57,155
IA,House,58,136
IA,House,59,132
IA,House,60,114
IA,House,61,101
IA,House,62,105
IA,House,63,93
IA,House,64,86
IA,House,65,79
IA,House,66,83
IA,House,67,66
IA,House,68,43
IA,House,69,50
IA,House,70,50
IA,House,71,35
IA,House,72,41
IA,House,73,34
IA,House,74,21
IA,House,75,26
IA,House,76,22
IA,House,77,12
IA,House,78,16
IA,House,79,16
IA,House,80,11
IA,House,81,4
IA,House,82,8
IA,House,83,10
IA,House,84,5
IA,House,85,3
IA,House,86,6
IA,House,87,3
IA,House,88,3
IA,House,91,3
IA,House,92,2
IA,House,95,1
IA,House,98,1
IA,Senate,8,1
IA,Senate,9,5
IA,Senate,10,3
IA,Senate,11,14
IA,Senate,12,41
IA,Senate,13,89
IA,Senate,14,168
IA,Senate,15,422
IA,Senate,16,826
IA,Senate,17,1253
IA,Senate,18,1438
IA,Senate,19,1481
IA,Senate,20,1303
IA,Senate,21,1038
IA,Senate,22,764
IA,Senate,23,473
IA,Senate,24,320
IA,Senate,25,167
IA,Senate,26,101
IA,Senate,27,46
IA,Senate,28,30
IA,Senate,29,11
IA,Senate,30,5
IA,Senate,31,1
KS,House,11,1
KS,House,13,1
KS,House,15,1
KS,House,16,2
KS,House,17,2
KS,House,18,2
KS,House,19,4
KS,House,20,7
KS,House,21,4
KS,House,22,8
KS,House,23,8
KS,House,24,9
KS,House,25,8
KS,House,26,14
KS,House,27,18
KS,House,28,21
KS,House,29,28
KS,House,30,39
KS,House,31,57
KS,House,32,58
KS,House,33,73
KS,House,34,95
KS,House,35,118
KS,House,36,147
KS,House,37,217
KS,House,38,257
KS,House,39,306
KS,House,40,345
KS,House,41,334
KS,House,42,412
KS,House,43,388
KS,House,44,408
KS,House,45,458
KS,House,46,408
KS,House,47,399
KS,House,48,389
KS,House,49,403
KS,House,50,377
KS,House,51,394
KS,House,52,355
KS,House,53,342
KS,House,54,298
KS,House,55,286
KS,House,56,214
KS,House,57,221
KS,House,58,232
KS,House,59,212
KS,House,60,174
KS,House,61,159
KS,House,62,148
KS,House,63,116
KS,House,64,130
KS,House,65,86
KS,House,66,96
KS,House,67,91
KS,House,68,70
KS,House,69,60
KS,House,70,48
KS,House,71,54
KS,House,72,43
KS,House,73,46
KS,House,74,34
KS,House,75,35
KS,House,76,29
KS,House,77,24
KS,House,78,23
KS,House,79,25
KS,House,80,22
KS,House,81,13
KS,House,82,19
KS,House,83,10
KS,House,84,5
KS,House,85,5
KS,House,86,3
KS,House,87,6
KS,House,88,7
KS,House,89,5
KS,House,90,5
KS,House,91,3
KS,House,92,2
KS,House,93,2
KS,House,94,3
KS,House,95,3
KS,House,96,2
KS,House,97,4
KS,House,98,2
KS,House,99,4
KS,House,103,1
KS,House,104,1
KS,House,105,1
KS,House,107,1
KY,House,2,1
KY,House,3,2
KY,House,4,1
KY,House,5,1
KY,House,6,1
KY,House,7,4
KY,House,8,8
KY,House,9,8
KY,House,10,15
KY,House,11,22
KY,House,12,47
KY,House,13,80
KY,House,14,101
KY,House,15,202
KY,House,16,352
KY,House,17,555
KY,House,18,843
KY,House,19,1102
KY,House,20,1153
KY,House,21,1054
KY,House,22,857
KY,House,23,651
KY,House,24,518
KY,House,25,404
KY,House,26,331
KY,House,27,272
KY,House,28,205
KY,House,29,163
KY,House,30,150
KY,House,31,121
KY,House,32,94
KY,House,33,80
KY,House,34,81
KY,House,35,61
KY,House,36,59
KY,House,37,49
KY,House,38,50
KY,House,39,44
KY,House,40,31
KY,House,41,30
KY,House,42,26
KY,House,43,17
KY,House,44,10
KY,House,45,9
KY,House,46,12
KY,House,47,13
KY,House,48,6
KY,House,49,3
KY,House,50,7
KY,House,51,7
KY,House,52,7
KY,House,53,6
KY,House,54,6
KY,House,55,5
KY,House,56,9
KY,House,57,9
KY,House,58,3
KY,House,59,2
KY,House,60,3
KY,House,61,3
KY,House,62,4
KY,House,63,3
KY,House,64,4
KY,House,66,5
KY,House,67,1
KY,House,68,1
KY,House,69,3
KY,House,71,2
KY,House,72,1
KY,House,73,1
KY,House,75,2
KY,House,76,1
KY,House,78,2
KY,House,81,1
KY,House,82,1
KY,House,83,1
KY,House,85,1
KY,Senate,5,57
KY,Senate,6,5662
KY,Senate,7,2289
KY,Senate,8,967
KY,Senate,9,441
KY,Senate,10,217
KY,Senate,11,147
KY,Senate,12,72
KY,Senate,13,55
KY,Senate,14,35
KY,Senate,15,20
KY,Senate,16,14
KY,Senate,17,9
KY,Senate,18,6
KY,Senate,19,2
KY,Senate,20,2
KY,Senate,21,4
KY,Senate,22,1
ME,House,7,1
ME,House,22,1
ME,House,23,1
ME,House,26,1
ME,House,27,1
ME,House,28,1
ME,House,29,2
ME,House,30,3
ME,House,33,2
ME,House,34,3
ME,House,35,3
ME,House,36,4
ME,House,37,3
ME,House,38,4
ME,House,39,2
ME,House,40,5
ME,House,41,4
ME,House,42,2
ME,House,43,5
ME,House,44,7
ME,House,45,5
ME,House,46,9
ME,House,47,11
ME,House,48,11
ME,House,49,13
ME,House,50,12
ME,House,51,16
ME,House,52,16
ME,House,53,23
ME,House,54,23
ME,House,55,31
ME,House,56,23
ME,House,57,25
ME,House,58,39
ME,House,59,36
ME,House,60,49
ME,House,61,55
ME,House,62,56
ME,House,63,68
ME,House,64,72
ME,House,65,85
ME,House,66,87
ME,House,67,107
ME,House,68,104
ME,House,69,159
ME,House,70,145
ME,House,71,159
ME,House,72,167
ME,House,73,182
ME,House,74,172
ME,House,75,250
ME,House,76,238
ME,House,77,218
ME,House,78,244
ME,House,79,276
ME,House,80,304
ME,House,81,286
ME,House,82,273
ME,House,83,303
ME,House,84,291
ME,House,85,265
ME,House,86,297
ME,House,87,267
ME,House,88,241
ME,House,89,267
ME,House,90,243
ME,House,91,231
ME,House,92,241
ME,House,93,235
ME,House,94,200
ME,House,95,217
ME,House,96,213
ME,House,97,169
ME,House,98,186
ME,House,99,148
ME,House,100,146
ME,House,101,136
ME,House,102,127
ME,House,103,115
ME,House,104,141
ME,House,105,103
ME,House,106,106
ME,House,107,118
ME,House,108,93
ME,House,109,82
ME,House,110,84
ME,House,111,68
ME,House,112,66
ME,House,113,52
ME,House,114,42
ME,House,115,35
ME,House,116,42
ME,House,117,39
ME,House,118,35
ME,House,119,37
ME,House,120,30
ME,House,121,17
ME,House,122,16
ME,House,123,18
ME,House,124,22
ME,House,125,16
ME,House,126,12
ME,House,127,11
ME,House,128,11
ME,House,129,12
ME,House,130,8
ME,House,131,7
ME,House,132,3
ME,House,133,4
ME,House,134,9
ME,House,135,4
ME,House,136,5
ME,House,139,1
ME,House,140,1
ME,House,141,3
ME,House,144,1
ME,House,145,1
ME,House,146,2
ME,House,147,1
ME,Senate,4,1
ME,Senate,5,1
ME,Senate,6,5
ME,Senate,7,10
ME,Senate,8,9
ME,Senate,9,14
ME,Senate,10,25
ME,Senate,11,25
ME,Senate,12,46
ME,Senate,13,65
ME,Senate,14,113
ME,Senate,15,157
ME,Senate,16,212
ME,Senate,17,352
ME,Senate,18,490
ME,Senate,19,723
ME,Senate,20,876
ME,Senate,21,1055
ME,Senate,22,1047
ME,Senate,23,926
ME,Senate,24,820
ME,Senate,25,750
ME,Senate,26,625
ME,Senate,27,462
ME,Senate,28,366
ME,Senate,29,282
ME,Senate,30,195
ME,Senate,31,162
ME,Senate,32,92
ME,Senate,33,59
ME,Senate,34,25
ME,Senate,35,10
MD,House of Delegates,26,1
MD,House of Delegates,32,2
MD,House of Delegates,37,1
MD,House of Delegates,38,2
MD,House of Delegates,43,2
MD,House of Delegates,45,1
MD,House of Delegates,48,2
MD,House of Delegates,50,1
MD,House of Delegates,51,1
MD,House of Delegates,52,1
MD,House of Delegates,53,1
MD,House of Delegates,55,1
MD,House of Delegates,56,2
MD,House of Delegates,57,1
MD,House of Delegates,58,3
MD,House of Delegates,59,3
MD,House of Delegates,60,1
MD,House of Delegates,61,1
MD,House of Delegates,62,1
MD,House of Delegates,63,3
MD,House of Delegates,65,5
MD,House of Delegates,66,2
MD,House of Delegates,67,1
MD,House of Delegates,68,1
MD,House of Delegates,69,7
MD,House of Delegates,70,7
MD,House of Delegates,71,3
MD,House of Delegates,72,3
MD,House of Delegates,73,6
MD,House of Delegates,74,7
MD,House of Delegates,75,7
MD,House of Delegates,76,1
MD,House of Delegates,77,12
MD,House of Delegates,78,6
MD,House of Delegates,79,8
MD,House of Delegates,80,13
MD,House of Delegates,81,16
MD,House of Delegates,82,14
MD,House of Delegates,83,15
MD,House of Delegates,84,21
MD,House of Delegates,85,12
MD,House of Delegates,86,19
MD,House of Delegates,87,23
MD,House of Delegates,88,27
MD,House of Delegates,89,23
MD,House of Delegates,90,26
MD,House of Delegates,91,42
MD,House of Delegates,92,55
MD,House of Delegates,93,51
MD,House of Delegates,94,65
MD,House of Delegates,95,72
MD,House of Delegates,96,91
MD,House of Delegates,97,120
MD,House of Delegates,98,144
MD,House of Delegates,99,177
MD,House of Delegates,100,220
MD,House of Delegates,101,255
MD,House of Delegates,102,332
MD,House of Delegates,103,381
MD,House of Delegates,104,423
MD,House of Delegates,105,489
MD,House of Delegates,106,514
MD,House of Delegates,107,533
MD,House of Delegates,108,577
MD,House of Delegates,109,540
MD,House of Delegates,110,564
MD,House of Delegates,111,466
MD,House of Delegates,112,414
MD,House of Delegates,113,410
MD,House of Delegates,114,396
MD,House of Delegates,115,336
MD,House of Delegates,116,287
MD,House of Delegates,117,277
MD,House of Delegates,118,229
MD,House of Delegates,119,202
MD,House of Delegates,120,185
MD,House of Delegates,121,162
MD,House of Delegates,122,105
MD,House of Delegates,123,112
MD,House of Delegates,124,106
MD,House of Delegates,125,72
MD,House of Delegates,126,57
MD,House of Delegates,127,56
MD,House of Delegates,128,49
MD,House of Delegates,129,24
MD,House of Delegates,130,27
MD,House of Delegates,131,22
MD,House of Delegates,132,22
MD,House of Delegates,133,5
MD,House of Delegates,134,3
MD,House of Delegates,135,3
MD,House of Delegates,136,8
MD,House of Delegates,137,2
MD,House of Delegates,138,2
MD,Senate,13,1
MD,Senate,15,1
MD,Senate,16,4
MD,Senate,17,1
MD,Senate,18,2
MD,Senate,19,6
MD,Senate,20,2
MD,Senate,21,8
MD,Senate,22,12
MD,Senate,23,15
MD,Senate,24,21
MD,Senate,25,20
MD,Senate,26,24
MD,Senate,27,32
MD,Senate,28,49
MD,Senate,29,75
MD,Senate,30,108
MD,Senate,31,170
MD,Senate,32,349
MD,Senate,33,679
MD,Senate,34,1699
MD,Senate,35,1801
MD,Senate,36,1492
MD,Senate,37,1060
MD,Senate,38,781
MD,Senate,39,530
MD,Senate,40,387
MD,Senate,41,267
MD,Senate,42,162
MD,Senate,43,113
MD,Senate,44,78
MD,Senate,45,36
MD,Senate,46,14
MD,Senate,47,1
MA,House,17,1
MA,House,35,1
MA,House,44,1
MA,House,47,1
MA,House,48,1
MA,House,49,1
MA,House,51,2
MA,House,53,1
MA,House,55,1
MA,House,56,1
MA,House,58,1
MA,House,59,1
MA,House,61,2
MA,House,62,4
MA,House,64,1
MA,House,65,2
MA,House,66,2
MA,House,68,1
MA,House,69,1
MA,House,70,1
MA,House,71,5
MA,House,73,1
MA,House,74,5
MA,House,75,2
MA,House,76,4
MA,House,77,1
MA,House,79,4
MA,House,80,2
MA,House,81,4
MA,House,82,4
MA,House,83,6
MA,House,84,5
MA,House,85,4
MA,House,86,7
MA,House,87,1
MA,House,88,2
MA,House,89,5
MA,House,90,3
MA,House,91,7
MA,House,92,3
MA,House,93,12
MA,House,94,4
MA,House,95,5
MA,House,96,7
MA,House,97,9
MA,House,98,2
MA,House,99,8
MA,House,100,9
MA,House,101,8
MA,House,102,13
MA,House,103,12
MA,House,104,14
MA,House,105,16
MA,House,106,17
MA,House,107,18
MA,House,108,14
MA,House,109,14
MA,House,110,18
MA,House,111,18
MA,House,112,29
MA,House,113,24
MA,House,114,18
MA,House,115,19
MA,House,116,28
MA,House,117,35
MA,House,118,28
MA,House,119,30
MA,House,120,43
MA,House,121,39
MA,House,122,52
MA,House,123,56
MA,House,124,58
MA,House,125,62
MA,House,126,79
MA,House,127,83
MA,House,128,111
MA,House,129,102
MA,House,130,120
MA,House,131,145
MA,House,132,177
MA,House,133,184
MA,House,134,226
MA,House,135,244
MA,House,136,289
MA,House,137,364
MA,House,138,414
MA,House,139,497
MA,House,140,477
MA,House,141,628
MA,House,142,641
MA,House,143,650
MA,House,144,642
MA,House,145,629
MA,House,146,622
MA,House,147,503
MA,House,148,446
MA,House,149,298
MA,House,150,228
MA,House,151,149
MA,House,152,71
MA,House,153,66
MA,House,154,35
MA,House,155,24
MA,House,156,6
MA,House,157,4
MA,House,158,4
MA,House,160,1
MA,Senate,3,1
MA,Senate,4,1
MA,Senate,9,1
MA,Senate,10,1
MA,Senate,12,3
MA,Senate,13,3
MA,Senate,14,3
MA,Senate,15,5
MA,Senate,16,7
MA,Senate,17,4
MA,Senate,18,6
MA,Senate,19,8
MA,Senate,20,5
MA,Senate,21,14
MA,Senate,22,14
MA,Senate,23,10
MA,Senate,24,25
MA,Senate,25,35
MA,Senate,26,31
MA,Senate,27,55
MA,Senate,28,65
MA,Senate,29,89
MA,Senate,30,143
MA,Senate,31,203
MA,Senate,32,312
MA,Senate,33,565
MA,Senate,34,1142
MA,Senate,35,3273
MA,Senate,36,3410
MA,Senate,37,446
MA,Senate,38,89
MA,Senate,39,27
MA,Senate,40,4
MI,House,23,1
MI,House,24,1
MI,House,25,1
MI,House,26,1
MI,House,27,2
MI,House,28,1
MI,House,29,3
MI,House,30,3
MI,House,31,4
MI,House,32,5
MI,House,33,3
MI,House,34,11
MI,House,35,12
MI,House,36,19
MI,House,37,18
MI,House,38,28
MI,House,39,35
MI,House,40,41
MI,House,41,57
MI,House,42,81
MI,House,43,79
MI,House,44,109
MI,House,45,127
MI,House,46,169
MI,House,47,173
MI,House,48,217
MI,House,49,229
MI,House,50,284
MI,House,51,277
MI,House,52,344
MI,House,53,365
MI,House,54,373
MI,House,55,402
MI,House,56,414
MI,House,57,397
MI,House,58,406
MI,House,59,342
MI,House,60,365
MI,House,61,330
MI,House,62,332
MI,House,63,328
MI,House,64,275
MI,House,65,267
MI,House,66,263
MI,House,67,243
MI,House,68,224
MI,House,69,202
MI,House,70,211
MI,House,71,197
MI,House,72,161
MI,House,73,147
MI,House,74,152
MI,House,75,133
MI,House,76,109
MI,House,77,120
MI,House,78,100
MI,House,79,87
MI,House,80,71
MI,House,81,70
MI,House,82,70
MI,House,83,71
MI,House,84,57
MI,House,85,55
MI,House,86,52
MI,House,87,36
MI,House,88,34
MI,House,89,31
MI,House,90,25
MI,House,91,38
MI,House,92,21
MI,House,93,17
MI,House,94,11
MI,House,95,14
MI,House,96,13
MI,House,97,8
MI,House,98,8
MI,House,99,6
MI,House,101,6
MI,House,102,3
MI,House,103,1
MI,House,104,2
MI,Senate,6,1
MI,Senate,7,2
MI,Senate,8,1
MI,Senate,9,6
MI,Senate,10,13
MI,Senate,11,31
MI,Senate,12,39
MI,Senate,13,88
MI,Senate,14,118
MI,Senate,15,161
MI,Senate,16,237
MI,Senate,17,373
MI,Senate,18,515
MI,Senate,19,645
MI,Senate,20,789
MI,Senate,21,844
MI,Senate,22,805
MI,Senate,23,809
MI,Senate,24,741
MI,Senate,25,705
MI,Senate,26,570
MI,Senate,27,530
MI,Senate,28,448
MI,Senate,29,367
MI,Senate,30,297
MI,Senate,31,269
MI,Senate,32,214
MI,Senate,33,145
MI,Senate,34,103
MI,Senate,35,61
MI,Senate,36,50
MI,Senate,37,17
MI,Senate,38,6
MN,House,24,1
MN,House,25,1
MN,House,27,1
MN,House,32,1
MN,House,33,1
MN,House,34,1
MN,House,36,1
MN,House,37,3
MN,House,38,4
MN,House,39,1
MN,House,40,2
MN,House,41,1
MN,House,42,2
MN,House,43,4
MN,House,44,12
MN,House,45,6
MN,House,46,10
MN,House,47,13
MN,House,48,10
MN,House,49,15
MN,House,50,14
MN,House,51,19
MN,House,52,26
MN,House,53,23
MN,House,54,34
MN,House,55,41
MN,House,56,45
MN,House,57,53
MN,House,58,67
MN,House,59,81
MN,House,60,93
MN,House,61,108
MN,House,62,132
MN,House,63,147
MN,House,64,169
MN,House,65,198
MN,House,66,270
MN,House,67,250
MN,House,68,303
MN,House,69,313
MN,House,70,351
MN,House,71,360
MN,House,72,342
MN,House,73,370
MN,House,74,382
MN,House,75,411
MN,House,76,393
MN,House,77,373
MN,House,78,341
MN,House,79,344
MN,House,80,317
MN,House,81,333
MN,House,82,307
MN,House,83,268
MN,House,84,257
MN,House,85,252
MN,House,86,219
MN,House,87,201
MN,House,88,183
MN,House,89,172
MN,House,90,155
MN,House,91,130
MN,House,92,123
MN,House,93,113
MN,House,94,104
MN,House,95,79
MN,House,96,88
MN,House,97,63
MN,House,98,59
MN,House,99,56
MN,House,100,47
MN,House,101,51
MN,House,102,28
MN,House,103,33
MN,House,104,23
MN,House,105,25
MN,House,106,33
MN,House,107,26
MN,House,108,16
MN,House,109,15
MN,House,110,14
MN,House,111,10
MN,House,112,12
MN,House,113,12
MN,House,114,8
MN,House,115,5
MN,House,116,7
MN,House,117,3
MN,House,118,2
MN,House,119,1
MN,House,120,2
MN,House,121,3
MN,House,125,1
MN,House,128,1
MN,Senate,11,1
MN,Senate,12,1
MN,Senate,13,1
MN,Senate,14,1
MN,Senate,15,3
MN,Senate,16,2
MN,Senate,17,2
MN,Senate,18,6
MN,Senate,19,5
MN,Senate,20,13
MN,Senate,21,14
MN,Senate,22,17
MN,Senate,23,21
MN,Senate,24,29
MN,Senate,25,36
MN,Senate,26,54
MN,Senate,27,81
MN,Senate,28,118
MN,Senate,29,134
MN,Senate,30,220
MN,Senate,31,264
MN,Senate,32,380
MN,Senate,33,425
MN,Senate,34,493
MN,Senate,35,573
MN,Senate,36,659
MN,Senate,37,662
MN,Senate,38,724
MN,Senate,39,672
MN,Senate,40,620
MN,Senate,41,570
MN,Senate,42,544
MN,Senate,43,448
MN,Senate,44,407
MN,Senate,45,337
MN,Senate,46,289
MN,Senate,47,207
MN,Senate,48,200
MN,Senate,49,174
MN,Senate,50,144
MN,Senate,51,124
MN,Senate,52,77
MN,Senate,53,61
MN,Senate,54,49
MN,Senate,55,35
MN,Senate,56,31
MN,Senate,57,17
MN,Senate,58,17
MN,Senate,59,11
MN,Senate,60,14
MN,Senate,61,7
MN,Senate,62,4
MN,Senate,63,1
MN,Senate,65,1
MO,House,14,1
MO,House,15,1
MO,House,16,1
MO,House,17,1
MO,House,19,1
MO,House,20,1
MO,House,21,1
MO,House,24,2
MO,House,25,2
MO,House,26,5
MO,House,27,1
MO,House,28,4
MO,House,29,1
MO,House,30,10
MO,House,31,10
MO,House,32,14
MO,House,33,18
MO,House,34,19
MO,House,35,22
MO,House,36,25
MO,House,37,30
MO,House,38,31
MO,House,39,36
MO,House,40,48
MO,House,41,63
MO,House,42,71
MO,House,43,79
MO,House,44,132
MO,House,45,102
MO,House,46,143
MO,House,47,170
MO,House,48,206
MO,House,49,211
MO,House,50,230
MO,House,51,297
MO,House,52,308
MO,House,53,326
MO,House,54,351
MO,House,55,397
MO,House,56,403
MO,House,57,386
MO,House,58,395
MO,House,59,363
MO,House,60,402
MO,House,61,391
MO,House,62,356
MO,House,63,312
MO,House,64,312
MO,House,65,311
MO,House,66,290
MO,House,67,262
MO,House,68,247
MO,House,69,204
MO,House,70,211
MO,House,71,198
MO,House,72,176
MO,House,73,165
MO,House,74,160
MO,House,75,125
MO,House,76,122
MO,House,77,88
MO,House,78,112
MO,House,79,80
MO,House,80,72
MO,House,81,49
MO,House,82,49
MO,House,83,45
MO,House,84,43
MO,House,85,36
MO,House,86,41
MO,House,87,36
MO,House,88,25
MO,House,89,26
MO,House,90,17
MO,House,91,19
MO,House,92,13
MO,House,93,12
MO,House,94,10
MO,House,95,14
MO,House,96,4
MO,House,97,4
MO,House,98,6
MO,House,99,5
MO,House,100,1
MO,House,101,3
MO,House,102,5
MO,House,103,1
MO,House,104,2
MO,House,105,2
MO,House,106,4
MO,House,107,3
MO,House,108,1
MO,House,109,2
MO,House,110,2
MO,House,111,1
MO,House,113,2
MO,House,115,2
MO,House,121,1
MO,Senate,7,1
MO,Senate,8,33
MO,Senate,9,294
MO,Senate,10,2565
MO,Senate,11,2454
MO,Senate,12,2193
MO,Senate,13,1609
MO,Senate,14,541
MO,Senate,15,195
MO,Senate,16,78
MO,Senate,17,25
MO,Senate,18,9
MO,Senate,19,2
MO,Senate,20,1
MT,House,1,1
MT,House,5,3
MT,House,6,1
MT,House,8,2
MT,House,9,2
MT,House,10,2
MT,House,11,4
MT,House,12,2
MT,House,13,6
MT,House,14,10
MT,House,15,13
MT,House,16,4
MT,House,17,5
MT,House,18,12
MT,House,19,18
MT,House,20,15
MT,House,21,26
MT,House,22,18
MT,House,23,31
MT,House,24,51
MT,House,25,55
MT,House,26,56
MT,House,27,62
MT,House,28,86
MT,House,29,111
MT,House,30,103
MT,House,31,130
MT,House,32,160
MT,House,33,192
MT,House,34,205
MT,House,35,292
MT,House,36,296
MT,House,37,358
MT,House,38,433
MT,House,39,461
MT,House,40,588
MT,House,41,629
MT,House,42,690
MT,House,43,660
MT,House,44,641
MT,House,45,577
MT,House,46,528
MT,House,47,455
MT,House,48,387
MT,House,49,297
MT,House,50,255
MT,House,51,191
MT,House,52,153
MT,House,53,135
MT,House,54,124
MT,House,55,87
MT,House,56,80
MT,House,57,57
MT,House,58,41
MT,House,59,38
MT,House,60,27
MT,House,61,26
MT,House,62,19
MT,House,63,17
MT,House,64,11
MT,House,65,12
MT,House,66,9
MT,House,67,5
MT,House,68,5
MT,House,69,8
MT,House,70,3
MT,House,71,5
MT,House,72,1
MT,House,73,3
MT,House,74,4
MT,House,77,1
MT,House,79,1
MT,House,80,1
MT,House,81,2
MT,House,90,1
MT,Senate,9,2
MT,Senate,10,1
MT,Senate,11,14
MT,Senate,12,30
MT,Senate,13,71
MT,Senate,14,143
MT,Senate,15,286
MT,Senate,16,489
MT,Senate,17,799
MT,Senate,18,1229
MT,Senate,19,1513
MT,Senate,20,1636
MT,Senate,21,1581
MT,Senate,22,1154
MT,Senate,23,552
MT,Senate,24,267
MT,Senate,25,123
MT,Senate,26,57
MT,Senate,27,25
MT,Senate,28,16
MT,Senate,29,8
MT,Senate,30,1
MT,Senate,31,1
MT,Senate,32,1
MT,Senate,33,1
NE,Legislature,10,2
NE,Legislature,11,7
NE,Legislature,12,27
NE,Legislature,13,80
NE,Legislature,14,208
NE,Legislature,15,571
NE,Legislature,16,1059
NE,Legislature,17,1503
NE,Legislature,18,1635
NE,Legislature,19,1449
NE,Legislature,20,1266
NE,Legislature,21,1036
NE,Legislature,22,663
NE,Legislature,23,342
NE,Legislature,24,115
NE,Legislature,25,30
NE,Legislature,26,6
NE,Legislature,27,1
NV,Assembly,4,1
NV,Assembly,5,1
NV,Assembly,6,1
NV,Assembly,7,3
NV,Assembly,8,2
NV,Assembly,9,5
NV,Assembly,10,13
NV,Assembly,11,8
NV,Assembly,12,17
NV,Assembly,13,16
NV,Assembly,14,23
NV,Assembly,15,33
NV,Assembly,16,35
NV,Assembly,17,40
NV,Assembly,18,77
NV,Assembly,19,81
NV,Assembly,20,114
NV,Assembly,21,168
NV,Assembly,22,231
NV,Assembly,23,266
NV,Assembly,24,412
NV,Assembly,25,519
NV,Assembly,26,664
NV,Assembly,27,806
NV,Assembly,28,906
NV,Assembly,29,925
NV,Assembly,30,943
NV,Assembly,31,865
NV,Assembly,32,744
NV,Assembly,33,646
NV,Assembly,34,504
NV,Assembly,35,371
NV,Assembly,36,243
NV,Assembly,37,165
NV,Assembly,38,77
NV,Assembly,39,39
NV,Assembly,40,23
NV,Assembly,41,11
NV,Assembly,42,2
NV,Senate,6,4
NV,Senate,7,18
NV,Senate,8,24
NV,Senate,9,72
NV,Senate,10,193
NV,Senate,11,453
NV,Senate,12,1300
NV,Senate,13,4674
NV,Senate,14,2200
NV,Senate,15,942
NV,Senate,16,108
NV,Senate,17,12
NH,House,52,2
NH,House,58,1
NH,House,59,1
NH,House,60,2
NH,House,61,1
NH,House,71,1
NH,House,72,1
NH,House,75,2
NH,House,76,2
NH,House,77,1
NH,House,79,1
NH,House,81,1
NH,House,82,1
NH,House,83,1
NH,House,84,2
NH,House,85,1
NH,House,86,1
NH,House,87,1
NH,House,88,3
NH,House,89,1
NH,House,91,3
NH,House,92,3
NH,House,93,1
NH,House,94,4
NH,House,95,1
NH,House,96,3
NH,House,97,1
NH,House,98,6
NH,House,99,3
NH,House,100,2
NH,House,101,3
NH,House,102,1
NH,House,103,4
NH,House,104,3
NH,House,105,3
NH,House,106,7
NH,House,107,5
NH,House,108,7
NH,House,109,6
NH,House,110,8
NH,House,111,8
NH,House,112,9
NH,House,113,10
NH,House,114,3
NH,House,115,7
NH,House,116,8
NH,House,117,7
NH,House,118,12
NH,House,119,8
NH,House,120,14
NH,House,121,7
NH,House,122,7
NH,House,123,8
NH,House,124,13
NH,House,125,8
NH,House,126,14
NH,House,127,5
NH,House,128,25
NH,House,129,15
NH,House,130,10
NH,House,131,16
NH,House,132,9
NH,House,133,26
NH,House,134,10
NH,House,135,14
NH,House,136,12
NH,House,137,9
NH,House,138,14
NH,House,139,16
NH,House,140,22
NH,House,141,21
NH,House,142,25
NH,House,143,30
NH,House,144,31
NH,House,145,24
NH,House,146,28
NH,House,147,28
NH,House,148,26
NH,House,149,22
NH,House,150,30
NH,House,151,26
NH,House,152,29
NH,House,153,29
NH,House,154,33
NH,House,155,39
NH,House,156,40
NH,House,157,36
NH,House,158,29
NH,House,159,27
NH,House,160,49
NH,House,161,38
NH,House,162,46
NH,House,163,54
NH,House,164,53
NH,House,165,43
NH,House,166,41
NH,House,167,42
NH,House,168,52
NH,House,169,67
NH,House,170,62
NH,House,171,49
NH,House,172,46
NH,House,173,48
NH,House,174,54
NH,House,175,60
NH,House,176,49
NH,House,177,59
NH,House,178,62
NH,House,179,60
NH,House,180,69
NH,House,181,70
NH,House,182,69
NH,House,183,75
NH,House,184,65
NH,House,185,53
NH,House,186,76
NH,House,187,67
NH,House,188,73
NH,House,189,78
NH,House,190,79
NH,House,191,65
NH,House,192,56
NH,House,193,79
NH,House,194,78
NH,House,195,80
NH,House,196,64
NH,House,197,83
NH,House,198,83
NH,House,199,80
NH,House,200,87
NH,House,201,88
NH,House,202,60
NH,House,203,84
NH,House,204,74
NH,House,205,93
NH,House,206,89
NH,House,207,74
NH,House,208,68
NH,House,209,60
NH,House,210,82
NH,House,211,80
NH,House,212,85
NH,House,213,84
NH,House,214,80
NH,House,215,87
NH,House,216,82
NH,House,217,70
NH,House,218,71
NH,House,219,81
NH,House,220,83
NH,House,221,74
NH,House,222,67
NH,House,223,74
NH,House,224,75
NH,House,225,71
NH,House,226,60
NH,House,227,66
NH,House,228,74
NH,House,229,60
NH,House,230,82
NH,House,231,66
NH,House,232,78
NH,House,233,69
NH,House,234,66
NH,House,235,72
NH,House,236,64
NH,House,237,54
NH,House,238,63
NH,House,239,64
NH,House,240,60
NH,House,241,60
NH,House,242,43
NH,House,243,50
NH,House,244,67
NH,House,245,65
NH,House,246,55
NH,House,247,57
NH,House,248,61
NH,House,249,51
NH,House,250,63
NH,House,251,71
NH,House,252,48
NH,House,253,60
NH,House,254,52
NH,House,255,52
NH,House,256,43
NH,House,257,59
NH,House,258,51
NH,House,259,54
NH,House,260,45
NH,House,261,56
NH,House,262,49
NH,House,263,47
NH,House,264,42
NH,House,265,37
NH,House,266,65
NH,House,267,47
NH,House,268,36
NH,House,269,50
NH,House,270,35
NH,House,271,47
NH,House,272,41
NH,House,273,38
NH,House,274,34
NH,House,275,44
NH,House,276,46
NH,House,277,37
NH,House,278,39
NH,House,279,37
NH,House,280,37
NH,House,281,30
NH,House,282,29
NH,House,283,35
NH,House,284,33
NH,House,285,37
NH,House,286,24
NH,House,287,34
NH,House,288,43
NH,House,289,35
NH,House,290,29
NH,House,291,29
NH,House,292,27
NH,House,293,33
NH,House,294,29
NH,House,295,27
NH,House,296,30
NH,House,297,28
NH,House,298,31
NH,House,299,24
NH,House,300,29
NH,House,301,27
NH,House,302,17
NH,House,303,21
NH,House,304,29
NH,House,305,26
NH,House,306,29
NH,House,307,22
NH,House,308,26
NH,House,309,29
NH,House,310,13
NH,House,311,20
NH,House,312,22
NH,House,313,19
NH,House,314,27
NH,House,315,17
NH,House,316,16
NH,House,317,22
NH,House,318,14
NH,House,319,16
NH,House,320,18
NH,House,321,10
NH,House,322,23
NH,House,323,14
NH,House,324,14
NH,House,325,19
NH,House,326,14
NH,House,327,16
NH,House,328,13
NH,House,329,7
NH,House,330,17
NH,House,331,17
NH,House,332,9
NH,House,333,12
NH,House,334,9
NH,House,335,14
NH,House,336,10
NH,House,337,10
NH,House,338,11
NH,House,339,8
NH,House,340,15
NH,House,341,15
NH,House,342,6
NH,House,343,6
NH,House,344,11
NH,House,345,15
NH,House,346,6
NH,House,347,3
NH,House,348,8
NH,House,349,3
NH,House,350,6
NH,House,351,7
NH,House,352,7
NH,House,353,2
NH,House,354,9
NH,House,355,4
NH,House,356,3
NH,House,357,5
NH,House,358,5
NH,House,359,2
NH,House,360,2
NH,House,361,2
NH,House,362,1
NH,House,363,6
NH,House,364,6
NH,House,365,2
NH,House,366,4
NH,House,367,4
NH,House,368,5
NH,House,369,5
NH,House,370,7
NH,House,371,7
NH,House,372,3
NH,House,373,3
NH,House,374,2
NH,House,375,5
NH,House,376,3
NH,House,377,4
NH,House,378,3
NH,House,380,5
NH,House,381,1
NH,House,382,1
NH,House,383,1
NH,House,384,1
NH,House,385,3
NH,House,386,2
NH,House,387,1
NH,House,388,1
NH,House,389,1
NH,House,390,4
NH,House,391,1
NH,House,395,2
NH,House,396,1
NH,House,397,2
NH,Senate,2,4
NH,Senate,3,22
NH,Senate,4,59
NH,Senate,5,131
NH,Senate,6,353
NH,Senate,7,701
NH,Senate,8,1172
NH,Senate,9,1178
NH,Senate,10,1056
NH,Senate,11,860
NH,Senate,12,814
NH,Senate,13,673
NH,Senate,14,573
NH,Senate,15,489
NH,Senate,16,432
NH,Senate,17,360
NH,Senate,18,324
NH,Senate,19,244
NH,Senate,20,178
NH,Senate,21,165
NH,Senate,22,100
NH,Senate,23,76
NH,Senate,24,36
NM,House,12,1
NM,House,14,1
NM,House,16,3
NM,House,18,2
NM,House,19,1
NM,House,20,4
NM,House,21,2
NM,House,22,5
NM,House,23,7
NM,House,24,3
NM,House,25,9
NM,House,26,10
NM,House,27,8
NM,House,28,13
NM,House,29,18
NM,House,30,20
NM,House,31,20
NM,House,32,26
NM,House,33,38
NM,House,34,51
NM,House,35,57
NM,House,36,80
NM,House,37,105
NM,House,38,97
NM,House,39,147
NM,House,40,186
NM,House,41,257
NM,House,42,365
NM,House,43,521
NM,House,44,760
NM,House,45,1007
NM,House,46,1043
NM,House,47,1090
NM,House,48,981
NM,House,49,810
NM,House,50,658
NM,House,51,490
NM,House,52,361
NM,House,53,208
NM,House,54,162
NM,House,55,120
NM,House,56,84
NM,House,57,54
NM,House,58,37
NM,House,59,23
NM,House,60,13
NM,House,61,12
NM,House,62,6
NM,House,63,7
NM,House,64,7
NM,House,65,5
NM,House,66,2
NM,House,67,1
NM,House,68,1
NM,House,69,1
NY,Assembly,38,1
NY,Assembly,42,1
NY,Assembly,44,1
NY,Assembly,46,2
NY,Assembly,47,1
NY,Assembly,49,1
NY,Assembly,52,2
NY,Assembly,53,1
NY,Assembly,54,2
NY,Assembly,55,5
NY,Assembly,56,3
NY,Assembly,57,3
NY,Assembly,58,1
NY,Assembly,59,3
NY,Assembly,60,3
NY,Assembly,61,2
NY,Assembly,62,3
NY,Assembly,63,4
NY,Assembly,64,4
NY,Assembly,65,4
NY,Assembly,66,3
NY,Assembly,67,3
NY,Assembly,68,7
NY,Assembly,69,7
NY,Assembly,70,7
NY,Assembly,71,9
NY,Assembly,72,11
NY,Assembly,73,7
NY,Assembly,74,14
NY,Assembly,75,10
NY,Assembly,76,17
NY,Assembly,77,11
NY,Assembly,78,18
NY,Assembly,79,17
NY,Assembly,80,15
NY,Assembly,81,23
NY,Assembly,82,23
NY,Assembly,83,21
NY,Assembly,84,33
NY,Assembly,85,41
NY,Assembly,86,38
NY,Assembly,87,60
NY,Assembly,88,59
NY,Assembly,89,56
NY,Assembly,90,54
NY,Assembly,91,79
NY,Assembly,92,80
NY,Assembly,93,87
NY,Assembly,94,108
NY,Assembly,95,125
NY,Assembly,96,144
NY,Assembly,97,165
NY,Assembly,98,181
NY,Assembly,99,215
NY,Assembly,100,220
NY,Assembly,101,277
NY,Assembly,102,321
NY,Assembly,103,333
NY,Assembly,104,347
NY,Assembly,105,373
NY,Assembly,106,403
NY,Assembly,107,369
NY,Assembly,108,382
NY,Assembly,109,380
NY,Assembly,110,358
NY,Assembly,111,374
NY,Assembly,112,373
NY,Assembly,113,311
NY,Assembly,114,359
NY,Assembly,115,287
NY,Assembly,116,278
NY,Assembly,117,272
NY,Assembly,118,210
NY,Assembly,119,215
NY,Assembly,120,199
NY,Assembly,121,188
NY,Assembly,122,171
NY,Assembly,123,145
NY,Assembly,124,120
NY,Assembly,125,120
NY,Assembly,126,128
NY,Assembly,127,97
NY,Assembly,128,79
NY,Assembly,129,78
NY,Assembly,130,64
NY,Assembly,131,63
NY,Assembly,132,47
NY,Assembly,133,42
NY,Assembly,134,45
NY,Assembly,135,32
NY,Assembly,136,23
NY,Assembly,137,22
NY,Assembly,138,17
NY,Assembly,139,16
NY,Assembly,140,14
NY,Assembly,141,20
NY,Assembly,142,10
NY,Assembly,143,8
NY,Assembly,144,6
NY,Assembly,145,5
NY,Assembly,149,2
NY,Assembly,150,2
NY,Senate,11,1
NY,Senate,14,1
NY,Senate,15,1
NY,Senate,16,1
NY,Senate,17,2
NY,Senate,18,2
NY,Senate,19,2
NY,Senate,20,7
NY,Senate,21,6
NY,Senate,22,7
NY,Senate,23,5
NY,Senate,24,5
NY,Senate,25,7
NY,Senate,26,14
NY,Senate,27,26
NY,Senate,28,12
NY,Senate,29,31
NY,Senate,30,36
NY,Senate,31,29
NY,Senate,32,33
NY,Senate,33,78
NY,Senate,34,73
NY,Senate,35,125
NY,Senate,36,130
NY,Senate,37,175
NY,Senate,38,213
NY,Senate,39,287
NY,Senate,40,364
NY,Senate,41,467
NY,Senate,42,612
NY,Senate,43,683
NY,Senate,44,738
NY,Senate,45,745
NY,Senate,46,747
NY,Senate,47,744
NY,Senate,48,667
NY,Senate,49,592
NY,Senate,50,472
NY,Senate,51,412
NY,Senate,52,394
NY,Senate,53,268
NY,Senate,54,219
NY,Senate,55,175
NY,Senate,56,149
NY,Senate,57,96
NY,Senate,58,63
NY,Senate,59,45
NY,Senate,60,20
NY,Senate,61,11
NY,Senate,62,8
NC,House,6,1
NC,House,13,1
NC,House,14,1
NC,House,15,1
NC,House,16,1
NC,House,17,2
NC,House,18,1
NC,House,19,3
NC,House,20,4
NC,House,21,3
NC,House,22,2
NC,House,24,3
NC,House,25,5
NC,House,26,4
NC,House,27,3
NC,House,28,9
NC,House,29,4
NC,House,30,13
NC,House,31,11
NC,House,32,22
NC,House,33,11
NC,House,34,14
NC,House,35,23
NC,House,36,32
NC,House,37,25
NC,House,38,23
NC,House,39,45
NC,House,40,53
NC,House,41,66
NC,House,42,77
NC,House,43,104
NC,House,44,130
NC,House,45,163
NC,House,46,207
NC,House,47,271
NC,House,48,301
NC,House,49,336
NC,House,50,402
NC,House,51,407
NC,House,52,436
NC,House,53,446
NC,House,54,413
NC,House,55,423
NC,House,56,388
NC,House,57,387
NC,House,58,388
NC,House,59,346
NC,House,60,280
NC,House,61,296
NC,House,62,272
NC,House,63,262
NC,House,64,251
NC,House,65,238
NC,House,66,194
NC,House,67,196
NC,House,68,169
NC,House,69,193
NC,House,70,146
NC,House,71,156
NC,House,72,137
NC,House,73,112
NC,House,74,101
NC,House,75,118
NC,House,76,97
NC,House,77,88
NC,House,78,73
NC,House,79,69
NC,House,80,73
NC,House,81,65
NC,House,82,59
NC,House,83,37
NC,House,84,44
NC,House,85,38
NC,House,86,40
NC,House,87,32
NC,House,88,23
NC,House,89,16
NC,House,90,24
NC,House,91,14
NC,House,92,12
NC,House,93,8
NC,House,94,11
NC,House,95,8
NC,House,96,7
NC,House,97,10
NC,House,98,4
NC,House,99,5
NC,House,100,2
NC,House,101,3
NC,House,102,1
NC,House,104,1
NC,House,105,2
NC,House,107,1
NC,House,109,1
NC,Senate,10,3
NC,Senate,11,4
NC,Senate,12,11
NC,Senate,13,15
NC,Senate,14,29
NC,Senate,15,69
NC,Senate,16,93
NC,Senate,17,195
NC,Senate,18,325
NC,Senate,19,617
NC,Senate,20,1021
NC,Senate,21,1108
NC,Senate,22,1107
NC,Senate,23,961
NC,Senate,24,877
NC,Senate,25,740
NC,Senate,26,593
NC,Senate,27,451
NC,Senate,28,364
NC,Senate,29,304
NC,Senate,30,248
NC,Senate,31,193
NC,Senate,32,135
NC,Senate,33,121
NC,Senate,34,103
NC,Senate,35,87
NC,Senate,36,63
NC,Senate,37,57
NC,Senate,38,32
NC,Senate,39,19
NC,Senate,40,18
NC,Senate,41,12
NC,Senate,42,9
NC,Senate,43,6
NC,Senate,44,3
NC,Senate,45,5
NC,Senate,49,1
NC,Senate,50,1
ND,House,3,7
ND,House,4,22
ND,House,5,60
ND,House,6,119
ND,House,7,358
ND,House,8,640
ND,House,9,1067
ND,House,10,1208
ND,House,11,1157
ND,House,12,1140
ND,House,13,973
ND,House,14,857
ND,House,15,665
ND,House,16,519
ND,House,17,374
ND,House,18,239
ND,House,19,191
ND,House,20,135
ND,House,21,76
ND,House,22,68
ND,House,23,40
ND,House,24,15
ND,House,25,17
ND,House,26,17
ND,House,27,11
ND,House,28,9
ND,House,29,7
ND,House,30,2
ND,House,31,5
ND,House,35,1
ND,House,37,1
ND,Senate,2,12
ND,Senate,3,81
ND,Senate,4,449
ND,Senate,5,4269
ND,Senate,6,2267
ND,Senate,7,1242
ND,Senate,8,657
ND,Senate,9,413
ND,Senate,10,253
ND,Senate,11,157
ND,Senate,12,83
ND,Senate,13,48
ND,Senate,14,24
ND,Senate,15,18
ND,Senate,16,11
ND,Senate,17,4
ND,Senate,18,6
ND,Senate,19,3
ND,Senate,20,3
OH,House,12,1
OH,House,13,1
OH,House,14,1
OH,House,15,1
OH,House,16,1
OH,House,17,7
OH,House,18,4
OH,House,19,9
OH,House,20,8
OH,House,21,10
OH,House,22,14
OH,House,23,24
OH,House,24,26
OH,House,25,38
OH,House,26,52
OH,House,27,42
OH,House,28,72
OH,House,29,91
OH,House,30,126
OH,House,31,172
OH,House,32,212
OH,House,33,240
OH,House,34,289
OH,House,35,355
OH,House,36,455
OH,House,37,455
OH,House,38,487
OH,House,39,517
OH,House,40,525
OH,House,41,535
OH,House,42,503
OH,House,43,465
OH,House,44,464
OH,House,45,402
OH,House,46,365
OH,House,47,349
OH,House,48,308
OH,House,49,285
OH,House,50,248
OH,House,51,226
OH,House,52,228
OH,House,53,179
OH,House,54,163
OH,House,55,121
OH,House,56,106
OH,House,57,133
OH,House,58,119
OH,House,59,81
OH,House,60,55
OH,House,61,68
OH,House,62,56
OH,House,63,42
OH,House,64,48
OH,House,65,34
OH,House,66,29
OH,House,67,32
OH,House,68,19
OH,House,69,16
OH,House,70,17
OH,House,71,12
OH,House,72,11
OH,House,73,10
OH,House,74,10
OH,House,75,5
OH,House,76,5
OH,House,77,4
OH,House,78,3
OH,House,79,3
OH,House,80,1
OH,House,81,1
OH,House,85,1
OH,House,86,2
OH,House,89,1
OH,Senate,7,2
OH,Senate,8,23
OH,Senate,9,1692
OH,Senate,10,1703
OH,Senate,11,1663
OH,Senate,12,1520
OH,Senate,13,1215
OH,Senate,14,889
OH,Senate,15,665
OH,Senate,16,374
OH,Senate,17,167
OH,Senate,18,68
OH,Senate,19,18
OH,Senate,20,1
OK,House,5,2
OK,House,6,2
OK,House,7,2
OK,House,8,4
OK,House,9,8
OK,House,10,20
OK,House,11,20
OK,House,12,38
OK,House,13,62
OK,House,14,81
OK,House,15,98
OK,House,16,207
OK,House,17,345
OK,House,18,653
OK,House,19,1037
OK,House,20,1316
OK,House,21,1291
OK,House,22,1053
OK,House,23,779
OK,House,24,582
OK,House,25,461
OK,House,26,347
OK,House,27,240
OK,House,28,212
OK,House,29,191
OK,House,30,139
OK,House,31,112
OK,House,32,107
OK,House,33,72
OK,House,34,87
OK,House,35,50
OK,House,36,43
OK,House,37,40
OK,House,38,35
OK,House,39,29
OK,House,40,36
OK,House,41,33
OK,House,42,21
OK,House,43,20
OK,House,44,17
OK,House,45,6
OK,House,46,13
OK,House,47,7
OK,House,48,14
OK,House,49,12
OK,House,50,10
OK,House,51,4
OK,House,52,9
OK,House,53,4
OK,House,54,1
OK,House,55,6
OK,House,56,3
OK,House,57,2
OK,House,58,1
OK,House,59,4
OK,House,60,3
OK,House,61,1
OK,House,62,1
OK,House,63,2
OK,House,64,1
OK,House,65,1
OK,House,67,1
OK,House,77,1
OK,House,81,1
OK,Senate,2,1
OK,Senate,3,11
OK,Senate,4,19
OK,Senate,5,47
OK,Senate,6,142
OK,Senate,7,578
OK,Senate,8,5689
OK,Senate,9,2088
OK,Senate,10,815
OK,Senate,11,317
OK,Senate,12,141
OK,Senate,13,63
OK,Senate,14,37
OK,Senate,15,23
OK,Senate,16,11
OK,Senate,17,8
OK,Senate,18,9
OK,Senate,23,1
OR,House,14,1
OR,House,15,1
OR,House,19,3
OR,House,20,3
OR,House,21,2
OR,House,22,6
OR,House,23,7
OR,House,24,16
OR,House,25,10
OR,House,26,26
OR,House,27,32
OR,House,28,50
OR,House,29,58
OR,House,30,75
OR,House,31,116
OR,House,32,141
OR,House,33,234
OR,House,34,307
OR,House,35,411
OR,House,36,623
OR,House,37,880
OR,House,38,1092
OR,House,39,1147
OR,House,40,1106
OR,House,41,902
OR,House,42,782
OR,House,43,526
OR,House,44,367
OR,House,45,307
OR,House,46,233
OR,House,47,167
OR,House,48,120
OR,House,49,86
OR,House,50,47
OR,House,51,53
OR,House,52,26
OR,House,53,10
OR,House,54,12
OR,House,55,7
OR,House,56,4
OR,House,57,2
OR,House,58,1
OR,House,59,1
OR,Senate,11,2
OR,Senate,12,8
OR,Senate,13,16
OR,Senate,14,49
OR,Senate,15,140
OR,Senate,16,303
OR,Senate,17,673
OR,Senate,18,1287
OR,Senate,19,1854
OR,Senate,20,2309
OR,Senate,21,2156
OR,Senate,22,1203
PA,House,29,1
PA,House,36,1
PA,House,37,1
PA,House,38,2
PA,House,40,1
PA,House,41,1
PA,House,42,1
PA,House,43,1
PA,House,44,1
PA,House,45,1
PA,House,46,3
PA,House,48,2
PA,House,49,2
PA,House,50,3
PA,House,51,2
PA,House,52,2
PA,House,53,3
PA,House,54,1
PA,House,55,5
PA,House,56,6
PA,House,57,4
PA,House,58,7
PA,House,59,1
PA,House,60,2
PA,House,61,4
PA,House,62,3
PA,House,63,2
PA,House,64,9
PA,House,65,4
PA,House,66,3
PA,House,67,8
PA,House,68,10
PA,House,69,10
PA,House,70,12
PA,House,71,10
PA,House,72,6
PA,House,73,10
PA,House,74,8
PA,House,75,16
PA,House,76,15
PA,House,77,13
PA,House,78,17
PA,House,79,19
PA,House,80,21
PA,House,81,30
PA,House,82,32
PA,House,83,29
PA,House,84,28
PA,House,85,48
PA,House,86,43
PA,House,87,57
PA,House,88,58
PA,House,89,64
PA,House,90,57
PA,House,91,85
PA,House,92,91
PA,House,93,101
PA,House,94,115
PA,House,95,147
PA,House,96,168
PA,House,97,197
PA,House,98,208
PA,House,99,255
PA,House,100,266
PA,House,101,316
PA,House,102,346
PA,House,103,345
PA,House,104,377
PA,House,105,348
PA,House,106,377
PA,House,107,331
PA,House,108,283
PA,House,109,336
PA,House,110,326
PA,House,111,317
PA,House,112,285
PA,House,113,271
PA,House,114,279
PA,House,115,311
PA,House,116,203
PA,House,117,199
PA,House,118,180
PA,House,119,185
PA,House,120,155
PA,House,121,156
PA,House,122,138
PA,House,123,141
PA,House,124,129
PA,House,125,109
PA,House,126,93
PA,House,127,106
PA,House,128,77
PA,House,129,82
PA,House,130,89
PA,House,131,52
PA,House,132,83
PA,House,133,58
PA,House,134,57
PA,House,135,47
PA,House,136,38
PA,House,137,31
PA,House,138,37
PA,House,139,40
PA,House,140,31
PA,House,141,29
PA,House,142,25
PA,House,143,31
PA,House,144,14
PA,House,145,15
PA,House,146,16
PA,House,147,14
PA,House,148,16
PA,House,149,17
PA,House,150,8
PA,House,151,17
PA,House,152,10
PA,House,153,7
PA,House,154,7
PA,House,155,5
PA,House,156,9
PA,House,157,2
PA,House,158,10
PA,House,159,9
PA,House,160,7
PA,House,161,3
PA,House,162,4
PA,House,163,2
PA,House,164,1
PA,House,165,6
PA,House,166,2
PA,House,168,1
PA,House,169,1
PA,House,170,3
PA,House,172,1
PA,House,173,2
PA,House,176,1
PA,House,177,2
PA,House,178,1
PA,House,179,1
PA,House,186,1
PA,House,189,1
PA,House,190,1
PA,House,191,1
PA,Senate,13,3
PA,Senate,14,10
PA,Senate,15,16
PA,Senate,16,29
PA,Senate,17,34
PA,Senate,18,79
PA,Senate,19,126
PA,Senate,20,285
PA,Senate,21,541
PA,Senate,22,1224
PA,Senate,23,1937
PA,Senate,24,1892
PA,Senate,25,1511
PA,Senate,26,1035
PA,Senate,27,643
PA,Senate,28,356
PA,Senate,29,161
PA,Senate,30,75
PA,Senate,31,22
PA,Senate,32,13
PA,Senate,33,7
PA,Senate,34,1
RI,House,11,1
RI,House,14,2
RI,House,16,1
RI,House,17,1
RI,House,22,1
RI,House,24,1
RI,House,26,3
RI,House,27,4
RI,House,28,3
RI,House,29,2
RI,House,30,4
RI,House,31,4
RI,House,32,1
RI,House,33,2
RI,House,34,1
RI,House,35,2
RI,House,36,11
RI,House,37,12
RI,House,38,3
RI,House,39,11
RI,House,40,6
RI,House,41,10
RI,House,42,15
RI,House,43,14
RI,House,44,14
RI,House,45,13
RI,House,46,13
RI,House,47,27
RI,House,48,24
RI,House,49,32
RI,House,50,29
RI,House,51,40
RI,House,52,48
RI,House,53,62
RI,House,54,74
RI,House,55,92
RI,House,56,113
RI,House,57,96
RI,House,58,158
RI,House,59,213
RI,House,60,246
RI,House,61,356
RI,House,62,423
RI,House,63,637
RI,House,64,738
RI,House,65,945
RI,House,66,1156
RI,House,67,1415
RI,House,68,1460
RI,House,69,955
RI,House,70,308
RI,House,71,132
RI,House,72,39
RI,House,73,17
RI,House,74,6
RI,House,75,4
RI,Senate,3,1
RI,Senate,6,1
RI,Senate,10,2
RI,Senate,11,1
RI,Senate,12,3
RI,Senate,13,1
RI,Senate,14,3
RI,Senate,15,5
RI,Senate,16,9
RI,Senate,17,8
RI,Senate,18,12
RI,Senate,19,9
RI,Senate,20,10
RI,Senate,21,14
RI,Senate,22,32
RI,Senate,23,24
RI,Senate,24,31
RI,Senate,25,32
RI,Senate,26,39
RI,Senate,27,59
RI,Senate,28,66
RI,Senate,29,126
RI,Senate,30,198
RI,Senate,31,290
RI,Senate,32,479
RI,Senate,33,785
RI,Senate,34,1431
RI,Senate,35,2426
RI,Senate,36,3580
RI,Senate,37,289
RI,Senate,38,34
SC,House,12,2
SC,House,13,3
SC,House,14,2
SC,House,15,1
SC,House,16,2
SC,House,17,3
SC,House,18,6
SC,House,19,10
SC,House,20,12
SC,House,21,10
SC,House,22,9
SC,House,23,14
SC,House,24,16
SC,House,25,31
SC,House,26,43
SC,House,27,51
SC,House,28,61
SC,House,29,89
SC,House,30,132
SC,House,31,147
SC,House,32,197
SC,House,33,258
SC,House,34,314
SC,House,35,440
SC,House,36,458
SC,House,37,537
SC,House,38,563
SC,House,39,496
SC,House,40,512
SC,House,41,451
SC,House,42,417
SC,House,43,412
SC,House,44,361
SC,House,45,314
SC,House,46,328
SC,House,47,267
SC,House,48,284
SC,House,49,236
SC,House,50,202
SC,House,51,226
SC,House,52,170
SC,House,53,180
SC,House,54,138
SC,House,55,164
SC,House,56,129
SC,House,57,121
SC,House,58,100
SC,House,59,107
SC,House,60,74
SC,House,61,94
SC,House,62,66
SC,House,63,85
SC,House,64,81
SC,House,65,56
SC,House,66,49
SC,House,67,46
SC,House,68,35
SC,House,69,44
SC,House,70,41
SC,House,71,25
SC,House,72,24
SC,House,73,23
SC,House,74,26
SC,House,75,30
SC,House,76,17
SC,House,77,22
SC,House,78,11
SC,House,79,11
SC,House,80,10
SC,House,81,9
SC,House,82,16
SC,House,83,5
SC,House,84,13
SC,House,85,8
SC,House,86,5
SC,House,87,8
SC,House,88,7
SC,House,89,4
SC,House,90,4
SC,House,91,5
SC,House,92,3
SC,House,93,3
SC,House,94,1
SC,House,95,3
SC,House,96,3
SC,House,97,1
SC,House,101,1
SC,House,102,1
SC,House,103,2
SC,House,104,1
SC,House,105,1
SD,House,0,90
SD,House,1,190
SD,House,2,343
SD,House,3,435
SD,House,4,608
SD,House,5,778
SD,House,6,775
SD,House,7,750
SD,House,8,756
SD,House,9,739
SD,House,10,642
SD,House,11,578
SD,House,12,532
SD,House,13,431
SD,House,14,379
SD,House,15,304
SD,House,16,246
SD,House,17,221
SD,House,18,188
SD,House,19,141
SD,House,20,125
SD,House,21,102
SD,House,22,95
SD,House,23,87
SD,House,24,62
SD,House,25,57
SD,House,26,44
SD,House,27,42
SD,House,28,38
SD,House,29,36
SD,House,30,28
SD,House,31,21
SD,House,32,22
SD,House,33,23
SD,House,34,14
SD,House,35,11
SD,House,36,11
SD,House,37,8
SD,House,38,7
SD,House,39,10
SD,House,40,4
SD,House,41,4
SD,House,42,2
SD,House,43,5
SD,House,44,3
SD,House,45,2
SD,House,46,1
SD,House,47,1
SD,House,48,1
SD,House,51,2
SD,House,52,2
SD,House,54,3
SD,House,60,1
SD,Senate,1,67
SD,Senate,2,377
SD,Senate,3,968
SD,Senate,4,1667
SD,Senate,5,1937
SD,Senate,6,1694
SD,Senate,7,1114
SD,Senate,8,753
SD,Senate,9,457
SD,Senate,10,314
SD,Senate,11,182
SD,Senate,12,134
SD,Senate,13,99
SD,Senate,14,57
SD,Senate,15,39
SD,Senate,16,29
SD,Senate,17,27
SD,Senate,18,23
SD,Senate,19,11
SD,Senate,20,10
SD,Senate,21,11
SD,Senate,22,6
SD,Senate,23,6
SD,Senate,24,5
SD,Senate,25,2
SD,Senate,26,5
SD,Senate,27,5
SD,Senate,28,1
TN,House,4,1
TN,House,5,1
TN,House,7,1
TN,House,8,4
TN,House,9,3
TN,House,10,4
TN,House,11,6
TN,House,12,5
TN,House,13,20
TN,House,14,22
TN,House,15,24
TN,House,16,36
TN,House,17,48
TN,House,18,82
TN,House,19,166
TN,House,20,196
TN,House,21,349
TN,House,22,525
TN,House,23,800
TN,House,24,1099
TN,House,25,1125
TN,House,26,1048
TN,House,27,874
TN,House,28,702
TN,House,29,582
TN,House,30,444
TN,House,31,346
TN,House,32,256
TN,House,33,184
TN,House,34,190
TN,House,35,149
TN,House,36,129
TN,House,37,87
TN,House,38,78
TN,House,39,62
TN,House,40,55
TN,House,41,49
TN,House,42,39
TN,House,43,26
TN,House,44,26
TN,House,45,26
TN,House,46,16
TN,House,47,15
TN,House,48,12
TN,House,49,14
TN,House,50,14
TN,House,51,10
TN,House,52,4
TN,House,53,7
TN,House,54,9
TN,House,55,6
TN,House,56,4
TN,House,57,1
TN,House,58,1
TN,House,59,3
TN,House,60,2
TN,House,61,1
TN,House,62,2
TN,House,63,1
TN,House,64,3
TN,House,65,1
TN,House,68,1
TN,House,69,1
TN,House,72,1
TN,House,76,2
TN,Senate,2,9
TN,Senate,3,24
TN,Senate,4,87
TN,Senate,5,483
TN,Senate,6,6183
TN,Senate,7,1573
TN,Senate,8,733
TN,Senate,9,394
TN,Senate,10,195
TN,Senate,11,132
TN,Senate,12,83
TN,Senate,13,45
TN,Senate,14,26
TN,Senate,15,16
TN,Senate,16,9
TN,Senate,17,6
TN,Senate,18,2
TX,House,32,3
TX,House,33,1
TX,House,34,3
TX,House,35,1
TX,House,36,1
TX,House,37,3
TX,House,38,3
TX,House,39,4
TX,House,40,3
TX,House,41,10
TX,House,42,5
TX,House,43,8
TX,House,44,8
TX,House,45,10
TX,House,46,14
TX,House,47,14
TX,House,48,20
TX,House,49,24
TX,House,50,22
TX,House,51,35
TX,House,52,46
TX,House,53,52
TX,House,54,52
TX,House,55,73
TX,House,56,105
TX,House,57,132
TX,House,58,156
TX,House,59,194
TX,House,60,258
TX,House,61,315
TX,House,62,345
TX,House,63,404
TX,House,64,393
TX,House,65,391
TX,House,66,403
TX,House,67,451
TX,House,68,388
TX,House,69,382
TX,House,70,369
TX,House,71,362
TX,House,72,296
TX,House,73,301
TX,House,74,309
TX,House,75,280
TX,House,76,263
TX,House,77,240
TX,House,78,218
TX,House,79,226
TX,House,80,181
TX,House,81,197
TX,House,82,170
TX,House,83,149
TX,House,84,152
TX,House,85,135
TX,House,86,153
TX,House,87,120
TX,House,88,120
TX,House,89,91
TX,House,90,74
TX,House,91,79
TX,House,92,64
TX,House,93,72
TX,House,94,67
TX,House,95,68
TX,House,96,59
TX,House,97,55
TX,House,98,42
TX,House,99,37
TX,House,100,41
TX,House,101,40
TX,House,102,31
TX,House,103,27
TX,House,104,29
TX,House,105,27
TX,House,106,23
TX,House,107,14
TX,House,108,14
TX,House,109,14
TX,House,110,7
TX,House,111,7
TX,House,112,11
TX,House,113,8
TX,House,114,2
TX,House,115,7
TX,House,116,3
TX,House,117,1
TX,House,118,1
TX,House,119,4
TX,House,120,4
TX,House,121,1
TX,House,123,2
TX,House,126,1
TX,Senate,7,2
TX,Senate,8,29
TX,Senate,9,102
TX,Senate,10,443
TX,Senate,11,1933
TX,Senate,12,3091
TX,Senate,13,1956
TX,Senate,14,1120
TX,Senate,15,677
TX,Senate,16,337
TX,Senate,17,185
TX,Senate,18,80
TX,Senate,19,34
TX,Senate,20,10
TX,Senate,21,1
UT,House,5,1
UT,House,6,2
UT,House,7,11
UT,House,8,13
UT,House,9,38
UT,House,10,79
UT,House,11,157
UT,House,12,305
UT,House,13,540
UT,House,14,926
UT,House,15,1062
UT,House,16,1041
UT,House,17,912
UT,House,18,806
UT,House,19,728
UT,House,20,543
UT,House,21,484
UT,House,22,416
UT,House,23,349
UT,House,24,272
UT,House,25,246
UT,House,26,177
UT,House,27,148
UT,House,28,119
UT,House,29,100
UT,House,30,94
UT,House,31,80
UT,House,32,51
UT,House,33,59
UT,House,34,39
UT,House,35,40
UT,House,36,22
UT,House,37,26
UT,House,38,16
UT,House,39,19
UT,House,40,17
UT,House,41,11
UT,House,42,10
UT,House,43,4
UT,House,44,2
UT,House,45,6
UT,House,46,4
UT,House,47,5
UT,House,48,1
UT,House,49,8
UT,House,50,1
UT,House,51,2
UT,House,52,3
UT,House,53,2
UT,House,55,2
UT,House,56,1
UT,Senate,3,5
UT,Senate,4,91
UT,Senate,5,723
UT,Senate,6,4023
UT,Senate,7,2881
UT,Senate,8,1274
UT,Senate,9,578
UT,Senate,10,251
UT,Senate,11,114
UT,Senate,12,41
UT,Senate,13,15
UT,Senate,14,3
UT,Senate,15,1
VT,House,23,1
VT,House,31,1
VT,House,35,1
VT,House,41,1
VT,House,43,1
VT,House,46,1
VT,House,47,2
VT,House,49,1
VT,House,50,2
VT,House,51,2
VT,House,52,2
VT,House,53,1
VT,House,54,1
VT,House,55,2
VT,House,56,3
VT,House,57,1
VT,House,58,3
VT,House,59,8
VT,House,60,7
VT,House,61,3
VT,House,62,7
VT,House,63,6
VT,House,64,10
VT,House,65,7
VT,House,66,8
VT,House,67,5
VT,House,68,8
VT,House,69,8
VT,House,70,6
VT,House,71,15
VT,House,72,14
VT,House,73,13
VT,House,74,17
VT,House,75,23
VT,House,76,18
VT,House,77,17
VT,House,78,27
VT,House,79,29
VT,House,80,30
VT,House,81,21
VT,House,82,48
VT,House,83,45
VT,House,84,34
VT,House,85,57
VT,House,86,46
VT,House,87,63
VT,House,88,72
VT,House,89,73
VT,House,90,94
VT,House,91,78
VT,House,92,90
VT,House,93,113
VT,House,94,121
VT,House,95,131
VT,House,96,129
VT,House,97,140
VT,House,98,145
VT,House,99,176
VT,House,100,188
VT,House,101,191
VT,House,102,183
VT,House,103,205
VT,House,104,228
VT,House,105,241
VT,House,106,230
VT,House,107,225
VT,House,108,279
VT,House,109,282
VT,House,110,329
VT,House,111,322
VT,House,112,336
VT,House,113,312
VT,House,114,342
VT,House,115,320
VT,House,116,344
VT,House,117,339
VT,House,118,330
VT,House,119,333
VT,House,120,342
VT,House,121,299
VT,House,122,288
VT,House,123,245
VT,House,124,243
VT,House,125,216
VT,House,126,198
VT,House,127,137
VT,House,128,136
VT,House,129,81
VT,House,130,71
VT,House,131,55
VT,House,132,42
VT,House,133,23
VT,House,134,16
VT,House,135,20
VT,House,136,10
VT,House,137,10
VT,House,138,6
VT,House,139,5
VT,House,140,1
VT,House,141,4
VT,House,142,1
VT,House,143,1
VT,House,145,2
VT,House,148,1
VT,Senate,13,1
VT,Senate,14,2
VT,Senate,15,6
VT,Senate,16,16
VT,Senate,17,54
VT,Senate,18,138
VT,Senate,19,311
VT,Senate,20,593
VT,Senate,21,1247
VT,Senate,22,1834
VT,Senate,23,2275
VT,Senate,24,1841
VT,Senate,25,1152
VT,Senate,26,339
VT,Senate,27,117
VT,Senate,28,42
VT,Senate,29,23
VT,Senate,30,9
WA,House,19,1
WA,House,23,1
WA,House,25,2
WA,House,27,3
WA,House,29,2
WA,House,32,5
WA,House,33,2
WA,House,34,5
WA,House,35,7
WA,House,36,2
WA,House,37,4
WA,House,38,6
WA,House,39,9
WA,House,40,7
WA,House,41,12
WA,House,42,18
WA,House,43,19
WA,House,44,18
WA,House,45,25
WA,House,46,26
WA,House,47,33
WA,House,48,31
WA,House,49,52
WA,House,50,53
WA,House,51,81
WA,House,52,103
WA,House,53,101
WA,House,54,147
WA,House,55,185
WA,House,56,198
WA,House,57,255
WA,House,58,345
WA,House,59,415
WA,House,60,536
WA,House,61,575
WA,House,62,618
WA,House,63,647
WA,House,64,598
WA,House,65,533
WA,House,66,542
WA,House,67,478
WA,House,68,434
WA,House,69,431
WA,House,70,369
WA,House,71,306
WA,House,72,287
WA,House,73,232
WA,House,74,199
WA,House,75,162
WA,House,76,155
WA,House,77,132
WA,House,78,121
WA,House,79,98
WA,House,80,76
WA,House,81,66
WA,House,82,43
WA,House,83,45
WA,House,84,30
WA,House,85,35
WA,House,86,22
WA,House,87,11
WA,House,88,19
WA,House,89,9
WA,House,90,10
WA,House,92,3
WA,House,93,3
WA,House,94,2
WA,Senate,18,1
WA,Senate,19,5
WA,Senate,20,6
WA,Senate,21,6
WA,Senate,22,17
WA,Senate,23,20
WA,Senate,24,35
WA,Senate,25,68
WA,Senate,26,132
WA,Senate,27,275
WA,Senate,28,471
WA,Senate,29,1260
WA,Senate,30,3518
WA,Senate,31,2493
WA,Senate,32,1216
WA,Senate,33,331
WA,Senate,34,104
WA,Senate,35,26
WA,Senate,36,13
WA,Senate,37,3
WV,House of Delegates,0,1
WV,House of Delegates,1,5
WV,House of Delegates,2,6
WV,House of Delegates,3,16
WV,House of Delegates,4,32
WV,House of Delegates,5,71
WV,House of Delegates,6,162
WV,House of Delegates,7,382
WV,House of Delegates,8,1117
WV,House of Delegates,9,1319
WV,House of Delegates,10,1151
WV,House of Delegates,11,951
WV,House of Delegates,12,765
WV,House of Delegates,13,638
WV,House of Delegates,14,531
WV,House of Delegates,15,453
WV,House of Delegates,16,380
WV,House of Delegates,17,291
WV,House of Delegates,18,227
WV,House of Delegates,19,222
WV,House of Delegates,20,182
WV,House of Delegates,21,160
WV,House of Delegates,22,132
WV,House of Delegates,23,117
WV,House of Delegates,24,90
WV,House of Delegates,25,80
WV,House of Delegates,26,71
WV,House of Delegates,27,60
WV,House of Delegates,28,52
WV,House of Delegates,29,43
WV,House of Delegates,30,39
WV,House of Delegates,31,39
WV,House of Delegates,32,31
WV,House of Delegates,33,29
WV,House of Delegates,34,24
WV,House of Delegates,35,17
WV,House of Delegates,36,10
WV,House of Delegates,37,16
WV,House of Delegates,38,13
WV,House of Delegates,39,13
WV,House of Delegates,40,10
WV,House of Delegates,41,6
WV,House of Delegates,42,7
WV,House of Delegates,43,6
WV,House of Delegates,44,1
WV,House of Delegates,45,4
WV,House of Delegates,46,6
WV,House of Delegates,47,5
WV,House of Delegates,48,4
WV,House of Delegates,49,2
WV,House of Delegates,50,2
WV,House of Delegates,53,1
WV,House of Delegates,56,3
WV,House of Delegates,57,1
WV,House of Delegates,60,1
WV,House of Delegates,61,2
WV,House of Delegates,65,1
WV,Senate,1,3475
WV,Senate,2,3549
WV,Senate,3,1534
WV,Senate,4,716
WV,Senate,5,354
WV,Senate,6,189
WV,Senate,7,96
WV,Senate,8,36
WV,Senate,9,31
WV,Senate,10,6
WV,Senate,11,8
WV,Senate,12,2
WV,Senate,13,3
WV,Senate,14,1
WI,Assembly,15,1
WI,Assembly,18,1
WI,Assembly,19,1
WI,Assembly,22,5
WI,Assembly,23,5
WI,Assembly,24,6
WI,Assembly,25,7
WI,Assembly,26,11
WI,Assembly,27,7
WI,Assembly,28,8
WI,Assembly,29,18
WI,Assembly,30,21
WI,Assembly,31,18
WI,Assembly,32,32
WI,Assembly,33,34
WI,Assembly,34,45
WI,Assembly,35,70
WI,Assembly,36,66
WI,Assembly,37,83
WI,Assembly,38,96
WI,Assembly,39,135
WI,Assembly,40,157
WI,Assembly,41,171
WI,Assembly,42,190
WI,Assembly,43,262
WI,Assembly,44,326
WI,Assembly,45,401
WI,Assembly,46,470
WI,Assembly,47,548
WI,Assembly,48,582
WI,Assembly,49,566
WI,Assembly,50,589
WI,Assembly,51,572
WI,Assembly,52,529
WI,Assembly,53,455
WI,Assembly,54,407
WI,Assembly,55,391
WI,Assembly,56,351
WI,Assembly,57,339
WI,Assembly,58,268
WI,Assembly,59,236
WI,Assembly,60,231
WI,Assembly,61,183
WI,Assembly,62,146
WI,Assembly,63,132
WI,Assembly,64,121
WI,Assembly,65,94
WI,Assembly,66,88
WI,Assembly,67,82
WI,Assembly,68,55
WI,Assembly,69,46
WI,Assembly,70,41
WI,Assembly,71,57
WI,Assembly,72,33
WI,Assembly,73,33
WI,Assembly,74,28
WI,Assembly,75,15
WI,Assembly,76,23
WI,Assembly,77,23
WI,Assembly,78,6
WI,Assembly,79,13
WI,Assembly,80,6
WI,Assembly,81,10
WI,Assembly,82,5
WI,Assembly,83,7
WI,Assembly,84,11
WI,Assembly,85,4
WI,Assembly,86,3
WI,Assembly,87,9
WI,Assembly,88,3
WI,Assembly,89,5
WI,Assembly,90,4
WI,Assembly,91,1
WI,Assembly,94,1
WI,Assembly,95,1
WI,Senate,10,1
WI,Senate,11,24
WI,Senate,12,57
WI,Senate,13,159
WI,Senate,14,451
WI,Senate,15,880
WI,Senate,16,1390
WI,Senate,17,1956
WI,Senate,18,1845
WI,Senate,19,1435
WI,Senate,20,833
WI,Senate,21,475
WI,Senate,22,247
WI,Senate,23,147
WI,Senate,24,59
WI,Senate,25,26
WI,Senate,26,14
WI,Senate,27,1
WY,House,0,5
WY,House,1,10
WY,House,2,69
WY,House,3,141
WY,House,4,378
WY,House,5,911
WY,House,6,1703
WY,House,7,1993
WY,House,8,1683
WY,House,9,1020
WY,House,10,599
WY,House,11,403
WY,House,12,283
WY,House,13,158
WY,House,14,155
WY,House,15,93
WY,House,16,73
WY,House,17,63
WY,House,18,45
WY,House,19,38
WY,House,20,28
WY,House,21,22
WY,House,22,23
WY,House,23,18
WY,House,24,15
WY,House,25,9
WY,House,26,13
WY,House,27,3
WY,House,28,9
WY,House,29,6
WY,House,30,7
WY,House,31,1
WY,House,32,3
WY,House,33,1
WY,House,34,3
WY,House,35,4
WY,House,36,2
WY,House,37,1
WY,House,38,2
WY,House,41,1
WY,House,42,2
WY,House,43,2
WY,House,45,1
WY,House,46,1
WY,Senate,0,34
WY,Senate,1,326
WY,Senate,2,5841
WY,Senate,3,2663
WY,Senate,4,641
WY,Senate,5,220
WY,Senate,6,122
WY,Senate,7,59
WY,Senate,8,34
WY,Senate,9,25
WY,Senate,10,21
WY,Senate,11,6
WY,Senate,12,2
WY,Senate,13,3
WY,Senate,14,1
WY,Senate,15,1
WY,Senate,16,1
