as_of,race_code,race_type,state,district,dem_name,rep_name,incumbent_party,seat_holder,margin,dem_prob,rep_prob,rating,lean,gcb,fundamentals,fundraising,candidates,pres_2024,poll_dem,poll_rep,poll_count,polling_avg,dem_funds,rep_funds,ind_name,ind_party_label,ind_pct,ind_prob,dem_pct,rep_pct,oth_pct
2026-10-09,AK-GOV,governor,AK,GOV,Jonathan Kreiss-Tomkins,Bernadette Wilson,,REP,10.82,98.8,1.2,Safe D,-13.27,7.04,-7.29,0.0,0.0,-13.8,41.99,46.91,4,-4.57,0,0,,,0.0,0.0,47.18,52.82,0.0
2026-10-09,AL-GOV,governor,AL,GOV,Doug Jones,Tommy Tuberville,,REP,-15.73,0.6,99.4,Safe R,-29.66,7.04,-19.73,0.0,3.37,-30.88,38.2,49.7,3,-8.49,0,16266279,,,0.0,0.0,42.13,57.87,0.0
2026-10-09,AR-GOV,governor,AR,GOV,Fredrick Love,Sarah Huckabee Sanders,REP,REP,-17.95,0.4,99.6,Safe R,-30.62,7.04,-24.21,0.0,-0.13,-31.57,40.0,45.0,1,-3.17,0,0,Colt Shelby,Libertarian,7.0,0.0,38.15,54.85,0.0
2026-10-09,AZ-GOV,governor,AZ,GOV,Katie Hobbs,Andy Biggs,DEM,DEM,10.31,96.6,3.4,Safe D,-4.25,7.04,10.1,0.94,6.01,-5.59,46.33,37.27,19,11.22,9827820,2787170,Risa Lombardo,Green,1.28,0.0,54.45,44.27,0.0
2026-10-09,CA-GOV,governor,CA,GOV,Xavier Becerra,Steve Hilton,,DEM,25.12,99.9,0.1,Safe D,23.42,7.04,31.6,0.25,0.0,20.82,53.84,34.91,10,19.78,24217949,17445485,,,0.0,0.0,62.56,37.44,0.0
2026-10-09,CO-GOV,governor,CO,GOV,Phil Weiser,Victor Marx,,DEM,19.99,99.8,0.2,Safe D,11.48,7.04,19.14,0.64,0.0,11.29,50.1,37.8,1,17.0,6951032,2935521,Greg Lopez,Independent,3.6,0.0,57.84,38.56,0.0
2026-10-09,CT-GOV,governor,CT,GOV,Ned Lamont,Ryan Fazio,DEM,DEM,19.7,99.8,0.2,Safe D,15.88,7.04,21.81,0.0,-1.03,14.76,53.97,37.47,7,17.69,0,0,,,0.0,0.0,59.85,40.15,0.0
2026-10-09,FL-GOV,governor,FL,GOV,David Jolly,Byron Donalds,,REP,-4.25,21.8,78.2,Likely R,-10.43,7.04,-5.51,-2.16,-0.47,-13.22,43.41,46.95,25,-3.48,5531882,99442171,Scott Eckhard Jewett,Libertarian,0.5,0.0,47.63,51.87,0.0
2026-10-09,GA-GOV,governor,GA,GOV,Keisha Lance Bottoms,Rick Jackson,,REP,0.91,56.4,43.6,Toss-up,-1.84,7.04,2.82,-2.26,0.0,-2.21,44.66,46.29,11,-0.74,5774631,118984243,,,0.0,0.0,50.45,49.55,0.0
2026-10-09,HI-GOV,governor,HI,GOV,Josh Green,Gary Cordery,DEM,DEM,33.97,100.0,0.0,Safe D,25.72,7.04,33.97,0.0,1.67,23.56,,,0,,0,0,,,0.0,0.0,66.98,33.02,0.0
2026-10-09,IA-GOV,governor,IA,GOV,Rob Sand,Zach Lahn,,REP,8.83,92.9,7.1,Likely D,-12.13,7.04,7.12,2.06,10.86,-13.45,51.39,42.37,17,9.74,19860206,1218702,,,0.0,0.0,54.42,45.58,0.0
2026-10-09,ID-GOV,governor,ID,GOV,Terri Pickens,Brad Little,REP,REP,-31.88,0.0,100.0,Safe R,-36.27,7.04,-43.91,-1.82,-12.37,-37.52,28.16,41.99,2,-13.65,136953,2057743,Paul Sand,Libertarian,10.3,0.0,30.55,59.15,0.0
2026-10-09,IL-GOV,governor,IL,GOV,JB Pritzker,Darren Bailey,DEM,DEM,19.76,99.8,0.2,Safe D,12.91,7.04,21.77,1.84,-0.02,11.14,54.0,34.0,2,17.2,25619035,2166962,Collin Corbett,Independent,5.99,0.0,56.29,37.72,0.0
2026-10-09,KS-GOV,governor,KS,GOV,Cindy Holscher,Ty Masterson,,DEM,-5.98,15.8,84.2,Likely R,-16.42,7.04,-9.81,0.0,0.0,-16.41,44.43,48.39,7,-3.74,0,0,,,0.0,0.0,47.01,52.99,0.0
2026-10-09,MA-GOV,governor,MA,GOV,Maura Healey,Mike Minogue,DEM,DEM,29.05,100.0,0.0,Safe D,27.8,7.04,35.62,0.0,1.13,25.91,53.67,33.28,10,21.57,0,0,Andrea James,Independent,1.05,0.0,63.85,35.1,0.0
2026-10-09,MD-GOV,governor,MD,GOV,Wes Moore,Dan Cox,DEM,DEM,34.48,100.0,0.0,Safe D,30.37,7.04,40.76,0.0,3.43,29.51,51.63,24.63,2,27.09,0,0,Andy Ellis,Green,2.73,0.0,65.4,31.87,0.0
2026-10-09,ME-GOV,governor,ME,GOV,Hannah Pingree,Robert Charles,,DEM,12.8,99.0,1.0,Safe D,7.36,7.04,13.43,0.0,0.0,7.09,50.61,38.57,14,12.76,0,0,Rick Bennett,Independent,3.88,0.0,54.21,41.91,0.0
2026-10-09,MI-GOV,governor,MI,GOV,Jocelyn Benson,John James,,DEM,11.54,98.8,1.2,Safe D,-0.43,7.04,16.17,0.21,9.97,-1.44,50.45,42.81,38,8.23,5958887,4492470,Anthony Hudson,Libertarian,0.5,0.0,55.49,44.01,0.0
2026-10-09,MN-GOV,governor,MN,GOV,Amy Klobuchar,Lisa Demuth,,DEM,11.19,98.6,1.4,Safe D,4.83,7.04,11.85,0.82,-0.12,4.34,48.56,38.79,7,11.7,13333454,4435753,Steven Young and Jane Kirby,Green,2.35,0.0,54.29,43.36,0.0
2026-10-09,NE-GOV,governor,NE,GOV,Lynne Walz,Jim Pillen,REP,REP,-8.7,7.5,92.5,Likely R,-20.91,7.04,-17.6,0.0,-3.25,-20.84,40.06,43.7,7,-3.32,0,0,Brett Lindstrom,America First,1.41,0.0,45.01,53.58,0.0
2026-10-09,NH-GOV,governor,NH,GOV,Cinde Warmington,Kelly Ayotte,REP,REP,-9.87,4.5,95.5,Safe R,3.63,7.04,-11.37,-1.39,-19.79,2.82,40.69,50.06,11,-8.9,908163,6079166,Stephen Villee,Libertarian,0.5,0.0,44.84,54.66,0.0
2026-10-09,NM-GOV,governor,NM,GOV,Deb Haaland,Gregg Hull,,DEM,9.46,94.5,5.5,Likely D,7.41,7.04,11.13,1.95,-6.39,6.14,46.72,39.87,4,7.38,13910580,987856,,,0.0,0.0,54.73,45.27,0.0
2026-10-09,NV-GOV,governor,NV,GOV,Aaron Ford,Joe Lombardo,REP,REP,3.7,75.7,24.3,Likely D,-1.57,7.04,7.19,0.47,0.85,-3.15,40.86,41.45,12,0.4,4285307,2275075,Danielle Ford,Independent,4.79,0.0,49.36,45.85,0.0
2026-10-09,NY-GOV,governor,NY,GOV,Kathy Hochul,Bruce Blakeman,DEM,DEM,14.46,99.3,0.7,Safe D,15.56,7.04,15.39,0.16,-7.5,12.68,53.55,40.35,24,13.65,16594119,13445025,,,0.0,0.0,57.23,42.77,0.0
2026-10-09,OH-GOV,governor,OH,GOV,Amy Acton,Vivek Ramaswamy,,REP,0.92,56.5,43.5,Toss-up,-10.38,7.04,-4.51,-0.48,0.0,-11.31,48.87,44.29,26,5.02,15928993,30306297,Don Kissick,Libertarian,0.5,0.0,50.21,49.29,0.0
2026-10-09,OK-GOV,governor,OK,GOV,Cyndi Munson,Mike Mazzei,,REP,-28.65,0.0,100.0,Safe R,-34.86,7.04,-28.52,0.0,0.0,-34.95,,,0,,0,0,Jerry Griffin,Independent,2.62,0.0,34.74,62.64,0.0
2026-10-09,OR-GOV,governor,OR,GOV,Tina Kotek,Christine Drazan,DEM,DEM,3.24,72.6,27.4,Lean D,15.18,7.04,8.47,0.0,-13.29,14.89,45.44,44.79,7,0.49,0,0,Brett Smith,Green,3.72,0.0,49.7,46.58,0.0
2026-10-09,PA-GOV,governor,PA,GOV,Josh Shapiro,Stacy Garrity,DEM,DEM,20.73,99.8,0.2,Safe D,-0.99,7.04,19.09,1.95,11.61,-1.75,56.63,35.51,19,21.77,34960533,2545436,Kenneth V. Krawchuk,Libertarian,0.61,0.0,60.0,39.39,0.0
2026-10-09,RI-GOV,governor,RI,GOV,Helena Foulkes,Aaron Guckian,,DEM,22.56,99.9,0.1,Safe D,15.75,7.04,22.59,0.0,0.0,14.16,41.75,17.47,4,25.01,0,0,Ken Block,Independent,23.27,0.0,47.02,29.71,0.0
2026-10-09,SC-GOV,governor,SC,GOV,Jermaine Johnson,Alan Wilson,,REP,-8.86,7.1,92.9,Likely R,-16.61,7.04,-8.41,1.47,0.07,-18.12,39.66,47.0,2,-8.35,753609,62585,Walid Hakim,Green,1.87,0.0,44.72,53.41,0.0
2026-10-09,SD-GOV,governor,SD,GOV,Dan Ahlers,Larry Rhoden,REP,REP,-24.03,0.1,99.9,Safe R,-29.41,7.04,-24.03,0.0,-0.64,-29.98,,,0,,0,0,,,0.0,0.0,37.99,62.01,0.0
2026-10-09,TN-GOV,governor,TN,GOV,Jerri Green,Marsha Blackburn,,REP,-14.25,0.8,99.2,Safe R,-28.6,7.04,-18.37,0.0,3.73,-30.12,33.69,48.98,4,-14.18,0,0,Lauren Pinkston,Independent,7.78,0.0,39.54,52.68,0.0
2026-10-09,TX-GOV,governor,TX,GOV,Gina Hinojosa,Greg Abbott,REP,REP,-3.32,26.9,73.1,Lean R,-11.93,7.04,-8.3,-1.12,-3.33,-13.88,46.88,48.02,39,-0.43,21687161,96231114,Pat Dixon,Libertarian,0.5,0.0,48.1,51.4,0.0
2026-10-09,VT-GOV,governor,VT,GOV,Amanda Janoo,Phil Scott,REP,REP,-12.88,1.0,99.0,Safe R,33.44,7.04,-23.05,0.0,-62.58,32.77,39.31,43.78,5,-3.98,0,0,Dean Roy,Freedom and Unity,1.34,0.0,42.97,55.69,0.0
2026-10-09,WI-GOV,governor,WI,GOV,David Crowley,Tom Tiffany,,DEM,3.8,76.3,23.7,Likely D,-0.43,7.04,4.47,-1.76,0.28,-0.87,47.07,44.84,8,3.13,1426778,15315779,,,0.0,0.0,51.9,48.1,0.0
2026-10-09,WY-GOV,governor,WY,GOV,Kenneth Casner,Eric Barlow,,REP,-39.1,0.0,100.0,Safe R,-46.77,7.04,-40.37,0.0,0.0,-46.96,,,0,,0,1673103,Rebecca Bextel,Constitution,3.91,0.0,29.26,66.83,0.0
2026-10-09,AK-01,house,AK,01,(No Democrat),Nick Begich III,REP,REP,-2.95,29.0,71.0,Lean R,-2.54,7.04,1.17,-0.6,-1.67,-13.8,34.98,46.47,8,-11.0,0,5470446,Bill Hill,Independent,45.21,29.0,3.8,49.79,1.2
2026-10-09,AL-01,house,AL,01,Clyde Jones,Jerry Carl,,REP,-24.8,0.1,99.9,Safe R,-29.53,7.04,-24.8,-1.75,0.0,-36.34,,,0,,85968,1162583,,,0.0,0.0,37.6,62.4,0.0
2026-10-09,AL-02,house,AL,02,Shomari Figures,Rhett Marques,DEM,DEM,0.23,51.6,48.4,Toss-up,-7.75,7.04,1.05,-0.44,2.48,-14.46,45.19,45.62,3,-1.46,1355789,1318574,,,0.0,0.0,50.11,49.89,0.0
2026-10-09,AL-03,house,AL,03,Lee McInnis,Mike Rogers,REP,REP,-37.77,0.0,100.0,Safe R,-40.3,7.04,-37.77,-2.23,-1.67,-47.04,,,0,,60787,2133554,,,0.0,0.0,31.12,68.88,0.0
2026-10-09,AL-04,house,AL,04,Amanda Pusczek,Robert Aderholt,REP,REP,-57.95,0.0,100.0,Safe R,-60.55,7.04,-57.95,-2.1,-1.67,-66.99,,,0,,15591,1022664,,,0.0,0.0,21.03,78.97,0.0
2026-10-09,AL-05,house,AL,05,Andrew Sneed,Dale Strong,REP,REP,-19.87,0.2,99.8,Safe R,-24.09,7.04,-19.87,-0.59,-1.67,-29.51,,,0,,646512,1477819,,,0.0,0.0,40.07,59.93,0.0
2026-10-09,AL-06,house,AL,06,Maurice Mercer,Gary Palmer,REP,REP,-27.56,0.0,100.0,Safe R,-29.61,7.04,-27.56,-2.26,-2.19,-34.79,,,0,,6539,1053566,,,0.0,0.0,36.22,63.78,0.0
2026-10-09,AL-07,house,AL,07,Terri Sewell,Ammie Akin,DEM,DEM,37.58,100.0,0.0,Safe D,24.62,7.04,37.58,1.73,4.31,17.99,,,0,,1961991,150730,,,0.0,0.0,68.79,31.21,0.0
2026-10-09,AR-01,house,AR,01,Terri Green,Rick Crawford,REP,REP,-38.13,0.0,100.0,Safe R,-39.12,7.04,-38.65,-1.62,-4.28,-46.4,,,0,,65149,944302,Steve G. Parsons,Libertarian,2.62,0.0,30.12,67.26,0.0
2026-10-09,AR-02,house,AR,02,Chris Jones,French Hill,REP,REP,-3.04,28.8,71.2,Lean R,-9.91,7.04,-5.53,-1.02,-1.12,-16.22,48.0,44.0,2,5.82,1174414,4421510,,,0.0,0.0,48.48,51.52,0.0
2026-10-09,AR-03,house,AR,03,Robb Ryerse,Steve Womack,REP,REP,-20.8,0.2,99.8,Safe R,-20.1,7.04,-21.51,-1.82,-6.29,-25.81,,,0,,120526,1871761,Bobby Wilson,Libertarian,3.55,0.0,38.19,58.26,0.0
2026-10-09,AR-04,house,AR,04,James Russell,Bruce Westerman,REP,REP,-34.77,0.0,100.0,Safe R,-33.48,7.04,-34.77,-2.88,-4.96,-40.73,,,0,,5853,2562973,,,0.0,0.0,32.62,67.38,0.0
2026-10-09,AZ-01,house,AZ,01,Amish Shah,Jay Feely,,REP,5.91,84.0,16.0,Likely D,1.72,7.04,8.24,-0.22,0.0,-3.14,44.4,41.6,1,2.99,1830193,2528497,Monica Alponte,Libertarian,1.88,0.0,51.96,46.16,0.0
2026-10-09,AZ-02,house,AZ,02,Jonathan Nez,Eli Crane,REP,REP,2.32,66.3,33.7,Lean D,-9.42,7.04,4.09,-0.67,7.81,-15.12,43.5,45.67,2,-3.34,3519760,9481428,Curtis Goodwin,Libertarian,1.16,0.0,50.56,48.28,0.0
2026-10-09,AZ-03,house,AZ,03,Yassamin Ansari,(no Republican filed),DEM,DEM,62.33,100.0,0.0,Safe D,47.42,7.04,63.02,0.0,6.47,40.31,,,0,,1436333,0,Alan Aversa,No Labels,2.31,0.0,77.42,17.96,2.31
2026-10-09,AZ-04,house,AZ,04,Greg Stanton,Zuhdi Jasser,DEM,DEM,22.42,99.9,0.1,Safe D,11.26,7.04,22.56,1.03,3.02,6.76,,,0,,2117114,564641,Tisha Benoit,No Labels,2.75,0.0,59.53,37.72,0.0
2026-10-09,AZ-05,house,AZ,05,Elizabeth Lee,Mark Lamb,,REP,-10.24,3.6,96.4,Safe R,-15.64,7.04,-10.24,-1.44,0.0,-20.19,,,0,,153111,1222217,,,0.0,0.0,44.88,55.12,0.0
2026-10-09,AZ-06,house,AZ,06,JoAnna Mendoza,Juan Ciscomani,REP,REP,6.98,87.4,12.6,Likely D,3.17,7.04,8.63,0.22,-1.91,-0.76,46.96,44.87,3,1.79,7354808,6172867,Jereme Peters,Libertarian,2.12,0.0,51.22,44.54,2.12
2026-10-09,AZ-07,house,AZ,07,Adelita Grijalva,Daniel Butierez,DEM,DEM,41.94,100.0,0.0,Safe D,29.46,7.04,41.94,1.53,2.05,22.39,,,0,,2285639,224367,,,0.0,0.0,70.97,29.03,0.0
2026-10-09,AZ-08,house,AZ,08,Bernadette Greene-Placentia,Abraham Hamadeh,REP,REP,-7.27,11.6,88.4,Likely R,-12.13,7.04,-7.27,-1.18,-0.95,-16.48,,,0,,209358,1206361,,,0.0,0.0,46.36,53.64,0.0
2026-10-09,AZ-09,house,AZ,09,Danielle Sterbinsky,Paul Gosar,REP,REP,-20.4,0.2,99.8,Safe R,-26.26,7.04,-20.4,-0.33,-1.21,-31.34,,,0,,354383,580042,,,0.0,0.0,39.8,60.2,0.0
2026-10-09,CA-01,house,CA,01,Mike McGuire,James Gallagher,REP,REP,20.74,99.8,0.2,Safe D,15.04,7.04,20.74,0.22,-1.67,12.63,,,0,,1827711,1488906,,,0.0,0.0,60.37,39.63,0.0
2026-10-09,CA-02,house,CA,02,Jared Huffman,Robin Littau,DEM,DEM,34.81,100.0,0.0,Safe D,27.41,7.04,34.81,0.0,0.77,25.45,,,0,,978277,0,,,0.0,0.0,67.4,32.6,0.0
2026-10-09,CA-03,house,CA,03,Amerish Bera,Robb Tucker,DEM,DEM,22.62,99.9,0.1,Safe D,12.4,7.04,22.62,1.08,2.23,10.55,,,0,,1250126,258139,,,0.0,0.0,61.31,38.69,0.0
2026-10-09,CA-04,house,CA,04,Mike Thompson,(no Republican — top-two),DEM,DEM,40.0,100.0,0.0,Safe D,17.87,7.04,28.04,0.0,2.74,14.96,,,0,,4204013,0,,,0.0,0.0,100.0,0.0,0.0
2026-10-09,CA-05,house,CA,05,Michael Masuda,Tom McClintock,REP,REP,-16.74,0.5,99.5,Safe R,-18.65,7.04,-16.74,-0.65,-4.77,-21.2,,,0,,361735,928788,,,0.0,0.0,41.63,58.37,0.0
2026-10-09,CA-06,house,CA,06,Richard Pan,Kevin Kiley,IND,IND,13.99,99.2,0.8,Safe D,10.84,7.04,13.99,-0.25,-3.7,8.67,,,0,,1098283,2988805,,,0.0,0.0,57.0,43.0,0.0
2026-10-09,CA-07,house,CA,07,Mai Vang,(no Republican — top-two),,DEM,40.0,100.0,0.0,Safe D,16.22,7.04,23.39,0.0,0.0,13.26,,,0,,1086084,0,,,0.0,0.0,100.0,0.0,0.0
2026-10-09,CA-08,house,CA,08,John Garamendi,Rudy Recile,DEM,DEM,50.33,100.0,0.0,Safe D,38.76,7.04,50.33,1.53,2.41,35.19,,,0,,489135,20073,,,0.0,0.0,75.16,24.84,0.0
2026-10-09,CA-09,house,CA,09,Josh Harder,John McBride,DEM,DEM,32.2,100.0,0.0,Safe D,16.9,7.04,32.2,2.78,4.61,11.8,,,0,,4083528,52178,,,0.0,0.0,66.1,33.9,0.0
2026-10-09,CA-10,house,CA,10,Mark DeSaulnier,Jeff Frese,DEM,DEM,44.37,100.0,0.0,Safe D,37.07,7.04,44.37,0.0,0.33,34.75,,,0,,567258,0,,,0.0,0.0,72.18,27.82,0.0
2026-10-09,CA-11,house,CA,11,Scott Wiener,(no Republican — top-two),,DEM,40.0,100.0,0.0,Safe D,73.62,7.04,80.35,0.0,0.0,70.62,,,0,,4561120,0,,,0.0,0.0,100.0,0.0,0.0
2026-10-09,CA-12,house,CA,12,Lateefah Simon,(no Republican — top-two),DEM,DEM,40.0,100.0,0.0,Safe D,80.37,7.04,89.34,0.0,1.67,77.64,,,0,,1449191,0,,,0.0,0.0,100.0,0.0,0.0
2026-10-09,CA-13,house,CA,13,Adam Gray,Kevin Lincoln,DEM,DEM,23.13,99.9,0.1,Safe D,6.47,7.04,23.13,0.5,7.04,0.51,,,0,,4192448,2237084,,,0.0,0.0,61.56,38.44,0.0
2026-10-09,CA-14,house,CA,14,Aisha Wahab,(no Republican — top-two),DEM,DEM,40.0,100.0,0.0,Safe D,40.3,7.04,49.12,0.0,1.67,36.2,,,0,,874398,0,,,0.0,0.0,100.0,0.0,0.0
2026-10-09,CA-15,house,CA,15,Kevin Mullin,Charles Hoelter,DEM,DEM,59.7,100.0,0.0,Safe D,53.39,7.04,59.7,0.0,-0.99,49.64,,,0,,819662,0,,,0.0,0.0,79.85,20.15,0.0
2026-10-09,CA-16,house,CA,16,Sam Liccardo,Peter Sundin Soulé,DEM,DEM,64.3,100.0,0.0,Safe D,52.51,7.04,64.3,3.19,1.67,49.91,,,0,,3489298,400,,,0.0,0.0,82.15,17.85,0.0
2026-10-09,CA-17,house,CA,17,Rohit Khanna,Ritesh Tandon,DEM,DEM,50.47,100.0,0.0,Safe D,44.74,7.04,50.47,3.69,-4.76,40.75,,,0,,13761491,37653,,,0.0,0.0,75.23,24.77,0.0
2026-10-09,CA-18,house,CA,18,Zoe Lofgren,Shane Lewis,DEM,DEM,45.14,100.0,0.0,Safe D,34.67,7.04,45.14,1.83,-0.49,29.37,,,0,,1721916,107049,,,0.0,0.0,72.57,27.43,0.0
2026-10-09,CA-19,house,CA,19,Jimmy Panetta,Peter Verbica,DEM,DEM,51.68,100.0,0.0,Safe D,38.23,7.04,51.68,2.46,3.85,35.64,,,0,,2887610,76324,,,0.0,0.0,75.84,24.16,0.0
2026-10-09,CA-20,house,CA,20,Sandra Van Scotter,Vince Fong,REP,REP,-27.14,0.0,100.0,Safe R,-30.73,7.04,-27.14,-2.51,-1.67,-32.98,,,0,,17086,1849356,,,0.0,0.0,36.43,63.57,0.0
2026-10-09,CA-21,house,CA,21,Jim Costa,Kyle Kirkland,DEM,DEM,22.37,99.9,0.1,Safe D,11.37,7.04,22.37,0.95,0.92,6.17,,,0,,1338630,338971,,,0.0,0.0,61.18,38.82,0.0
2026-10-09,CA-22,house,CA,22,Randy Villegas,David Valadao,REP,REP,8.2,91.1,8.9,Likely D,4.54,7.04,9.1,0.13,-5.26,-1.86,48.0,44.0,1,3.09,2645566,4927602,,,0.0,0.0,54.1,45.9,0.0
2026-10-09,CA-23,house,CA,23,Tessa Lynn Hodge,Jay Obernolte,REP,REP,-14.91,0.7,99.3,Safe R,-17.15,7.04,-14.91,-1.89,-3.99,-19.9,,,0,,79499,1455868,,,0.0,0.0,42.54,57.46,0.0
2026-10-09,CA-24,house,CA,24,Salud Carbajal,Robert Smith,DEM,DEM,38.12,100.0,0.0,Safe D,27.79,7.04,38.12,1.43,1.13,25.76,,,0,,1650355,203264,,,0.0,0.0,69.06,30.94,0.0
2026-10-09,CA-25,house,CA,25,Raul Ruiz,Joe Males,DEM,DEM,21.22,99.8,0.2,Safe D,10.01,7.04,21.22,0.58,1.67,5.97,,,0,,2093907,936496,,,0.0,0.0,60.61,39.39,0.0
2026-10-09,CA-26,house,CA,26,Jacqui Irwin,Samuel Gallucci,,DEM,27.28,100.0,0.0,Safe D,18.66,7.04,27.28,0.63,0.0,15.73,,,0,,822382,377078,,,0.0,0.0,63.64,36.36,0.0
2026-10-09,CA-27,house,CA,27,George Whitesides,Jason Gibbs,DEM,DEM,28.29,100.0,0.0,Safe D,13.79,7.04,28.29,1.74,4.43,10.06,,,0,,3963530,379440,,,0.0,0.0,64.15,35.85,0.0
2026-10-09,CA-28,house,CA,28,Judy Chu,April Verlato,DEM,DEM,41.24,100.0,0.0,Safe D,29.37,7.04,41.24,2.23,2.3,26.17,,,0,,930123,250,,,0.0,0.0,70.62,29.38,0.0
2026-10-09,CA-29,house,CA,29,Luz Rivas,(no Republican — top-two),DEM,DEM,40.0,100.0,0.0,Safe D,40.93,7.04,54.81,0.0,4.75,34.71,,,0,,670678,0,,,0.0,0.0,100.0,0.0,0.0
2026-10-09,CA-30,house,CA,30,Laura Friedman,Scott Alan Meyers,DEM,DEM,53.15,100.0,0.0,Safe D,44.39,7.04,53.15,1.57,0.0,41.41,,,0,,827895,58294,,,0.0,0.0,76.57,23.43,0.0
2026-10-09,CA-31,house,CA,31,Gilbert Cisneros,Eric Ching,DEM,DEM,17.44,99.6,0.4,Safe D,17.47,7.04,17.44,1.23,-10.02,12.61,,,0,,705263,96570,,,0.0,0.0,58.72,41.28,0.0
2026-10-09,CA-32,house,CA,32,Brad Sherman,Larry Thompson,DEM,DEM,40.85,100.0,0.0,Safe D,29.49,7.04,40.85,2.5,1.61,25.76,,,0,,2514330,52881,,,0.0,0.0,70.42,29.58,0.0
2026-10-09,CA-33,house,CA,33,Pete Aguilar,Stephanie Vargas,DEM,DEM,29.83,100.0,0.0,Safe D,15.84,7.04,29.83,0.0,4.9,10.12,,,0,,4722835,0,,,0.0,0.0,64.92,35.08,0.0
2026-10-09,CA-34,house,CA,34,Jimmy Gomez,(no Republican — top-two),DEM,DEM,40.0,100.0,0.0,Safe D,58.4,7.04,69.25,0.0,1.67,53.04,,,0,,1175128,0,,,0.0,0.0,100.0,0.0,0.0
2026-10-09,CA-35,house,CA,35,Norma Torres,Mike Cargile,DEM,DEM,27.74,100.0,0.0,Safe D,13.68,7.04,27.74,2.03,3.11,8.0,,,0,,769061,4759,,,0.0,0.0,63.87,36.13,0.0
2026-10-09,CA-36,house,CA,36,Ted Lieu,Houston Brignano,DEM,DEM,52.53,100.0,0.0,Safe D,42.99,7.04,52.53,2.66,0.02,40.42,,,0,,1832769,5139,,,0.0,0.0,76.26,23.74,0.0
2026-10-09,CA-37,house,CA,37,Sydney Kamlager-Dove,(no Republican — top-two),DEM,DEM,40.0,100.0,0.0,Safe D,67.41,7.04,78.01,0.0,1.67,62.31,,,0,,1150468,0,,,0.0,0.0,100.0,0.0,0.0
2026-10-09,CA-38,house,CA,38,Hilda Solis,Pedro Casas,,DEM,27.46,100.0,0.0,Safe D,18.55,7.04,27.46,0.0,0.0,12.8,,,0,,1049534,0,,,0.0,0.0,63.73,36.27,0.0
2026-10-09,CA-39,house,CA,39,Mark Takano,Steve Manos,DEM,DEM,26.77,100.0,0.0,Safe D,15.57,7.04,26.77,0.0,2.05,9.85,,,0,,893848,0,,,0.0,0.0,63.38,36.62,0.0
2026-10-09,CA-40,house,CA,40,(no Democrat — top-two),Ken Calvert,REP,REP,-40.0,0.0,100.0,Safe R,-10.65,7.04,-3.25,0.0,-0.16,-12.6,,,0,,0,6142469,,,0.0,0.0,0.0,100.0,0.0
2026-10-09,CA-41,house,CA,41,Linda Sanchez,Mitch Clemmons,DEM,DEM,32.59,100.0,0.0,Safe D,19.11,7.04,32.59,2.64,1.82,14.61,,,0,,1602790,1709,,,0.0,0.0,66.3,33.7,0.0
2026-10-09,CA-42,house,CA,42,Robert Garcia,Brian Burley,DEM,DEM,27.7,100.0,0.0,Safe D,16.35,7.04,27.7,1.69,2.11,13.57,,,0,,2615120,231371,,,0.0,0.0,63.85,36.15,0.0
2026-10-09,CA-43,house,CA,43,Maxine Waters,Cristian Morales,DEM,DEM,64.91,100.0,0.0,Safe D,56.32,7.04,64.91,0.0,-0.56,50.59,,,0,,863683,0,,,0.0,0.0,82.46,17.54,0.0
2026-10-09,CA-44,house,CA,44,Nanette Barragan,Genevieve Angel,DEM,DEM,60.34,100.0,0.0,Safe D,43.09,7.04,60.34,1.93,5.72,36.32,,,0,,785765,13898,,,0.0,0.0,80.17,19.83,0.0
2026-10-09,CA-45,house,CA,45,Derek Tran,Chuong Vo,DEM,DEM,22.08,99.9,0.1,Safe D,7.79,7.04,22.08,1.74,4.91,4.07,,,0,,4981277,495763,,,0.0,0.0,61.04,38.96,0.0
2026-10-09,CA-46,house,CA,46,Lou Correa,David Pan,DEM,DEM,40.85,100.0,0.0,Safe D,21.55,7.04,40.85,1.73,8.5,16.7,,,0,,1226104,80726,,,0.0,0.0,70.42,29.58,0.0
2026-10-09,CA-47,house,CA,47,Dave Min,Jenny Rae Le Roux,DEM,DEM,23.94,99.9,0.1,Safe D,12.88,7.04,23.94,1.61,2.57,10.47,,,0,,3381161,375883,,,0.0,0.0,61.97,38.03,0.0
2026-10-09,CA-48,house,CA,48,Marni von Wilpert,Jim Desmond,,REP,10.8,97.7,2.3,Safe D,5.16,7.04,13.57,0.51,0.0,3.52,46.42,39.33,3,7.61,2174872,2258836,,,0.0,0.0,55.4,44.6,0.0
2026-10-09,CA-49,house,CA,49,Mike Levin,Armen Kurdian,DEM,DEM,23.39,99.9,0.1,Safe D,14.08,7.04,23.39,2.54,-0.29,12.48,,,0,,3164023,58784,,,0.0,0.0,61.69,38.31,0.0
2026-10-09,CA-50,house,CA,50,Scott Peters,Steve Cohen,DEM,DEM,27.67,100.0,0.0,Safe D,20.33,7.04,27.67,0.0,0.44,18.83,,,0,,1810961,0,,,0.0,0.0,63.83,36.17,0.0
2026-10-09,CA-51,house,CA,51,Sara Jacobs,Ricardo Cabrera,DEM,DEM,28.89,100.0,0.0,Safe D,20.97,7.04,28.89,0.0,0.56,18.79,,,0,,1639893,0,,,0.0,0.0,64.45,35.55,0.0
2026-10-09,CA-52,house,CA,52,Juan Vargas,Jeff Belle,DEM,DEM,41.15,100.0,0.0,Safe D,24.06,7.04,41.15,1.58,6.46,18.06,,,0,,568520,25498,,,0.0,0.0,70.57,29.43,0.0
2026-10-09,CO-01,house,CO,01,Melat Kiros,Christy Peterson,,DEM,72.83,100.0,0.0,Safe D,63.75,7.04,72.32,1.19,0.0,57.61,,,0,,1091198,2057,Chad Humphrey,Libertarian,3.36,0.0,80.61,12.67,3.36
2026-10-09,CO-02,house,CO,02,Joe Neguse,Kelley Dennison,DEM,DEM,55.55,100.0,0.0,Safe D,45.49,7.04,54.82,0.0,2.69,40.92,,,0,,2742281,0,Gaylon Kent,Libertarian,3.65,0.0,74.94,21.41,0.0
2026-10-09,CO-03,house,CO,03,Dwayne Romero,Jeff Hurd,REP,REP,1.15,58.2,41.8,Toss-up,-4.97,7.04,1.07,-1.22,0.11,-9.98,45.0,46.0,1,-2.05,716576,3552599,Cory Robertson,Libertarian,3.28,0.0,48.92,47.8,0.0
2026-10-09,CO-04,house,CO,04,Eileen Laubacher,Lauren Boebert,REP,REP,-3.16,27.9,72.1,Lean R,-14.47,7.04,-2.76,1.62,3.47,-18.71,40.0,45.0,1,-7.62,10349940,1010297,Douglas Mangeris,Libertarian,9.0,0.0,44.06,46.94,0.0
2026-10-09,CO-05,house,CO,05,Jessica Killin,Jeff Crank,REP,REP,-4.25,21.8,78.2,Likely R,-5.52,7.04,-4.7,0.12,-6.17,-9.34,43.99,45.0,2,-2.02,3143744,2177288,"Mark ""Marky Jr"" Elworth",Libertarian,0.5,0.0,45.68,49.74,4.08
2026-10-09,CO-06,house,CO,06,Jason Crow,Jason Clark,DEM,DEM,36.22,100.0,0.0,Safe D,25.77,7.04,35.67,0.0,2.76,20.36,,,0,,3177447,0,Samir Ezzeldin Witta,Independent,3.7,0.0,63.07,29.53,3.7
2026-10-09,CO-07,house,CO,07,Brittany Pettersen,Tim Bennett,DEM,DEM,31.89,100.0,0.0,Safe D,19.49,7.04,31.33,2.12,3.03,15.41,,,0,,1866765,63306,Joe Krzeczkowski,Independent,3.74,0.0,61.01,31.51,3.74
2026-10-09,CO-08,house,CO,08,Manny Rutinel,Gabe Evans,REP,REP,7.99,90.5,9.5,Likely D,4.4,7.04,10.69,0.15,-1.67,-1.88,46.3,48.0,1,2.1,4336988,5393673,Dave Wood,Libertarian,3.72,0.0,51.99,44.29,0.0
2026-10-09,CT-01,house,CT,01,Luke Bronin,Amy Chai,,DEM,33.8,100.0,0.0,Safe D,25.68,7.04,34.31,1.59,0.0,23.27,,,0,,3070151,20827,Mary Sanders,Green,2.06,0.0,65.52,32.42,0.0
2026-10-09,CT-02,house,CT,02,Joe Courtney,George Austin,DEM,DEM,24.55,99.9,0.1,Safe D,9.62,7.04,24.55,0.6,7.88,7.86,,,0,,760424,313952,,,0.0,0.0,62.27,37.73,0.0
2026-10-09,CT-03,house,CT,03,Rosa DeLauro,Christopher Lancia,DEM,DEM,30.54,100.0,0.0,Safe D,16.75,7.04,30.64,2.19,4.74,14.34,,,0,,1152007,14649,Tom Egan,Independent Party,2.07,0.0,63.92,34.01,0.0
2026-10-09,CT-04,house,CT,04,Jim Himes,Michael Goldstein,DEM,DEM,37.0,100.0,0.0,Safe D,26.66,7.04,37.1,2.02,1.17,23.73,,,0,,1379560,46809,"Benjamin ""Ben"" Wesley",Independent Party,1.91,0.0,67.19,30.9,0.0
2026-10-09,CT-05,house,CT,05,Jahana Hayes,Chris Shea,DEM,DEM,16.63,99.5,0.5,Safe D,7.9,7.04,16.63,0.98,0.67,5.68,,,0,,1290078,311676,,,0.0,0.0,58.32,41.68,0.0
2026-10-09,DE-01,house,DE,01,Sarah McBride,Donyale Hall,DEM,DEM,33.03,100.0,0.0,Safe D,18.42,7.04,33.03,3.46,4.39,14.84,,,0,,5060925,779,,,0.0,0.0,66.51,33.49,0.0
2026-10-09,FL-01,house,FL,01,Gay Valimont,Jimmy Patronis,REP,REP,-30.72,0.0,100.0,Safe R,-33.34,7.04,-30.61,-2.11,-1.67,-37.53,,,0,,174309,3789738,Tyler L. Davis,Independent,2.21,0.0,33.87,63.92,0.0
2026-10-09,FL-02,house,FL,02,Amanda Green,Austin Rogers,,REP,-7.42,11.2,88.8,Likely R,-13.04,7.04,-7.42,-1.02,0.0,-18.33,,,0,,348120,1010277,,,0.0,0.0,46.29,53.71,0.0
2026-10-09,FL-03,house,FL,03,Seth Harp,Kat Cammack,REP,REP,-15.14,0.6,99.4,Safe R,-16.02,7.04,-15.06,-2.38,-3.43,-21.26,,,0,,37794,2045294,Mike Klein,Independent,1.71,0.0,41.7,56.59,0.0
2026-10-09,FL-04,house,FL,04,LaShonda Holloway,Aaron Bean,REP,REP,-6.45,14.2,85.8,Likely R,-7.41,7.04,-6.36,-2.52,-3.29,-11.96,,,0,,27348,2163376,Mike Sell,Forward,1.77,0.0,45.95,52.28,0.0
2026-10-09,FL-05,house,FL,05,Rachel Grage,John Rutherford,REP,REP,-15.48,0.6,99.4,Safe R,-17.22,7.04,-15.48,-0.66,-4.34,-21.69,,,0,,272423,726727,,,0.0,0.0,42.26,57.74,0.0
2026-10-09,FL-06,house,FL,06,Eric Yonce,Randy Fine,REP,REP,-21.93,0.1,99.9,Safe R,-25.16,7.04,-22.15,-1.98,-1.67,-30.31,,,0,,325710,4286207,Michael Gist,Independent,1.5,0.0,37.86,59.14,1.5
2026-10-09,FL-07,house,FL,07,Bale Dalton,Ryan Elijah,,REP,1.07,57.6,42.4,Toss-up,-7.48,7.04,0.68,1.01,0.0,-12.62,,,0,,1378109,355955,Christopher Dennison,Libertarian,1.99,0.0,49.53,48.48,0.0
2026-10-09,FL-08,house,FL,08,Jennifer Jenkins,Mike Haridopolos,REP,REP,-7.57,10.7,89.3,Likely R,-11.68,7.04,-7.12,-0.66,-1.67,-16.4,35.0,44.0,1,-9.74,725731,1824838,,,0.0,0.0,46.21,53.79,0.0
2026-10-09,FL-09,house,FL,09,Darren Soto,Dan Green,DEM,DEM,1.63,61.5,38.5,Lean D,-11.24,7.04,2.82,0.34,5.65,-17.93,41.0,41.0,1,-1.18,2157834,1298516,,,0.0,0.0,50.81,49.19,0.0
2026-10-09,FL-10,house,FL,10,Maxwell Frost,(no Republican filed),DEM,DEM,40.42,100.0,0.0,Safe D,30.3,7.04,40.42,0.0,2.11,24.29,,,0,,3474867,0,,,0.0,0.0,70.21,29.79,0.0
2026-10-09,FL-11,house,FL,11,James Pericola,Joe Strada,,REP,-5.05,19.0,81.0,Likely R,-10.96,7.04,-6.34,-2.59,0.0,-15.84,41.8,42.1,1,-1.39,119754,5248640,Ralph Groves,Libertarian,1.59,0.0,46.72,51.69,0.0
2026-10-09,FL-12,house,FL,12,Kimberly Overman,Gus Bilirakis,REP,REP,-10.06,4.0,96.0,Safe R,-9.46,7.04,-9.96,-1.47,-6.47,-15.55,,,0,,186813,1588538,Branden Scrivener,Independent,1.89,0.0,44.12,53.99,0.0
2026-10-09,FL-13,house,FL,13,Leela Gray,Anna Paulina Luna,REP,REP,-2.97,29.2,70.8,Lean R,-8.62,7.04,-2.81,-0.44,-0.35,-13.46,42.63,46.6,4,-2.99,1223069,3233312,Tony D'Arrigo,Independent,1.97,0.0,47.56,50.47,0.0
2026-10-09,FL-14,house,FL,14,Kathy Castor,Mike Beltran,DEM,DEM,8.7,92.5,7.5,Likely D,-5.33,7.04,7.74,-0.03,5.55,-10.62,46.2,37.5,1,11.04,2337999,2125730,Brian Lambert,Libertarian,1.99,0.0,53.27,44.74,0.0
2026-10-09,FL-15,house,FL,15,Robert People,Laurel Lee,REP,REP,-13.33,0.9,99.1,Safe R,-14.14,7.04,-13.33,-2.48,-3.69,-20.09,,,0,,40108,2346664,,,0.0,0.0,43.34,56.66,0.0
2026-10-09,FL-16,house,FL,16,Kelly Kirschner,Sydney Gruters,,REP,-4.12,22.3,77.7,Likely R,-8.19,7.04,-2.49,-1.14,0.0,-13.81,39.17,42.32,2,-5.74,296507,1087683,Mark Davis,Independent,1.68,0.0,47.13,51.19,0.0
2026-10-09,FL-17,house,FL,17,Matthew Montavon,Greg Steube,REP,REP,-16.19,0.5,99.5,Safe R,-16.71,7.04,-16.12,-1.69,-4.39,-22.24,,,0,,96489,1337887,Michael J. Quirk,Independent,1.5,0.0,41.28,57.22,0.0
2026-10-09,FL-18,house,FL,18,Curtis Gibson,Scott Franklin,REP,REP,-8.99,6.7,93.3,Likely R,-11.76,7.04,-8.9,-2.0,-2.65,-17.1,,,0,,12208,850000,Deva Simmons,Independent,1.69,0.0,44.74,53.57,0.0
2026-10-09,FL-19,house,FL,19,Victor Arias,Jim Schwartzel,,REP,-20.07,0.2,99.8,Safe R,-24.95,7.04,-20.0,-2.13,0.0,-30.42,,,0,,57816,2065485,Seth Haskin,Independent,1.5,0.0,39.36,59.14,0.0
2026-10-09,FL-20,house,FL,20,Debbie Wasserman Schultz,Brent Andersen,DEM,DEM,56.04,100.0,0.0,Safe D,44.16,7.04,56.12,2.43,1.67,37.5,,,0,,3300107,63849,Kedner Maxime,Independent Party of Florida,1.5,0.0,76.85,21.65,0.0
2026-10-09,FL-21,house,FL,21,James Martin,Brian Mast,REP,REP,-12.03,1.1,98.9,Safe R,-11.01,7.04,-11.95,-1.46,-6.47,-16.36,,,0,,579319,4308890,Alexander Cooke,Independent,1.5,0.0,43.33,55.17,0.0
2026-10-09,FL-22,house,FL,22,Pia Dandiya,Casey Askar,,DEM,2.65,68.6,31.4,Lean D,-3.36,7.04,4.45,-0.06,0.0,-10.6,49.55,49.33,2,-0.95,2284052,2587502,,,0.0,0.0,51.33,48.67,0.0
2026-10-09,FL-23,house,FL,23,Lois Frankel,Deborah Adeimy,DEM,DEM,33.98,100.0,0.0,Safe D,21.05,7.04,33.98,1.81,3.42,13.94,,,0,,2276254,162515,,,0.0,0.0,66.99,33.01,0.0
2026-10-09,FL-24,house,FL,24,Oliver Gilbert,Mayonna Te Brown,,DEM,57.01,100.0,0.0,Safe D,48.17,7.04,57.01,0.02,0.0,39.08,,,0,,812143,313318,,,0.0,0.0,78.51,21.49,0.0
2026-10-09,FL-25,house,FL,25,Jared Moskowitz,Scott Singer,DEM,DEM,9.42,94.4,5.6,Likely D,-1.55,7.04,8.72,-0.02,2.65,-9.22,51.0,39.0,1,11.41,2998428,2265702,Peter Jassenoff,Libertarian,1.5,0.0,53.89,44.61,0.0
2026-10-09,FL-26,house,FL,26,Nicole Locklin,Mario Diaz-Balart,REP,REP,-8.33,8.5,91.5,Likely R,-8.97,7.04,-8.26,-1.22,-8.17,-18.5,,,0,,347681,2060782,Deborah Ann Meidinger Hosey,Independent,1.5,0.0,45.15,53.35,0.0
2026-10-09,FL-27,house,FL,27,Eliott Rodriguez,Maria Salazar,REP,REP,-3.16,27.9,72.1,Lean R,-6.13,7.04,-3.83,-0.67,-7.1,-14.7,45.58,46.16,2,-2.17,661173,1999399,,,0.0,0.0,48.42,51.58,0.0
2026-10-09,FL-28,house,FL,28,Phil Ehr,Carlos Gimenez,REP,REP,-13.78,0.8,99.2,Safe R,-15.62,7.04,-13.7,-0.22,-7.91,-25.63,,,0,,438286,601254,Eddy Rojas,Independent,1.5,0.0,42.47,56.03,0.0
2026-10-09,GA-01,house,GA,01,Amanda Hollowell,Jim Kingston,,REP,-7.12,12.1,87.9,Likely R,-11.95,7.04,-7.12,-1.91,0.0,-15.92,,,0,,162500,1944528,,,0.0,0.0,46.44,53.56,0.0
2026-10-09,GA-02,house,GA,02,Sanford Bishop,Matt Day,DEM,DEM,25.52,99.9,0.1,Safe D,11.91,7.04,25.52,1.14,5.49,7.66,,,0,,1126530,206344,,,0.0,0.0,62.76,37.24,0.0
2026-10-09,GA-03,house,GA,03,Maura Keller,Brian Jack,REP,REP,-27.69,0.0,100.0,Safe R,-26.85,7.04,-27.69,-1.76,-5.67,-29.88,,,0,,150514,2045913,,,0.0,0.0,36.15,63.85,0.0
2026-10-09,GA-04,house,GA,04,Henry Johnson,James Duffie,DEM,DEM,66.83,100.0,0.0,Safe D,57.9,7.04,66.83,0.0,1.33,53.04,,,0,,402315,0,,,0.0,0.0,83.42,16.58,0.0
2026-10-09,GA-05,house,GA,05,Nikema Williams,John Salvesen,DEM,DEM,85.28,100.0,0.0,Safe D,76.31,7.04,85.28,0.0,1.79,72.33,,,0,,599715,0,,,0.0,0.0,92.64,7.36,0.0
2026-10-09,GA-06,house,GA,06,Lucy McBath,Kevin Martin,DEM,DEM,64.58,100.0,0.0,Safe D,53.44,7.04,64.58,2.07,1.78,50.34,,,0,,896856,10320,,,0.0,0.0,82.29,17.71,0.0
2026-10-09,GA-07,house,GA,07,Tony Kozycki,Rich McCormick,REP,REP,-15.19,0.6,99.4,Safe R,-18.84,7.04,-19.45,-1.01,-6.18,-22.27,43.0,46.0,1,-4.28,392831,1642413,,,0.0,0.0,42.4,57.6,0.0
2026-10-09,GA-08,house,GA,08,Kelly Esti,Austin Scott,REP,REP,-28.06,0.0,100.0,Safe R,-26.67,7.04,-28.06,-2.12,-6.01,-30.76,,,0,,19343,1124952,,,0.0,0.0,35.97,64.03,0.0
2026-10-09,GA-09,house,GA,09,Caitlyn Gegen,Andrew Clyde,REP,REP,-29.13,0.0,100.0,Safe R,-30.99,7.04,-29.13,-1.43,-3.57,-34.33,,,0,,43387,671072,,,0.0,0.0,35.44,64.56,0.0
2026-10-09,GA-10,house,GA,10,Pamela DeLancy,Houston Gaines,,REP,-14.76,0.7,99.3,Safe R,-17.93,7.04,-14.76,-2.86,-0.63,-20.93,,,0,,23080,2303880,,,0.0,0.0,42.62,57.38,0.0
2026-10-09,GA-11,house,GA,11,Chris Harden,John Cowan,,REP,-10.07,4.0,96.0,Safe R,-20.36,7.04,-15.87,-2.22,0.0,-23.52,42.0,40.0,1,0.16,74664,2347796,,,0.0,0.0,44.96,55.04,0.0
2026-10-09,GA-12,house,GA,12,Ceretta Smith,Rick Allen,REP,REP,-10.2,3.7,96.3,Safe R,-9.82,7.04,-10.2,-1.96,-5.19,-14.2,,,0,,26696,993220,,,0.0,0.0,44.9,55.1,0.0
2026-10-09,GA-13,house,GA,13,Jasmine Clark,Jonathan Chavez,,DEM,52.37,100.0,0.0,Safe D,45.06,7.04,52.37,0.0,-0.08,42.65,,,0,,1619079,0,,,0.0,0.0,76.19,23.81,0.0
2026-10-09,GA-14,house,GA,14,Shawn Harris,Clay Fuller,REP,REP,-20.25,0.2,99.8,Safe R,-34.28,7.04,-20.25,0.62,6.73,-37.03,,,0,,8098514,1846892,,,0.0,0.0,39.87,60.13,0.0
2026-10-09,HI-01,house,HI,01,Ed Case,Adriel Lam,DEM,DEM,49.73,100.0,0.0,Safe D,29.5,7.04,50.33,0.0,14.37,25.17,,,0,,1093795,0,Jordan S. Conley,Green,2.41,0.0,73.06,24.53,0.0
2026-10-09,HI-02,house,HI,02,Jill Tokuda,Brenton Awa,DEM,DEM,45.85,100.0,0.0,Safe D,27.23,7.04,45.85,1.21,10.72,22.06,,,0,,820678,122615,,,0.0,0.0,72.92,27.08,0.0
2026-10-09,IA-01,house,IA,01,Christina Bohannan,Mariannette Miller-Meeks,REP,REP,14.36,99.2,0.8,Safe D,0.32,7.04,16.83,0.12,10.1,-8.59,40.0,35.0,2,7.34,7051745,7208271,Michael Bridgford,Independent,11.0,0.0,50.89,38.11,0.0
2026-10-09,IA-02,house,IA,02,Lindsay James,Joe Mitchell,,REP,4.85,80.3,19.7,Likely D,-1.22,7.04,5.11,0.12,0.0,-10.13,38.62,36.14,2,1.98,1628201,1938593,Dave Bushaw,Independent,2.63,0.0,49.67,45.07,2.63
2026-10-09,IA-03,house,IA,03,Sarah Trone Garriott,Zach Nunn,REP,REP,7.99,90.5,9.5,Likely D,3.87,7.04,9.4,0.15,-1.03,-4.46,42.0,48.0,1,0.02,5293773,4869249,,,0.0,0.0,54.0,46.0,0.0
2026-10-09,IA-04,house,IA,04,Dave Dawson,Chris McGowan,,REP,-17.86,0.4,99.6,Safe R,-23.2,7.04,-17.86,-1.08,0.0,-31.9,,,0,,135722,679844,,,0.0,0.0,41.07,58.93,0.0
2026-10-09,ID-01,house,ID,01,Kaylee Peterson,Russ Fulcher,REP,REP,-31.65,0.0,100.0,Safe R,-43.23,7.04,-38.88,-0.84,-1.29,-46.2,34.91,45.03,2,-7.82,181024,662615,Sarah Zabel,Independent,5.99,0.0,30.83,59.37,3.81
2026-10-09,ID-02,house,ID,02,Elinor Gilbreath,Mike Simpson,REP,REP,-24.77,0.1,99.9,Safe R,-25.41,7.04,-25.52,-1.51,-5.22,-27.56,,,0,,106892,1118093,Tripp Charles Hutchinson,Independent,5.0,0.0,33.85,56.15,5.0
2026-10-09,IL-01,house,IL,01,Jonathan Jackson,Christian Maxwell,DEM,DEM,47.44,100.0,0.0,Safe D,38.34,7.04,47.44,1.06,0.87,32.27,,,0,,418350,63316,,,0.0,0.0,73.72,26.28,0.0
2026-10-09,IL-02,house,IL,02,Donna Miller,Michael Noack,,DEM,45.88,100.0,0.0,Safe D,38.48,7.04,45.88,0.0,0.0,33.6,,,0,,2452894,0,,,0.0,0.0,72.94,27.06,0.0
2026-10-09,IL-03,house,IL,03,Delia Ramirez,Angel Oakley,DEM,DEM,51.38,100.0,0.0,Safe D,37.68,7.04,51.38,2.45,2.93,31.81,,,0,,1465280,8080,,,0.0,0.0,75.69,24.31,0.0
2026-10-09,IL-04,house,IL,04,Patty Garcia,Lupe Castillo,,DEM,40.26,100.0,0.0,Safe D,36.77,7.04,46.04,0.0,0.0,28.79,34.0,15.0,1,20.93,358667,0,Chris Getty,Independent,9.0,0.0,61.82,26.33,2.85
2026-10-09,IL-05,house,IL,05,Mike Quigley,Tommy Hanson,DEM,DEM,49.67,100.0,0.0,Safe D,41.2,7.04,49.67,0.0,1.88,37.55,,,0,,725695,0,,,0.0,0.0,74.83,25.17,0.0
2026-10-09,IL-06,house,IL,06,Sean Casten,Niki Conforti,DEM,DEM,21.07,99.8,0.2,Safe D,9.72,7.04,21.07,1.34,3.32,5.67,,,0,,2108920,313038,,,0.0,0.0,60.53,39.47,0.0
2026-10-09,IL-07,house,IL,07,La Shawn Ford,Chad Koppie,,DEM,76.62,100.0,0.0,Safe D,71.38,7.04,76.62,-0.15,-1.95,66.13,,,0,,722009,55451,,,0.0,0.0,88.31,11.69,0.0
2026-10-09,IL-08,house,IL,08,Melissa Bean,Jennifer Davis,,DEM,20.05,99.8,0.2,Safe D,12.13,7.04,20.05,0.8,0.0,7.01,,,0,,2071076,1476009,,,0.0,0.0,60.03,39.97,0.0
2026-10-09,IL-09,house,IL,09,Daniel Biss,John Elleson,,DEM,48.11,100.0,0.0,Safe D,41.39,7.04,48.11,0.0,0.0,37.04,,,0,,2946675,0,,,0.0,0.0,74.05,25.95,0.0
2026-10-09,IL-10,house,IL,10,Brad Schneider,Carl Lambrecht,DEM,DEM,34.27,100.0,0.0,Safe D,26.07,7.04,34.27,0.0,1.01,22.34,,,0,,3006862,0,,,0.0,0.0,67.14,32.86,0.0
2026-10-09,IL-11,house,IL,11,Bill Foster,Jeff Walter,DEM,DEM,25.76,100.0,0.0,Safe D,15.16,7.04,25.76,1.37,2.3,11.6,,,0,,2180937,311439,,,0.0,0.0,62.88,37.12,0.0
2026-10-09,IL-12,house,IL,12,Julie Fortier,Mike Bost,REP,REP,-40.58,0.0,100.0,Safe R,-41.23,7.04,-40.58,-1.46,-4.05,-44.13,,,0,,145608,1327225,,,0.0,0.0,29.71,70.29,0.0
2026-10-09,IL-13,house,IL,13,Nikki Budzinski,Jeff Wilson,DEM,DEM,27.76,100.0,0.0,Safe D,13.51,7.04,27.76,1.51,6.25,10.63,,,0,,2885018,348237,,,0.0,0.0,63.88,36.12,0.0
2026-10-09,IL-14,house,IL,14,Lauren Underwood,James Marter,DEM,DEM,24.42,99.9,0.1,Safe D,9.55,7.04,24.42,1.92,5.77,5.26,,,0,,2417082,140848,,,0.0,0.0,62.21,37.79,0.0
2026-10-09,IL-15,house,IL,15,Jennifer Todd,Mary Miller,REP,REP,-34.63,0.0,100.0,Safe R,-37.51,7.04,-34.63,-1.6,-1.67,-40.5,,,0,,113341,1331399,,,0.0,0.0,32.68,67.32,0.0
2026-10-09,IL-16,house,IL,16,Paul Nolley,Darin LaHood,REP,REP,-17.16,0.4,99.6,Safe R,-20.22,7.04,-17.16,-1.56,-1.67,-23.07,,,0,,415748,3672739,,,0.0,0.0,41.42,58.58,0.0
2026-10-09,IL-17,house,IL,17,Eric Sorensen,Dillan Vancil,DEM,DEM,21.33,99.8,0.2,Safe D,8.41,7.04,21.33,1.39,4.85,4.81,,,0,,2233676,308832,,,0.0,0.0,60.66,39.34,0.0
2026-10-09,IN-01,house,IN,01,Frank Mrvan,Barb Regnitz,DEM,DEM,16.58,99.5,0.5,Safe D,2.9,7.04,16.58,0.0,6.67,0.4,,,0,,2386268,2376256,,,0.0,0.0,58.29,41.71,0.0
2026-10-09,IN-02,house,IN,02,Jamee Decio,Rudy Yakym,REP,REP,-23.68,0.1,99.9,Safe R,-26.05,7.04,-24.15,-1.93,-2.73,-26.92,,,0,,355589,5246030,William Eric Henry,Libertarian,2.33,0.0,37.27,60.4,0.0
2026-10-09,IN-03,house,IN,03,Kelly Thompson,Marlin Stutzman,REP,REP,-28.18,0.0,100.0,Safe R,-31.69,7.04,-28.18,-1.17,-1.67,-31.73,,,0,,136340,839565,,,0.0,0.0,35.91,64.09,0.0
2026-10-09,IN-04,house,IN,04,Drew Cox,Jim Baird,REP,REP,-29.41,0.0,100.0,Safe R,-30.19,7.04,-29.41,-1.09,-4.47,-29.88,,,0,,20377,358293,,,0.0,0.0,35.3,64.7,0.0
2026-10-09,IN-05,house,IN,05,J.D. Ford,Victoria Spartz,REP,REP,-11.64,1.2,98.8,Safe R,-17.4,7.04,-13.49,-0.36,-2.0,-17.13,46.0,48.0,1,-3.02,582087,1327228,,,0.0,0.0,44.18,55.82,0.0
2026-10-09,IN-06,house,IN,06,Cynthia Wirth,Jefferson Shreve,REP,REP,-32.98,0.0,100.0,Safe R,-33.34,7.04,-32.98,-2.51,-3.38,-33.1,,,0,,37046,2426805,,,0.0,0.0,33.51,66.49,0.0
2026-10-09,IN-07,house,IN,07,Andre Carson,Patrick McAuley,DEM,DEM,51.02,100.0,0.0,Safe D,42.2,7.04,50.55,0.0,1.24,42.16,,,0,,1006177,0,James M Sceniak,Libertarian,2.39,0.0,73.71,23.9,0.0
2026-10-09,IN-08,house,IN,08,Mary Allen,Mark Messmer,REP,REP,-35.86,0.0,100.0,Safe R,-35.75,7.04,-35.86,-0.95,-5.33,-36.49,,,0,,294502,1171366,,,0.0,0.0,32.07,67.93,0.0
2026-10-09,IN-09,house,IN,09,Brad Meyer,Erin Houchin,REP,REP,-27.67,0.0,100.0,Safe R,-29.74,7.04,-28.13,-1.88,-2.69,-30.39,,,0,,105510,1856572,Tonya L. Hudson,Libertarian,2.28,0.0,35.34,62.38,0.0
2026-10-09,KS-01,house,KS,01,Lauren Reinhold,Tracey Mann,REP,REP,-26.86,0.0,100.0,Safe R,-26.63,7.04,-27.4,-2.06,-5.4,-31.85,,,0,,48261,1488465,Steven Jacob,Libertarian,2.68,0.0,35.59,61.73,0.0
2026-10-09,KS-02,house,KS,02,Don Coover,Derek Schmidt,REP,REP,-12.65,1.0,99.0,Safe R,-14.2,7.04,-13.22,-0.47,-5.18,-20.06,,,0,,758823,1457605,John Hauer,Libertarian,2.84,0.0,42.43,54.73,0.0
2026-10-09,KS-03,house,KS,03,Sharice Davids,Eric Jenkins,DEM,DEM,26.14,100.0,0.0,Safe D,8.77,7.04,25.55,3.0,7.29,4.17,,,0,,3690440,18916,Steven A Hohe,Libertarian,2.94,0.0,61.22,35.84,0.0
2026-10-09,KS-04,house,KS,04,Katy Tyndell,Ron Estes,REP,REP,-18.1,0.4,99.6,Safe R,-18.59,7.04,-18.68,-1.43,-5.29,-23.7,,,0,,234455,1855035,Drew Cranmer,Libertarian,2.88,0.0,39.77,57.35,0.0
2026-10-09,KY-01,house,KY,01,Drew Williams,James Comer,REP,REP,-43.11,0.0,100.0,Safe R,-45.01,7.04,-43.11,-1.84,-2.5,-47.91,,,0,,118755,1899533,,,0.0,0.0,28.45,71.55,0.0
2026-10-09,KY-02,house,KY,02,Megan Wingfield,Brett Guthrie,REP,REP,-40.89,0.0,100.0,Safe R,-39.12,7.04,-40.79,-3.32,-4.58,-41.93,,,0,,7539,4707593,Thomas A. Loecken,Independent,2.01,0.0,28.96,69.03,0.0
2026-10-09,KY-03,house,KY,03,Morgan McGarvey,Maria Rodriguez,DEM,DEM,36.17,100.0,0.0,Safe D,21.63,7.04,36.17,2.21,5.67,19.27,,,0,,1633684,38069,,,0.0,0.0,68.09,31.91,0.0
2026-10-09,KY-04,house,KY,04,Melissa Strange,Ed Gallrein,,REP,-27.69,0.0,100.0,Safe R,-33.89,7.04,-28.15,-0.46,0.0,-36.16,,,0,,94464,3567324,Jeremy Todd,Libertarian,2.32,0.0,35.32,62.36,0.0
2026-10-09,KY-05,house,KY,05,Ned Pillersdorf,Harold Rogers,REP,REP,-58.38,0.0,100.0,Safe R,-61.68,7.04,-58.3,-1.02,-1.67,-64.67,,,0,,182281,849758,Mikel Wein,Independent,1.5,0.0,20.5,78.0,0.0
2026-10-09,KY-06,house,KY,06,Zach Dembo,Ralph Alvarado,,REP,-0.83,44.1,55.9,Toss-up,-12.88,7.04,-6.49,0.02,0.0,-15.31,46.21,40.51,7,2.88,1463855,1521813,Pete Lynch,Kentucky Party,0.77,0.0,49.2,50.03,0.0
2026-10-09,LA-01,house,LA,01,Lauren Jewett,Steve Scalise,REP,REP,-43.39,0.0,100.0,Safe R,-37.95,7.04,-43.28,-3.01,-9.01,-39.08,,,0,,142677,10638030,"E. ""Liddy"" Glass",Independent,2.26,0.0,27.66,70.08,0.0
2026-10-09,LA-02,house,LA,02,Troy Carter,Peter Williams,DEM,DEM,67.41,100.0,0.0,Safe D,51.49,7.04,66.99,0.0,8.23,48.71,,,0,,1412697,0,Lisa Ballay,Libertarian,2.1,0.0,81.95,15.95,0.0
2026-10-09,LA-03,house,LA,03,John Day,Clay Higgins,REP,REP,-33.15,0.0,100.0,Safe R,-34.09,7.04,-33.06,-1.86,-3.74,-36.65,,,0,,23097,822841,Tia LeBrun,Independent,1.72,0.0,32.85,65.43,0.0
2026-10-09,LA-04,house,LA,04,Matthew Gromlich,Mike Johnson,REP,REP,-35.98,0.0,100.0,Safe R,-31.81,7.04,-35.98,-3.05,-7.75,-34.59,,,0,,268772,20976864,,,0.0,0.0,32.01,67.99,0.0
2026-10-09,LA-05,house,LA,05,Dan McKay,Michael Echols,,REP,-26.96,0.0,100.0,Safe R,-31.44,7.04,-26.96,-2.18,0.0,-34.39,,,0,,90000,2979894,,,0.0,0.0,36.52,63.48,0.0
2026-10-09,LA-06,house,LA,06,"Lindsay ""Rubia"" Garcia",Blake Miguez,,DEM,-26.18,0.0,100.0,Safe R,-30.96,7.04,-26.61,-2.32,0.0,-32.4,,,0,,65473,6612410,Rufus Craig,Libertarian,2.15,0.0,36.12,61.73,0.0
2026-10-09,MA-01,house,MA,01,Richard Neal,(no Republican filed),DEM,DEM,25.81,100.0,0.0,Safe D,17.49,7.04,26.07,0.0,1.67,13.91,,,0,,2462685,0,Nadia Milleron,Independent,5.24,0.0,59.61,35.15,0.0
2026-10-09,MA-02,house,MA,02,Jim McGovern,(no Republican filed),DEM,DEM,35.69,100.0,0.0,Safe D,27.43,7.04,35.69,0.0,1.67,24.29,,,0,,864676,0,,,0.0,0.0,67.85,32.15,0.0
2026-10-09,MA-03,house,MA,03,Lori Trahan,Gary Grossi,DEM,DEM,34.27,100.0,0.0,Safe D,22.94,7.04,34.27,2.54,1.67,19.39,,,0,,1639978,7121,,,0.0,0.0,67.13,32.87,0.0
2026-10-09,MA-04,house,MA,04,Jake Auchincloss,Thomas Stalcup,DEM,DEM,34.67,100.0,0.0,Safe D,23.76,7.04,34.67,2.92,1.67,20.13,,,0,,3630329,26242,,,0.0,0.0,67.33,32.67,0.0
2026-10-09,MA-05,house,MA,05,Katherine Clark,(no Republican filed),DEM,DEM,57.37,100.0,0.0,Safe D,49.12,7.04,57.37,0.0,1.67,46.35,,,0,,4503671,0,,,0.0,0.0,78.68,21.32,0.0
2026-10-09,MA-06,house,MA,06,Daniel Koh,Micah Quinney Jones,,DEM,32.27,100.0,0.0,Safe D,23.97,7.04,32.27,1.76,0.0,21.09,,,0,,4716543,448868,,,0.0,0.0,66.13,33.87,0.0
2026-10-09,MA-07,house,MA,07,Ayanna Pressley,(no Republican filed),DEM,DEM,78.16,100.0,0.0,Safe D,69.13,7.04,78.16,0.0,1.67,65.14,,,0,,1204995,0,,,0.0,0.0,89.08,10.92,0.0
2026-10-09,MA-08,house,MA,08,Stephen Lynch,Robert Gerald Burke,DEM,DEM,49.04,100.0,0.0,Safe D,30.53,7.04,49.04,1.56,10.45,26.99,,,0,,910160,1525,,,0.0,0.0,74.52,25.48,0.0
2026-10-09,MA-09,house,MA,09,Bill Keating,Robert MacAllister,DEM,DEM,24.54,99.9,0.1,Safe D,14.01,7.04,24.54,0.56,3.67,10.94,,,0,,422462,175122,,,0.0,0.0,62.27,37.73,0.0
2026-10-09,MD-01,house,MD,01,Dan Schwartz,Andy Harris,REP,REP,-14.02,0.8,99.2,Safe R,-15.99,7.04,-13.99,-0.85,-3.57,-17.31,39.0,52.0,1,-14.14,695170,2319668,,,0.0,0.0,42.99,57.01,0.0
2026-10-09,MD-02,house,MD,02,Johnny Olszewski,Dave Wallace,DEM,DEM,33.11,100.0,0.0,Safe D,20.23,7.04,33.11,2.06,4.22,18.95,,,0,,1040390,20194,,,0.0,0.0,66.56,33.44,0.0
2026-10-09,MD-03,house,MD,03,Sarah Elfreth,Berney Flowers,DEM,DEM,36.87,100.0,0.0,Safe D,25.45,7.04,36.87,2.21,2.59,24.49,,,0,,1141516,12708,,,0.0,0.0,68.44,31.56,0.0
2026-10-09,MD-04,house,MD,04,Glenn Ivey,George McDermott,DEM,DEM,87.82,100.0,0.0,Safe D,78.93,7.04,88.57,0.0,1.67,75.67,,,0,,674406,0,Sam Husseini,Green,2.99,0.0,91.1,5.91,0.0
2026-10-09,MD-05,house,MD,05,Adrian Boafo,Chris Chaffee,,DEM,41.8,100.0,0.0,Safe D,35.34,7.04,41.8,0.0,-0.45,34.05,,,0,,1676916,0,,,0.0,0.0,70.9,29.1,0.0
2026-10-09,MD-06,house,MD,06,April McClain Delaney,Robin Ficker,DEM,DEM,20.24,99.8,0.2,Safe D,7.72,7.04,21.13,2.47,4.17,5.93,,,0,,12308220,403934,Moshe Y. Landman,Green,3.56,0.0,57.98,38.46,0.0
2026-10-09,MD-07,house,MD,07,Kweisi Mfume,Scott Collier,DEM,DEM,73.87,100.0,0.0,Safe D,62.81,7.04,73.87,0.0,3.9,60.49,,,0,,415174,0,,,0.0,0.0,86.94,13.06,0.0
2026-10-09,MD-08,house,MD,08,Jamie Raskin,Cheryl Riley,DEM,DEM,70.42,100.0,0.0,Safe D,60.66,7.04,71.36,3.54,-0.02,58.06,,,0,,7425389,16590,Nancy Wallace,Green,3.78,0.0,81.99,14.23,0.0
2026-10-09,ME-01,house,ME,01,Chellie Pingree,Ronald Russell,DEM,DEM,28.63,100.0,0.0,Safe D,22.39,7.04,33.26,1.0,3.77,22.33,57.0,35.0,1,22.5,429634,75680,,,0.0,0.0,64.32,35.68,0.0
2026-10-09,ME-02,house,ME,02,Matthew Dunlap,Paul LePage,,DEM,-0.17,48.6,51.4,Toss-up,-8.75,7.04,-2.64,0.08,0.0,-9.72,50.02,46.88,7,2.37,1205432,2563901,,,0.0,0.0,49.92,50.08,0.0
2026-10-09,MI-01,house,MI,01,Callie Barr,Jack Bergman,REP,REP,-10.97,1.9,98.1,Safe R,-17.26,7.04,-10.86,-0.61,1.0,-21.52,,,0,,824341,1917574,Arnett Satterla,Libertarian,2.07,0.0,42.67,53.19,2.07
2026-10-09,MI-02,house,MI,02,Benjamin Ambrose,John Moolenaar,REP,REP,-26.47,0.0,100.0,Safe R,-25.93,7.04,-25.8,-1.9,-4.17,-30.54,,,0,,85094,1652235,Charlotte Magoon,Green,2.23,0.0,35.12,60.42,2.23
2026-10-09,MI-03,house,MI,03,Hillary Scholten,Terri DeBoer,DEM,DEM,22.73,99.9,0.1,Safe D,11.73,7.04,23.34,0.71,4.28,7.95,,,0,,2329122,551697,Joe Jock,Green,2.44,0.0,59.87,37.69,0.0
2026-10-09,MI-04,house,MI,04,Sean McCann,Bill Huizenga,REP,REP,-0.9,43.6,56.4,Toss-up,-1.43,7.04,-0.05,-0.2,-4.89,-5.61,47.04,45.93,4,-0.92,2620011,4093991,Shafina Che Barnett,Green,2.27,0.0,48.42,49.31,0.0
2026-10-09,MI-05,house,MI,05,Christian Vukasovich,Tim Walberg,REP,REP,-23.7,0.1,99.9,Safe R,-22.63,7.04,-23.59,-2.12,-5.07,-27.41,,,0,,55756,1742399,Jim Bronke,Green,2.11,0.0,36.54,59.24,2.11
2026-10-09,MI-06,house,MI,06,Debbie Dingell,Heather Smiley,DEM,DEM,40.44,100.0,0.0,Safe D,28.55,7.04,40.57,0.0,5.67,23.92,,,0,,1193712,0,Clyde Shabazz,Green,2.6,0.0,66.57,28.23,2.6
2026-10-09,MI-07,house,MI,07,William Lawrence,Tom Barrett,REP,REP,3.56,74.8,25.2,Lean D,3.11,7.04,5.19,-0.43,-3.8,-1.33,48.08,46.08,2,1.07,1119198,6306828,Shane Dedrick,Green,2.27,0.0,50.6,47.13,0.0
2026-10-09,MI-08,house,MI,08,Kristen McDonald Rivet,Thomas J. Smith,DEM,DEM,21.33,99.8,0.2,Safe D,3.18,7.04,21.43,1.97,9.86,-2.01,,,0,,5644876,243238,C. Mia Pettus,Libertarian,1.99,0.0,58.25,37.77,1.99
2026-10-09,MI-09,house,MI,09,Ray Pooley,Lisa McClain,REP,REP,-30.69,0.0,100.0,Safe R,-28.16,7.04,-30.6,-3.38,-5.22,-32.75,,,0,,8084,5242309,Destiny Clayton,Green,1.92,0.0,33.32,62.84,1.92
2026-10-09,MI-10,house,MI,10,Christina Hines,Michael Bouchard Jr.,,REP,3.55,74.7,25.3,Lean D,-1.37,7.04,5.12,0.2,0.0,-6.68,44.99,44.98,2,-1.12,1211489,1623745,Kwabena Nkromo,Green,2.23,0.0,49.46,46.08,2.23
2026-10-09,MI-11,house,MI,11,Jeremy Moss,Ethan Baker,,DEM,28.84,100.0,0.0,Safe D,21.17,7.04,29.17,1.6,0.0,16.42,,,0,,1485178,141876,Anil Kumar,Independent,4.31,0.0,60.15,33.23,2.31
2026-10-09,MI-12,house,MI,12,Rashida Tlaib,James D. Hooper,DEM,DEM,60.07,100.0,0.0,Safe D,46.22,7.04,61.2,2.96,5.22,39.62,,,0,,2756214,775,Brenda K. Sanders,Green,3.76,0.0,74.02,18.46,3.76
2026-10-09,MI-13,house,MI,13,Donavan McKinney,T.P. Nykoriak,,DEM,55.2,100.0,0.0,Safe D,48.71,7.04,55.83,0.0,0.0,42.28,,,0,,1372309,0,Raelyn Light,Green,2.11,0.0,74.32,21.46,2.11
2026-10-09,MN-01,house,MN,01,Jake Johnson,Brad Finstad,REP,REP,-3.79,23.7,76.3,Likely R,-9.67,7.04,-4.89,0.12,-1.67,-12.23,46.93,46.02,3,-1.53,2000547,2030569,,,0.0,0.0,48.1,51.9,0.0
2026-10-09,MN-02,house,MN,02,Matt Little,Eric Pratt,,DEM,13.37,99.1,0.9,Safe D,7.96,7.04,14.93,0.58,0.0,5.95,51.55,40.0,2,10.11,923277,511213,,,0.0,0.0,56.69,43.31,0.0
2026-10-09,MN-03,house,MN,03,Kelly Morrison,Tyler Bass,DEM,DEM,31.23,100.0,0.0,Safe D,23.24,7.04,31.23,0.0,1.67,21.72,,,0,,1361933,0,,,0.0,0.0,65.62,34.38,0.0
2026-10-09,MN-04,house,MN,04,Betty McCollum,Paul Wikstrom,DEM,DEM,48.99,100.0,0.0,Safe D,38.93,7.04,48.99,2.11,1.5,36.47,,,0,,1251583,28031,,,0.0,0.0,74.49,25.51,0.0
2026-10-09,MN-05,house,MN,05,Ilhan Omar,John Nagel,DEM,DEM,67.24,100.0,0.0,Safe D,65.76,7.04,67.42,1.5,-6.48,63.54,,,0,,5829715,747046,DeVelle L. Jackson,Independent,3.73,0.0,80.5,15.77,0.0
2026-10-09,MN-06,house,MN,06,Doug Chapin,Tom Emmer,REP,REP,-15.58,0.6,99.4,Safe R,-17.85,7.04,-15.58,-2.25,-1.67,-20.07,,,0,,438700,9786064,,,0.0,0.0,42.21,57.79,0.0
2026-10-09,MN-07,house,MN,07,Erik Osberg,Michelle Fischbach,REP,REP,-30.6,0.0,100.0,Safe R,-34.2,7.04,-30.6,-0.93,-1.67,-37.1,,,0,,334945,1286028,,,0.0,0.0,34.7,65.3,0.0
2026-10-09,MN-08,house,MN,08,Trina Swanson,Pete Stauber,REP,REP,-8.64,7.7,92.3,Likely R,-11.66,7.04,-8.64,-1.29,-1.67,-14.53,,,0,,316706,1996898,,,0.0,0.0,45.68,54.32,0.0
2026-10-09,MO-01,house,MO,01,Wesley Bell,Paul Berry,DEM,DEM,69.88,100.0,0.0,Safe D,58.43,7.04,69.45,0.0,4.17,58.19,,,0,,3561712,0,Tom Schmitz,Libertarian,2.13,0.0,83.13,14.74,0.0
2026-10-09,MO-02,house,MO,02,Fred Wellman,Ann Wagner,REP,REP,-2.51,32.4,67.6,Lean R,-8.57,7.04,-6.59,-0.8,-3.37,-8.09,42.0,43.0,1,2.84,1155880,3528095,Brandon Coulter Daugherty,Libertarian,2.18,0.0,47.68,50.14,0.0
2026-10-09,MO-03,house,MO,03,Bethany Mann,Bob Onder,REP,REP,-24.46,0.1,99.9,Safe R,-27.26,7.04,-24.89,-1.78,-2.01,-27.12,,,0,,43339,950350,Jim Higgins,Libertarian,2.12,0.0,36.97,60.91,0.0
2026-10-09,MO-04,house,MO,04,Jordan Herrera,Mark Alford,REP,REP,-40.88,0.0,100.0,Safe R,-42.18,7.04,-41.29,-2.06,-3.26,-42.66,,,0,,41657,1387968,Thomas Holbrook,Libertarian,2.03,0.0,28.96,69.01,0.0
2026-10-09,MO-05,house,MO,05,Emanuel Cleaver,Rick Brattin,DEM,DEM,34.97,100.0,0.0,Safe D,24.36,7.04,34.97,0.73,3.1,23.83,,,0,,1336738,331764,Randall (Randy) Langkraehr,Libertarian,0.0,0.0,67.48,32.52,0.0
2026-10-09,MO-06,house,MO,06,Josh Smead,Chris Stigall,,REP,-33.44,0.0,100.0,Safe R,-38.96,7.04,-33.82,-1.04,0.0,-39.33,,,0,,71949,599336,Andy Maidment,Libertarian,1.93,0.0,32.64,65.43,0.0
2026-10-09,MO-07,house,MO,07,Missi Hesketh,Eric Burlison,REP,REP,-41.23,0.0,100.0,Safe R,-43.17,7.04,-41.62,-2.04,-2.63,-43.18,,,0,,50540,1464359,Kevin Craig,Libertarian,1.94,0.0,28.81,69.25,0.0
2026-10-09,MO-08,house,MO,08,Christopher Reichard,Jason Smith,REP,REP,-52.55,0.0,100.0,Safe R,-53.72,7.04,-52.85,-3.42,-1.83,-54.42,,,0,,5674,5264183,Rebecca Sharpe Lombard,Libertarian,1.51,0.0,23.37,75.12,0.0
2026-10-09,MS-01,house,MS,01,Cliff Johnson,Trent Kelly,REP,REP,-29.73,0.0,100.0,Safe R,-33.17,7.04,-30.03,-0.42,-2.99,-37.53,,,0,,551243,1004205,Johnny Baucom,Libertarian,1.5,0.0,34.61,63.89,0.0
2026-10-09,MS-02,house,MS,02,Bennie Thompson,Ron Eller,DEM,DEM,37.83,100.0,0.0,Safe D,25.23,7.04,37.91,1.61,4.05,20.59,,,0,,770971,45390,Bennie Foster,Independent,1.5,0.0,67.88,30.62,0.0
2026-10-09,MS-03,house,MS,03,Michael Chiaradio,Michael Guest,REP,REP,-21.23,0.2,99.8,Safe R,-25.35,7.04,-21.53,-1.09,-1.67,-29.5,,,0,,155400,822761,Erik Kiehle,Libertarian,1.5,0.0,38.79,59.71,0.0
2026-10-09,MS-04,house,MS,04,Jeffrey Hulum III,Mike Ezell,REP,REP,-39.21,0.0,100.0,Safe R,-38.98,7.04,-39.13,-1.93,-4.75,-43.01,,,0,,29045,990106,Carl Boyanton,Independent,1.5,0.0,29.94,68.56,0.0
2026-10-09,MT-01,house,MT,01,Sam Forstag,Aaron Flint,,REP,-1.66,38.3,61.7,Lean R,-10.96,7.04,-5.06,-0.16,0.0,-11.92,44.5,43.43,6,0.59,1382873,1303394,Nick Sheedy,Libertarian,2.66,0.0,47.86,49.48,0.0
2026-10-09,MT-02,house,MT,02,Brian Miller,Troy Downing,REP,REP,-27.0,0.0,100.0,Safe R,-29.92,7.04,-30.78,-2.59,-4.27,-30.51,26.0,48.0,1,-20.44,19174,2127927,Michael D Eisenhauer,Independent,9.0,0.0,31.89,55.47,3.64
2026-10-09,NC-01,house,NC,01,Don Davis,Laurie Buckhout,DEM,DEM,7.12,87.9,12.1,Likely D,-6.93,7.04,6.4,0.28,6.36,-11.71,49.69,41.0,6,7.62,4287386,3793077,Tom Bailey,Libertarian,0.5,0.0,53.29,46.21,0.0
2026-10-09,NC-02,house,NC,02,Deborah Ross,Eugene Douglass,DEM,DEM,48.59,100.0,0.0,Safe D,37.85,7.04,48.09,0.0,3.34,34.41,,,0,,1675978,0,Matthew Laszacs,Libertarian,2.53,0.0,72.42,25.05,0.0
2026-10-09,NC-03,house,NC,03,Raymond Smith Jr.,Greg Murphy,REP,REP,-4.53,20.8,79.2,Likely R,-8.97,7.04,-5.04,-1.36,-1.67,-13.76,41.0,44.0,1,-4.04,223119,2357956,Daniel Cavender,Libertarian,1.5,0.0,47.02,51.48,0.0
2026-10-09,NC-04,house,NC,04,Valerie Foushee,Max Ganorkar,DEM,DEM,62.07,100.0,0.0,Safe D,49.54,7.04,61.6,1.88,3.37,46.04,,,0,,912011,11917,Guy Meilleur,Libertarian,2.38,0.0,79.11,18.51,0.0
2026-10-09,NC-05,house,NC,05,Chuck Hubbard,Virginia Foxx,REP,REP,-7.59,10.7,89.3,Likely R,-13.83,7.04,-7.92,-0.81,0.13,-17.92,,,0,,394695,1662604,Robert B. Luffman,Libertarian,1.66,0.0,45.44,52.9,0.0
2026-10-09,NC-06,house,NC,06,Cyril Jefferson,Addison McDowell,REP,REP,-10.18,3.7,96.3,Safe R,-14.0,7.04,-10.18,-1.22,-1.67,-17.36,,,0,,199881,1226408,,,0.0,0.0,44.91,55.09,0.0
2026-10-09,NC-07,house,NC,07,Kimberly Hardy,David Rouzer,REP,REP,-7.65,10.5,89.5,Likely R,-10.02,7.04,-8.21,-1.34,-3.43,-14.02,41.0,47.0,1,-7.2,293818,1990423,Maad Abu-Ghazalah,Libertarian,1.5,0.0,45.48,53.02,0.0
2026-10-09,NC-08,house,NC,08,Colby Watson,Mark Harris,REP,REP,-14.71,0.7,99.3,Safe R,-16.05,7.04,-14.27,-1.86,-2.87,-19.62,,,0,,39569,1019134,Bo Whitehead,Green,1.76,0.0,41.9,56.34,0.0
2026-10-09,NC-09,house,NC,09,Richard Ojeda,Richard Hudson,REP,REP,-7.65,10.5,89.5,Likely R,-12.35,7.04,-8.76,-0.22,-3.02,-16.03,42.0,46.0,1,-5.27,2237508,3215341,,,0.0,0.0,46.17,53.83,0.0
2026-10-09,NC-10,house,NC,10,Ashley Bell,Pat Harrigan,REP,REP,-12.59,1.0,99.0,Safe R,-14.17,7.04,-13.63,-1.54,-4.63,-17.89,37.0,52.0,1,-8.98,84024,1081821,Steven Feldman,Libertarian,1.74,0.0,42.95,55.31,0.0
2026-10-09,NC-11,house,NC,11,Jamie Ager,Jennifer Balkcom,,REP,-0.87,43.8,56.2,Toss-up,-6.99,7.04,-0.67,0.0,0.0,-9.61,46.5,47.0,1,-2.34,3052354,0,Travis Groo,Libertarian,2.03,0.0,48.56,49.41,0.0
2026-10-09,NC-12,house,NC,12,Alma Adams,Jack Codiga,DEM,DEM,62.5,100.0,0.0,Safe D,51.26,7.04,62.5,1.26,2.65,47.04,,,0,,370506,28704,,,0.0,0.0,81.25,18.75,0.0
2026-10-09,NC-13,house,NC,13,Paul Barringer,Brad Knott,REP,REP,-9.95,4.3,95.7,Safe R,-13.71,7.04,-10.32,-0.19,-3.23,-16.71,,,0,,1022610,1339161,Steven Swinton,Libertarian,1.85,0.0,44.19,53.96,0.0
2026-10-09,NC-14,house,NC,14,LaKesha Womack,Tim Moore,REP,REP,-10.17,3.7,96.3,Safe R,-12.51,7.04,-11.62,-2.3,-3.38,-15.22,40.0,48.0,1,-1.98,24888,1538952,,,0.0,0.0,44.91,55.09,0.0
2026-10-09,ND-01,house,ND,01,Trygve Hammer,Julie Fedorchak,REP,REP,-34.1,0.0,100.0,Safe R,-36.86,7.04,-33.91,-1.5,-1.67,-37.39,,,0,,190064,1730663,Charles Tuttle,Independent,3.77,0.0,31.71,64.52,0.0
2026-10-09,NE-01,house,NE,01,Christopher Backemeyer,Mike Flood,REP,REP,-5.79,16.4,83.6,Likely R,-10.16,7.04,-9.45,-0.83,-4.96,-13.23,45.67,43.56,2,0.98,592233,2368910,Nik Sandman,Libertarian,2.41,0.0,44.84,50.34,2.41
2026-10-09,NE-02,house,NE,02,Denise Powell,Brinker Harding,,REP,11.7,98.8,1.2,Safe D,7.7,7.04,14.94,0.57,0.0,4.68,46.0,42.0,1,5.11,2668287,2034386,Eric Michael Foreman,Libertarian,2.16,0.0,54.64,43.2,0.0
2026-10-09,NE-03,house,NE,03,Becky Stille,Adrian Smith,REP,REP,-52.36,0.0,100.0,Safe R,-51.11,7.04,-52.16,-2.18,-5.38,-54.43,,,0,,55101,1777414,Mark Cohen,Independent,1.98,0.0,22.88,73.16,1.98
2026-10-09,NH-01,house,NH,01,Stefany Shaheen,Anthony DiLorenzo,,DEM,6.3,85.3,14.7,Likely D,1.28,7.04,7.65,0.19,0.0,2.02,46.0,42.0,1,4.5,2432372,2509761,,,0.0,0.0,53.15,46.85,0.0
2026-10-09,NH-02,house,NH,02,Maggie Goodlander,Lily Williams,DEM,DEM,18.34,99.7,0.3,Safe D,3.33,7.04,17.36,0.92,6.93,3.63,53.69,34.67,8,20.06,4155360,1199750,Robbie Mahrou,Independent,1.85,0.0,58.08,40.07,0.0
2026-10-09,NJ-01,house,NJ,01,Donald Norcross,Damon Galdo,DEM,DEM,35.89,100.0,0.0,Safe D,24.38,7.04,35.89,2.5,2.11,19.0,,,0,,1657743,11125,,,0.0,0.0,67.94,32.06,0.0
2026-10-09,NJ-02,house,NJ,02,Zack Mullock,Jeff Van Drew,REP,REP,-6.37,14.5,85.5,Likely R,-7.43,7.04,-6.24,-0.88,-4.87,-13.29,36.0,46.0,1,-6.51,462863,1930058,Ramon Mora Jr.,Independent,1.85,0.0,45.95,52.2,0.0
2026-10-09,NJ-03,house,NJ,03,Herb Conaway,Michael McGuire,DEM,DEM,24.76,99.9,0.1,Safe D,13.16,7.04,25.26,1.52,3.88,7.92,,,0,,934660,79190,Steven Welzer,Green,1.98,0.0,61.15,36.87,0.0
2026-10-09,NJ-04,house,NJ,04,Rachel Peace,Chris Smith,REP,REP,-26.31,0.0,100.0,Safe R,-25.43,7.04,-26.31,-1.52,-5.89,-31.01,,,0,,34352,592016,,,0.0,0.0,36.84,63.16,0.0
2026-10-09,NJ-05,house,NJ,05,Josh Gottheimer,Sean Kirrane,DEM,DEM,24.41,99.9,0.1,Safe D,7.74,7.04,24.51,2.86,7.03,1.29,,,0,,4765145,55656,Adam Rueda,Independent,1.97,0.0,60.98,37.05,0.0
2026-10-09,NJ-06,house,NJ,06,Frank Pallone,Hillary Herzig,DEM,DEM,30.48,100.0,0.0,Safe D,13.62,7.04,30.48,2.75,6.79,6.23,,,0,,2214837,7645,,,0.0,0.0,65.24,34.76,0.0
2026-10-09,NJ-07,house,NJ,07,Rebecca Bennett,Tom Kean Jr.,REP,REP,7.06,87.7,12.3,Likely D,2.76,7.04,7.57,-0.16,-1.67,-1.9,47.0,42.03,2,6.08,4272034,4892807,Seamus Patrick O'Toole,Independent,0.97,0.0,53.01,46.02,0.0
2026-10-09,NJ-08,house,NJ,08,Rob Menendez,(no Republican filed),DEM,DEM,48.76,100.0,0.0,Safe D,37.72,7.04,48.09,0.0,1.67,28.85,,,0,,1958766,0,Aristotle Eliopoulos,Independent,2.44,0.0,70.75,24.37,2.44
2026-10-09,NJ-09,house,NJ,09,Nelida Pou,Rosemary Pino,DEM,DEM,23.44,99.9,0.1,Safe D,8.22,7.04,23.56,1.15,6.01,-1.3,,,0,,2661928,437829,Terrisa Bukovinac,Independent,2.39,0.0,60.25,37.36,0.0
2026-10-09,NJ-10,house,NJ,10,LaMonica McIver,Carmen Bucco,DEM,DEM,68.67,100.0,0.0,Safe D,56.56,7.04,68.67,2.8,1.49,48.73,,,0,,2136938,2270,,,0.0,0.0,84.33,15.67,0.0
2026-10-09,NJ-11,house,NJ,11,Analilia Mejia,Joe Hathaway,DEM,DEM,23.01,99.9,0.1,Safe D,13.74,7.04,23.12,0.81,1.67,7.93,,,0,,1823436,657711,Alan B. Bond,Independent,2.16,0.0,60.18,37.66,0.0
2026-10-09,NJ-12,house,NJ,12,Adam Hamawy,Gregg Mele,,DEM,38.9,100.0,0.0,Safe D,30.19,7.04,39.56,2.13,0.0,23.58,,,0,,1533852,79425,Andres Jinete,Green,2.64,0.0,67.62,29.74,0.0
2026-10-09,NM-01,house,NM,01,Melanie Stansbury,Ndidiamaka Okpareke,DEM,DEM,28.51,100.0,0.0,Safe D,16.59,7.04,28.51,1.68,2.33,13.0,,,0,,1353564,100340,,,0.0,0.0,64.25,35.75,0.0
2026-10-09,NM-02,house,NM,02,Gabriel Vasquez,Greg Cunningham,DEM,DEM,14.9,99.3,0.7,Safe D,3.74,7.04,18.83,0.58,5.64,-1.84,45.99,42.99,2,4.74,3784102,1510080,,,0.0,0.0,57.45,42.55,0.0
2026-10-09,NM-03,house,NM,03,Teresa Leger Fernandez,Martin Zamora,DEM,DEM,25.52,99.9,0.1,Safe D,10.34,7.04,25.52,0.73,6.72,5.32,,,0,,1249949,440623,,,0.0,0.0,62.76,37.24,0.0
2026-10-09,NV-01,house,NV,01,Dina Titus,Carrie Buck,DEM,DEM,18.52,99.7,0.3,Safe D,5.94,7.04,18.65,-0.15,5.03,2.3,,,0,,1537358,1915058,"Afzal ""Bobby"" Khan",Independent,2.48,0.0,57.79,39.73,0.0
2026-10-09,NV-02,house,NV,02,Teresa Benitez-Thompson,David Flippo,,REP,-1.09,42.3,57.7,Toss-up,-11.88,7.04,-6.35,-1.49,0.0,-14.26,41.17,40.89,3,-0.21,257087,2275392,Lynn Chapman,Independent American,9.23,0.0,44.89,45.88,0.0
2026-10-09,NV-03,house,NV,03,Susie Lee,Marty O'Donnell,DEM,DEM,14.92,99.3,0.7,Safe D,3.05,7.04,14.17,0.12,3.88,-0.75,,,0,,4401421,4055410,Jon Kamerath,Independent American,2.31,0.0,56.13,41.56,0.0
2026-10-09,NV-04,house,NV,04,Steven Horsford,Cody Whipple,DEM,DEM,20.83,99.8,0.2,Safe D,5.98,7.04,20.0,1.07,5.12,2.37,,,0,,3350563,884687,Russell Best,Independent American,2.54,0.0,58.88,38.58,0.0
2026-10-09,NY-01,house,NY,01,Christopher Gallant,Nick LaLota,REP,REP,-1.9,36.6,63.4,Lean R,-8.1,7.04,-1.85,-1.28,0.78,-10.19,38.0,41.0,1,-2.14,647598,3795307,,,0.0,0.0,49.05,50.95,0.0
2026-10-09,NY-02,house,NY,02,Patrick Halpin,Andrew Garbarino,REP,REP,-9.2,6.2,93.8,Likely R,-10.96,7.04,-9.2,-1.46,-4.23,-14.08,,,0,,461848,3513016,,,0.0,0.0,45.4,54.6,0.0
2026-10-09,NY-03,house,NY,03,Tom Suozzi,Mike LiPetri,DEM,DEM,16.51,99.5,0.5,Safe D,0.0,7.04,16.51,0.27,9.48,-4.35,,,0,,5456698,1666542,,,0.0,0.0,58.26,41.74,0.0
2026-10-09,NY-04,house,NY,04,Laura Gillen,Jeanine Driscoll,DEM,DEM,16.91,99.5,0.5,Safe D,5.1,7.04,18.6,1.95,4.21,1.29,46.0,41.0,1,5.27,5097222,264824,Blay Tarnoff,Libertarian,1.58,0.0,57.53,40.89,0.0
2026-10-09,NY-05,house,NY,05,Gregory Meeks,George Marsh,DEM,DEM,60.6,100.0,0.0,Safe D,49.02,7.04,60.6,0.0,3.89,42.8,,,0,,1744888,0,,,0.0,0.0,80.3,19.7,0.0
2026-10-09,NY-06,house,NY,06,Grace Meng,Joseph Chou,DEM,DEM,35.55,100.0,0.0,Safe D,13.79,7.04,35.55,2.76,11.74,6.53,,,0,,2034045,2578,,,0.0,0.0,67.77,32.23,0.0
2026-10-09,NY-07,house,NY,07,Claire Valdez,Melvin Rivera,,DEM,59.42,100.0,0.0,Safe D,52.25,7.04,60.23,0.0,0.0,47.19,,,0,,1693312,0,Priscilla Ghaznavi,Our Future,2.51,0.0,77.71,19.78,0.0
2026-10-09,NY-08,house,NY,08,Hakeem Jeffries,Lewis Mizrahi,DEM,DEM,62.83,100.0,0.0,Safe D,48.73,7.04,62.83,0.0,6.67,44.77,,,0,,14899981,0,,,0.0,0.0,81.42,18.58,0.0
2026-10-09,NY-09,house,NY,09,Yvette Clarke,Joel Anabilah-Azumah,DEM,DEM,61.56,100.0,0.0,Safe D,45.47,7.04,61.56,0.0,8.81,41.39,,,0,,1013953,0,,,0.0,0.0,80.78,19.22,0.0
2026-10-09,NY-10,house,NY,10,Brad Lander,Jennifer Moore,,DEM,74.65,100.0,0.0,Safe D,65.31,7.04,74.65,2.29,0.0,61.89,,,0,,2455130,2693,,,0.0,0.0,87.32,12.68,0.0
2026-10-09,NY-11,house,NY,11,Michael DeCillis,Nicole Malliotakis,REP,REP,-18.22,0.3,99.7,Safe R,-19.96,7.04,-18.22,-2.38,-2.82,-24.83,,,0,,67616,2750505,,,0.0,0.0,40.89,59.11,0.0
2026-10-09,NY-12,house,NY,12,Micah Lasher,Caroline Shinkle,,DEM,75.2,100.0,0.0,Safe D,67.41,7.04,75.42,1.35,0.0,64.9,,,0,,3315975,155145,Karen Ortiz,Karen Ortiz,2.18,0.0,83.78,11.86,2.18
2026-10-09,NY-13,house,NY,13,Darializa Avila Chevalier,Jomo Williams,,DEM,74.98,100.0,0.0,Safe D,66.1,7.04,74.98,0.0,0.0,60.27,,,0,,1354602,0,,,0.0,0.0,87.49,12.51,0.0
2026-10-09,NY-14,house,NY,14,Alexandria Ocasio-Cortez,Diamant Hysenaj,DEM,DEM,53.32,100.0,0.0,Safe D,39.69,7.04,53.32,3.32,1.55,32.37,,,0,,32607754,342896,,,0.0,0.0,76.66,23.34,0.0
2026-10-09,NY-15,house,NY,15,Ritchie Torres,Stylo Sapaskis,DEM,DEM,71.19,100.0,0.0,Safe D,55.91,7.04,71.44,0.0,6.49,48.81,,,0,,6908655,0,Jose Vega,Speak The Truth,3.5,0.0,81.31,13.69,1.5
2026-10-09,NY-16,house,NY,16,George Latimer,Joseph Cinquemani,DEM,DEM,52.15,100.0,0.0,Safe D,36.88,7.04,52.15,0.0,7.51,33.31,,,0,,513967,0,,,0.0,0.0,76.07,23.93,0.0
2026-10-09,NY-17,house,NY,17,Cait Conley,Mike Lawler,REP,REP,4.31,78.4,21.6,Likely D,3.45,7.04,6.14,-0.32,-4.09,0.56,47.84,45.91,4,2.36,4317457,8172046,,,0.0,0.0,52.16,47.84,0.0
2026-10-09,NY-18,house,NY,18,Pat Ryan,Jackie Auringer,DEM,DEM,19.43,99.7,0.3,Safe D,4.86,7.04,23.27,2.65,8.76,3.35,52.17,35.68,2,13.99,4723627,89698,,,0.0,0.0,59.71,40.29,0.0
2026-10-09,NY-19,house,NY,19,Josh Riley,Peter Oberacker,DEM,DEM,15.45,99.4,0.6,Safe D,2.61,7.04,15.45,1.0,5.47,1.8,,,0,,4825666,1237179,,,0.0,0.0,57.72,42.28,0.0
2026-10-09,NY-20,house,NY,20,Paul Tonko,Ralph Ambrosio,DEM,DEM,31.42,100.0,0.0,Safe D,15.73,7.04,31.42,1.91,7.34,14.32,,,0,,957587,29026,,,0.0,0.0,65.71,34.29,0.0
2026-10-09,NY-21,house,NY,21,Blake Gendebien,Anthony Constantino,,REP,-6.67,13.5,86.5,Likely R,-19.25,7.04,-13.48,-0.4,0.0,-20.76,43.71,44.94,7,-1.24,5461528,9460254,,,0.0,0.0,46.67,53.33,0.0
2026-10-09,NY-22,house,NY,22,John Mannion,Kailee Buller,DEM,DEM,25.2,99.9,0.1,Safe D,8.88,7.04,25.2,1.62,8.35,7.69,,,0,,2694739,267339,,,0.0,0.0,62.6,37.4,0.0
2026-10-09,NY-23,house,NY,23,Aaron Gies,Nick Langworthy,REP,REP,-19.7,0.2,99.8,Safe R,-20.53,7.04,-19.76,-1.61,-3.78,-21.19,35.0,52.0,1,-19.62,227174,2326405,,,0.0,0.0,40.15,59.85,0.0
2026-10-09,NY-24,house,NY,24,Alissa Ellman,Claudia Tenney,REP,REP,-20.31,0.2,99.8,Safe R,-22.39,7.04,-20.31,-1.84,-2.27,-23.24,,,0,,193088,2763139,,,0.0,0.0,39.84,60.16,0.0
2026-10-09,NY-25,house,NY,25,Joe Morelle,Virginia McIntyre,DEM,DEM,29.87,100.0,0.0,Safe D,19.45,7.04,29.87,2.41,1.39,18.65,,,0,,1786904,32416,,,0.0,0.0,64.94,35.06,0.0
2026-10-09,NY-26,house,NY,26,Timothy Kennedy,Dennis Hannon,DEM,DEM,38.65,100.0,0.0,Safe D,21.15,7.04,38.65,0.0,10.93,19.56,,,0,,2310288,0,,,0.0,0.0,69.32,30.68,0.0
2026-10-09,OH-01,house,OH,01,Greg Landsman,Eric Conroy,DEM,DEM,13.54,99.1,0.9,Safe D,3.43,7.04,15.15,0.7,4.61,-2.62,47.9,44.6,1,8.08,4633250,1513614,Nathan Weise,Libertarian,1.62,0.0,55.85,42.53,0.0
2026-10-09,OH-02,house,OH,02,Jennifer Mazzuckelli,David Taylor,REP,REP,-32.73,0.0,100.0,Safe R,-36.17,7.04,-32.73,0.0,-2.62,-42.48,,,0,,0,1095248,,,0.0,0.0,33.63,66.37,0.0
2026-10-09,OH-03,house,OH,03,Joyce Beatty,Cleophus Dulaney,DEM,DEM,56.16,100.0,0.0,Safe D,46.91,7.04,56.16,0.0,2.61,40.65,,,0,,1201451,0,,,0.0,0.0,78.08,21.92,0.0
2026-10-09,OH-04,house,OH,04,Joshua Kolasinski,Jim Jordan,REP,REP,-35.31,0.0,100.0,Safe R,-36.93,7.04,-35.23,-3.26,-1.21,-43.01,,,0,,12868,4774322,Tracey Tackett,Independent,1.61,0.0,31.82,66.57,0.0
2026-10-09,OH-05,house,OH,05,Brian Shaver,Bob Latta,REP,REP,-18.53,0.3,99.7,Safe R,-17.62,7.04,-18.88,-2.41,-5.23,-23.97,,,0,,11664,1461648,Michael J. Veloff,Libertarian,1.76,0.0,40.02,58.22,0.0
2026-10-09,OH-06,house,OH,06,Elizabeth Kirtley,Michael Rulli,REP,REP,-25.21,0.1,99.9,Safe R,-27.84,7.04,-25.21,-2.34,-1.23,-34.9,,,0,,1132,1112553,,,0.0,0.0,37.39,62.61,0.0
2026-10-09,OH-07,house,OH,07,Brian Poindexter,Max Miller,REP,REP,2.3,66.2,33.8,Lean D,-5.37,7.04,-1.08,0.11,-2.0,-11.15,46.47,39.16,5,7.94,603156,2142562,,,0.0,0.0,51.15,48.85,0.0
2026-10-09,OH-08,house,OH,08,Vanessa Enoch,Warren Davidson,REP,REP,-5.23,18.3,81.7,Likely R,-10.37,7.04,-5.23,0.0,-1.23,-15.78,,,0,,0,661353,,,0.0,0.0,47.38,52.62,0.0
2026-10-09,OH-09,house,OH,09,Marcy Kaptur,Derek Merrin,DEM,DEM,8.7,92.5,7.5,Likely D,-3.97,7.04,14.61,0.76,11.37,-10.68,47.93,47.99,2,-2.56,4303416,1508953,,,0.0,0.0,54.35,45.65,0.0
2026-10-09,OH-10,house,OH,10,Kristina Knickerbocker,Mike Turner,REP,REP,-5.46,17.6,82.4,Likely R,-1.97,7.04,-5.47,0.1,-9.99,-7.86,41.0,47.01,2,-7.06,362666,894595,Thomas F. McMasters,Libertarian,1.98,0.0,46.33,51.69,0.0
2026-10-09,OH-11,house,OH,11,Shontel Brown,Mike Kirchner,DEM,DEM,74.06,100.0,0.0,Safe D,62.08,7.04,74.06,0.0,4.98,55.47,,,0,,1183643,0,,,0.0,0.0,87.03,12.97,0.0
2026-10-09,OH-12,house,OH,12,Jerrad Christian,Troy Balderson,REP,REP,-22.31,0.1,99.9,Safe R,-24.68,7.04,-22.31,-1.94,-1.79,-30.36,,,0,,84378,1743281,,,0.0,0.0,38.85,61.15,0.0
2026-10-09,OH-13,house,OH,13,Emilia Sykes,Carey Coleman,DEM,DEM,22.04,99.9,0.1,Safe D,9.58,7.04,22.12,2.1,4.16,3.32,,,0,,3137440,127109,Sandeep Dixit,Independent,1.57,0.0,60.06,38.37,0.0
2026-10-09,OH-14,house,OH,14,Maria Jukic,David Joyce,REP,REP,-16.44,0.5,99.5,Safe R,-14.04,7.04,-16.44,-1.93,-6.65,-20.53,,,0,,61678,1410643,,,0.0,0.0,41.78,58.22,0.0
2026-10-09,OH-15,house,OH,15,Don Leonard,Mike Carey,REP,REP,-1.7,38.0,62.0,Lean R,-4.09,7.04,-1.82,-0.77,-3.35,-10.11,43.53,44.14,3,-2.75,606658,3299678,Brennan Barrington,Libertarian,2.42,0.0,47.96,49.62,0.0
2026-10-09,OK-01,house,OK,01,John Croisant,Mark Tedford,,REP,-15.44,0.6,99.4,Safe R,-20.22,7.04,-15.44,-1.7,0.0,-22.0,,,0,,141972,1763830,,,0.0,0.0,42.28,57.72,0.0
2026-10-09,OK-02,house,OK,02,Brandon Wade,Josh Brecheen,REP,REP,-49.34,0.0,100.0,Safe R,-53.49,7.04,-49.24,-1.2,-0.28,-56.51,,,0,,4290,218894,Ronnie Hopkins,Independent,2.07,0.0,24.81,73.12,0.0
2026-10-09,OK-03,house,OK,03,Suzie Byrd,Frank Lucas,REP,REP,-40.87,0.0,100.0,Safe R,-43.19,7.04,-40.87,0.0,-4.46,-45.69,,,0,,0,907279,,,0.0,0.0,29.57,70.43,0.0
2026-10-09,OK-04,house,OK,04,Mitchell Jacob,Tom Cole,REP,REP,-32.28,0.0,100.0,Safe R,-31.22,7.04,-32.15,-2.38,-4.87,-33.57,,,0,,115002,3827891,Rocco Bonacci,Independent,2.65,0.0,32.96,64.39,0.0
2026-10-09,OK-05,house,OK,05,Jena Nelson,Stephanie Bice,REP,REP,-11.58,1.2,98.8,Safe R,-16.98,7.04,-14.46,-1.04,-2.87,-18.66,43.0,48.0,1,-7.27,449421,1943507,Robert P. Henri,Independent,3.04,0.0,42.87,54.09,0.0
2026-10-09,OR-01,house,OR,01,Suzanne Bonamici,Barbara Kahl,DEM,DEM,51.4,100.0,0.0,Safe D,38.81,7.04,51.4,2.08,3.85,39.2,,,0,,816770,4466,,,0.0,0.0,75.7,24.3,0.0
2026-10-09,OR-02,house,OR,02,Chris Beck,Cliff Bentz,REP,REP,-27.07,0.0,100.0,Safe R,-28.01,7.04,-27.07,-1.49,-4.12,-27.9,,,0,,94774,1011413,,,0.0,0.0,36.46,63.54,0.0
2026-10-09,OR-03,house,OR,03,Maxine Dexter,Loran Ayles,DEM,DEM,57.11,100.0,0.0,Safe D,47.38,7.04,57.11,0.0,3.05,47.61,,,0,,1038514,0,,,0.0,0.0,78.55,21.45,0.0
2026-10-09,OR-04,house,OR,04,Val Hoyle,Monique DeSpain,DEM,DEM,17.68,99.6,0.4,Safe D,11.89,7.04,18.85,0.38,0.25,12.44,,,0,,1222922,677571,Justin Filip,Green,4.7,0.0,56.07,39.23,0.0
2026-10-09,OR-05,house,OR,05,Janelle Bynum,Patti Adair,DEM,DEM,17.46,99.6,0.4,Safe D,8.11,7.04,18.63,1.63,2.47,8.92,,,0,,3760212,423922,Andrea Townsend,Green,4.69,0.0,55.97,39.34,0.0
2026-10-09,OR-06,house,OR,06,Andrea Salinas,David Russ,DEM,DEM,19.94,99.8,0.2,Safe D,11.34,7.04,19.94,2.46,-0.75,11.74,,,0,,1613394,12791,,,0.0,0.0,59.97,40.03,0.0
2026-10-09,PA-01,house,PA,01,Bob Harvie,Brian Fitzpatrick,REP,REP,-0.35,47.5,52.5,Toss-up,6.92,7.04,2.39,-0.8,-10.04,0.33,43.23,49.64,5,-4.57,2007499,6734931,,,0.0,0.0,49.83,50.17,0.0
2026-10-09,PA-02,house,PA,02,Brendan Boyle,Jessica Arriaga,DEM,DEM,58.56,100.0,0.0,Safe D,44.2,7.04,58.56,0.0,6.83,36.13,,,0,,2451958,0,,,0.0,0.0,79.28,20.72,0.0
2026-10-09,PA-03,house,PA,03,Chris Rabb,(no Republican filed),,DEM,91.9,100.0,0.0,Safe D,84.97,7.04,91.97,0.0,0.0,78.22,,,0,,1329253,0,Dennis Joseph Mahoney,The Independent Party,1.5,0.0,94.51,3.99,0.0
2026-10-09,PA-04,house,PA,04,Madeleine Dean,Aurora Stuski,DEM,DEM,34.72,100.0,0.0,Safe D,22.21,7.04,34.72,2.39,3.75,15.97,,,0,,1371536,8800,,,0.0,0.0,67.36,32.64,0.0
2026-10-09,PA-05,house,PA,05,Mary Gay Scanlon,Nicholas Manganaro,DEM,DEM,47.28,100.0,0.0,Safe D,35.44,7.04,47.28,2.15,3.07,28.94,,,0,,990586,9296,,,0.0,0.0,73.64,26.36,0.0
2026-10-09,PA-06,house,PA,06,Chrissy Houlahan,Marty Young,DEM,DEM,28.63,100.0,0.0,Safe D,17.74,7.04,28.63,1.03,3.03,11.53,,,0,,1763415,411270,,,0.0,0.0,64.31,35.69,0.0
2026-10-09,PA-07,house,PA,07,Bob Brooks,Ryan Mackenzie,REP,REP,6.06,84.5,15.5,Likely D,3.25,7.04,6.25,-0.03,-3.92,-3.24,45.01,40.02,2,5.71,2392215,4357405,,,0.0,0.0,53.03,46.97,0.0
2026-10-09,PA-08,house,PA,08,Paige Cognetti,Rob Bresnahan,REP,REP,3.18,72.2,27.8,Lean D,-1.78,7.04,4.0,0.11,-1.0,-8.58,46.51,45.0,3,0.53,4609589,5234586,,,0.0,0.0,51.59,48.41,0.0
2026-10-09,PA-09,house,PA,09,Rachel Wallace,Dan Meuser,REP,REP,-29.8,0.0,100.0,Safe R,-32.48,7.04,-29.8,-0.72,-2.87,-38.27,,,0,,697865,1903078,,,0.0,0.0,35.1,64.9,0.0
2026-10-09,PA-10,house,PA,10,Janelle Stelson,Scott Perry,REP,REP,10.33,96.6,3.4,Safe D,0.32,7.04,13.62,0.34,6.4,-5.29,47.05,44.01,4,3.75,8689754,5194925,,,0.0,0.0,55.16,44.84,0.0
2026-10-09,PA-11,house,PA,11,Nancy Mannion,Lloyd Smucker,REP,REP,-14.03,0.8,99.2,Safe R,-16.17,7.04,-14.03,-1.34,-2.99,-21.57,,,0,,214230,1524161,,,0.0,0.0,42.98,57.02,0.0
2026-10-09,PA-12,house,PA,12,Summer Lee,James Hayes,DEM,DEM,32.37,100.0,0.0,Safe D,25.2,7.04,32.37,2.12,-1.29,19.36,,,0,,1466287,40139,,,0.0,0.0,66.18,33.82,0.0
2026-10-09,PA-13,house,PA,13,Beth Farnham,John Joyce,REP,REP,-38.01,0.0,100.0,Safe R,-40.25,7.04,-38.01,-2.37,-1.57,-45.91,,,0,,55347,2418119,,,0.0,0.0,30.99,69.01,0.0
2026-10-09,PA-14,house,PA,14,Alan Bradstock,Guy Reschenthaler,REP,REP,-24.5,0.1,99.9,Safe R,-27.46,7.04,-24.5,-2.12,-1.01,-33.59,,,0,,201421,4209644,,,0.0,0.0,37.75,62.25,0.0
2026-10-09,PA-15,house,PA,15,Ray Bilger,Glenn Thompson,REP,REP,-32.02,0.0,100.0,Safe R,-32.34,7.04,-32.02,-1.73,-4.07,-38.3,,,0,,139521,1851459,,,0.0,0.0,33.99,66.01,0.0
2026-10-09,PA-16,house,PA,16,Justin Wagner,Mike Kelly,REP,REP,-15.17,0.6,99.4,Safe R,-16.82,7.04,-15.17,-1.76,-2.74,-22.97,,,0,,66591,1168433,,,0.0,0.0,42.41,57.59,0.0
2026-10-09,PA-17,house,PA,17,Chris Deluzio,Tony Guy,DEM,DEM,23.98,99.9,0.1,Safe D,11.08,7.04,23.98,2.12,4.58,5.56,,,0,,2776943,117530,,,0.0,0.0,61.99,38.01,0.0
2026-10-09,RI-01,house,RI,01,Gabriel Amo,Kellie Keenan,DEM,DEM,45.73,100.0,0.0,Safe D,28.19,7.04,45.89,2.51,8.21,22.62,,,0,,1725081,12771,Pedro Junior Soares De Souza,Independent,3.09,0.0,70.61,26.3,0.0
2026-10-09,RI-02,house,RI,02,Seth Magaziner,Victor Mellor,DEM,DEM,20.14,99.8,0.2,Safe D,12.33,7.04,20.14,-0.57,1.67,6.97,,,0,,1382796,2999002,,,0.0,0.0,60.07,39.93,0.0
2026-10-09,SC-01,house,SC,01,Nancy Lacore,Jenny Costa Honeycutt,,REP,-1.19,41.6,58.4,Toss-up,-7.55,7.04,-0.56,0.4,0.0,-13.29,40.04,42.96,3,-2.79,2279585,556418,Bill Reeside,Libertarian,1.55,0.0,48.64,49.81,0.0
2026-10-09,SC-02,house,SC,02,Zyon Khalifa,Joe Wilson,REP,REP,-8.51,8.0,92.0,Likely R,-8.73,7.04,-8.41,-1.93,-4.4,-14.16,,,0,,19296,861105,Dayna Alane Smith,Workers,2.04,0.0,44.81,53.15,0.0
2026-10-09,SC-03,house,SC,03,Eunice Lehmacher,Sheri Biggs,REP,REP,-37.81,0.0,100.0,Safe R,-37.19,7.04,-38.15,-1.02,-6.42,-43.62,,,0,,92928,505333,Brian Corriea,Libertarian,1.71,0.0,30.56,67.73,0.0
2026-10-09,SC-04,house,SC,04,Courtney McClain,William Timmons,REP,REP,-14.04,0.8,99.2,Safe R,-18.03,7.04,-14.49,-1.86,-1.32,-23.95,,,0,,100496,1595725,Jessica Ethridge,Libertarian,2.24,0.0,42.02,55.74,0.0
2026-10-09,SC-05,house,SC,05,Mallory Dittmer,Wes Climer,,REP,-11.63,1.2,98.8,Safe R,-17.01,7.04,-11.63,-1.2,0.0,-23.1,,,0,,139717,884284,,,0.0,0.0,44.18,55.82,0.0
2026-10-09,SC-06,house,SC,06,Jim Clyburn,John Peterson,DEM,DEM,39.27,100.0,0.0,Safe D,30.72,7.04,39.27,0.0,1.6,23.24,,,0,,1225051,0,,,0.0,0.0,69.64,30.36,0.0
2026-10-09,SC-07,house,SC,07,John Vincent,Russell Fry,REP,REP,-15.91,0.6,99.4,Safe R,-19.6,7.04,-18.38,-1.22,-4.12,-26.62,36.7,41.1,1,-5.54,297264,1720803,,,0.0,0.0,42.04,57.96,0.0
2026-10-09,SD-01,house,SD,01,Nikki Gronli,Marty Jackley,,REP,-17.76,0.4,99.6,Safe R,-27.92,7.04,-23.11,-1.21,0.0,-29.98,43.0,47.0,1,-5.18,261764,1438706,,,0.0,0.0,41.12,58.88,0.0
2026-10-09,TN-01,house,TN,01,Kristi Burke,Diana Harshbarger,REP,REP,-51.83,0.0,100.0,Safe R,-53.79,7.04,-51.74,-1.63,-2.51,-58.44,,,0,,101984,1274194,Billy Cody,Independent,1.63,0.0,23.69,74.68,0.0
2026-10-09,TN-02,house,TN,02,Michaela Barnett,Tim Burchett,REP,REP,-29.19,0.0,100.0,Safe R,-29.63,7.04,-29.08,-1.28,-4.43,-34.33,,,0,,397584,2428734,Adam Heimerman,Independent,2.16,0.0,34.64,63.2,0.0
2026-10-09,TN-03,house,TN,03,Anna Golladay,Chuck Fleischmann,REP,REP,-30.96,0.0,100.0,Safe R,-31.45,7.04,-30.86,-2.34,-3.43,-36.21,,,0,,55555,2330803,Dean Arnold,Independent,2.0,0.0,33.83,64.17,0.0
2026-10-09,TN-04,house,TN,04,Victoria Broderick,Scott DesJarlais,REP,REP,-13.19,0.9,99.1,Safe R,-18.41,7.04,-13.08,-1.11,-0.33,-24.28,,,0,,83931,536843,Jacob Kristopher Anders,Independent,2.23,0.0,42.44,55.33,0.0
2026-10-09,TN-05,house,TN,05,Chaz Molder,Charlie Hatcher,,REP,-8.62,7.7,92.3,Likely R,-16.5,7.04,-8.93,0.94,0.0,-23.39,40.72,46.57,2,-8.21,2599775,719503,James A. Johnson,Independent,0.5,0.0,45.46,54.04,0.0
2026-10-09,TN-06,house,TN,06,Mike Croley,Johnny Garrett,,REP,-17.2,0.4,99.6,Safe R,-21.45,7.04,-17.1,-2.06,0.0,-26.87,,,0,,35380,2380327,Angus Purdy,Independent,2.07,0.0,40.54,57.39,0.0
2026-10-09,TN-07,house,TN,07,Darden Copeland,Matt Van Epps,REP,REP,-13.73,0.8,99.2,Safe R,-17.83,7.04,-13.62,-0.6,-1.67,-22.73,,,0,,868615,2300690,Andrew J. Koontz,Independent,2.16,0.0,42.2,55.64,0.0
2026-10-09,TN-08,house,TN,08,Heidi Kuhn,David Kustoff,REP,REP,-16.96,0.4,99.6,Safe R,-15.63,7.04,-16.87,-2.43,-5.48,-20.43,,,0,,39805,2232874,Horace Taylor,Independent,1.81,0.0,40.77,57.42,0.0
2026-10-09,TN-09,house,TN,09,Justin J. Pearson,Brent Taylor,,DEM,-6.86,12.9,87.1,Likely R,-14.48,7.04,-7.48,0.27,0.0,-21.42,44.0,48.0,1,-5.27,2344947,1549482,Dennis Clark,Independent,1.66,0.0,45.8,52.54,0.0
2026-10-09,TX-01,house,TX,01,Yolanda Prince,Nathaniel Moran,REP,REP,-40.28,0.0,100.0,Safe R,-43.0,7.04,-40.28,-2.61,-1.67,-49.91,,,0,,9245,1797848,,,0.0,0.0,29.86,70.14,0.0
2026-10-09,TX-02,house,TX,02,Shaun Finnie,Steve Toth,,REP,-10.77,2.4,97.6,Safe R,-17.8,7.04,-9.41,0.88,0.0,-23.13,37.0,46.0,1,-11.91,2729677,824450,,,0.0,0.0,44.61,55.39,0.0
2026-10-09,TX-03,house,TX,03,Evan Hunt,Keith Self,REP,REP,-12.68,1.0,99.0,Safe R,-17.6,7.04,-12.68,-0.44,-1.67,-23.98,,,0,,446506,841267,,,0.0,0.0,43.66,56.34,0.0
2026-10-09,TX-04,house,TX,04,Jason Pearce,Pat Fallon,REP,REP,-17.93,0.4,99.6,Safe R,-18.45,7.04,-17.93,-1.91,-4.23,-25.16,,,0,,16271,790505,,,0.0,0.0,41.04,58.96,0.0
2026-10-09,TX-05,house,TX,05,Chelsey Hockett,Lance Gooden,REP,REP,-12.18,1.1,98.9,Safe R,-15.29,7.04,-12.18,-2.33,-2.16,-21.84,,,0,,12666,1341647,,,0.0,0.0,43.91,56.09,0.0
2026-10-09,TX-06,house,TX,06,Danny Minton,Jake Ellzey,REP,REP,-15.83,0.6,99.4,Safe R,-17.37,7.04,-15.83,-2.94,-3.17,-23.28,,,0,,44283,4660385,,,0.0,0.0,42.08,57.92,0.0
2026-10-09,TX-07,house,TX,07,Lizzie Fletcher,Alexander Hale,DEM,DEM,43.21,100.0,0.0,Safe D,31.96,7.04,43.93,1.84,2.19,24.12,,,0,,1426057,76578,Espoir Ngabo,Green,2.89,0.0,69.53,27.58,0.0
2026-10-09,TX-08,house,TX,08,Laura Jones,Jessica Steinmann,,REP,-14.92,0.7,99.3,Safe R,-20.08,7.04,-14.92,-2.72,0.0,-27.99,,,0,,21980,2064033,,,0.0,0.0,42.54,57.46,0.0
2026-10-09,TX-09,house,TX,09,Leticia Gutierrez,Alex Mealer,,DEM,-5.5,17.4,82.6,Likely R,-11.05,7.04,-3.57,-1.74,0.0,-20.07,39.0,45.0,1,-8.21,55358,2080514,,,0.0,0.0,47.25,52.75,0.0
2026-10-09,TX-10,house,TX,10,Caitlin Rourk,Chris Gober,,REP,-9.91,4.4,95.6,Safe R,-15.73,7.04,-10.14,-1.52,0.0,-22.93,41.0,48.0,1,-9.62,363959,2559185,,,0.0,0.0,45.04,54.96,0.0
2026-10-09,TX-11,house,TX,11,Claire Reynolds,August Pfluger,REP,REP,-24.5,0.1,99.9,Safe R,-28.42,7.04,-24.5,-2.36,-1.67,-34.78,,,0,,89281,3189023,,,0.0,0.0,37.75,62.25,0.0
2026-10-09,TX-12,house,TX,12,Heli Rodriguez Prilliman,Craig Goldman,REP,REP,-15.86,0.6,99.4,Safe R,-17.37,7.04,-15.86,0.0,-6.17,-24.15,,,0,,0,1756535,,,0.0,0.0,42.07,57.93,0.0
2026-10-09,TX-13,house,TX,13,Mark Nair,Ronny Jackson,REP,REP,-37.79,0.0,100.0,Safe R,-41.02,7.04,-37.79,-2.47,-1.67,-46.67,,,0,,101896,4036265,,,0.0,0.0,31.11,68.89,0.0
2026-10-09,TX-14,house,TX,14,Thurman Bartie,Randy Weber,REP,REP,-16.78,0.5,99.5,Safe R,-18.43,7.04,-16.78,-1.94,-3.76,-24.57,,,0,,26823,972561,,,0.0,0.0,41.61,58.39,0.0
2026-10-09,TX-15,house,TX,15,Bobby Pulido,Monica De La Cruz,REP,REP,4.17,77.9,22.1,Likely D,-7.12,7.04,1.58,-0.09,-1.43,-18.02,51.43,43.54,5,7.88,2960462,5273960,,,0.0,0.0,52.08,47.92,0.0
2026-10-09,TX-16,house,TX,16,Veronica Escobar,Adam Bauman,DEM,DEM,39.47,100.0,0.0,Safe D,27.93,7.04,39.47,0.0,1.25,16.63,,,0,,858766,0,,,0.0,0.0,69.74,30.26,0.0
2026-10-09,TX-17,house,TX,17,Casey Shepard,Pete Sessions,REP,REP,-14.12,0.8,99.2,Safe R,-15.2,7.04,-14.12,-2.2,-3.99,-21.95,,,0,,8801,1050237,,,0.0,0.0,42.94,57.06,0.0
2026-10-09,TX-18,house,TX,18,Christian Menefee,Ronald Whitfield,DEM,DEM,74.01,100.0,0.0,Safe D,64.02,7.04,74.01,0.0,1.67,55.72,,,0,,3637579,0,,,0.0,0.0,87.0,13.0,0.0
2026-10-09,TX-19,house,TX,19,Kyle Rable,Tom Sell,,REP,-39.85,0.0,100.0,Safe R,-45.38,7.04,-39.85,-2.39,0.0,-52.17,,,0,,31276,2143025,,,0.0,0.0,30.08,69.92,0.0
2026-10-09,TX-20,house,TX,20,Joaquin Castro,Edgardo Baez,DEM,DEM,52.15,100.0,0.0,Safe D,37.77,7.04,52.15,1.31,3.44,28.88,,,0,,514776,48536,,,0.0,0.0,76.07,23.93,0.0
2026-10-09,TX-21,house,TX,21,Kristin Hook,Mark Teixeira,,REP,-9.37,5.7,94.3,Likely R,-15.71,7.04,-9.37,-2.02,0.63,-22.09,,,0,,243839,3922216,,,0.0,0.0,45.32,54.68,0.0
2026-10-09,TX-22,house,TX,22,Marquette Greene-Scott,Trever Nehls,,REP,-10.12,3.9,96.1,Safe R,-16.29,7.04,-10.12,-0.81,-0.6,-22.66,,,0,,53761,206463,,,0.0,0.0,44.94,55.06,0.0
2026-10-09,TX-23,house,TX,23,Katy Padilla Stout,Brandon Herrera,,REP,0.43,53.1,46.9,Toss-up,-7.29,7.04,0.97,-0.82,0.0,-14.97,40.0,42.0,1,-1.98,484915,1937719,Ben Mendoza,Independent,1.86,0.0,49.28,48.86,0.0
2026-10-09,TX-24,house,TX,24,Kevin Burge,Beth Van Duyne,REP,REP,-9.78,4.7,95.3,Safe R,-10.62,7.04,-9.78,-1.72,-4.34,-16.39,,,0,,209860,2540738,,,0.0,0.0,45.11,54.89,0.0
2026-10-09,TX-25,house,TX,25,Dione Sims,Roger Williams,REP,REP,-11.0,1.9,98.1,Safe R,-16.85,7.04,-11.0,0.0,-1.67,-24.34,,,0,,0,1424050,,,0.0,0.0,44.5,55.5,0.0
2026-10-09,TX-26,house,TX,26,Steven Shook,Brandon Gill,REP,REP,-19.34,0.3,99.7,Safe R,-17.97,7.04,-19.73,-3.11,-5.71,-24.12,,,0,,17227,4217213,Phil Gray,Libertarian,1.98,0.0,39.53,58.49,0.0
2026-10-09,TX-27,house,TX,27,Tanya Lloyd,Michael Cloud,REP,REP,-11.0,1.9,98.1,Safe R,-15.21,7.04,-11.0,-1.33,-2.71,-21.44,,,0,,139788,1062241,,,0.0,0.0,44.5,55.5,0.0
2026-10-09,TX-28,house,TX,28,Henry Cuellar,Tano Tijerina,DEM,DEM,18.76,99.7,0.3,Safe D,2.45,7.04,23.16,0.47,9.43,-10.45,43.81,35.25,2,10.77,2231952,1399881,Marlón Durán,Green,5.25,0.0,56.26,38.49,0.0
2026-10-09,TX-29,house,TX,29,Sylvia Garcia,Martha Fierro,DEM,DEM,56.94,100.0,0.0,Safe D,40.29,7.04,56.94,0.0,7.38,30.84,,,0,,987402,0,,,0.0,0.0,78.47,21.53,0.0
2026-10-09,TX-30,house,TX,30,Frederick Haynes III,Everett Jackson,,DEM,65.91,100.0,0.0,Safe D,56.0,7.04,65.91,1.56,0.0,47.81,,,0,,420153,17215,,,0.0,0.0,82.95,17.05,0.0
2026-10-09,TX-31,house,TX,31,Justin Early,John Carter,REP,REP,-15.88,0.6,99.4,Safe R,-16.13,7.04,-15.29,-1.61,-4.82,-22.14,,,0,,123522,1419042,Greg Stoker,Green,2.34,0.0,41.08,56.58,0.0
2026-10-09,TX-32,house,TX,32,Dan Barrios,Jace Yarbrough,,DEM,-5.38,17.8,82.2,Likely R,-10.98,7.04,-5.38,-1.71,0.0,-18.11,,,0,,96538,865911,,,0.0,0.0,47.31,52.69,0.0
2026-10-09,TX-33,house,TX,33,Colin Allred,Patrick Gillespie,,DEM,49.03,100.0,0.0,Safe D,42.16,7.04,49.03,0.0,-1.97,33.34,,,0,,7431941,0,,,0.0,0.0,74.51,25.49,0.0
2026-10-09,TX-34,house,TX,34,Vicente Gonzalez,Eric Flores,DEM,DEM,11.75,98.8,1.2,Safe D,-0.4,7.04,14.32,0.36,4.39,-10.22,44.72,42.09,3,4.65,3773915,2874990,Chris Royal,Libertarian,2.8,0.0,53.45,42.22,1.53
2026-10-09,TX-35,house,TX,35,Johnny Garcia,Carlos De La Cruz,,DEM,3.44,74.0,26.0,Lean D,-2.89,7.04,5.9,-0.13,0.0,-10.56,44.0,45.0,1,-2.2,931699,1048751,,,0.0,0.0,51.72,48.28,0.0
2026-10-09,TX-36,house,TX,36,Rhonda Hart,Brian Babin,REP,REP,-13.06,1.0,99.0,Safe R,-18.01,7.04,-13.06,0.0,-2.56,-25.28,,,0,,0,1006944,,,0.0,0.0,43.47,56.53,0.0
2026-10-09,TX-37,house,TX,37,Greg Casar,Lauren Peña,DEM,DEM,74.04,100.0,0.0,Safe D,64.78,7.04,74.04,1.44,-0.07,57.7,,,0,,1172881,130033,,,0.0,0.0,87.02,12.98,0.0
2026-10-09,TX-38,house,TX,38,Melissa McDonough,Jon Bonck,,REP,-11.14,1.6,98.4,Safe R,-15.45,7.04,-10.59,-2.01,-0.55,-21.3,,,0,,66929,1644127,Alex McMenemy,Green,2.18,0.0,43.46,54.36,0.0
2026-10-09,UT-01,house,UT,01,Ben McAdams,Riley Owen,,REP,40.32,100.0,0.0,Safe D,24.91,7.04,37.53,2.13,3.35,24.33,62.7,21.2,1,42.73,2262255,132533,Jesse West,Libertarian,4.7,0.0,66.86,28.44,0.0
2026-10-09,UT-02,house,UT,02,Peter Crosby,Blake Moore,REP,REP,-16.56,0.5,99.5,Safe R,-30.59,7.04,-34.37,-1.71,-8.71,-29.9,33.61,36.2,3,-3.29,60225,2536636,Robert M. Moesinger,Independent,2.89,0.0,37.59,52.52,7.0
2026-10-09,UT-03,house,UT,03,Kent Udell,Celeste Maloy,REP,REP,-31.87,0.0,100.0,Safe R,-42.81,7.04,-42.53,-1.72,-4.59,-42.42,26.4,44.5,1,-17.26,47533,1453861,Adonis Hooslyn,Independent,6.5,0.0,29.8,57.69,6.01
2026-10-09,UT-04,house,UT,04,Jonny Larsen,Mike Kennedy,REP,REP,-20.35,0.2,99.8,Safe R,-34.05,7.04,-40.75,-1.72,-11.49,-33.43,37.85,36.12,2,1.63,53579,971392,Steven Burt,Independent,5.03,0.0,35.03,52.94,7.0
2026-10-09,VA-01,house,VA,01,Shannon Taylor,Rob Wittman,REP,REP,0.25,51.8,48.2,Toss-up,-2.47,7.04,-1.57,0.09,-5.6,-5.0,49.18,46.2,4,2.72,2140980,4053142,,,0.0,0.0,50.12,49.88,0.0
2026-10-09,VA-02,house,VA,02,Elaine Luria,Jen Kiggans,REP,REP,6.62,86.3,13.7,Likely D,3.29,7.04,8.2,-0.06,-1.67,-0.27,47.0,47.0,1,-0.66,4659795,5954338,"Geral D. ""Bishop"" Staten",Independent,2.36,0.0,52.05,45.59,0.0
2026-10-09,VA-03,house,VA,03,Bobby Scott,Edwin Rivera,DEM,DEM,53.01,100.0,0.0,Safe D,39.38,7.04,53.13,1.93,4.81,35.17,,,0,,688200,6555,Stephen C. Woll,Independent,2.37,0.0,74.69,22.94,0.0
2026-10-09,VA-04,house,VA,04,Jennifer McClellan,Robert Murray,DEM,DEM,49.43,100.0,0.0,Safe D,37.27,7.04,49.54,0.0,5.25,33.18,,,0,,1135225,0,"Joan E. ""Andrews"" Bell",Independent,2.17,0.0,73.1,24.73,0.0
2026-10-09,VA-05,house,VA,05,Tom Perriello,John McGuire,REP,REP,-4.22,21.9,78.1,Likely R,-8.11,7.04,-3.09,0.2,-1.67,-12.41,44.93,49.77,3,-5.26,2140402,1781840,Cooke C. Harvey,Independent,1.16,0.0,47.33,51.51,0.0
2026-10-09,VA-06,house,VA,06,Beth Macy,Ben Cline,REP,REP,-22.67,0.1,99.9,Safe R,-20.77,7.04,-18.43,0.11,-4.2,-24.47,29.0,59.0,1,-26.8,1686322,1441436,,,0.0,0.0,38.67,61.33,0.0
2026-10-09,VA-07,house,VA,07,Eugene Vindman,Doug Ollivant,DEM,DEM,21.12,99.8,0.2,Safe D,7.12,7.04,20.71,2.76,3.73,2.91,,,0,,12355664,251134,Alaha Ahrar,Independent,2.7,0.0,57.29,37.31,2.7
2026-10-09,VA-08,house,VA,08,Don Beyer,Tony Sabio,DEM,DEM,66.32,100.0,0.0,Safe D,55.85,7.04,65.79,2.56,0.24,50.9,,,0,,2125761,21917,Tim S. Sharman,Independent,3.51,0.0,77.32,15.66,3.51
2026-10-09,VA-09,house,VA,09,Joy Powers,Morgan Griffith,REP,REP,-37.67,0.0,100.0,Safe R,-40.43,7.04,-37.67,-1.97,-1.45,-44.43,,,0,,85335,1828839,,,0.0,0.0,31.16,68.84,0.0
2026-10-09,VA-10,house,VA,10,Suhas Subramanyam,Dave Beckwith,DEM,DEM,22.65,99.9,0.1,Safe D,13.82,7.04,22.82,1.54,0.51,8.58,,,0,,1170446,107334,Ahsen Mujeeb Malik,Independent,3.36,0.0,59.26,37.38,0.0
2026-10-09,VA-11,house,VA,11,James Walkinshaw,Arthur Purves,DEM,DEM,50.55,100.0,0.0,Safe D,40.1,7.04,51.49,2.95,1.67,35.29,,,0,,2758961,10780,Dianne L. Blais,Green,3.78,0.0,72.43,23.79,0.0
2026-10-09,VT-01,house,VT,01,Rebecca Balint,Gerald Malloy,DEM,DEM,32.51,100.0,0.0,Safe D,22.02,7.04,39.5,1.67,9.71,32.77,53.2,29.02,4,24.85,956339,58280,Adam Ortiz,Independent,1.6,0.0,65.19,33.21,0.0
2026-10-09,WA-01,house,WA,01,Suzan DelBene,Mary Silva,DEM,DEM,39.94,100.0,0.0,Safe D,30.07,7.04,39.94,3.1,0.33,29.71,,,0,,3550452,8434,,,0.0,0.0,69.97,30.03,0.0
2026-10-09,WA-02,house,WA,02,Rick Larsen,Edwin H. Feller,DEM,DEM,35.15,100.0,0.0,Safe D,24.1,7.04,35.15,0.0,4.54,24.45,,,0,,2038786,0,,,0.0,0.0,67.57,32.43,0.0
2026-10-09,WA-03,house,WA,03,Marie Gluesenkamp Perez,John Braun,DEM,DEM,6.64,86.4,13.6,Likely D,-3.74,7.04,11.01,0.56,7.75,-3.4,46.08,47.12,3,-0.97,6292683,2214441,,,0.0,0.0,53.32,46.68,0.0
2026-10-09,WA-04,house,WA,04,John Duresky,Amanda McKinney,,REP,-14.3,0.8,99.2,Safe R,-20.54,7.04,-14.3,-1.52,0.0,-21.24,,,0,,179020,981820,,,0.0,0.0,42.85,57.15,0.0
2026-10-09,WA-05,house,WA,05,Carmela Conroy,Michael Baumgartner,REP,REP,-22.74,0.1,99.9,Safe R,-11.1,7.04,-25.48,-0.73,-19.99,-11.11,47.0,53.0,1,-7.21,396217,1738226,,,0.0,0.0,38.63,61.37,0.0
2026-10-09,WA-06,house,WA,06,Emily Randall,Teresa Fox,DEM,DEM,28.15,100.0,0.0,Safe D,19.18,7.04,28.15,2.08,0.51,19.89,,,0,,1195247,27615,,,0.0,0.0,64.08,35.92,0.0
2026-10-09,WA-07,house,WA,07,Pramila Jayapal,Nirav Sheth,DEM,DEM,84.0,100.0,0.0,Safe D,77.58,7.04,84.0,2.79,-2.85,77.56,,,0,,2502816,11811,,,0.0,0.0,92.0,8.0,0.0
2026-10-09,WA-08,house,WA,08,Kim Schrier,Spencer Meline,DEM,DEM,18.52,99.7,0.3,Safe D,6.12,7.04,18.52,2.15,3.8,5.97,,,0,,3016894,126517,,,0.0,0.0,59.26,40.74,0.0
2026-10-09,WA-09,house,WA,09,Adam Smith,Doug Basler,DEM,DEM,53.58,100.0,0.0,Safe D,43.74,7.04,53.58,2.58,0.47,42.69,,,0,,1882001,12242,,,0.0,0.0,76.79,23.21,0.0
2026-10-09,WA-10,house,WA,10,Marilyn Strickland,Chris D. Chung,DEM,DEM,26.96,100.0,0.0,Safe D,18.4,7.04,26.96,0.0,1.92,18.6,,,0,,1511304,0,,,0.0,0.0,63.48,36.52,0.0
2026-10-09,WI-01,house,WI,01,Mitchell Berman,Bryan Steil,REP,REP,-2.19,34.6,65.4,Lean R,-2.66,7.04,-2.31,-1.38,-4.89,-4.58,47.98,47.57,4,-2.06,712984,5467777,,,0.0,0.0,48.9,51.1,0.0
2026-10-09,WI-02,house,WI,02,Mark Pocan,(no Republican filed),DEM,DEM,51.32,100.0,0.0,Safe D,42.33,7.04,51.32,0.0,2.65,40.75,,,0,,814874,0,,,0.0,0.0,75.66,24.34,0.0
2026-10-09,WI-03,house,WI,03,Rebecca Cooke,Derrick Van Orden,REP,REP,6.48,85.8,14.2,Likely D,-5.49,7.04,8.16,0.24,7.27,-7.51,49.96,46.05,5,2.97,8601146,7526052,Alexander Valiensi Kent,Independent,2.54,0.0,51.89,45.57,0.0
2026-10-09,WI-04,house,WI,04,Gwen Moore,Tim Rogers,DEM,DEM,64.6,100.0,0.0,Safe D,54.05,7.04,64.73,0.0,3.43,52.47,,,0,,1070659,0,Arthur Burks,Independent,2.51,0.0,80.24,17.25,0.0
2026-10-09,WI-05,house,WI,05,Andrew Beck,Scott Fitzgerald,REP,REP,-22.44,0.1,99.9,Safe R,-21.72,7.04,-22.44,-2.32,-4.66,-22.45,,,0,,14612,1369100,,,0.0,0.0,38.78,61.22,0.0
2026-10-09,WI-06,house,WI,06,Brad Smith,Glenn Grothman,REP,REP,-17.0,0.4,99.6,Safe R,-15.33,7.04,-15.07,-1.13,-4.83,-16.7,39.0,61.0,1,-23.11,166061,929020,Mike Thurow,Independent,2.41,0.0,39.5,55.68,2.41
2026-10-09,WI-07,house,WI,07,Fred Clark,Michael Alfonso,,REP,-16.05,0.5,99.5,Safe R,-20.95,7.04,-16.05,-1.15,0.0,-22.84,,,0,,423041,1351546,,,0.0,0.0,41.97,58.03,0.0
2026-10-09,WI-08,house,WI,08,Rick Crosson,Tony Wied,REP,REP,-12.43,1.1,98.9,Safe R,-15.13,7.04,-12.43,-1.71,-1.81,-16.46,,,0,,66904,1090216,,,0.0,0.0,43.78,56.22,0.0
2026-10-09,WV-01,house,WV,01,Vince George,Carol Miller,REP,REP,-38.44,0.0,100.0,Safe R,-43.68,7.04,-39.14,-1.33,-0.22,-45.2,,,0,,258330,1746898,Belinda Fox-Spencer,Constitution,2.16,0.0,30.12,67.72,0.0
2026-10-09,WV-02,house,WV,02,Ace Parsi,Riley Moore,REP,REP,-38.28,0.0,100.0,Safe R,-39.24,7.04,-38.28,-1.14,-4.03,-40.38,,,0,,250041,1325162,,,0.0,0.0,30.86,69.14,0.0
2026-10-09,WY-01,house,WY,01,Lisa Kinney,Chuck Gray,,REP,-38.32,0.0,100.0,Safe R,-44.04,7.04,-38.91,-1.27,0.0,-46.96,,,0,,17946,1621197,Shawn Johnson,Libertarian,3.91,0.0,28.43,63.75,3.91
2026-10-09,AK-SEN,senate,AK,SEN,Mary Peltola,Dan Sullivan,REP,REP,2.55,68.4,31.6,Lean D,-11.23,7.04,-0.94,0.21,4.11,-13.8,48.64,45.63,21,3.83,18545132,9136967,,,0.0,0.0,49.59,47.91,2.5
2026-10-09,AL-SEN,senate,AL,SEN,Everett Wess,Barry Moore,,REP,-19.58,0.3,99.7,Safe R,-25.87,7.04,-21.64,-3.25,0.93,-30.88,32.7,51.9,2,-16.19,80555,3787330,,,0.0,0.0,40.21,59.79,0.0
2026-10-09,AR-SEN,senate,AR,SEN,Hallie Shoffner,Tom Cotton,REP,REP,-17.02,0.4,99.6,Safe R,-27.21,7.04,-23.25,-0.9,-1.67,-31.57,39.64,48.37,4,-7.06,2269114,6233117,Jeff Wadlin,Libertarian,3.44,0.0,40.06,56.5,0.0
2026-10-09,CO-SEN,senate,CO,SEN,John Hickenlooper,Mark Baisley,DEM,DEM,27.42,100.0,0.0,Safe D,13.65,7.04,27.08,2.84,3.55,11.29,,,0,,8119380,138147,Bob Chew,Forward,7.6,0.0,56.57,32.23,3.6
2026-10-09,DE-SEN,senate,DE,SEN,Chris Coons,Michael Katz,DEM,DEM,26.26,100.0,0.0,Safe D,15.57,7.04,26.26,2.27,1.67,14.84,,,0,,4168081,159367,,,0.0,0.0,63.13,36.87,0.0
2026-10-09,FL-SEN,senate,FL,SEN,Angie Nixon,Ashley Moody,REP,REP,-5.21,18.4,81.6,Likely R,-8.19,7.04,-3.8,-1.5,-1.67,-13.22,43.11,49.03,14,-5.87,974845,11270805,Neil J. Gillespie,Independent,0.5,0.0,47.16,52.34,0.0
2026-10-09,GA-SEN,senate,GA,SEN,Jon Ossoff,Mike Collins,DEM,DEM,11.99,98.8,1.2,Safe D,-1.06,7.04,13.94,1.35,6.73,-2.21,51.59,42.23,16,10.3,77279766,7409349,,,0.0,0.0,55.99,44.01,0.0
2026-10-09,IA-SEN,senate,IA,SEN,Josh Turek,Ashley Hinson,,REP,1.03,57.3,42.7,Toss-up,-6.56,7.04,-1.27,-0.1,-0.93,-13.45,46.56,45.27,26,2.06,6276527,10217845,Thomas Laehn,Libertarian,0.5,0.0,50.26,49.24,0.0
2026-10-09,ID-SEN,senate,ID,SEN,(No Democrat),Jim Risch,REP,REP,-11.5,1.1,98.9,Safe R,-28.86,7.04,-25.12,-1.14,-1.67,-37.52,41.24,40.36,7,1.96,0,3357516,Todd Achilles,Independent,42.05,1.1,0.0,53.56,4.39
2026-10-09,IL-SEN,senate,IL,SEN,Juliana Stratton,Don Tracy,,DEM,15.97,99.5,0.5,Safe D,15.06,7.04,22.42,0.32,0.0,11.14,49.0,36.0,1,10.19,5906599,2459890,"Whitfield Harrington, Jr.",American Center,2.88,0.0,56.32,40.8,0.0
2026-10-09,KS-SEN,senate,KS,SEN,Adam Hamilton,Roger Marshall,REP,REP,-1.3,40.8,59.2,Toss-up,-13.82,7.04,-7.99,0.3,-1.09,-16.41,46.47,45.07,12,1.44,4169078,4009075,David C Graham,Libertarian,1.99,0.0,48.37,49.64,0.0
2026-10-09,KY-SEN,senate,KY,SEN,Charles Booker,Andy Barr,,REP,-23.83,0.1,99.9,Safe R,-30.07,7.04,-29.5,-0.87,-4.86,-31.03,39.99,49.0,2,-10.28,1099509,9981055,Christopher Campbell,Kentucky Party,2.09,0.0,37.29,60.62,0.0
2026-10-09,LA-SEN,senate,LA,SEN,Jamie Davis,Julia Letlow,,REP,-16.31,0.5,99.5,Safe R,-21.43,7.04,-22.24,-0.47,-7.1,-22.36,42.55,46.55,2,-5.97,1983548,6210122,,,0.0,0.0,41.84,58.16,0.0
2026-10-09,MA-SEN,senate,MA,SEN,Ed Markey,John Deaton,DEM,DEM,30.7,100.0,0.0,Safe D,28.58,7.04,37.46,0.52,1.67,25.91,52.02,29.59,11,23.6,5352148,1561360,Shiva Ayyadurai,Independent,3.73,0.0,60.75,32.22,3.3
2026-10-09,ME-SEN,senate,ME,SEN,Troy Jackson,Susan Collins,REP,REP,2.38,66.6,33.4,Lean D,8.79,7.04,1.31,0.0,-13.55,7.09,48.72,46.61,21,2.85,0,16169827,,,0.0,0.0,51.19,48.81,0.0
2026-10-09,MI-SEN,senate,MI,SEN,Abdul El-Sayed,Mike Rogers,,DEM,5.9,84.0,16.0,Likely D,2.82,7.04,9.25,-0.42,0.44,-1.44,48.67,45.72,46,3.62,14514336,10898177,Douglas P. Marsh,Green,0.5,0.0,51.46,45.73,2.31
2026-10-09,MN-SEN,senate,MN,SEN,Peggy Flanagan,Michele Tafoya,,DEM,8.12,90.9,9.1,Likely D,6.54,7.04,12.8,-0.07,0.0,4.34,44.7,41.9,10,4.11,6517348,5337942,Rebecca Whiting,Libertarian,1.91,0.0,53.03,45.06,0.0
2026-10-09,MS-SEN,senate,MS,SEN,Scott Colom,Cindy Hyde-Smith,REP,REP,-11.05,1.7,98.3,Safe R,-21.48,7.04,-12.23,-0.04,2.62,-23.15,39.49,45.44,2,-7.08,2384921,3825455,Ty Pinkins,Independent,3.54,0.0,42.9,53.56,0.0
2026-10-09,MT-SEN,senate,MT,SEN,Alani Bankhead,Kurt Alme,,REP,-21.66,0.0,99.8,Safe R,-13.86,7.04,-7.54,0.3,0.0,-20.58,22.19,43.28,11,-19.55,58829,1984861,Seth Bodnar,Independent,27.7,0.2,19.28,49.36,3.66
2026-10-09,NC-SEN,senate,NC,SEN,Roy Cooper,Michael Whatley,,REP,9.75,95.2,4.8,Safe D,-2.8,7.04,6.19,0.35,1.9,-3.27,50.71,39.91,39,11.93,34975789,11272504,Michael Dublin,Green,0.53,0.0,53.56,44.04,1.87
2026-10-09,NE-SEN,senate,NE,SEN,(No Democrat),Pete Ricketts,REP,REP,-0.49,46.5,53.5,Toss-up,-17.88,7.04,-2.98,-0.29,8.63,-20.84,47.15,46.14,11,1.46,0,11233507,Dan Osborn,Independent,48.67,46.5,0.0,49.15,2.18
2026-10-09,NH-SEN,senate,NH,SEN,Chris Pappas,John E. Sununu,,DEM,8.84,92.9,7.1,Likely D,0.46,7.04,11.08,0.24,4.2,2.82,49.57,43.4,23,6.81,15384657,4180252,Edmond Laplante,Constitution,0.5,0.0,54.15,45.35,0.0
2026-10-09,NJ-SEN,senate,NJ,SEN,Cory Booker,Justin Murphy,DEM,DEM,20.85,99.8,0.2,Safe D,8.31,7.04,21.54,4.12,1.88,5.63,,,0,,18869341,27316,Joanne Kuniansky,Socialist Workers,2.14,0.0,59.13,38.73,0.0
2026-10-09,NM-SEN,senate,NM,SEN,Ben Ray Lujan,Larry Marker,DEM,DEM,19.75,99.8,0.2,Safe D,8.24,7.04,21.24,3.17,1.67,6.14,53.88,36.23,2,18.03,5626629,33525,,,0.0,0.0,59.87,40.13,0.0
2026-10-09,OH-SEN,senate,OH,SEN,Sherrod Brown,Jon Husted,REP,REP,3.69,75.6,24.4,Likely D,-7.32,7.04,0.37,-0.06,1.39,-11.31,49.0,44.33,29,5.27,38566234,14360028,Greg Levy,Independent,0.5,0.0,50.77,47.16,1.57
2026-10-09,OK-SEN,senate,OK,SEN,Jasmine Thomas,Kevin Hern,,REP,-30.5,0.0,100.0,Safe R,-33.29,7.04,-33.19,-3.47,-2.78,-34.95,25.0,49.0,1,-22.11,57159,9953579,Ron Meinhardt,Independent,4.0,0.0,32.45,60.93,2.62
2026-10-09,OR-SEN,senate,OR,SEN,Jeff Merkley,David Brock Smith,DEM,DEM,23.68,99.9,0.1,Safe D,12.27,7.04,22.98,2.47,1.67,14.89,,,0,,4540974,120760,Gary Lyndon Dye,Libertarian,4.68,0.0,56.05,34.59,4.68
2026-10-09,RI-SEN,senate,RI,SEN,Jack Reed,Raymond McKay,DEM,DEM,25.24,99.9,0.1,Safe D,17.85,7.04,28.38,2.03,1.67,14.16,52.24,32.5,4,20.82,3381651,180468,Michael Anthony Bahry,Independent,4.22,0.0,59.98,35.8,0.0
2026-10-09,SC-SEN,senate,SC,SEN,Annie Andrews,Darline Graham,REP,REP,-2.62,31.6,68.4,Lean R,-14.3,7.04,-5.06,1.0,1.59,-18.12,39.96,42.79,5,-0.82,10804040,346783,Kasie Whitener,Libertarian,1.27,0.0,47.16,49.7,1.87
2026-10-09,SD-SEN,senate,SD,SEN,(No Democrat),Mike Rounds,REP,REP,-14.76,0.7,99.3,Safe R,-21.92,7.04,-21.37,-1.08,-4.39,-29.98,42.84,47.96,8,-6.39,0,3176451,Brian Bengs,Independent,42.62,0.7,0.0,57.38,0.0
2026-10-09,TN-SEN,senate,TN,SEN,Marquita Bradshaw,Bill Hagerty,REP,REP,-26.22,0.0,100.0,Safe R,-24.63,7.04,-28.12,-3.73,-6.25,-30.12,31.84,53.94,1,-20.38,2257,7162897,"David Sutman, Jr.",Independent,5.58,0.0,34.83,59.59,0.0
2026-10-09,TX-SEN,senate,TX,SEN,James Talarico,Ken Paxton,,REP,3.5,74.4,25.6,Lean D,-9.29,7.04,0.93,0.1,2.05,-13.88,49.18,45.09,46,4.86,68560930,9248699,Ted Brown,Libertarian,0.61,0.0,51.43,47.96,0.0
2026-10-09,VA-SEN,senate,VA,SEN,Mark Warner,Bert Mizusawa,DEM,DEM,19.44,99.7,0.3,Safe D,6.82,7.04,19.44,2.74,3.15,5.89,,,0,,17889335,418742,,,0.0,0.0,59.72,40.28,0.0
2026-10-09,WV-SEN,senate,WV,SEN,Rachel Fetty Anderson,Shelley Moore Capito,REP,REP,-39.82,0.0,100.0,Safe R,-42.1,7.04,-40.57,-2.92,-1.67,-42.69,,,0,,49913,4624145,S. Marshall Wilson,Constitution,2.29,0.0,29.4,68.31,0.0
2026-10-09,WY-SEN,senate,WY,SEN,James Byrd,Harriet Hageman,,REP,-41.15,0.0,100.0,Safe R,-44.8,7.04,-41.15,-2.75,0.0,-46.96,,,0,,22559,2435023,,,0.0,0.0,29.42,70.58,0.0
