race_code,ctrl_if_dem,ctrl_if_rep
AK-01,99.9,31.6
AL-01,100.0,18.5
AL-02,99.9,34.8
AL-03,100.0,18.5
AL-04,100.0,18.5
AL-05,100.0,18.7
AL-06,100.0,18.5
AL-07,81.6,100.0
AR-01,,18.4
AR-02,100.0,26.5
AR-03,100.0,18.7
AR-04,,18.4
AZ-01,94.8,71.4
AZ-02,98.7,47.4
AZ-03,81.6,100.0
AZ-04,82.4,100.0
AZ-05,100.0,20.8
AZ-06,95.4,68.8
AZ-07,81.5,
AZ-08,100.0,23.0
AZ-09,100.0,18.7
CA-01,82.6,100.0
CA-02,81.6,100.0
CA-03,82.3,100.0
CA-04,81.5,
CA-05,100.0,19.2
CA-06,86.4,96.1
CA-07,81.5,
CA-08,81.6,100.0
CA-09,81.6,100.0
CA-10,81.5,
CA-11,81.5,
CA-12,81.5,
CA-13,82.1,100.0
CA-14,81.5,
CA-15,81.6,100.0
CA-16,81.6,100.0
CA-17,81.5,
CA-18,81.6,100.0
CA-19,81.5,
CA-20,100.0,18.5
CA-21,82.3,100.0
CA-22,93.6,77.1
CA-23,100.0,19.6
CA-24,81.5,
CA-25,82.5,100.0
CA-26,81.7,100.0
CA-27,81.6,100.0
CA-28,81.5,
CA-29,81.5,
CA-30,81.5,
CA-31,83.9,99.7
CA-32,81.5,
CA-33,81.6,100.0
CA-34,81.5,
CA-35,81.6,100.0
CA-36,81.5,
CA-37,81.6,100.0
CA-38,81.7,100.0
CA-39,81.7,100.0
CA-40,,18.4
CA-41,81.6,100.0
CA-42,81.7,100.0
CA-43,81.6,100.0
CA-44,81.6,100.0
CA-45,82.2,100.0
CA-46,81.6,100.0
CA-47,82.1,100.0
CA-48,88.9,89.8
CA-49,82.0,100.0
CA-50,81.7,100.0
CA-51,81.7,100.0
CA-52,81.5,
CO-01,81.6,100.0
CO-02,81.6,100.0
CO-03,99.5,40.8
CO-04,100.0,29.9
CO-05,100.0,26.0
CO-06,81.6,100.0
CO-07,81.6,100.0
CO-08,93.6,75.3
CT-01,81.5,
CT-02,81.9,100.0
CT-03,81.6,100.0
CT-04,81.5,
CT-05,84.6,98.1
DE-01,81.5,
FL-01,100.0,18.5
FL-02,100.0,22.8
FL-03,100.0,19.4
FL-04,100.0,23.7
FL-05,100.0,19.4
FL-06,100.0,18.7
FL-07,99.4,40.4
FL-08,100.0,22.8
FL-09,99.1,42.6
FL-10,81.6,100.0
FL-11,100.0,25.1
FL-12,100.0,21.0
FL-13,99.9,28.3
FL-14,93.6,76.5
FL-15,100.0,19.8
FL-16,99.9,30.0
FL-17,100.0,19.2
FL-18,100.0,21.7
FL-19,100.0,18.7
FL-20,81.6,100.0
FL-21,100.0,20.2
FL-22,98.8,48.3
FL-23,81.5,
FL-24,81.6,100.0
FL-25,92.5,78.8
FL-26,100.0,22.2
FL-27,100.0,27.6
FL-28,100.0,19.7
GA-01,100.0,23.2
GA-02,81.9,100.0
GA-03,100.0,18.5
GA-04,81.6,100.0
GA-05,81.5,
GA-06,81.6,100.0
GA-07,100.0,19.3
GA-08,100.0,18.5
GA-09,100.0,18.5
GA-10,100.0,19.5
GA-11,100.0,20.7
GA-12,100.0,21.1
GA-13,81.6,100.0
GA-14,100.0,18.8
HI-01,81.5,
HI-02,81.5,
IA-01,86.4,95.4
IA-02,97.3,57.8
IA-03,94.6,73.4
IA-04,100.0,19.0
ID-01,100.0,18.5
ID-02,100.0,18.5
IL-01,81.5,
IL-02,81.6,100.0
IL-03,81.5,
IL-04,81.5,
IL-05,81.6,100.0
IL-06,82.2,100.0
IL-07,81.5,
IL-08,82.5,99.2
IL-09,81.5,
IL-10,81.5,
IL-11,81.8,100.0
IL-12,100.0,18.5
IL-13,81.6,100.0
IL-14,81.9,100.0
IL-15,,18.4
IL-16,100.0,19.3
IL-17,82.3,100.0
IN-01,84.8,98.0
IN-02,100.0,18.6
IN-03,100.0,18.5
IN-04,100.0,18.5
IN-05,100.0,20.1
IN-06,100.0,18.5
IN-07,81.5,
IN-08,100.0,18.5
IN-09,100.0,18.5
KS-01,100.0,18.5
KS-02,100.0,19.8
KS-03,82.0,100.0
KS-04,100.0,18.8
KY-01,,18.4
KY-02,,18.4
KY-03,81.5,
KY-04,100.0,18.5
KY-05,100.0,18.5
KY-06,100.0,25.9
LA-01,,18.4
LA-02,81.5,
LA-03,100.0,18.5
LA-04,100.0,18.5
LA-05,100.0,18.5
LA-06,100.0,18.5
MA-01,81.9,100.0
MA-02,81.6,100.0
MA-03,81.5,
MA-04,81.6,100.0
MA-05,81.6,100.0
MA-06,81.6,100.0
MA-07,81.6,100.0
MA-08,81.5,
MA-09,82.0,100.0
MD-01,100.0,19.8
MD-02,81.5,
MD-03,81.6,100.0
MD-04,81.5,
MD-05,81.5,
MD-06,82.7,100.0
MD-07,81.5,
MD-08,81.6,100.0
ME-01,81.6,100.0
ME-02,99.9,32.7
MI-01,100.0,21.0
MI-02,100.0,18.5
MI-03,82.1,100.0
MI-04,99.8,34.4
MI-05,100.0,18.6
MI-06,81.5,
MI-07,98.0,53.0
MI-08,82.5,99.1
MI-09,100.0,18.5
MI-10,97.9,54.9
MI-11,81.7,100.0
MI-12,81.6,100.0
MI-13,81.5,
MN-01,100.0,26.4
MN-02,87.0,94.2
MN-03,81.6,100.0
MN-04,81.5,
MN-05,81.6,100.0
MN-06,100.0,19.3
MN-07,100.0,18.5
MN-08,100.0,21.9
MO-01,81.5,
MO-02,100.0,28.0
MO-03,100.0,18.5
MO-04,,18.4
MO-05,81.6,100.0
MO-06,100.0,18.5
MO-07,,18.4
MO-08,100.0,18.5
MS-01,100.0,18.5
MS-02,81.6,100.0
MS-03,100.0,18.7
MS-04,100.0,18.5
MT-01,99.9,29.8
MT-02,100.0,18.5
NC-01,96.5,62.0
NC-02,81.5,
NC-03,100.0,25.6
NC-04,81.6,100.0
NC-05,100.0,22.6
NC-06,100.0,20.9
NC-07,100.0,22.5
NC-08,100.0,19.5
NC-09,100.0,22.3
NC-10,100.0,19.9
NC-11,99.7,32.5
NC-12,81.5,
NC-13,100.0,20.9
NC-14,100.0,20.9
ND-01,,18.4
NE-01,100.0,23.0
NE-02,89.1,88.4
NE-03,100.0,18.5
NH-01,95.6,64.6
NH-02,84.0,98.0
NJ-01,81.5,
NJ-02,100.0,23.6
NJ-03,82.0,100.0
NJ-04,100.0,18.5
NJ-05,82.0,100.0
NJ-06,81.7,100.0
NJ-07,95.1,68.7
NJ-08,81.6,100.0
NJ-09,82.3,100.0
NJ-10,81.5,
NJ-11,82.3,98.9
NJ-12,81.5,
NM-01,81.7,100.0
NM-02,84.7,96.2
NM-03,81.9,100.0
NV-01,83.5,99.1
NV-02,99.9,31.9
NV-03,85.5,96.9
NV-04,82.7,99.3
NY-01,99.9,30.8
NY-02,100.0,21.8
NY-03,84.6,98.6
NY-04,84.2,98.2
NY-05,81.5,
NY-06,81.6,100.0
NY-07,81.5,
NY-08,81.6,100.0
NY-09,81.5,
NY-10,81.6,100.0
NY-11,100.0,19.0
NY-12,81.5,
NY-13,81.6,100.0
NY-14,81.5,
NY-15,81.6,100.0
NY-16,81.6,100.0
NY-17,97.0,62.1
NY-18,82.4,99.1
NY-19,85.2,95.8
NY-20,81.7,100.0
NY-21,100.0,21.3
NY-22,81.9,100.0
NY-23,100.0,18.8
NY-24,100.0,18.8
NY-25,81.6,100.0
NY-26,81.5,
OH-01,87.3,95.8
OH-02,,18.4
OH-03,81.5,
OH-04,,18.4
OH-05,100.0,18.9
OH-06,100.0,18.5
OH-07,99.6,39.3
OH-08,100.0,24.5
OH-09,92.5,81.0
OH-10,100.0,24.2
OH-11,81.5,
OH-12,100.0,18.6
OH-13,82.6,100.0
OH-14,100.0,19.1
OH-15,100.0,30.0
OK-01,100.0,19.3
OK-02,,18.4
OK-03,,18.4
OK-04,100.0,18.5
OK-05,100.0,20.2
OR-01,81.5,
OR-02,100.0,18.5
OR-03,81.5,
OR-04,83.8,98.9
OR-05,84.1,99.3
OR-06,82.9,100.0
PA-01,99.7,35.0
PA-02,81.5,
PA-03,81.5,
PA-04,81.6,100.0
PA-05,81.6,100.0
PA-06,81.7,100.0
PA-07,96.9,62.4
PA-08,98.8,48.2
PA-09,100.0,18.5
PA-10,90.4,86.4
PA-11,100.0,19.5
PA-12,81.6,100.0
PA-13,,18.4
PA-14,100.0,18.5
PA-15,100.0,18.5
PA-16,100.0,19.3
PA-17,82.1,100.0
RI-01,81.5,
RI-02,83.0,99.4
SC-01,99.9,32.3
SC-02,100.0,21.8
SC-03,,18.4
SC-04,100.0,19.5
SC-05,100.0,20.3
SC-06,81.5,
SC-07,100.0,19.1
SD-01,100.0,18.6
TN-01,,18.4
TN-02,100.0,18.5
TN-03,100.0,18.5
TN-04,100.0,19.8
TN-05,100.0,21.5
TN-06,100.0,19.0
TN-07,100.0,19.7
TN-08,100.0,19.0
TN-09,100.0,23.2
TX-01,,18.4
TX-02,100.0,21.1
TX-03,100.0,19.9
TX-04,100.0,18.9
TX-05,100.0,20.0
TX-06,100.0,19.2
TX-07,81.5,
TX-08,100.0,19.3
TX-09,100.0,25.9
TX-10,100.0,20.7
TX-11,100.0,18.5
TX-12,100.0,19.2
TX-13,100.0,18.5
TX-14,100.0,19.0
TX-15,99.3,45.0
TX-16,81.6,100.0
TX-17,100.0,19.5
TX-18,81.6,100.0
TX-19,100.0,18.5
TX-20,81.6,100.0
TX-21,100.0,21.0
TX-22,100.0,20.7
TX-23,99.9,34.8
TX-24,100.0,20.8
TX-25,100.0,20.3
TX-26,100.0,18.8
TX-27,100.0,20.3
TX-28,83.5,99.1
TX-29,81.6,100.0
TX-30,81.6,100.0
TX-31,100.0,19.2
TX-32,100.0,24.0
TX-33,81.6,100.0
TX-34,88.8,89.4
TX-35,98.5,49.6
TX-36,100.0,19.7
TX-37,81.5,
TX-38,100.0,20.3
UT-01,81.5,
UT-02,100.0,18.8
UT-03,,18.4
UT-04,100.0,18.5
VA-01,99.9,30.1
VA-02,95.8,66.1
VA-03,81.5,
VA-04,81.5,
VA-05,99.9,27.7
VA-06,100.0,18.9
VA-07,82.6,100.0
VA-08,81.6,100.0
VA-09,,18.4
VA-10,82.3,100.0
VA-11,81.6,100.0
VT-01,81.6,100.0
WA-01,81.5,
WA-02,81.5,
WA-03,92.8,77.8
WA-04,100.0,19.5
WA-05,100.0,18.6
WA-06,81.7,100.0
WA-07,81.6,100.0
WA-08,83.7,99.2
WA-09,81.6,100.0
WA-10,81.8,100.0
WI-01,99.9,29.6
WI-02,81.5,
WI-03,95.4,68.1
WI-04,81.5,
WI-05,100.0,18.6
WI-06,100.0,19.1
WI-07,100.0,19.3
WI-08,100.0,20.1
WV-01,100.0,18.5
WV-02,100.0,18.5
WY-01,100.0,18.5
AK-SEN,92.6,81.2
AL-SEN,100.0,40.1
AR-SEN,100.0,40.5
CO-SEN,60.7,100.0
DE-SEN,60.7,100.0
FL-SEN,99.1,55.4
GA-SEN,66.3,99.7
IA-SEN,93.0,79.4
ID-SEN,100.0,41.6
IL-SEN,61.2,100.0
KS-SEN,98.8,57.0
KY-SEN,100.0,39.7
LA-SEN,100.0,40.8
MA-SEN,60.6,100.0
ME-SEN,90.6,82.8
MI-SEN,74.8,97.1
MN-SEN,70.8,99.1
MS-SEN,100.0,43.7
MT-SEN,100.0,39.5
NC-SEN,72.3,98.1
NE-SEN,97.5,64.3
NH-SEN,71.7,98.6
NJ-SEN,61.6,100.0
NM-SEN,61.3,100.0
OH-SEN,88.4,87.6
OK-SEN,100.0,39.5
OR-SEN,61.0,100.0
RI-SEN,60.8,100.0
SC-SEN,98.9,58.1
SD-SEN,100.0,41.0
TN-SEN,100.0,39.6
TX-SEN,89.3,85.4
VA-SEN,61.9,100.0
WV-SEN,100.0,39.5
WY-SEN,100.0,39.5
