chamber,dem_seats,count
House,109,1
House,110,1
House,111,1
House,124,1
House,129,1
House,134,1
House,136,1
House,141,1
House,143,1
House,144,1
House,145,1
House,146,1
House,148,2
House,151,1
House,152,2
House,153,3
House,155,2
House,156,1
House,157,1
House,158,4
House,159,1
House,160,4
House,161,3
House,162,3
House,163,3
House,164,1
House,165,4
House,166,3
House,167,3
House,168,3
House,169,4
House,170,3
House,171,2
House,172,1
House,173,5
House,174,6
House,175,9
House,176,2
House,177,3
House,178,6
House,179,7
House,180,9
House,181,5
House,182,9
House,183,7
House,184,6
House,185,11
House,186,14
House,187,13
House,188,16
House,189,15
House,190,11
House,191,18
House,192,21
House,193,28
House,194,33
House,195,27
House,196,26
House,197,30
House,198,40
House,199,39
House,200,46
House,201,53
House,202,49
House,203,52
House,204,67
House,205,65
House,206,73
House,207,75
House,208,86
House,209,72
House,210,80
House,211,92
House,212,88
House,213,91
House,214,107
House,215,106
House,216,104
House,217,119
House,218,130
House,219,101
House,220,112
House,221,125
House,222,115
House,223,124
House,224,133
House,225,141
House,226,126
House,227,146
House,228,136
House,229,144
House,230,147
House,231,149
House,232,154
House,233,142
House,234,159
House,235,152
House,236,142
House,237,148
House,238,134
House,239,129
House,240,134
House,241,152
House,242,134
House,243,131
House,244,120
House,245,129
House,246,113
House,247,139
House,248,129
House,249,133
House,250,105
House,251,116
House,252,100
House,253,120
House,254,94
House,255,93
House,256,86
House,257,80
House,258,87
House,259,92
House,260,94
House,261,83
House,262,94
House,263,73
House,264,83
House,265,68
House,266,74
House,267,59
House,268,64
House,269,73
House,270,70
House,271,60
House,272,56
House,273,67
House,274,44
House,275,51
House,276,59
House,277,43
House,278,55
House,279,52
House,280,50
House,281,54
House,282,49
House,283,50
House,284,23
House,285,39
House,286,40
House,287,36
House,288,44
House,289,29
House,290,29
House,291,29
House,292,45
House,293,37
House,294,20
House,295,31
House,296,29
House,297,27
House,298,30
House,299,32
House,300,24
House,301,23
House,302,18
House,303,22
House,304,18
House,305,22
House,306,28
House,307,25
House,308,28
House,309,22
House,310,19
House,311,22
House,312,23
House,313,17
House,314,10
House,315,23
House,316,17
House,317,19
House,318,14
House,319,12
House,320,15
House,321,11
House,322,21
House,323,12
House,324,18
House,325,18
House,326,12
House,327,11
House,328,6
House,329,16
House,330,11
House,331,15
House,332,6
House,333,7
House,334,4
House,335,10
House,336,9
House,337,10
House,338,10
House,339,11
House,340,7
House,341,8
House,342,6
House,343,3
House,344,4
House,345,5
House,346,8
House,347,5
House,348,10
House,349,6
House,350,2
House,351,5
House,352,6
House,353,3
House,354,2
House,355,2
House,356,3
House,357,3
House,358,3
House,359,2
House,360,2
House,361,3
House,362,2
House,363,2
House,364,4
House,365,1
House,366,3
House,367,3
House,368,1
House,369,4
House,371,1
House,372,1
House,373,1
House,374,2
House,375,1
House,376,3
House,377,1
House,378,1
House,379,1
House,381,1
House,389,1
House,393,1
Senate,34,3
Senate,35,1
Senate,36,5
Senate,37,15
Senate,38,11
Senate,39,19
Senate,40,38
Senate,41,67
Senate,42,117
Senate,43,261
Senate,44,314
Senate,45,398
Senate,46,429
Senate,47,507
Senate,48,548
Senate,49,586
Senate,50,585
Senate,51,655
Senate,52,715
Senate,53,716
Senate,54,690
Senate,55,728
Senate,56,766
Senate,57,808
Senate,58,435
Senate,59,239
Senate,60,132
Senate,61,91
Senate,62,53
Senate,63,36
Senate,64,15
Senate,65,12
Senate,66,4
Senate,67,1
Governors,8,5
Governors,9,8
Governors,10,17
Governors,11,17
Governors,12,28
Governors,13,41
Governors,14,54
Governors,15,58
Governors,16,87
Governors,17,127
Governors,18,156
Governors,19,194
Governors,20,238
Governors,21,313
Governors,22,368
Governors,23,533
Governors,24,659
Governors,25,764
Governors,26,958
Governors,27,1076
Governors,28,1050
Governors,29,840
Governors,30,633
Governors,31,482
Governors,32,366
Governors,33,285
Governors,34,207
Governors,35,155
Governors,36,111
Governors,37,74
Governors,38,64
Governors,39,18
Governors,40,13
Governors,41,1
