house_dem,senate_dem
279,58
260,53
194,43
269,54
286,59
215,47
268,55
232,52
204,45
240,53
273,57
264,57
241,50
238,52
256,55
232,50
252,56
223,48
218,50
255,55
222,48
198,43
219,48
119,35
206,44
233,52
231,50
237,49
227,48
269,58
201,44
245,56
225,49
219,49
184,39
207,44
228,50
303,59
308,58
283,56
229,52
315,57
222,47
166,41
252,53
254,56
227,46
241,52
231,50
192,43
252,54
251,54
262,55
172,40
254,54
316,59
219,48
226,50
214,45
189,43
251,55
190,43
235,47
236,53
245,54
245,54
188,43
218,46
252,55
251,52
226,49
222,49
279,56
286,58
249,55
268,56
232,50
213,47
202,46
260,56
257,55
238,53
261,57
217,47
210,47
246,51
239,55
209,44
218,47
195,42
236,51
220,47
244,55
202,44
231,49
266,55
203,43
203,46
218,49
221,50
204,44
220,47
302,58
252,55
201,45
220,49
224,48
212,46
212,48
211,48
222,49
229,48
230,49
240,54
219,48
222,48
249,55
216,46
250,54
216,46
177,41
223,50
212,44
230,52
247,54
249,53
197,41
317,59
270,55
262,56
224,49
306,58
237,52
250,56
243,55
246,51
229,48
222,50
201,43
299,57
222,48
236,53
236,49
263,54
229,51
270,55
173,42
242,52
193,43
245,51
213,47
334,60
204,46
233,51
276,58
212,46
224,49
237,52
237,51
240,51
249,53
242,52
251,54
211,47
274,56
222,48
213,47
305,58
226,48
236,51
254,54
211,47
207,45
212,48
231,51
203,44
320,59
232,50
216,47
209,46
217,46
226,47
254,58
277,55
279,58
242,54
227,49
297,58
298,58
237,50
221,48
250,54
227,48
208,47
218,47
290,59
209,46
217,46
244,54
204,43
229,48
235,49
238,52
258,57
201,44
235,53
220,47
227,49
286,58
207,44
198,45
226,49
294,58
214,45
210,44
217,48
234,51
252,54
312,59
250,55
195,44
255,52
211,44
253,55
200,43
234,51
235,52
286,58
172,42
193,44
273,59
269,57
185,42
203,44
214,45
246,52
216,49
216,48
222,50
225,48
206,47
222,48
289,57
303,58
233,51
217,47
261,55
241,52
221,48
202,43
260,56
234,49
241,51
234,50
225,50
321,59
183,41
228,46
211,46
248,53
209,45
204,47
225,48
252,54
241,50
232,49
228,48
235,52
250,53
208,44
192,42
313,61
347,60
227,52
211,47
309,59
212,46
236,52
225,48
271,56
223,49
215,47
188,43
322,60
228,49
234,52
217,48
229,51
232,51
237,50
206,47
202,45
223,53
262,54
254,54
191,43
228,50
262,56
266,56
211,46
221,48
285,56
191,44
254,55
235,52
207,45
261,56
318,59
274,56
217,47
243,53
209,46
166,39
237,51
227,49
211,46
195,41
246,54
238,49
202,44
197,43
235,52
256,55
231,47
218,48
210,47
234,49
220,46
229,49
273,57
247,53
228,54
235,54
228,51
243,52
230,48
227,50
244,52
220,49
207,44
238,52
193,42
249,53
360,60
208,46
234,47
271,57
217,47
205,45
204,45
211,46
225,48
224,49
195,43
267,56
215,49
192,43
251,56
230,49
272,56
212,48
224,49
208,45
236,49
233,50
246,54
258,53
233,53
223,50
190,41
274,56
227,48
236,51
215,44
201,43
234,53
236,50
240,51
260,53
288,57
207,46
264,56
231,52
255,55
218,48
229,49
268,57
217,46
239,52
236,50
228,52
237,51
282,57
241,51
238,52
268,59
144,37
206,45
247,52
310,58
253,54
222,49
250,56
229,49
224,50
247,52
193,41
247,54
296,58
232,54
224,49
222,48
175,40
210,44
299,57
210,45
231,50
185,43
209,47
314,58
262,55
243,53
230,54
251,56
203,46
208,45
226,52
201,44
229,51
254,51
217,47
257,56
289,57
228,49
155,37
206,45
244,55
324,59
251,54
371,62
237,51
227,52
259,54
253,53
238,52
259,53
211,44
268,55
356,61
216,45
305,58
258,57
361,61
257,54
263,56
239,50
264,54
185,42
221,49
216,48
233,50
234,50
275,55
255,52
230,51
277,56
340,59
283,58
248,55
223,49
231,49
235,50
173,37
201,44
208,43
235,52
214,46
240,50
238,50
206,46
208,45
215,47
234,52
209,45
211,48
191,43
325,58
256,56
243,54
221,45
218,46
205,44
192,41
265,55
215,46
188,41
351,62
310,59
214,45
282,57
264,57
254,57
218,47
259,55
241,51
227,48
211,48
256,54
226,48
247,52
236,51
238,52
263,55
207,44
262,56
235,51
234,51
180,41
237,52
208,44
211,46
230,52
203,45
224,49
311,57
186,42
212,47
323,60
232,54
254,55
218,47
286,59
246,51
222,49
224,47
222,49
259,54
200,43
174,40
256,57
285,56
260,54
262,55
227,49
239,53
300,58
200,43
225,50
206,45
192,42
223,47
224,51
204,43
215,46
202,43
238,53
225,49
246,54
228,48
226,50
318,57
232,49
214,45
284,56
230,52
213,44
260,56
258,56
278,56
211,44
243,53
241,53
285,57
229,49
204,45
260,55
196,41
237,50
265,57
249,54
218,44
252,53
267,55
247,51
195,44
227,48
291,59
254,56
234,51
207,48
221,50
194,42
238,53
296,58
207,43
229,48
291,58
246,54
264,55
250,56
194,43
210,46
313,58
225,47
202,44
207,43
239,48
255,55
339,60
222,47
225,50
179,40
257,54
202,47
212,47
243,51
232,51
209,45
201,47
251,55
225,48
231,49
272,57
227,48
196,44
184,42
220,48
283,58
232,49
229,50
206,46
192,43
207,47
220,50
233,50
218,46
245,53
214,46
217,45
252,54
189,41
289,58
210,46
222,52
261,56
269,56
291,58
246,52
307,57
222,49
227,49
220,49
261,55
239,52
250,55
290,58
245,51
234,51
206,44
225,48
229,46
220,48
216,46
217,45
212,45
295,59
243,50
232,50
213,47
250,51
207,45
246,55
259,54
263,55
215,47
289,59
234,50
232,48
188,42
306,59
255,53
192,43
223,48
218,49
322,59
261,56
216,46
228,49
288,56
247,53
231,50
191,45
238,51
275,58
276,56
220,47
334,59
191,40
244,52
314,59
254,52
215,45
227,49
231,51
269,56
208,45
320,59
210,47
236,50
225,49
265,56
208,49
224,50
218,47
226,48
206,46
252,54
231,48
263,55
224,49
232,49
254,55
230,49
202,44
192,44
220,47
260,56
227,51
229,50
288,57
252,52
242,50
250,53
255,53
200,44
182,40
259,56
210,46
206,47
312,59
233,50
253,55
212,46
220,47
205,45
206,45
234,50
215,47
221,47
180,40
207,44
258,57
206,49
233,53
161,36
261,55
326,60
221,49
234,52
174,41
283,57
264,54
266,55
225,47
230,49
215,46
245,53
264,55
253,56
229,50
216,45
220,48
235,51
226,50
225,47
226,50
226,47
230,50
220,48
260,55
240,53
218,48
230,48
274,56
166,39
211,45
209,45
211,46
278,56
250,56
264,55
259,55
235,49
240,50
240,52
346,60
285,59
212,48
241,49
283,58
260,54
251,55
225,50
228,47
214,47
234,50
218,48
320,58
218,48
237,52
173,40
237,50
313,59
242,52
287,58
257,55
249,54
271,56
235,49
217,48
190,42
214,46
262,56
264,54
237,52
205,44
204,45
251,53
222,50
219,47
263,56
246,55
248,54
295,58
225,49
213,46
242,50
185,44
210,46
232,48
241,52
269,54
247,51
218,47
236,51
219,49
289,56
232,52
240,55
223,49
287,57
216,47
261,57
317,58
149,37
220,48
241,52
215,49
199,44
198,43
219,48
246,53
232,51
231,51
234,50
287,59
301,58
194,44
224,50
220,48
266,55
251,56
215,46
275,56
219,48
209,47
224,46
194,44
279,58
203,45
211,47
188,40
231,49
236,52
216,48
237,51
239,51
200,45
204,43
264,57
209,44
239,50
235,48
245,54
235,49
200,44
209,44
196,43
230,52
245,54
235,50
223,50
267,56
203,42
236,53
270,55
201,44
258,56
355,60
224,47
293,59
291,59
230,51
239,49
225,50
304,58
222,51
220,47
233,53
230,51
215,44
229,49
254,53
225,51
318,58
291,57
214,45
269,56
273,56
214,47
211,47
219,48
238,54
313,59
199,44
206,45
287,57
253,55
234,52
306,58
191,44
229,50
249,55
246,53
207,44
287,58
222,47
219,45
297,56
228,51
239,51
203,43
209,44
199,45
216,46
219,47
203,45
239,54
220,48
239,53
184,42
259,53
240,51
225,51
217,47
238,53
186,43
234,54
230,51
219,51
219,50
300,58
291,57
203,43
218,47
332,59
241,53
285,57
231,52
230,50
227,51
211,47
262,55
213,47
272,57
249,52
210,48
200,46
238,53
227,48
283,57
232,51
213,46
285,57
221,47
282,56
253,54
226,50
216,46
226,50
229,50
206,44
237,52
245,52
271,58
288,57
253,53
211,45
227,50
241,52
235,53
240,51
236,54
265,55
294,58
231,47
238,50
238,52
218,46
309,58
211,45
304,60
253,54
250,52
214,46
316,60
210,45
216,48
236,51
222,50
222,48
206,46
334,61
230,49
222,48
206,45
276,56
146,35
229,50
231,51
207,44
185,42
195,42
237,55
216,46
220,46
235,50
309,58
192,41
204,46
234,51
203,44
240,52
243,55
197,43
229,47
308,59
286,57
316,59
215,47
240,54
198,44
243,52
299,58
208,47
227,49
234,52
214,46
265,55
240,53
188,43
296,58
245,54
240,52
194,44
270,59
261,55
264,53
207,46
311,59
282,58
197,44
231,50
288,58
334,59
222,50
207,45
238,53
217,49
297,59
231,47
221,45
247,52
195,43
224,48
226,50
315,59
224,48
198,44
176,40
268,56
222,49
230,50
243,51
236,52
235,52
298,57
209,45
248,54
260,56
211,46
223,51
381,63
237,51
262,56
207,47
238,51
245,53
250,54
253,54
258,54
301,58
279,57
249,56
288,57
376,62
239,50
265,56
243,52
229,52
203,45
237,50
299,57
245,52
202,43
166,38
176,40
225,47
269,57
245,55
262,54
213,46
229,52
297,57
224,49
227,51
259,56
316,58
168,37
284,58
199,44
219,48
245,53
218,47
228,50
280,57
277,58
332,58
259,55
324,59
226,51
231,52
195,42
227,49
224,46
303,58
315,59
246,54
207,46
295,58
206,46
225,49
248,54
246,53
243,53
214,47
320,59
323,59
254,54
247,56
229,48
217,47
225,47
206,45
212,47
351,59
365,61
221,47
236,50
180,41
170,38
210,48
206,45
251,55
204,45
210,45
342,59
233,51
210,45
318,59
182,42
261,56
229,48
244,52
173,41
267,55
291,58
227,48
229,49
236,49
266,57
292,57
258,55
202,45
195,43
216,47
231,52
218,48
266,54
232,51
212,47
219,48
227,51
259,55
182,43
284,58
230,51
240,52
250,55
206,44
242,52
241,51
273,56
234,50
279,57
216,47
244,53
227,53
212,49
256,54
201,45
194,44
192,42
234,51
255,53
213,47
226,49
273,56
231,50
196,43
228,52
209,44
217,46
262,56
219,48
182,41
226,49
261,55
218,48
196,45
214,50
249,52
204,44
231,48
219,47
255,56
237,50
199,44
264,56
195,41
217,47
257,56
192,43
259,53
241,54
200,43
302,60
267,55
238,51
270,54
220,49
240,51
214,47
226,48
228,51
284,56
198,44
189,43
264,57
236,50
227,51
191,43
213,47
212,46
265,55
211,46
234,49
210,46
237,53
208,46
251,54
241,53
248,54
272,55
190,44
184,42
212,45
280,57
225,50
221,48
315,58
220,49
262,56
233,51
213,47
281,56
214,46
241,56
218,47
258,54
178,42
239,50
221,48
253,54
251,53
293,59
278,55
216,46
212,45
224,51
218,48
253,53
225,48
259,55
275,55
216,47
221,48
208,45
200,43
212,48
220,46
241,52
181,41
217,46
246,53
279,56
236,49
257,54
224,48
322,60
281,57
220,50
243,53
218,47
214,47
240,56
204,44
261,56
215,48
232,50
247,54
209,46
225,47
213,48
210,44
216,47
221,48
225,50
246,54
258,55
241,49
159,37
198,45
309,57
227,49
245,52
231,48
195,44
276,56
310,58
226,49
239,52
220,46
218,46
269,55
237,52
233,52
206,45
306,57
375,62
248,53
222,48
230,50
234,51
222,48
221,47
238,54
231,52
214,46
222,49
232,51
214,46
256,55
271,56
235,52
303,59
191,43
194,43
206,46
219,48
240,55
203,46
227,49
218,48
211,44
290,58
234,53
208,44
355,61
163,38
220,45
254,54
203,46
228,49
234,51
194,42
317,60
246,53
225,47
316,58
301,57
201,44
195,44
225,51
218,48
238,54
229,53
244,54
212,44
226,50
220,47
233,51
230,49
216,48
193,44
309,59
208,46
239,52
228,50
253,55
236,53
243,52
267,55
266,53
237,53
238,54
273,56
194,43
269,55
234,53
213,47
223,49
209,46
236,52
233,52
300,59
203,45
206,45
197,43
263,54
330,59
232,53
307,59
229,50
258,54
272,54
184,42
158,38
180,38
266,58
197,43
235,52
243,50
219,47
238,52
250,55
214,47
217,45
279,58
215,46
236,53
230,49
260,54
255,54
240,52
238,51
221,48
250,53
223,48
307,58
222,49
212,46
268,56
204,44
233,51
262,56
265,56
213,44
310,58
238,51
212,45
214,47
229,49
191,44
224,49
253,54
263,57
223,46
323,59
238,51
200,46
215,46
232,51
384,65
208,44
209,44
262,55
220,50
200,45
238,50
243,52
256,54
226,50
237,51
206,43
255,53
230,48
278,56
238,51
215,46
197,46
197,44
127,34
237,53
228,51
234,51
240,53
315,59
235,53
204,43
186,44
305,59
261,56
298,57
209,47
225,50
201,45
215,49
247,54
309,59
233,48
203,45
229,50
204,45
193,41
241,54
236,54
236,49
319,58
251,54
266,56
247,53
213,46
246,55
217,46
269,55
226,51
205,46
240,51
215,47
221,46
209,46
234,52
293,58
212,45
251,54
272,57
351,61
186,42
261,54
242,49
297,56
226,46
224,48
194,43
269,55
272,55
228,50
252,56
201,43
240,50
245,51
249,53
232,51
229,50
217,45
234,51
247,54
240,53
201,43
243,54
201,44
240,52
258,55
223,48
214,47
233,52
218,47
270,56
207,46
196,43
202,44
244,52
218,45
220,48
216,47
200,43
244,51
286,57
225,49
215,46
230,48
206,44
213,46
297,59
229,47
339,60
225,49
212,47
269,56
338,60
223,50
262,52
210,46
232,52
324,59
224,50
204,44
234,51
267,54
213,45
268,57
297,59
241,53
223,48
216,47
222,50
218,45
291,56
223,48
206,43
219,46
238,50
207,45
291,57
252,54
201,45
218,46
214,48
262,57
235,49
323,58
222,48
205,45
224,47
215,49
229,50
209,44
249,54
226,49
192,43
207,45
213,45
228,49
198,44
283,58
207,44
242,51
160,38
204,44
221,50
232,48
228,51
223,47
218,47
217,47
244,51
257,55
238,51
229,52
239,51
261,56
244,52
237,52
224,49
258,53
313,56
275,56
287,58
212,47
237,48
178,43
166,38
201,42
246,54
279,54
249,57
229,49
236,49
166,39
237,49
193,43
199,45
203,44
217,46
281,57
231,51
222,48
230,48
215,46
188,45
302,58
216,47
237,51
308,58
222,49
226,48
207,46
194,44
255,55
192,43
231,49
316,59
217,46
193,45
227,47
249,56
234,51
244,55
220,49
225,47
222,48
190,44
168,40
211,44
252,54
240,55
230,51
257,54
209,45
280,59
222,48
278,58
217,47
225,49
239,51
216,47
276,54
247,50
348,60
241,54
282,58
199,42
254,54
228,49
243,52
217,48
222,49
246,51
255,55
204,45
301,59
186,40
213,45
231,49
229,49
249,55
232,51
258,55
241,51
226,48
206,49
287,56
215,50
324,58
260,56
218,49
212,44
279,56
223,48
212,48
190,43
200,44
370,60
266,57
209,47
202,46
205,46
226,50
205,45
239,54
315,58
207,46
255,55
175,42
234,52
234,48
276,57
228,50
268,57
267,55
219,48
275,56
183,43
211,44
302,58
232,49
212,46
244,54
220,48
200,44
248,53
251,53
214,46
223,49
213,46
226,50
315,59
229,50
227,51
225,49
238,51
225,49
216,46
221,50
168,39
178,41
239,52
256,52
214,49
111,35
226,48
230,53
234,51
222,48
226,50
226,49
258,55
221,49
191,41
230,48
207,45
341,61
178,42
207,46
289,57
261,56
239,55
211,48
272,56
349,60
223,45
212,45
220,49
258,53
226,48
357,59
196,43
207,43
243,53
248,53
237,51
145,38
267,55
285,57
245,54
236,51
204,45
186,44
207,46
213,46
238,53
237,51
219,49
210,47
224,52
175,40
273,55
265,57
203,45
226,49
231,49
212,48
221,47
268,56
227,52
151,35
216,46
336,59
234,49
249,55
217,49
171,39
261,56
172,41
243,55
260,55
244,51
209,45
219,48
234,51
356,60
209,44
264,57
227,51
245,53
242,51
254,53
205,46
224,49
214,49
219,48
232,51
215,48
313,58
214,47
233,51
207,47
299,57
216,44
251,54
220,46
244,51
226,50
222,48
217,45
236,53
194,43
215,46
234,52
212,47
202,45
293,59
210,48
193,44
213,48
175,42
237,53
256,56
199,44
197,45
251,53
223,48
210,45
282,55
202,44
228,51
247,55
213,46
227,50
237,53
210,47
238,52
245,53
205,45
275,57
212,47
210,45
216,45
247,56
164,40
222,49
322,60
314,59
228,51
187,42
204,44
217,43
242,53
307,58
228,50
239,51
225,47
311,59
237,52
243,50
215,47
225,48
230,52
321,59
252,53
252,54
237,54
231,51
272,57
204,48
220,48
171,39
208,45
215,46
205,44
233,49
225,51
206,45
296,58
251,52
196,43
255,53
272,57
237,51
250,54
271,56
230,50
223,48
225,49
205,45
244,54
234,51
263,57
264,56
240,51
213,44
226,50
235,52
151,39
257,57
230,48
238,52
194,44
265,55
220,46
218,47
241,53
230,48
253,56
225,48
199,45
296,57
235,49
218,47
250,55
235,53
237,50
254,53
263,57
241,55
245,52
212,50
219,48
274,56
232,49
222,48
306,58
220,48
264,55
292,58
226,49
163,38
209,46
227,48
296,57
201,42
237,54
221,47
211,46
242,53
233,51
221,50
238,49
214,45
301,58
225,50
272,57
273,57
242,53
278,56
232,49
327,59
221,48
209,46
241,50
209,48
156,40
197,44
299,55
226,51
221,46
196,43
296,57
191,43
302,59
233,50
222,47
238,51
206,47
220,46
220,47
196,43
288,57
204,45
198,45
225,49
220,47
268,56
238,50
221,47
255,54
226,51
237,52
264,55
257,55
287,55
208,44
229,50
239,51
202,44
213,44
234,53
302,58
328,59
267,57
225,48
267,56
256,55
192,44
240,51
241,50
204,44
210,45
238,54
224,50
241,51
286,57
237,53
242,52
228,52
217,49
241,53
161,38
200,43
234,52
206,45
199,44
235,51
222,49
217,47
230,50
195,43
187,43
302,59
213,46
207,47
256,55
272,57
270,58
212,48
223,48
203,46
219,47
227,48
231,51
156,36
266,56
259,54
192,44
295,57
335,58
233,53
219,49
225,48
236,49
219,46
269,55
209,46
247,49
255,54
258,57
275,56
268,55
274,56
202,45
225,48
250,56
188,42
201,45
221,48
183,41
206,45
297,57
231,51
270,56
226,47
202,46
276,56
242,49
208,44
199,42
245,54
311,59
222,48
235,53
293,56
224,49
236,51
186,44
285,58
235,51
259,54
248,54
216,49
210,47
242,53
258,53
310,58
234,49
204,44
243,52
206,45
274,54
218,49
196,43
337,59
242,52
232,48
335,58
284,58
297,58
196,46
288,56
204,44
229,50
285,56
198,42
188,43
301,58
220,47
214,47
207,46
280,56
259,58
204,44
210,47
235,50
219,46
192,43
232,51
243,52
235,52
254,53
214,45
265,54
246,53
240,50
308,58
218,48
282,59
345,62
249,53
283,59
193,44
244,52
222,48
208,43
255,55
200,44
228,51
201,45
231,49
300,57
232,49
218,46
202,45
298,57
198,45
261,57
265,55
193,43
222,46
196,42
210,47
259,54
180,42
228,52
309,57
222,47
292,58
274,56
308,58
268,56
228,50
247,56
288,58
229,50
246,53
207,45
177,41
280,57
210,47
287,57
314,57
263,55
254,54
206,46
218,48
196,44
316,59
176,42
307,58
220,48
311,58
230,50
216,51
283,56
264,57
361,60
206,46
221,48
148,38
230,51
233,50
237,52
226,49
220,47
220,47
205,45
333,60
267,57
261,54
234,53
319,58
262,56
264,57
193,44
214,47
333,60
315,58
240,53
346,59
241,51
271,56
215,46
273,57
201,47
269,55
229,50
243,52
229,50
203,45
234,51
274,57
236,51
264,56
234,51
230,49
207,47
230,52
246,54
210,45
231,51
273,57
193,43
215,47
240,55
262,55
302,57
201,45
217,48
207,44
222,48
217,48
214,47
290,56
228,52
234,51
270,55
216,47
283,55
215,47
266,55
256,56
245,55
263,56
220,48
224,49
238,53
218,45
220,47
260,56
237,52
171,40
196,44
230,48
208,46
219,47
265,54
280,57
247,50
248,54
225,47
273,56
246,54
156,38
255,56
325,59
343,60
189,43
263,55
233,51
159,38
224,45
208,44
240,51
222,46
217,48
237,52
243,54
239,51
230,47
192,43
253,51
242,51
296,56
236,51
207,44
232,49
213,45
251,54
165,36
203,44
175,41
259,55
200,43
288,58
222,46
236,50
243,53
216,44
228,49
226,50
221,48
198,44
215,46
254,55
214,48
215,47
228,48
243,51
215,48
218,50
190,44
354,61
259,56
261,56
220,49
192,43
216,47
262,55
230,49
237,51
209,46
277,58
255,55
277,57
226,46
259,57
230,51
202,43
177,42
273,56
207,47
241,53
215,45
231,50
197,44
200,43
240,54
232,48
217,47
223,48
247,53
190,41
249,51
192,43
246,54
183,41
239,52
193,42
249,55
236,50
225,50
245,54
259,55
246,55
224,49
286,57
201,44
300,56
174,42
226,51
218,45
258,56
342,60
225,50
239,50
236,50
204,46
241,53
241,53
227,47
205,44
244,55
236,48
221,46
254,57
227,50
235,50
238,53
232,50
317,59
211,47
280,58
208,47
220,47
220,47
247,56
192,43
213,47
305,58
149,37
230,48
264,55
220,47
215,47
220,51
201,45
274,56
211,46
221,50
244,53
223,49
241,51
308,59
314,59
262,57
215,45
254,55
245,51
207,46
247,53
235,52
249,53
240,50
219,49
305,56
227,50
310,59
158,40
212,49
340,61
216,47
206,45
215,48
345,59
226,50
242,50
258,54
206,46
270,57
190,43
259,56
203,46
223,49
251,55
285,58
241,53
230,52
210,47
235,52
263,56
239,50
236,51
215,48
282,56
246,50
219,52
231,49
177,40
220,48
232,48
210,47
202,46
159,41
223,49
209,47
240,54
211,46
232,48
221,49
332,58
251,53
248,54
198,46
235,51
274,55
232,50
239,51
251,56
268,54
218,47
208,46
227,50
245,55
210,46
215,46
213,47
225,47
258,56
216,47
278,57
223,48
223,49
269,56
220,48
228,50
256,53
175,40
223,49
253,57
263,55
261,56
283,56
246,52
239,52
193,42
253,54
218,47
224,49
190,44
225,48
214,47
227,49
209,47
214,45
226,51
176,42
232,52
278,57
254,55
202,46
217,49
238,54
260,56
252,54
184,42
299,57
198,46
241,52
269,56
262,55
241,52
202,44
263,55
247,53
192,43
268,57
282,57
308,58
220,48
247,54
278,58
234,53
245,52
228,50
319,59
150,39
258,53
235,51
248,53
215,47
224,47
215,47
238,53
248,55
241,55
260,55
250,55
347,59
218,47
204,44
226,49
247,54
341,60
226,49
237,51
211,46
226,47
236,50
229,51
221,47
243,51
197,43
280,57
351,61
232,51
207,46
262,55
219,47
204,44
243,53
227,49
236,51
221,52
226,50
227,49
206,44
269,56
212,46
295,58
232,51
252,53
245,55
194,42
302,58
242,55
240,52
210,45
204,44
244,54
279,56
204,45
197,44
234,51
299,59
304,58
218,48
262,55
221,48
208,45
304,58
188,41
329,59
245,50
289,57
289,59
214,47
209,44
207,47
261,57
226,49
249,52
188,42
175,38
238,53
175,41
220,46
234,51
272,56
248,56
227,51
261,56
240,53
217,46
265,56
289,57
303,59
194,43
220,45
213,46
227,51
315,58
304,59
209,46
286,57
287,58
244,53
266,56
217,48
223,49
210,46
203,43
212,45
222,50
253,53
226,48
259,53
307,59
252,53
227,49
221,47
216,49
177,42
229,49
291,56
222,50
251,52
233,52
224,48
223,47
234,49
209,47
231,52
303,58
219,47
211,47
239,53
151,37
198,44
241,53
227,49
239,51
200,45
212,46
231,50
234,50
218,47
248,51
204,46
238,53
201,45
286,58
280,57
220,48
211,44
201,46
205,43
230,50
266,57
215,47
216,49
239,55
214,47
287,58
204,45
188,43
338,59
241,53
258,56
256,56
258,57
173,41
253,54
233,50
229,50
224,50
200,43
229,51
219,49
259,55
236,53
227,52
211,48
258,53
222,48
215,46
180,42
233,51
165,43
228,49
236,49
221,48
222,49
208,45
261,55
239,50
222,48
254,55
195,43
313,59
250,52
218,48
217,49
205,45
279,56
285,57
222,48
240,51
227,51
273,57
213,48
225,51
204,45
277,57
214,47
223,47
216,45
209,45
243,54
211,47
219,48
250,53
222,51
244,53
185,43
239,52
229,49
239,52
245,53
231,51
190,42
221,47
224,49
235,52
221,49
236,52
241,53
210,46
203,45
224,48
225,48
238,51
279,58
228,50
278,58
224,48
322,59
245,54
283,58
282,59
198,42
222,49
264,56
229,48
252,51
199,43
244,54
272,57
255,54
306,57
205,44
273,56
253,53
269,54
260,56
248,52
170,39
245,52
220,49
247,52
217,46
276,57
248,54
258,54
215,49
236,49
315,58
160,38
218,45
217,47
196,43
278,56
264,56
220,47
220,48
215,45
277,58
250,54
228,51
283,57
297,58
236,54
223,47
200,45
298,58
218,48
210,48
241,54
298,56
233,52
225,49
213,47
295,56
191,43
250,55
241,50
247,54
227,49
224,47
274,56
227,47
238,50
262,57
223,47
215,46
309,59
234,52
270,57
247,54
218,47
177,42
212,46
208,44
239,53
177,39
236,52
201,45
236,52
226,48
235,51
221,47
295,57
364,61
220,45
273,55
300,56
243,54
246,54
227,49
216,46
235,50
253,54
198,44
232,49
219,46
251,55
225,47
273,57
229,48
292,57
245,52
256,55
222,48
244,53
233,52
303,59
231,48
233,49
212,48
257,55
293,58
263,56
204,43
202,44
213,47
253,54
200,46
267,55
231,50
223,51
268,54
212,47
248,53
219,46
234,51
229,48
185,44
259,58
218,47
224,48
219,49
243,52
204,44
188,42
315,59
223,50
190,43
222,47
249,52
321,58
201,45
207,45
235,51
231,51
223,48
244,53
295,58
237,51
224,46
161,38
214,50
221,49
191,43
306,57
266,55
225,49
211,47
261,55
205,47
245,55
138,36
208,47
229,48
206,45
226,51
263,54
201,45
185,43
272,57
225,46
232,50
209,47
337,60
242,54
210,48
245,52
204,44
240,53
209,47
252,56
223,49
274,54
207,45
195,43
335,59
266,55
235,50
200,45
251,52
276,56
200,44
278,56
241,51
234,50
213,46
225,49
197,45
240,51
245,53
245,54
207,46
188,42
190,42
235,50
222,47
228,48
222,46
227,50
229,48
203,45
264,57
275,56
318,57
224,48
222,50
248,57
226,51
214,47
216,48
212,47
230,51
201,43
243,51
238,53
238,52
201,42
218,48
226,49
207,47
206,45
210,47
239,52
285,56
202,45
220,50
277,59
226,50
245,53
220,47
218,47
228,52
258,55
219,50
237,52
255,56
219,47
237,52
264,56
233,50
270,57
327,60
194,42
243,53
209,44
221,47
262,55
271,57
222,49
255,53
205,46
247,54
228,48
204,45
214,47
239,53
273,58
215,47
253,54
230,49
222,48
235,52
300,59
281,56
266,56
206,43
209,45
181,42
223,47
212,46
196,43
232,48
204,48
231,52
268,56
213,48
275,58
196,43
224,51
249,54
226,50
221,48
234,51
211,47
269,56
251,55
269,56
269,57
258,56
303,59
226,51
240,49
268,57
234,52
199,44
230,50
232,52
237,52
204,45
278,56
194,43
212,46
270,56
241,51
163,38
310,59
224,49
223,49
275,55
242,53
211,46
221,48
274,57
255,56
270,57
246,54
229,50
210,47
246,54
256,54
251,56
177,39
314,57
261,56
237,55
210,46
264,56
222,49
215,48
262,56
240,56
229,50
302,58
210,45
240,52
221,47
199,43
260,53
200,44
228,50
179,43
274,57
245,54
219,47
260,56
237,52
206,46
289,59
297,58
221,47
302,59
236,50
216,48
247,53
315,59
245,52
219,48
192,44
293,57
203,44
304,58
225,49
211,46
212,46
214,48
217,45
291,56
231,52
218,48
284,57
257,54
334,59
244,55
284,57
201,44
186,41
235,51
253,54
231,51
268,56
219,47
297,58
223,49
175,40
183,43
260,54
229,49
255,52
249,54
240,53
226,47
274,56
205,45
219,47
257,55
206,46
183,40
229,51
209,48
229,49
210,45
257,53
257,52
245,51
221,48
309,58
210,48
198,45
240,51
231,48
226,49
232,51
197,42
262,55
146,36
226,48
259,54
234,52
157,38
230,48
191,43
225,48
226,50
286,57
243,51
279,57
233,50
231,54
218,47
260,54
300,57
256,55
246,52
220,50
276,57
274,56
297,57
141,38
256,55
209,44
229,49
209,46
228,50
234,52
210,47
257,54
211,46
266,56
197,43
238,50
216,47
268,55
292,56
245,56
189,43
238,53
234,48
196,43
220,48
254,55
202,44
186,42
337,59
204,45
211,47
221,47
229,50
170,40
251,53
222,47
212,46
238,53
288,57
224,51
242,54
212,46
125,35
275,56
224,49
192,43
239,51
247,53
200,43
238,52
366,61
213,45
202,42
219,48
221,48
210,43
250,55
227,51
238,53
208,46
226,52
228,51
262,55
259,56
200,43
244,53
224,45
290,57
221,48
228,51
245,55
222,51
223,51
254,55
216,47
237,50
247,56
202,44
255,53
243,51
203,44
186,43
231,51
248,54
258,53
224,49
230,51
241,53
255,56
315,57
334,59
248,52
175,40
233,50
275,56
237,49
272,57
220,47
316,60
263,56
242,51
200,45
224,48
208,45
241,52
229,52
248,54
305,57
204,46
237,52
244,54
347,60
217,48
298,57
197,44
287,59
237,52
204,46
207,47
307,58
240,51
212,47
238,50
219,48
233,50
245,51
248,52
219,47
239,51
294,57
270,55
260,56
162,38
261,58
196,43
328,58
216,48
229,49
277,55
222,48
257,58
227,50
273,54
202,41
222,50
212,46
230,50
283,56
223,49
205,44
331,59
227,47
250,51
168,42
251,55
237,53
220,49
219,50
292,59
293,57
251,56
240,52
225,48
223,51
311,58
227,48
214,46
245,54
275,55
215,46
210,46
265,55
263,56
219,47
241,52
222,47
215,48
240,51
186,42
211,45
316,58
250,54
242,50
200,44
264,56
239,49
205,44
229,49
233,52
233,50
224,49
188,41
208,45
291,56
352,60
191,44
306,58
190,41
232,50
268,56
195,41
211,46
205,44
266,56
235,51
251,54
317,60
257,51
241,53
225,49
211,45
277,57
241,52
248,52
233,51
189,43
280,57
254,55
202,44
195,44
223,47
215,49
195,44
205,46
234,49
258,54
187,42
202,44
299,58
219,46
202,43
296,58
226,50
211,48
210,44
295,59
235,50
219,50
343,59
185,42
249,54
281,56
244,53
231,52
232,51
220,47
291,58
251,54
202,44
200,44
254,53
332,58
201,45
213,46
278,57
229,50
258,55
316,59
225,49
237,51
197,43
242,54
214,47
249,52
333,58
233,53
225,48
182,41
279,57
236,52
231,49
224,47
259,54
234,52
178,39
221,47
288,57
251,57
264,55
214,46
257,55
221,49
240,50
228,49
248,54
237,50
185,41
211,43
221,48
219,45
228,51
206,45
238,52
232,49
242,54
280,57
363,61
299,57
197,42
231,49
221,48
226,50
141,37
225,49
212,44
228,48
218,47
261,55
220,48
243,53
207,44
252,55
227,50
196,43
206,46
262,55
208,45
267,57
237,47
225,48
308,59
204,45
256,56
243,51
197,46
202,44
219,47
235,53
238,53
277,56
251,55
269,55
277,56
275,56
197,44
204,45
207,47
307,58
244,52
195,41
229,50
221,47
246,53
234,53
253,53
237,52
200,45
318,58
200,44
280,57
204,45
204,44
233,51
227,49
196,43
218,48
237,50
256,54
185,41
255,54
221,49
212,45
302,59
256,55
211,46
212,45
221,48
263,55
234,52
205,45
220,46
220,48
301,58
267,57
269,56
204,44
215,47
214,47
365,61
247,53
283,59
186,44
268,56
250,56
237,51
232,48
266,55
262,54
237,51
236,50
253,53
263,56
275,59
270,56
210,46
385,65
220,48
254,53
232,51
229,48
255,55
256,55
211,48
198,44
289,56
289,58
234,52
216,46
249,54
208,47
236,52
214,45
277,58
252,55
205,44
218,48
231,46
216,50
231,49
243,52
225,54
207,47
223,46
203,46
233,51
229,47
214,46
215,46
231,51
202,47
232,50
206,43
187,41
256,57
214,45
239,51
223,48
256,53
227,52
253,57
200,45
247,54
220,46
297,58
356,59
226,51
205,46
334,60
224,50
204,45
230,50
231,51
219,50
205,44
328,59
237,51
232,50
211,46
226,50
210,45
230,51
287,57
241,51
251,53
225,46
266,54
220,49
248,53
258,52
196,43
204,45
255,55
228,48
226,49
245,51
259,53
290,59
266,54
220,46
237,51
289,56
224,48
238,54
211,45
218,47
210,46
234,53
298,57
196,44
232,51
233,51
246,53
207,45
210,45
223,47
343,58
256,55
255,55
251,53
293,55
344,59
234,51
243,52
221,45
229,50
233,51
206,45
258,57
276,58
220,47
298,57
193,45
245,51
236,49
286,57
187,42
216,48
215,46
232,50
273,55
239,51
238,50
247,54
249,55
216,48
230,49
267,58
249,54
224,50
209,46
197,43
273,55
230,49
291,55
204,45
210,47
222,48
257,57
196,43
339,59
204,45
223,47
236,52
221,50
191,43
217,47
252,55
212,48
333,60
244,56
235,49
212,47
229,50
226,50
247,54
288,56
310,59
194,44
198,44
218,48
215,46
202,43
196,45
253,54
243,53
245,53
231,51
195,43
230,51
165,37
229,51
213,47
240,54
216,47
231,48
297,58
337,59
243,52
211,45
257,56
195,44
223,47
195,44
233,48
212,48
258,56
236,50
228,51
223,49
213,46
215,47
277,56
299,58
221,49
222,51
328,59
245,52
261,55
221,47
209,44
292,59
220,48
269,57
204,46
248,53
240,53
287,58
212,45
240,51
244,53
122,35
210,43
291,58
204,44
219,46
221,49
306,59
278,58
229,50
196,44
243,52
210,45
219,47
229,49
200,44
244,52
274,55
229,48
242,50
227,49
279,55
247,52
258,55
212,47
237,52
214,46
259,55
296,57
222,48
234,49
220,48
217,45
267,56
220,47
209,47
229,48
265,57
242,51
166,38
325,59
210,48
233,51
269,56
256,55
315,59
220,46
219,46
209,45
220,49
201,44
189,44
246,53
243,53
247,54
203,44
225,52
232,50
232,51
200,42
205,44
227,48
238,51
287,57
210,45
230,50
298,58
196,45
216,47
228,50
267,55
273,57
381,65
189,44
248,54
225,48
150,38
268,54
214,48
254,55
163,39
210,44
233,51
225,48
252,51
292,57
243,53
202,43
218,47
233,51
261,55
215,46
196,43
259,57
242,51
278,57
304,58
251,54
212,45
225,50
271,55
290,57
278,57
248,56
205,46
218,49
250,52
196,44
258,54
215,47
249,54
266,54
260,57
305,58
200,43
247,54
216,48
225,49
269,56
244,52
309,58
222,48
242,50
272,55
250,53
224,48
239,51
215,48
264,57
284,57
222,49
204,43
236,51
254,54
232,51
216,48
238,52
213,45
229,49
209,45
209,45
227,50
224,49
193,44
230,47
246,55
260,55
247,55
211,45
334,59
214,46
218,46
155,39
210,46
254,54
242,53
223,51
244,54
236,49
259,54
237,50
249,53
325,59
226,50
216,47
311,59
225,48
251,52
203,46
215,46
215,49
250,54
218,49
236,52
245,51
267,55
251,55
282,55
226,52
277,55
242,53
229,49
226,48
273,56
225,49
226,49
374,63
219,48
217,48
246,51
204,45
228,50
276,57
231,48
229,47
214,44
266,55
237,52
207,47
246,52
226,47
196,43
268,54
231,51
258,55
206,44
281,57
211,45
235,53
251,53
231,49
191,43
233,49
208,46
231,51
194,43
288,57
214,45
233,48
218,50
215,49
226,50
187,43
204,44
214,44
267,55
206,44
195,43
246,54
219,47
234,54
331,59
211,47
308,59
231,50
223,49
205,44
231,53
209,44
239,51
374,63
223,47
196,42
171,39
218,47
267,56
239,51
240,52
208,45
238,49
220,47
235,53
200,44
193,44
219,46
207,45
235,52
232,50
229,49
217,47
242,52
185,43
232,49
315,59
249,51
184,43
203,44
243,54
211,44
153,37
268,54
204,42
271,55
350,59
302,59
254,55
299,57
319,59
154,35
289,58
223,46
255,55
226,49
271,57
198,45
290,57
152,40
262,56
224,48
208,48
228,49
231,49
236,53
190,46
233,51
250,56
257,54
314,59
219,47
221,46
256,56
243,52
233,52
303,58
223,48
202,45
205,43
252,55
240,53
285,57
209,45
286,57
320,59
207,44
204,45
247,53
230,53
312,59
101,35
232,50
219,46
186,42
237,53
239,53
205,44
222,48
210,45
339,59
198,45
261,54
270,57
238,53
245,51
248,53
243,54
210,46
206,46
236,50
239,54
226,49
211,47
221,49
244,54
214,47
258,55
199,44
217,46
217,46
224,51
251,54
306,57
246,54
210,46
192,41
288,56
244,51
196,42
308,58
209,46
206,46
263,55
243,48
292,57
290,59
240,50
166,38
245,52
223,49
260,55
202,43
263,55
269,56
305,58
190,44
208,45
236,50
250,55
221,47
193,42
226,50
276,56
237,53
210,46
222,48
227,49
219,49
223,48
238,52
209,45
259,56
226,46
270,57
200,44
221,49
223,48
191,44
225,47
221,49
224,49
236,51
233,48
209,47
200,45
192,44
265,54
217,47
286,58
217,48
221,49
210,47
210,46
248,52
318,58
210,46
222,49
238,54
257,54
212,48
216,48
312,59
242,51
235,50
204,44
221,47
240,51
232,50
215,46
194,43
218,45
245,53
182,43
278,57
214,45
223,49
242,51
212,46
214,48
217,48
217,47
240,51
236,50
219,46
231,52
183,42
219,48
206,45
295,57
263,55
239,52
189,43
226,49
228,50
235,52
220,47
310,58
274,56
252,55
260,56
269,56
326,58
224,48
179,41
204,45
244,51
245,52
208,45
202,44
257,55
231,49
193,44
181,43
272,56
218,48
262,54
249,54
229,50
187,42
228,50
198,44
203,44
215,45
211,45
254,57
268,55
231,49
273,56
209,43
199,43
244,54
204,44
267,57
207,47
264,54
229,47
217,49
172,39
215,46
248,54
292,57
233,53
316,58
186,42
298,57
254,55
206,46
247,50
257,55
255,56
303,57
238,53
257,55
272,54
234,49
164,41
245,54
189,43
241,52
224,51
222,46
280,58
218,46
240,54
224,51
191,42
210,47
162,38
252,55
248,54
261,57
220,48
186,43
211,44
239,52
212,47
344,60
186,43
222,48
237,52
226,50
250,54
241,51
257,55
281,56
198,43
233,49
220,48
211,47
213,46
218,47
218,48
219,47
222,48
243,53
285,58
195,43
211,46
251,56
231,50
335,59
230,49
251,54
219,47
345,59
229,49
230,52
275,58
272,55
283,56
207,44
236,51
218,48
236,51
228,51
131,36
207,45
241,51
142,37
245,53
218,47
241,51
217,48
230,49
205,46
287,56
287,57
242,50
216,47
223,50
247,51
207,45
291,58
203,45
244,52
254,55
221,46
199,45
198,43
201,44
294,57
216,47
256,55
230,51
200,43
216,45
214,47
269,55
203,44
233,49
207,45
216,50
210,45
202,44
245,55
233,54
203,44
210,46
224,45
244,50
224,50
235,51
200,44
243,54
225,49
224,48
243,53
280,54
301,58
254,56
226,47
184,43
246,54
214,46
235,50
280,59
234,53
213,47
245,50
234,52
333,58
230,50
227,49
281,57
343,58
205,45
197,43
265,55
174,40
229,50
261,54
294,55
210,46
201,46
279,57
246,53
263,54
210,46
223,48
227,47
251,54
218,46
255,52
213,49
270,57
210,47
248,51
306,57
176,39
208,44
155,39
261,54
284,56
342,60
209,47
208,44
219,46
190,41
197,44
215,47
213,46
266,57
244,53
227,50
227,48
236,54
191,40
221,50
276,58
320,59
238,51
206,46
255,54
221,48
249,54
223,50
243,54
291,56
290,59
256,56
340,59
233,53
231,51
234,50
244,54
223,49
222,47
224,50
247,55
200,44
286,55
260,54
217,47
205,45
219,44
202,45
231,50
201,46
235,53
231,51
252,54
160,37
209,46
159,37
237,50
253,55
209,45
265,54
241,52
221,48
265,57
265,56
203,46
280,57
298,57
223,50
176,40
229,50
290,57
226,48
338,58
253,55
176,41
196,44
219,46
313,58
222,49
269,56
221,47
291,58
228,49
223,47
181,42
222,48
269,56
205,44
193,44
279,56
237,51
254,55
239,52
197,42
244,54
237,51
301,59
250,54
284,57
209,45
222,47
234,48
305,57
242,54
213,48
274,56
200,44
226,52
203,43
262,55
223,49
261,56
236,51
211,45
236,51
273,58
272,55
265,57
267,56
305,58
238,53
217,47
236,52
243,52
204,45
206,47
278,57
313,58
206,46
215,46
233,51
249,54
252,54
203,43
213,46
254,52
235,51
254,56
272,57
237,50
220,48
213,47
224,50
222,46
269,56
250,53
200,44
237,48
222,46
249,53
201,45
232,52
212,46
222,47
269,54
259,56
246,53
297,59
241,52
193,43
240,52
273,58
263,55
191,43
246,55
255,56
218,46
226,50
259,56
233,50
229,49
178,40
225,48
147,38
318,57
144,34
248,51
216,48
214,48
214,47
225,49
211,45
183,42
222,48
230,53
271,54
250,52
278,58
189,42
213,46
244,54
220,47
241,52
206,47
245,55
302,59
237,51
209,45
216,48
262,55
301,58
250,56
258,54
290,59
217,45
250,56
209,47
262,54
227,51
187,42
224,48
217,45
305,58
223,49
250,54
284,59
242,54
172,39
307,59
208,47
216,46
231,49
218,50
220,50
299,58
228,51
244,51
230,48
235,49
202,45
236,48
237,53
217,49
208,47
249,53
228,50
262,54
237,52
201,46
262,54
222,48
296,58
239,54
203,45
224,48
239,51
285,57
348,60
269,53
204,45
291,56
350,60
255,54
289,59
292,59
228,50
227,49
276,56
202,45
228,52
186,43
211,45
240,51
219,48
209,45
251,55
163,41
209,44
214,46
286,57
188,43
244,54
218,46
279,56
202,44
226,52
234,50
247,55
215,47
236,49
215,45
252,54
285,57
212,48
196,44
290,58
279,56
238,52
273,55
245,52
279,56
153,37
198,43
202,45
332,59
275,55
338,59
253,53
204,46
264,55
282,56
318,58
270,57
218,48
216,44
278,57
234,49
232,49
193,42
224,48
246,52
203,46
222,51
213,45
208,45
243,53
238,51
241,52
281,57
199,45
194,45
237,54
248,52
236,52
261,55
219,49
198,43
212,47
184,41
215,47
233,50
217,48
203,44
303,58
217,47
245,53
236,52
228,50
300,57
296,58
303,59
209,44
277,58
196,45
184,41
212,49
290,58
266,56
255,53
235,48
293,57
303,58
235,52
320,59
184,39
241,53
223,48
221,45
281,56
213,47
205,43
183,42
175,41
208,44
204,47
281,56
331,60
226,49
306,58
237,53
296,58
192,40
218,47
211,46
268,55
223,48
206,46
210,47
190,42
261,55
199,44
214,48
268,57
234,53
226,47
262,56
230,50
200,43
260,55
224,47
249,54
300,57
321,59
247,53
215,46
222,47
197,44
287,59
222,49
196,44
261,55
284,59
204,45
263,56
224,48
209,47
215,44
218,46
199,44
215,47
258,57
242,55
176,41
225,50
312,58
204,45
218,49
207,46
227,49
230,49
201,44
196,41
227,53
296,58
242,53
269,56
239,51
219,48
279,55
228,51
325,59
196,44
237,51
276,55
245,53
324,58
237,51
221,48
210,48
234,53
248,53
248,53
231,49
217,48
215,47
230,49
260,55
204,46
203,45
195,43
224,48
191,44
218,47
302,58
248,52
172,40
211,44
250,53
220,48
195,45
234,52
245,51
213,49
203,44
224,46
279,57
276,56
290,57
219,49
168,39
212,45
267,56
216,45
242,52
226,49
228,51
230,48
253,53
217,47
350,59
255,54
189,43
242,52
254,55
175,41
209,45
257,54
216,47
232,50
207,44
220,46
262,54
287,57
202,44
226,51
209,44
226,47
223,52
231,49
221,48
207,46
254,55
198,44
208,45
198,44
290,58
197,41
223,49
212,44
273,56
267,55
208,44
217,48
225,50
224,47
219,47
226,50
231,50
166,38
203,45
305,58
235,53
280,56
214,47
258,55
278,56
126,36
239,52
235,52
182,43
211,47
239,51
232,51
206,46
288,55
221,48
211,44
330,60
214,45
234,48
240,50
249,55
218,47
218,47
289,57
211,46
310,58
223,48
319,59
260,53
212,45
230,48
183,43
227,48
260,55
277,57
207,47
227,49
282,57
198,43
256,56
246,52
249,54
323,58
255,52
158,39
267,56
171,38
222,49
248,54
247,51
157,36
252,54
233,51
237,53
238,52
217,48
143,37
269,55
238,51
346,60
254,53
201,44
291,58
235,51
210,46
186,41
246,53
301,58
200,45
222,46
211,47
231,50
214,44
252,55
224,47
258,55
209,46
196,43
296,59
252,54
261,55
235,52
246,55
220,49
315,59
217,50
306,57
243,48
211,45
203,45
203,46
210,47
235,52
287,56
261,54
202,44
256,58
212,43
257,56
226,48
295,57
219,48
227,49
198,44
199,44
208,47
190,44
219,48
214,46
231,52
248,53
226,47
227,49
211,46
211,44
228,51
232,50
247,52
298,59
236,53
200,43
224,48
251,54
268,56
293,56
231,48
219,48
239,52
238,50
233,52
224,46
222,47
226,49
242,53
242,55
239,52
125,35
247,53
239,52
193,43
303,58
205,45
198,43
274,56
244,54
225,47
247,54
225,49
260,57
247,51
226,49
183,43
241,51
363,59
240,50
341,61
231,49
259,56
282,58
208,46
229,53
238,52
240,55
242,52
245,54
218,48
226,48
229,51
212,45
285,57
205,44
198,45
233,53
282,58
184,43
175,41
224,49
203,44
221,48
232,50
249,55
250,54
267,55
219,46
226,52
242,54
347,60
245,54
207,45
272,58
198,43
278,58
225,48
200,46
225,49
332,59
233,48
236,50
288,56
206,44
227,49
229,47
219,48
219,49
262,56
221,47
250,55
328,58
177,42
236,51
222,48
187,42
206,47
214,47
269,55
170,41
210,48
247,53
223,46
227,48
204,46
171,42
194,44
309,59
266,58
225,47
229,49
245,54
273,58
226,48
246,52
200,43
221,49
246,52
260,54
196,45
229,47
206,46
155,38
242,53
228,50
271,57
353,60
205,45
192,42
174,43
216,47
245,52
208,46
314,59
331,58
231,50
274,55
215,45
214,46
242,51
201,44
203,45
246,53
226,49
222,50
281,57
140,36
234,52
243,52
222,48
219,50
226,50
228,47
252,55
259,54
231,52
309,58
222,46
221,47
202,45
219,50
207,45
215,45
175,40
226,50
242,51
227,50
218,47
220,47
232,52
240,53
227,49
230,50
209,47
240,50
268,57
216,47
187,43
231,53
244,53
204,46
226,49
254,54
228,48
214,50
240,51
261,55
209,45
194,45
347,61
248,54
213,44
176,42
239,56
234,49
240,51
228,49
271,56
200,43
219,48
239,51
214,47
336,59
262,55
205,43
219,49
265,55
188,43
326,59
216,49
230,49
199,44
236,50
246,53
202,41
250,52
238,50
225,48
233,49
239,52
232,50
255,54
242,52
237,52
252,54
246,50
200,43
180,44
300,57
195,43
237,51
341,60
209,47
234,52
251,54
265,55
300,58
252,54
240,51
245,53
205,45
200,45
273,57
250,55
196,43
226,47
233,50
214,46
215,47
329,59
194,42
359,60
230,47
263,53
233,47
206,47
226,48
206,48
296,57
221,48
209,47
212,48
186,42
209,46
296,58
234,51
272,56
226,51
193,44
331,60
200,43
222,49
201,45
132,35
200,43
236,51
255,54
201,45
236,51
323,59
252,54
343,59
223,49
186,42
193,44
242,54
360,61
240,50
242,52
229,49
231,52
275,55
225,49
277,56
245,53
208,46
225,49
321,59
325,59
207,44
225,47
236,52
206,44
222,51
235,51
175,43
253,56
213,45
220,47
199,43
194,43
236,51
144,36
210,46
344,59
285,57
239,53
225,49
230,49
223,46
257,56
220,49
241,54
287,57
206,44
217,48
221,46
274,58
199,45
218,47
207,45
309,59
231,50
263,58
216,46
173,39
234,50
218,48
273,57
212,45
222,48
222,48
382,65
225,49
216,45
322,58
172,41
235,53
226,48
218,46
210,47
240,51
243,52
244,53
206,45
211,46
201,43
223,49
183,41
264,56
206,45
223,48
198,43
243,54
230,50
235,53
228,50
223,47
184,42
237,50
212,44
215,43
230,49
182,41
204,45
277,57
233,50
223,47
243,52
221,47
226,50
236,49
210,47
265,57
196,43
211,45
281,56
247,52
289,56
305,59
231,51
262,56
220,47
198,43
231,52
304,58
221,49
213,45
218,47
233,52
235,51
271,56
188,43
304,57
216,44
245,54
215,46
299,59
282,57
242,53
233,48
255,54
228,49
228,50
242,53
211,45
312,58
210,47
205,46
224,51
227,48
165,41
213,48
227,50
248,54
287,56
235,51
226,48
226,51
242,51
346,60
269,56
267,55
219,48
205,43
179,40
213,48
209,45
242,52
219,47
212,46
251,54
214,48
209,44
214,47
196,43
283,57
257,55
246,53
231,50
192,43
232,50
211,48
249,53
211,47
193,45
271,55
223,45
267,56
219,47
236,50
213,46
247,52
269,56
263,55
288,57
242,53
242,55
268,56
229,48
184,43
290,58
242,51
249,53
258,54
224,48
241,53
234,52
255,57
219,47
213,47
233,49
230,52
215,46
234,51
213,45
173,43
216,49
245,51
202,44
230,49
241,52
254,56
175,41
253,54
230,49
213,48
236,51
223,47
207,45
265,54
226,48
217,47
172,41
224,50
211,45
221,49
235,53
228,49
219,45
204,44
197,42
237,53
226,48
220,44
235,50
233,49
227,50
229,49
152,37
222,49
215,47
223,47
221,46
249,54
233,52
314,59
206,45
296,57
258,56
243,53
216,47
258,55
199,44
230,48
219,47
270,57
214,47
309,58
213,47
250,53
227,52
264,56
250,55
202,44
208,47
221,49
289,55
251,56
257,55
270,56
203,43
275,56
234,51
218,50
309,59
232,48
196,42
271,55
294,59
244,53
221,48
183,44
254,52
274,58
191,43
211,46
224,49
228,49
241,51
266,56
187,42
225,48
329,59
246,52
165,39
212,46
208,46
233,50
218,48
164,39
251,54
245,52
237,51
289,57
235,50
209,44
251,54
215,45
264,55
273,56
277,56
194,42
204,44
261,54
294,57
201,45
267,56
220,48
260,52
213,47
230,49
199,44
288,58
252,54
236,51
232,49
230,51
222,49
263,55
360,61
214,47
237,51
212,49
157,37
257,54
199,44
181,42
206,45
275,57
238,51
287,58
224,48
207,46
223,48
198,44
196,46
233,51
232,51
260,56
232,53
194,44
306,58
253,52
218,46
196,43
234,52
204,45
267,54
245,55
236,50
250,54
200,42
138,36
218,48
233,51
312,59
272,53
244,52
208,43
222,48
219,50
208,46
343,59
190,43
217,47
303,57
283,56
220,46
189,44
180,42
224,47
238,51
219,49
228,50
325,60
245,53
209,47
253,54
242,50
262,56
236,51
264,56
216,47
246,51
212,44
352,59
191,43
229,49
270,55
225,49
231,50
271,56
318,59
213,46
255,54
208,46
165,41
231,52
205,45
213,47
218,46
249,53
243,50
236,49
251,54
225,51
222,50
237,52
209,50
212,46
224,48
227,48
231,48
238,51
246,52
228,47
316,58
265,56
229,50
229,50
222,48
280,55
283,56
247,53
223,48
284,57
249,53
185,43
223,48
239,54
233,50
240,53
213,46
219,46
236,50
193,41
216,46
314,59
234,51
221,48
203,44
163,40
214,47
204,46
225,49
251,54
204,43
233,52
228,51
275,57
184,42
225,49
236,53
267,54
219,48
238,51
220,46
255,55
213,46
278,55
311,58
192,44
236,53
321,58
215,46
249,56
245,55
261,55
222,47
240,53
147,37
279,57
227,52
219,45
152,37
211,48
203,45
237,53
220,48
225,48
219,47
189,45
269,56
217,48
269,56
211,45
202,46
285,56
191,43
234,52
258,54
224,50
197,44
236,52
240,54
193,45
254,56
287,56
223,48
249,54
238,52
194,44
208,45
271,57
250,53
241,50
238,51
315,59
191,44
240,54
210,46
241,52
244,53
237,52
273,57
215,47
216,48
202,44
307,59
314,59
253,55
223,50
185,42
282,55
217,47
274,54
226,46
262,55
240,53
294,58
229,49
236,52
252,55
245,53
282,57
215,45
247,51
254,55
255,54
177,42
234,49
221,48
232,48
147,37
258,54
230,50
240,50
269,58
217,48
222,49
208,45
241,53
336,58
265,56
197,45
231,51
241,54
229,49
242,54
244,51
330,59
224,50
243,55
252,53
231,52
344,61
219,48
249,51
218,46
277,56
243,51
210,49
201,44
219,44
255,52
217,47
237,50
277,56
255,55
200,45
246,56
253,51
196,44
209,45
233,51
240,51
263,55
229,51
247,53
210,47
253,57
269,56
231,52
355,61
240,51
189,45
247,53
276,57
237,52
216,50
248,56
206,43
220,51
220,49
265,54
215,46
232,51
233,51
255,56
349,61
218,45
274,56
221,48
292,59
224,47
169,42
204,44
207,44
195,45
254,52
239,49
229,52
227,48
260,54
207,46
311,58
185,43
180,40
225,52
272,56
250,53
221,47
251,54
191,43
260,57
196,44
235,52
244,53
246,54
240,53
210,46
203,45
249,54
285,56
268,56
238,52
302,58
275,57
217,46
311,57
317,60
255,54
212,45
243,52
233,52
234,48
235,52
205,45
215,48
218,50
251,53
248,52
212,46
207,47
209,45
200,42
228,49
219,46
264,56
223,48
221,48
196,40
226,48
209,46
230,51
250,52
210,46
218,47
170,40
342,60
238,50
180,41
255,56
223,47
268,54
230,50
244,53
218,47
264,55
212,45
280,56
287,56
243,52
303,58
237,52
210,44
255,55
249,52
216,46
272,54
222,48
232,51
231,49
262,55
208,47
191,42
241,52
263,54
214,49
241,52
193,42
210,46
198,43
200,44
224,46
305,60
219,48
222,47
252,56
261,55
250,52
230,48
221,48
218,48
218,48
225,48
267,54
275,57
187,43
221,46
203,45
221,49
201,43
274,58
208,44
226,49
192,44
211,48
231,50
237,49
263,56
266,55
292,58
227,50
228,50
255,54
252,56
187,41
204,46
239,49
208,48
217,49
244,52
231,52
246,53
235,53
192,45
272,56
237,53
293,58
223,48
241,54
196,45
220,49
239,53
199,44
232,49
262,54
250,54
269,55
314,60
211,46
294,58
265,59
276,57
176,40
242,52
173,42
234,49
215,48
255,55
298,57
234,51
218,48
280,56
221,47
210,46
232,51
322,59
255,55
228,49
185,42
183,40
227,50
216,47
220,49
222,49
256,52
269,56
202,44
217,48
261,56
204,44
212,47
221,47
244,53
219,47
245,52
294,55
209,44
241,51
216,45
190,42
203,45
219,50
242,50
316,60
231,51
240,52
328,59
219,49
223,50
193,42
201,43
243,53
217,49
240,52
245,50
224,50
239,53
220,48
283,57
182,43
242,53
223,48
241,55
224,51
256,55
307,57
193,42
197,43
263,56
225,51
209,45
207,44
277,58
248,55
225,47
192,44
245,54
228,49
228,50
207,46
223,47
217,48
291,57
153,37
211,46
252,53
233,50
216,48
247,52
222,50
265,53
240,51
243,51
218,46
240,52
250,55
241,50
235,51
245,51
270,56
276,56
222,49
228,49
306,58
228,48
199,44
266,56
220,50
231,50
232,47
226,50
209,47
264,56
221,48
173,41
211,45
225,48
152,36
191,42
242,53
256,55
220,49
221,48
230,50
213,47
262,57
230,51
204,45
213,47
246,54
218,48
228,50
221,49
194,42
213,45
293,56
233,51
259,55
235,50
202,45
228,52
267,53
248,54
195,42
295,58
250,55
197,44
293,58
221,47
234,49
212,47
238,51
222,47
224,48
230,49
247,54
228,50
222,47
278,56
247,54
183,41
218,48
196,44
211,46
335,61
203,45
244,51
247,51
204,45
204,44
189,41
270,56
232,54
196,43
242,52
243,54
208,47
222,48
229,49
231,50
206,46
284,58
260,57
232,51
226,49
240,51
187,41
229,52
199,45
220,47
221,48
208,45
246,51
268,56
231,53
228,48
186,43
160,39
203,43
217,49
187,44
262,56
229,47
229,49
302,57
237,50
252,51
270,56
233,53
173,42
194,43
254,53
255,52
233,50
334,59
273,57
228,51
253,56
284,57
326,59
240,51
202,46
218,46
204,43
217,46
271,56
237,54
274,57
217,47
241,53
217,47
227,48
193,43
201,44
245,55
235,54
199,45
212,47
255,55
218,49
211,45
263,56
326,59
271,56
237,50
238,50
240,51
288,57
174,40
247,54
222,49
201,45
221,48
237,55
197,45
260,56
210,46
204,46
216,48
376,61
214,46
272,57
229,50
319,57
258,53
244,52
217,49
232,49
235,50
243,53
240,50
241,54
233,49
212,46
277,56
306,58
263,55
227,50
216,46
221,46
208,43
303,58
233,52
220,47
255,52
189,44
233,53
232,52
210,46
286,56
236,50
200,43
251,55
147,35
266,57
155,36
289,56
220,48
228,48
238,52
277,56
240,52
215,45
284,59
268,55
223,48
219,48
254,55
206,48
221,50
233,53
241,51
257,55
177,41
138,36
234,51
228,51
235,49
191,42
297,58
211,46
255,55
199,44
242,53
199,44
232,50
239,52
219,48
196,44
225,50
199,45
245,55
373,64
220,48
203,44
222,50
257,55
199,46
247,53
237,51
237,51
255,56
266,57
255,52
241,51
239,53
194,44
234,49
246,53
320,58
218,47
194,42
218,45
300,59
207,45
242,53
215,47
222,48
235,50
259,54
273,56
340,61
212,47
286,57
221,47
275,57
203,45
214,46
278,57
299,59
221,48
258,53
258,55
218,47
222,50
227,49
289,58
257,55
274,56
231,51
323,59
228,47
231,49
179,42
245,53
191,44
224,47
229,51
250,53
217,48
226,48
195,43
266,54
317,59
197,44
289,57
264,55
226,47
201,44
249,55
200,44
249,54
275,59
215,49
217,47
261,56
234,50
226,48
254,55
206,44
256,54
243,53
166,41
211,45
318,59
196,45
241,53
221,49
230,49
229,48
259,54
212,47
218,49
198,45
241,50
243,54
224,49
237,54
258,54
246,52
171,39
231,52
211,47
253,57
246,50
222,49
243,52
239,54
243,55
210,47
340,59
347,59
221,48
188,39
232,52
232,49
304,56
188,43
218,47
238,52
181,42
216,47
205,45
237,53
206,45
174,42
230,50
280,55
244,55
250,55
231,50
200,45
266,54
173,41
167,38
239,48
233,52
261,54
291,56
226,49
245,54
200,43
267,57
249,53
221,48
304,58
212,44
249,53
226,50
361,59
225,47
207,45
231,52
231,50
215,45
226,49
254,55
211,45
195,43
284,57
238,53
247,53
234,51
218,47
218,47
205,46
241,52
217,47
251,55
206,47
229,50
324,58
225,51
203,45
230,51
239,54
273,59
297,56
222,48
202,44
235,51
250,53
242,54
244,50
226,49
291,57
204,46
197,45
227,49
237,52
247,54
214,46
212,47
249,53
236,51
229,48
163,42
298,57
221,49
256,56
262,56
218,48
239,53
261,55
254,55
243,53
211,49
208,44
279,56
225,50
247,54
232,50
298,57
224,48
292,56
252,55
244,53
244,52
208,45
244,54
227,52
254,57
226,48
212,45
296,57
293,57
208,43
265,55
221,49
314,59
220,45
183,44
243,53
215,48
298,58
222,47
213,47
228,52
223,47
274,56
199,43
216,48
227,49
246,53
259,53
190,43
222,49
225,49
263,55
217,47
225,48
236,51
270,54
245,51
265,55
246,56
268,57
339,59
219,46
237,49
288,58
284,56
239,52
201,44
210,48
234,53
253,55
191,44
278,56
201,46
196,44
207,46
233,48
213,47
250,54
209,44
267,57
272,57
304,59
314,58
194,45
203,43
230,53
305,60
229,51
307,59
239,53
197,43
242,54
211,46
235,50
229,49
243,53
282,57
180,41
242,51
223,46
257,56
329,59
214,48
205,45
274,58
219,48
204,44
206,44
249,56
232,53
267,58
160,39
258,54
270,54
233,49
264,56
198,46
201,46
303,58
203,45
231,51
251,53
232,49
271,55
184,42
267,57
292,56
215,47
202,43
216,48
214,47
283,57
256,54
223,48
237,51
245,49
231,49
243,52
211,45
231,50
219,48
249,56
270,56
253,51
275,59
213,45
228,51
258,55
266,56
278,56
272,57
207,42
309,59
243,54
206,41
210,46
263,56
218,49
228,51
265,54
234,49
301,59
305,59
224,48
224,48
235,49
241,54
268,55
272,56
154,37
223,48
223,49
266,54
233,50
288,58
293,58
242,52
202,43
178,41
201,44
254,55
283,58
252,54
209,49
216,44
240,50
199,45
230,49
206,47
242,51
215,46
235,49
249,54
256,54
224,47
251,54
244,53
240,52
250,54
238,52
204,46
195,44
322,60
228,48
260,55
202,46
196,43
214,43
173,42
211,45
248,55
167,39
281,57
248,55
247,52
230,49
209,46
256,55
238,53
194,43
225,49
188,42
227,48
226,51
243,52
229,49
226,50
239,53
218,46
251,52
271,56
214,47
226,49
301,58
338,60
196,43
219,46
224,47
247,52
360,61
221,49
128,35
254,53
288,59
188,44
315,59
213,47
238,53
350,63
206,46
246,55
251,53
219,46
272,57
316,58
238,54
221,47
257,55
252,53
195,45
197,43
205,44
243,52
242,53
222,48
237,54
270,56
296,57
212,50
245,49
268,55
235,54
188,41
261,58
274,57
254,53
233,52
217,47
250,53
284,57
197,45
292,58
211,46
236,52
194,42
264,55
234,49
205,45
190,43
249,54
203,45
218,50
193,42
223,47
228,50
265,58
249,53
214,44
228,49
228,49
200,44
297,59
216,47
227,48
227,50
264,53
143,38
234,53
230,52
259,54
282,59
193,45
249,55
227,48
273,54
183,42
263,57
189,41
279,56
239,52
241,51
218,45
316,59
208,44
202,44
280,59
215,46
302,56
270,56
193,44
226,48
337,59
211,45
260,55
224,46
320,59
230,49
302,58
230,51
242,54
197,44
242,53
255,56
182,43
236,53
207,44
247,54
210,46
276,55
236,52
247,50
199,42
197,43
230,48
343,59
232,51
231,50
226,49
202,47
231,50
204,47
211,46
205,45
221,48
260,54
214,46
247,53
232,53
220,47
235,50
277,57
228,52
289,58
243,52
221,47
284,57
226,48
249,56
230,50
288,56
205,47
284,57
262,55
216,48
227,51
230,50
203,45
196,44
218,48
225,47
271,56
222,47
252,54
202,43
210,46
219,46
235,50
252,54
310,59
233,49
211,46
210,46
237,51
266,55
212,46
213,46
244,53
223,48
277,58
206,47
212,48
207,45
218,48
219,46
190,43
256,54
241,51
206,45
282,56
235,53
261,55
214,48
228,50
231,50
230,51
225,51
188,44
236,52
296,58
218,46
233,50
222,51
311,58
233,52
291,58
226,49
245,54
264,56
232,50
299,58
186,41
215,45
273,56
210,45
204,43
246,53
258,56
223,49
210,47
213,48
226,49
216,47
209,46
232,50
201,44
195,44
237,53
286,55
207,45
194,44
208,43
282,57
346,62
316,57
209,45
220,48
259,56
254,53
264,56
264,56
258,57
203,44
236,52
211,47
183,41
248,52
319,60
222,51
231,53
241,52
297,58
230,51
211,47
265,57
245,52
237,52
218,44
252,53
211,46
199,43
251,55
228,50
181,42
224,50
226,52
249,56
222,49
207,45
227,49
224,50
214,46
212,47
248,53
228,48
305,56
273,55
222,50
299,58
255,55
220,46
210,46
220,49
162,39
228,49
275,57
252,53
165,40
239,50
193,43
276,56
229,48
264,56
278,56
210,45
231,50
196,44
255,55
238,51
171,41
232,51
170,41
210,45
209,44
220,48
218,46
220,49
314,59
300,58
231,51
247,53
259,55
220,47
165,40
184,41
208,44
182,42
198,43
216,46
223,51
243,51
303,59
249,55
217,49
194,45
215,45
225,48
218,49
247,51
246,54
232,50
215,47
175,41
237,52
245,53
243,53
268,56
214,49
225,49
221,46
292,57
210,44
266,57
204,45
231,51
254,54
275,55
236,52
298,59
361,61
179,41
225,47
192,43
214,48
229,52
211,46
204,45
255,54
215,48
229,49
269,55
235,53
230,52
232,51
252,54
303,57
165,39
229,48
214,46
208,47
252,56
290,58
239,54
214,44
210,47
204,44
215,46
300,58
200,44
314,59
204,44
263,55
245,54
198,44
280,56
224,47
235,52
205,43
189,43
225,49
254,55
231,50
142,36
211,47
249,58
252,52
214,47
216,47
203,44
252,53
182,42
185,42
223,47
249,54
246,55
243,53
268,55
267,56
260,55
177,43
210,47
234,51
207,46
237,51
225,47
196,44
247,53
247,53
182,40
221,49
335,59
220,49
222,49
208,46
220,48
327,59
233,49
225,51
228,50
228,48
241,53
233,50
207,45
213,47
235,50
218,49
285,57
233,52
242,55
213,45
222,50
207,45
208,45
233,50
251,54
217,47
236,49
277,56
205,43
223,51
249,55
266,57
265,53
278,57
233,49
221,47
271,57
206,45
240,54
338,59
207,45
300,58
191,44
258,54
200,44
233,48
231,51
226,49
296,59
268,57
196,41
301,58
238,52
247,53
253,53
219,46
260,56
238,52
225,49
253,52
225,49
207,46
259,53
197,44
210,47
212,47
284,57
136,36
179,43
230,51
255,54
246,54
234,51
217,48
220,48
216,48
213,47
254,54
229,48
219,49
211,46
214,47
217,46
274,56
241,55
241,54
226,49
245,52
224,48
236,55
222,49
281,58
307,58
231,52
215,46
212,46
225,50
239,51
177,41
335,60
264,53
241,52
249,52
218,48
247,53
196,44
190,42
259,55
219,48
230,52
230,49
248,56
263,56
207,44
218,47
235,50
247,53
221,49
241,54
162,43
250,55
203,45
249,53
232,51
203,45
248,53
218,47
193,44
228,50
247,56
240,53
229,50
222,47
204,46
294,58
195,42
219,49
206,45
225,49
205,44
219,49
234,47
217,49
235,50
225,50
229,49
237,53
250,55
299,58
238,51
241,52
226,49
218,45
298,57
212,46
204,46
209,45
282,55
222,48
234,50
221,49
267,55
216,48
213,47
180,41
226,51
223,51
287,57
211,47
222,50
178,41
226,51
213,45
242,53
219,47
269,58
194,43
258,54
241,53
215,49
233,51
197,44
195,45
228,48
240,52
269,56
253,55
227,51
236,51
238,52
254,54
180,42
339,59
222,48
225,47
219,48
236,53
195,43
225,48
212,47
210,45
254,55
237,51
272,57
240,55
219,48
221,49
220,49
198,43
247,54
220,49
252,55
221,48
206,46
230,50
211,51
289,57
242,52
241,53
229,51
211,45
195,44
256,55
219,47
264,55
267,53
239,53
221,47
241,53
221,48
192,44
246,54
218,49
206,46
216,47
224,49
220,47
217,48
214,45
211,46
224,49
192,45
251,56
221,47
247,54
260,54
228,50
323,59
232,47
208,46
270,56
213,49
222,48
184,43
209,47
240,53
220,48
210,45
258,54
227,50
217,49
317,59
238,52
199,45
213,45
236,53
194,43
249,55
229,48
247,51
245,54
253,52
208,46
247,53
228,51
180,41
291,55
208,47
203,44
220,47
200,44
197,45
211,46
245,53
211,48
204,45
219,51
218,48
205,45
206,44
222,47
219,48
215,47
248,54
206,44
235,52
240,51
223,50
218,50
222,47
238,53
229,51
240,53
187,42
206,46
239,53
210,46
221,47
271,56
232,51
205,46
213,48
228,48
265,56
223,49
233,53
250,53
199,43
239,52
224,49
207,46
246,54
234,51
174,39
224,48
230,50
215,48
211,47
273,55
291,57
245,55
215,44
250,49
234,51
223,50
240,51
289,58
303,57
209,45
219,48
272,56
224,48
243,54
215,44
250,52
309,57
239,50
211,46
177,43
334,60
223,47
192,41
285,57
233,53
228,51
237,50
329,60
212,48
234,50
259,56
248,54
227,48
217,45
203,46
206,45
196,42
202,44
242,53
250,54
309,59
289,57
276,57
208,46
268,57
181,40
264,57
189,42
235,53
245,53
217,48
239,51
251,55
215,48
236,50
213,48
254,51
223,50
196,42
245,53
208,45
217,48
247,54
217,47
229,53
232,50
212,46
229,51
345,61
212,45
228,48
224,50
256,56
217,48
231,48
143,37
284,57
242,53
315,59
202,44
236,50
270,56
129,36
216,46
195,43
238,53
296,59
213,45
180,42
274,56
256,54
221,46
286,57
226,49
218,46
244,49
231,50
218,48
228,48
209,48
227,48
215,46
217,48
168,37
222,47
222,50
287,58
214,47
233,51
249,55
277,57
301,58
224,48
215,46
220,49
185,40
241,54
237,51
261,55
225,48
230,49
223,48
256,54
321,59
261,55
214,44
234,50
147,35
192,43
215,46
229,51
208,46
243,55
244,50
152,38
213,45
230,47
234,52
201,44
314,59
222,48
239,52
221,47
149,36
267,55
191,43
233,49
237,50
227,51
248,55
245,55
244,50
213,45
220,47
225,51
189,41
235,50
217,48
244,50
217,48
198,43
250,54
262,56
243,53
253,55
213,48
223,48
221,47
215,48
301,57
268,55
197,46
264,54
253,53
187,43
199,45
245,54
238,52
222,50
223,48
333,60
248,58
187,41
235,52
231,51
219,49
212,46
233,49
165,41
210,47
222,46
196,45
214,48
266,56
221,50
202,44
243,51
221,45
253,54
261,56
281,56
209,45
217,47
212,47
255,54
267,57
235,50
233,49
212,44
233,50
235,52
247,51
209,47
250,54
214,48
224,49
240,49
215,46
225,49
257,52
257,53
214,47
215,49
219,50
220,48
354,60
230,47
239,53
218,47
349,61
239,52
214,47
191,42
268,56
206,48
215,46
279,57
226,50
262,56
247,54
230,49
218,48
220,49
262,56
205,44
176,43
178,42
209,44
206,46
298,57
274,58
240,54
182,42
214,48
218,46
276,57
274,54
217,48
284,58
218,48
234,53
237,50
154,39
218,46
165,40
238,53
240,52
213,49
253,55
285,57
209,45
206,44
230,49
252,57
228,50
247,55
239,55
271,56
200,44
214,47
258,55
205,46
178,41
214,47
249,53
200,44
319,59
261,56
222,47
180,41
209,47
211,46
224,49
226,49
227,49
189,43
239,51
228,49
247,53
240,52
202,43
225,50
234,52
188,43
218,47
234,52
207,46
224,47
350,61
216,46
203,44
294,57
192,41
203,45
264,54
263,57
242,51
217,47
239,52
346,60
238,46
231,50
235,50
240,53
219,51
268,57
244,52
200,44
257,54
156,37
199,44
200,46
269,58
215,47
258,55
321,60
197,44
204,47
243,51
223,48
270,56
250,53
231,49
243,54
219,46
328,57
238,51
226,49
246,50
219,47
226,50
213,46
221,49
299,57
322,59
194,43
288,56
350,60
214,46
223,47
233,52
257,54
187,43
223,48
234,51
216,47
280,56
242,55
268,57
244,52
218,45
241,50
240,50
223,50
214,47
253,54
296,56
207,43
197,45
303,59
208,45
201,44
282,59
240,50
271,57
194,42
194,41
252,56
172,42
243,54
229,50
204,46
231,48
272,57
332,59
196,44
324,59
210,46
219,47
230,49
183,39
202,43
204,45
185,42
275,58
189,42
297,57
227,51
211,45
192,43
241,54
228,51
146,38
235,52
248,54
288,56
210,44
232,49
211,46
248,54
183,43
366,61
211,46
236,53
238,54
218,47
244,52
218,47
221,45
271,56
192,45
229,50
245,54
203,44
210,46
137,37
284,57
199,45
290,57
249,55
197,43
352,62
251,53
232,49
181,41
196,42
209,44
335,59
216,47
221,46
252,55
233,49
261,53
211,46
221,47
220,49
251,55
252,54
205,45
174,37
214,47
246,52
222,50
212,45
249,53
217,46
233,55
177,42
229,50
243,50
278,55
227,48
224,47
216,46
226,50
228,49
221,47
308,59
258,54
248,51
233,50
202,47
209,46
248,54
182,41
238,51
231,51
220,50
241,52
219,49
194,45
221,50
261,55
224,48
220,47
238,50
207,46
256,56
199,43
231,53
269,56
232,50
223,49
254,54
272,57
223,48
215,47
249,54
273,55
273,55
229,51
224,48
239,53
211,47
166,40
237,51
191,40
230,50
240,51
231,51
294,57
287,59
181,42
189,42
231,49
214,47
228,49
224,49
243,51
203,43
250,55
228,48
192,43
236,55
218,47
211,47
272,56
251,54
190,44
239,55
248,56
221,47
212,47
267,56
232,50
218,45
206,48
204,45
208,46
219,50
252,58
246,54
247,51
262,57
221,50
184,43
208,45
233,49
244,54
229,50
212,47
233,51
226,49
206,47
258,56
213,46
240,50
261,55
290,58
230,48
216,48
287,58
172,42
199,42
253,54
246,52
209,46
234,52
220,48
204,45
269,56
291,57
236,52
187,42
242,53
224,48
216,46
221,46
328,59
212,46
240,52
268,54
272,57
263,56
213,48
261,54
286,57
247,51
252,56
159,38
320,59
231,50
280,58
231,50
223,49
253,54
238,54
203,44
253,53
251,53
240,55
219,47
223,48
162,39
229,48
224,48
214,46
236,53
208,44
260,54
231,48
255,55
232,52
230,48
211,47
268,55
210,46
265,56
315,60
299,58
255,56
222,49
244,53
188,42
203,44
250,54
218,47
314,60
218,47
237,53
276,54
239,52
196,44
258,55
226,48
220,47
237,51
309,59
219,48
251,55
229,50
211,44
253,54
217,49
244,55
217,48
214,47
245,51
250,56
228,50
198,45
228,51
215,46
210,46
262,57
216,48
306,58
225,49
240,50
201,43
230,49
217,48
280,58
205,44
232,51
218,47
254,54
228,49
224,48
212,51
251,54
224,50
250,53
257,54
215,45
276,56
223,50
245,53
296,58
197,44
231,51
266,55
195,43
294,58
230,50
295,60
224,49
235,50
242,52
255,55
250,50
151,40
203,42
245,53
204,47
193,44
314,59
213,47
215,49
219,46
253,53
230,50
266,55
249,51
266,57
280,56
218,47
190,42
237,53
220,49
215,46
319,59
244,55
266,55
221,47
229,49
232,49
241,51
233,53
225,49
219,48
211,44
268,55
213,45
204,45
222,47
249,52
252,53
204,47
273,57
187,43
224,48
240,50
218,50
233,51
316,60
217,48
238,54
219,47
239,52
172,41
210,47
293,58
226,48
172,42
278,56
239,53
253,55
268,55
285,55
212,47
192,43
233,50
217,45
252,53
215,47
228,53
223,48
264,58
244,55
225,48
221,46
229,50
251,52
225,49
187,42
226,51
246,54
213,47
230,50
290,58
236,52
250,54
171,40
215,47
170,40
291,58
233,51
233,50
261,55
224,46
206,45
208,45
293,58
155,39
226,49
214,47
238,52
231,49
251,55
238,51
182,39
220,48
310,57
302,59
213,48
216,47
231,50
211,45
232,49
252,56
267,56
229,50
250,53
209,45
198,44
256,57
241,54
309,59
238,49
215,48
238,50
231,49
213,47
217,48
236,50
214,48
188,41
232,53
272,56
284,57
260,55
270,57
249,53
188,41
235,51
192,44
187,41
244,55
247,53
242,53
220,49
240,50
263,55
254,56
302,58
317,59
233,49
225,48
197,44
108,35
268,56
232,49
243,54
236,51
238,51
209,46
196,43
244,52
211,45
208,47
305,58
217,49
226,48
232,50
222,47
227,47
193,43
238,51
248,55
259,56
208,45
204,44
250,54
204,43
248,53
347,61
252,53
248,54
317,59
190,41
240,55
245,53
213,47
220,49
215,45
236,52
242,49
201,44
262,56
219,48
278,55
299,58
245,53
214,50
288,57
228,48
261,57
262,54
216,47
226,48
249,54
207,45
262,54
194,43
267,56
221,50
202,45
236,52
229,49
290,58
310,58
266,57
229,50
231,52
262,56
200,45
231,53
237,49
200,45
206,45
220,47
211,46
248,54
224,50
221,50
230,50
312,59
195,45
255,54
261,56
237,53
204,45
209,46
223,47
212,46
222,48
206,44
241,53
261,55
229,51
257,55
265,57
263,53
358,61
220,47
247,52
203,46
206,45
228,50
261,54
263,58
223,48
205,43
219,48
244,51
271,57
243,54
209,45
310,58
211,46
251,53
226,52
238,55
235,51
223,49
234,49
222,48
281,60
158,40
287,57
255,55
189,43
236,54
228,48
227,51
222,50
221,47
220,46
197,44
206,47
281,58
200,45
225,46
212,45
280,56
194,42
219,49
240,53
253,53
204,45
235,50
279,57
180,40
247,54
220,48
236,51
241,53
256,55
272,55
218,46
164,39
261,56
212,47
229,51
294,56
213,48
202,43
208,46
212,46
211,48
227,51
257,55
228,51
278,58
257,54
215,48
239,53
233,53
238,52
209,46
265,55
278,56
237,51
241,53
266,55
255,53
229,50
252,52
210,45
240,52
231,49
223,53
298,59
200,44
214,48
223,48
343,59
210,44
301,58
225,47
292,59
253,54
194,43
216,47
233,51
226,48
223,51
211,46
248,54
283,58
238,51
211,45
302,58
235,50
214,46
236,50
190,43
262,55
253,54
243,52
328,59
211,45
217,46
294,58
217,48
236,53
259,56
239,53
241,54
207,44
277,56
234,51
283,56
287,58
217,46
325,59
164,37
274,56
240,52
272,56
245,52
206,45
250,51
226,50
266,56
215,48
208,45
221,47
267,56
274,57
219,49
261,56
225,51
208,46
303,59
260,57
256,54
254,54
230,50
217,48
228,49
238,50
318,59
271,56
230,46
176,41
223,47
253,54
253,55
180,41
329,59
163,39
231,51
213,47
227,50
222,49
263,55
283,58
230,51
196,43
308,59
179,40
200,44
227,49
228,51
262,54
251,55
278,54
230,49
159,37
205,43
235,49
189,43
233,49
220,50
232,48
229,50
217,45
287,58
238,52
211,47
228,50
260,56
235,51
225,51
235,52
148,36
211,46
232,51
231,51
221,47
254,54
317,59
262,55
219,47
201,45
297,58
213,46
247,53
194,43
217,47
224,51
234,51
270,57
216,47
256,55
239,49
189,41
199,44
254,51
195,43
232,50
214,45
269,56
248,56
223,50
253,54
234,50
334,58
240,50
208,46
237,49
230,49
314,59
247,50
257,54
239,49
214,45
252,56
292,57
242,53
246,51
250,52
206,45
223,49
216,49
206,45
283,57
226,48
277,57
191,43
242,55
175,42
286,59
249,54
338,60
239,51
222,48
181,42
236,50
259,55
231,52
253,54
247,53
241,52
277,57
192,41
245,54
251,55
239,51
233,50
203,45
263,56
233,51
286,58
257,56
231,49
198,43
228,51
238,52
206,46
278,57
219,46
194,44
266,54
260,54
234,52
312,57
269,56
226,49
214,47
216,48
272,56
248,53
232,52
198,44
213,47
215,46
244,52
260,55
256,55
210,46
210,46
209,46
198,45
277,59
228,49
204,46
320,58
251,52
225,50
242,53
270,57
248,53
225,50
271,58
237,51
142,36
299,57
281,56
248,51
240,51
206,43
216,48
223,46
231,49
276,57
223,49
211,45
264,57
260,56
282,56
206,43
219,48
241,53
257,54
201,46
231,49
278,56
233,50
227,50
309,58
243,54
216,47
194,42
225,50
157,39
227,51
221,47
220,50
205,44
274,55
265,57
204,43
217,47
196,45
241,52
306,58
184,42
227,51
262,55
234,52
283,58
198,43
221,49
227,49
245,51
240,50
217,45
227,48
193,42
224,49
272,57
166,40
260,57
255,53
223,50
312,58
218,49
215,50
216,48
218,49
218,47
228,50
230,51
198,43
217,48
213,48
222,46
260,54
209,45
216,48
299,57
234,49
190,44
223,48
202,45
195,43
261,54
233,51
221,48
227,50
210,48
255,54
298,58
241,52
242,52
263,56
285,58
220,50
251,52
194,41
237,52
288,58
236,49
233,53
291,58
149,36
245,55
218,47
214,48
231,49
227,47
262,55
272,58
249,51
202,43
333,59
291,59
239,52
223,46
288,56
210,46
244,52
268,56
290,59
207,45
226,46
239,52
204,44
224,50
310,59
257,56
244,52
243,53
242,51
218,46
227,50
240,52
223,49
237,52
244,52
324,59
276,56
298,59
248,53
218,48
209,48
251,54
291,57
173,41
211,48
229,50
284,58
257,56
188,45
217,48
222,49
221,47
256,55
229,52
245,53
277,57
204,48
240,53
287,58
199,44
268,55
220,44
200,43
246,51
229,48
227,49
149,37
219,47
185,41
218,48
227,46
294,59
190,43
204,44
207,44
241,52
241,52
244,53
345,61
195,43
287,58
280,57
241,52
328,60
300,59
204,43
197,43
201,46
209,46
220,50
230,51
229,51
290,58
226,51
250,52
235,50
207,44
233,49
287,57
169,40
178,42
215,47
249,55
216,47
261,55
272,54
225,49
238,51
237,48
250,52
229,51
173,40
257,54
232,51
240,53
325,58
277,58
217,47
162,40
201,42
202,45
296,56
240,52
240,51
243,55
237,54
348,59
248,56
260,57
283,56
215,45
230,53
270,56
217,48
226,54
215,48
238,53
219,45
224,48
212,47
192,43
224,48
272,56
248,54
284,56
247,57
224,49
232,53
258,55
218,46
196,45
202,44
215,46
306,60
198,42
250,54
234,50
238,51
225,48
215,46
263,54
268,56
209,45
273,57
226,51
216,45
207,46
212,48
180,41
191,43
197,44
221,48
225,49
191,42
230,50
196,43
228,50
209,46
258,55
179,43
230,52
171,41
244,49
233,48
255,55
230,52
212,48
194,43
322,59
227,48
176,39
263,54
266,57
186,41
216,47
267,56
204,44
237,51
240,53
256,55
313,59
246,53
301,56
321,59
227,52
229,49
249,51
368,61
242,55
227,48
236,54
228,51
225,48
265,56
232,53
173,39
228,48
225,48
246,54
258,55
224,49
244,53
205,46
238,53
256,54
193,45
317,58
218,48
214,49
220,47
200,44
186,42
321,59
235,51
306,56
225,46
206,46
215,49
201,43
290,58
224,47
270,57
228,52
235,48
226,50
232,47
257,53
209,46
230,49
255,56
215,46
319,58
237,51
207,45
239,53
204,45
215,47
224,49
229,50
220,47
252,55
223,47
227,49
204,46
215,45
216,46
187,43
253,55
266,58
180,42
220,49
216,47
214,48
229,49
334,58
215,44
243,53
212,46
197,43
206,44
264,56
215,45
255,54
211,46
327,59
325,59
238,53
209,46
220,50
202,44
247,53
226,48
266,55
227,47
246,54
217,51
216,48
224,49
231,52
264,55
223,47
181,41
205,44
236,50
240,53
210,48
206,45
226,50
213,47
229,49
283,57
194,42
271,56
251,53
235,54
230,50
200,46
237,51
225,47
302,59
222,49
253,55
231,50
295,58
306,58
230,51
207,45
260,54
218,47
169,41
243,52
255,53
214,45
231,50
171,40
229,51
266,55
223,50
237,53
237,51
278,55
332,59
216,46
179,39
232,49
198,43
198,44
251,55
274,57
175,44
187,43
262,55
244,51
225,47
290,58
225,50
305,57
238,51
292,58
262,53
228,48
267,55
165,41
303,56
211,45
235,51
236,50
241,52
209,48
203,45
210,45
225,49
265,54
229,48
223,49
209,44
236,53
239,51
226,52
254,54
217,47
209,44
261,54
222,48
297,57
258,55
337,58
177,39
254,53
187,42
221,49
295,59
222,48
228,50
232,53
227,49
224,46
247,54
242,54
258,55
232,52
217,48
195,42
256,55
186,41
246,55
310,58
222,47
213,47
217,48
280,58
311,59
228,49
235,50
256,54
230,50
217,46
187,43
273,56
260,54
263,55
222,49
225,52
244,52
308,58
193,42
203,44
236,52
272,57
243,54
206,46
301,60
265,56
344,58
228,48
242,52
219,47
256,55
263,56
275,56
294,59
230,50
222,48
269,58
218,48
228,47
225,49
210,44
242,55
225,50
292,58
236,50
211,48
238,51
278,56
287,58
215,46
246,51
209,47
244,52
272,58
237,52
291,57
247,52
212,43
204,46
194,46
256,54
206,44
225,49
195,40
215,46
168,39
238,51
252,55
233,51
167,38
253,53
353,62
197,42
183,42
263,56
227,51
348,59
196,45
233,50
228,51
274,56
188,42
251,53
216,47
238,51
221,48
230,49
258,54
239,50
245,54
196,43
258,56
287,58
221,48
211,46
202,44
245,53
229,50
238,51
267,55
238,53
198,45
253,53
210,46
265,57
286,57
217,49
210,47
199,43
237,52
219,49
219,48
231,49
321,58
239,53
237,50
235,50
214,47
227,48
232,51
230,50
230,50
220,48
247,53
212,47
204,44
236,51
229,48
223,47
315,59
267,56
219,49
319,59
211,47
219,52
231,50
275,56
231,51
214,45
197,44
266,56
221,50
222,49
219,47
163,38
293,59
206,44
231,48
206,45
259,52
198,43
299,58
224,47
226,51
233,50
230,48
267,55
227,51
202,46
255,53
215,46
231,49
297,56
209,45
218,46
218,49
324,59
209,45
217,46
210,46
232,52
235,53
242,54
211,47
280,57
297,58
236,52
213,47
231,51
222,49
304,59
332,58
340,59
194,44
248,54
240,51
238,50
228,50
215,48
206,45
266,54
213,48
240,52
209,45
190,43
223,47
242,55
231,51
222,47
263,54
205,46
222,47
227,50
194,42
213,47
238,54
214,47
226,47
260,56
208,48
215,47
247,54
358,59
203,44
232,50
209,47
267,55
280,59
189,40
231,50
210,47
176,40
235,50
309,59
198,45
191,44
204,44
221,49
182,40
201,43
269,56
285,58
210,47
204,44
202,44
216,48
247,55
269,56
213,48
199,44
219,49
227,48
223,49
221,49
251,52
249,53
251,53
302,58
252,52
268,57
314,59
262,54
230,50
250,54
183,41
220,48
238,50
263,55
249,54
227,51
246,54
193,41
254,54
281,56
297,57
155,36
199,43
268,54
255,56
181,44
297,58
206,45
123,35
164,39
253,53
221,48
264,58
225,48
217,49
224,49
251,54
291,58
218,48
194,41
179,42
212,47
250,53
177,42
225,48
219,49
297,57
223,49
256,54
215,44
211,45
211,48
268,56
199,44
241,53
246,55
295,57
211,46
276,55
213,46
227,50
226,50
212,46
197,42
308,59
219,48
212,46
249,54
306,58
250,53
223,48
167,41
223,48
202,45
207,46
203,44
258,55
196,43
179,41
240,52
331,59
237,53
207,45
221,46
246,56
268,55
263,57
204,43
236,51
159,40
242,52
215,47
232,50
259,55
243,56
217,47
259,56
217,48
257,54
241,51
237,52
299,57
189,43
211,46
194,45
224,50
215,48
286,56
252,56
204,45
215,49
224,50
243,55
240,54
245,51
279,58
238,52
204,47
207,46
235,50
207,44
218,48
217,46
244,53
250,53
256,56
246,54
225,50
211,45
