house_dem,senate_dem
225,50
265,56
224,47
244,52
210,46
264,54
238,53
311,59
285,57
198,43
265,55
250,54
242,54
236,50
280,57
304,57
265,57
240,55
212,46
231,50
241,54
242,54
239,50
216,49
215,46
215,46
230,50
295,58
256,55
242,53
233,51
259,56
227,49
222,49
268,56
231,52
294,57
266,56
245,53
251,57
213,45
330,58
244,53
228,51
255,52
254,55
226,50
221,47
245,53
294,56
265,54
227,48
255,55
214,47
238,47
225,49
238,52
229,49
277,57
225,49
246,53
318,57
221,49
236,50
232,51
245,53
218,45
291,57
248,54
226,49
227,51
243,54
268,55
245,55
254,54
210,44
215,46
202,45
257,54
217,48
253,56
274,57
281,55
218,47
239,54
255,56
196,44
189,42
261,55
202,44
246,54
294,58
204,45
244,54
243,52
234,49
227,48
215,47
227,48
268,56
250,55
256,55
221,47
245,55
318,59
279,57
224,50
253,56
306,58
279,58
326,60
239,54
237,51
241,54
257,54
224,48
242,53
239,52
226,52
233,51
274,58
251,55
297,57
201,44
256,54
250,54
263,57
200,43
218,47
210,44
227,48
302,57
288,57
310,59
266,57
215,47
271,57
244,54
242,54
224,47
242,54
312,60
246,52
232,53
215,46
238,54
226,48
239,50
209,44
307,59
258,53
300,57
233,52
235,53
233,51
256,56
218,46
237,52
225,50
213,46
264,55
215,46
263,55
253,53
256,57
206,43
288,58
245,54
201,43
276,56
232,50
233,51
329,59
239,54
262,56
299,60
211,45
213,49
303,59
259,55
224,51
334,59
308,58
263,57
279,57
259,57
236,51
257,54
237,53
276,56
249,55
253,53
252,54
224,48
289,58
239,52
212,45
252,55
237,50
210,44
187,42
248,52
245,54
229,50
244,56
332,62
277,56
290,58
188,42
227,50
232,53
247,54
236,53
264,57
258,54
243,53
251,54
183,42
246,54
251,54
240,54
229,51
219,45
229,52
221,48
229,50
235,52
296,58
252,55
249,54
249,54
269,55
291,58
268,56
269,57
367,63
255,52
299,59
196,44
263,56
251,53
191,42
221,49
233,51
258,56
228,53
215,46
233,49
266,57
272,58
214,47
248,52
234,53
261,56
234,50
206,43
238,52
228,51
263,56
284,56
274,56
248,54
260,56
279,56
240,50
372,63
240,52
243,54
244,52
297,57
183,40
268,57
207,45
225,50
201,46
254,55
306,57
257,55
238,51
270,55
232,50
239,51
234,51
283,57
221,50
218,47
240,54
289,58
238,53
268,57
262,55
242,53
224,49
211,44
228,49
233,49
238,51
211,44
194,44
205,44
252,56
250,54
244,53
225,50
209,45
225,49
214,46
267,57
204,45
223,49
284,57
255,56
219,48
227,49
288,58
203,44
280,57
228,50
235,52
253,55
198,45
357,63
224,47
238,54
258,55
215,45
209,46
257,55
184,41
216,45
264,56
238,50
214,47
258,54
327,59
262,57
228,47
280,57
248,54
238,52
223,48
218,49
225,48
243,54
271,55
268,57
227,48
262,55
321,60
251,52
217,46
333,61
283,57
273,57
247,55
199,45
229,51
244,53
253,55
211,46
208,46
250,54
233,50
254,54
272,56
228,49
259,56
249,56
240,54
227,50
240,53
261,55
285,58
226,48
227,48
251,54
236,50
234,52
291,57
228,49
210,46
252,53
298,57
293,58
257,55
217,47
241,50
245,54
222,46
224,51
234,48
239,55
262,56
249,54
235,51
248,52
248,54
240,51
234,52
216,45
225,53
241,51
237,51
200,44
268,57
253,57
241,52
296,58
260,56
242,52
259,56
247,55
176,39
227,50
247,55
212,46
273,57
256,54
230,52
302,57
294,58
243,54
299,58
226,50
215,46
249,55
247,54
192,43
284,57
265,57
269,56
213,49
266,55
264,55
207,44
232,54
298,57
161,40
234,52
278,57
230,49
249,55
302,59
201,43
185,40
227,47
255,55
302,59
214,47
241,51
245,52
189,41
239,54
252,56
233,48
293,57
336,59
240,52
205,44
234,51
189,41
297,56
271,57
232,49
356,63
248,54
262,56
259,55
227,49
250,55
259,56
205,44
235,54
255,56
288,59
237,53
190,42
260,56
301,60
266,58
253,52
227,50
261,54
290,58
301,59
266,57
281,57
254,55
218,47
241,54
239,51
299,58
209,45
208,47
282,56
280,57
291,58
246,53
244,53
243,53
245,53
234,51
256,56
287,57
262,56
220,48
252,52
295,58
209,46
294,59
276,55
212,46
242,53
248,55
236,53
214,47
229,50
274,58
269,58
250,54
201,43
239,53
219,48
229,50
210,46
257,54
229,50
281,56
226,47
234,51
259,53
290,57
261,56
247,55
174,39
285,58
215,46
244,54
281,57
227,48
231,49
250,54
262,57
213,48
251,52
233,50
234,50
226,49
275,56
268,58
232,50
225,49
204,45
325,58
224,49
305,58
241,53
219,46
249,52
219,46
133,36
232,49
220,50
247,52
234,51
228,51
248,55
229,51
233,52
247,56
208,44
215,47
261,54
248,52
251,53
233,52
262,56
231,52
305,58
248,54
260,55
242,53
221,48
251,55
246,53
228,49
217,46
223,47
285,57
232,50
207,45
246,49
238,51
261,54
263,57
235,51
283,57
238,50
261,55
238,52
217,48
226,49
251,54
237,53
227,48
246,51
237,52
246,52
220,47
265,57
244,53
269,56
223,48
246,54
258,56
244,52
248,55
222,47
244,55
221,49
263,54
315,61
338,59
212,46
223,48
321,59
263,55
311,58
236,51
239,52
246,53
247,50
230,49
332,59
208,45
251,53
221,48
239,49
231,50
254,56
266,55
279,58
193,42
238,52
291,58
243,55
256,55
248,54
187,40
174,39
281,55
209,44
253,56
232,52
276,57
250,52
282,57
242,54
257,54
216,46
227,49
211,45
322,59
234,48
214,47
222,50
211,45
306,57
238,53
208,45
247,55
217,47
232,48
266,55
231,51
288,57
254,56
252,55
258,54
287,56
247,54
242,53
225,48
251,56
235,53
292,58
207,45
247,54
290,57
209,44
276,57
284,58
275,55
224,48
209,46
309,59
240,52
258,54
219,45
253,55
231,51
239,53
305,59
261,55
253,55
301,58
203,44
210,46
207,45
215,48
249,53
250,54
252,54
260,56
249,53
278,57
269,56
269,56
216,46
296,58
265,57
216,46
210,47
196,43
223,48
233,51
256,53
242,51
203,45
271,56
251,52
261,56
211,44
235,50
214,45
242,52
249,55
245,53
241,52
314,60
242,52
204,43
243,52
251,54
244,54
222,48
223,48
270,57
238,51
221,46
239,53
238,52
235,53
219,48
231,49
249,54
228,50
234,52
213,47
202,43
239,51
278,58
247,54
241,53
234,49
213,45
212,44
243,51
278,58
231,48
294,57
275,57
228,50
241,53
239,51
262,55
258,53
237,52
216,49
284,57
235,50
238,52
283,59
246,55
264,53
201,45
219,48
233,50
250,56
224,49
240,50
285,58
187,41
228,48
216,46
241,52
330,60
255,56
212,47
221,47
252,54
236,51
224,50
223,50
217,47
186,42
258,55
237,53
205,43
240,50
246,55
239,51
207,44
292,57
225,48
261,55
284,56
208,45
220,47
318,58
234,51
229,50
223,50
235,51
298,58
270,56
250,53
234,51
240,53
240,52
228,49
263,56
223,48
232,50
232,48
216,47
224,50
315,60
258,55
242,51
241,53
245,53
270,57
272,56
236,53
253,54
246,52
218,46
208,46
233,51
238,54
230,49
255,56
215,47
261,55
205,46
250,53
222,49
239,53
205,43
180,42
258,55
239,53
232,49
277,57
224,48
203,43
156,36
206,43
228,49
273,58
232,50
300,57
247,53
265,56
200,43
211,46
305,58
205,45
212,46
259,54
209,46
240,53
233,51
250,52
227,52
212,43
238,48
220,47
263,56
210,45
237,49
232,52
234,52
210,44
214,45
199,43
236,53
225,48
235,51
213,45
290,58
302,58
248,53
254,53
256,54
273,58
254,55
230,49
217,46
238,54
217,48
196,43
212,46
270,57
230,52
188,42
229,49
273,57
229,50
250,54
212,47
213,47
220,47
207,43
219,48
169,41
288,57
360,64
247,55
227,47
222,50
261,56
257,55
265,56
222,48
192,44
228,53
342,62
208,44
296,58
270,57
247,51
222,49
249,52
250,56
278,57
231,51
250,53
228,50
261,55
215,46
276,56
217,45
235,51
244,51
270,57
252,55
242,54
317,60
276,54
277,57
225,50
258,55
253,56
243,55
212,45
271,56
234,50
226,49
234,54
240,54
261,54
242,52
231,52
271,56
250,56
248,55
238,49
160,37
261,56
247,51
225,50
261,55
222,47
239,51
255,55
224,48
240,51
215,47
265,53
192,44
237,53
260,57
233,50
256,56
230,48
234,52
217,46
218,46
281,56
265,55
281,56
242,51
227,50
220,47
259,55
197,43
250,55
217,47
248,53
245,53
259,56
238,53
239,52
360,62
308,58
206,42
259,55
238,50
219,50
267,56
310,58
189,41
230,51
248,54
266,56
214,47
201,44
273,57
212,47
306,58
193,43
236,50
215,46
221,47
253,53
299,59
269,56
238,51
303,59
212,46
203,44
273,56
251,54
225,50
306,59
277,58
233,52
265,57
214,48
232,50
238,52
225,48
300,57
265,57
260,57
211,43
323,59
241,53
212,44
282,58
245,51
253,57
215,45
328,60
231,49
248,52
274,56
241,52
231,51
274,57
249,52
254,53
226,50
247,53
237,51
258,57
260,55
347,62
206,44
263,57
267,56
208,45
274,56
245,54
234,51
243,53
236,50
246,55
255,53
221,46
264,55
202,44
257,56
218,49
189,43
245,54
224,49
217,47
267,57
273,56
240,51
184,40
211,47
291,58
290,57
245,53
212,45
254,55
232,48
303,59
242,55
264,55
34,34
197,43
242,55
232,50
233,52
261,55
238,56
252,54
247,54
185,42
258,55
274,57
282,56
325,61
305,59
266,57
235,51
197,43
233,52
242,53
218,47
217,47
257,53
184,44
225,49
250,55
214,48
266,56
212,45
268,57
222,46
220,48
232,51
244,52
243,52
262,57
259,53
222,47
250,53
269,57
333,62
219,46
213,49
234,49
224,47
213,44
243,53
218,46
247,54
225,50
183,41
217,48
254,53
240,51
241,51
273,56
211,46
317,58
248,54
215,44
218,48
225,51
222,48
239,52
222,48
250,52
366,61
291,57
223,47
269,57
219,47
262,56
235,50
282,57
205,44
239,54
233,51
219,45
196,41
263,56
323,58
265,54
316,59
258,56
257,57
212,47
231,50
248,56
243,52
314,60
282,58
278,57
357,61
222,50
243,52
230,50
287,57
254,55
220,46
259,56
230,49
212,46
277,57
189,42
257,56
253,55
261,55
277,57
224,48
200,43
215,47
304,59
289,57
268,57
246,52
248,53
331,62
241,50
232,53
205,41
215,44
237,51
277,56
213,45
207,42
215,49
274,57
231,49
247,55
311,57
231,50
257,56
248,51
245,53
206,45
299,59
220,47
257,56
247,55
236,50
248,53
240,52
222,49
279,57
213,47
218,47
225,49
276,57
217,49
269,56
231,49
260,56
166,37
214,46
194,44
208,45
307,57
201,45
231,52
291,57
240,51
241,54
250,53
264,55
189,41
223,49
211,45
239,54
218,46
232,49
263,57
213,46
251,54
250,51
240,54
237,52
233,52
261,55
229,52
213,47
344,63
256,56
228,50
249,55
213,47
236,49
245,53
256,55
257,56
250,53
289,58
263,57
276,56
250,55
209,45
245,53
244,51
288,57
245,52
251,55
225,47
259,54
217,48
219,48
288,57
220,48
263,55
234,50
240,52
242,50
193,43
257,55
235,53
231,50
254,55
233,52
248,54
188,42
228,49
231,51
223,49
298,58
257,54
215,47
225,49
193,42
229,49
259,55
217,46
242,54
247,55
249,55
231,51
251,54
323,59
216,46
217,50
205,48
230,47
228,51
260,54
250,56
229,48
233,52
220,48
242,51
185,42
243,53
239,52
207,45
255,54
276,58
312,58
234,53
312,60
283,56
250,52
219,46
264,56
227,50
233,52
246,52
348,62
249,54
252,57
267,56
245,53
243,53
240,52
267,56
236,53
311,58
255,54
140,36
224,47
227,50
227,49
220,50
252,56
284,57
233,50
256,55
247,54
233,50
245,54
275,56
257,56
249,55
219,47
271,56
227,51
229,50
236,53
226,48
201,44
225,50
291,57
248,52
222,49
226,51
231,53
237,48
234,53
263,58
248,54
249,54
224,48
232,50
247,52
222,48
237,50
226,50
224,47
217,46
240,51
288,59
214,47
239,52
304,57
315,58
199,42
238,52
222,48
237,49
224,48
210,48
226,49
305,59
225,48
265,57
219,47
266,57
231,50
301,59
271,55
234,53
270,54
266,57
260,56
234,50
283,58
198,44
227,49
233,50
236,51
277,57
245,52
247,52
220,48
207,44
221,47
270,56
247,51
246,53
239,52
256,55
272,57
247,50
231,50
241,50
261,55
252,56
282,58
225,47
237,53
248,54
195,43
224,49
221,46
258,55
308,58
230,52
259,56
258,55
224,52
256,56
235,51
285,58
338,62
230,52
213,46
258,52
219,49
243,54
238,53
297,58
254,56
261,57
241,55
243,54
266,56
260,57
237,51
258,57
250,53
213,46
236,51
232,52
253,54
224,51
285,57
268,56
246,53
226,47
251,55
236,53
213,47
206,43
217,49
213,46
206,45
246,52
253,57
279,57
209,46
236,52
227,51
245,55
253,53
286,57
258,55
223,48
232,48
237,52
268,56
249,55
239,54
218,48
219,48
216,48
221,46
274,57
300,58
246,55
248,55
242,53
243,53
230,53
280,57
236,53
236,55
280,57
286,57
199,43
232,50
199,43
196,44
215,47
189,41
199,43
252,53
247,55
264,53
237,50
251,53
224,48
250,53
215,46
236,53
205,43
335,62
263,57
260,56
257,55
294,57
249,55
210,47
241,53
208,46
236,55
229,50
229,48
195,41
248,54
264,55
237,52
339,60
260,57
223,48
208,45
258,55
246,53
249,53
216,47
228,48
234,48
242,54
216,47
300,57
213,46
199,43
232,49
243,54
233,47
222,48
276,57
248,54
209,44
253,54
235,51
247,55
250,53
235,51
263,56
208,46
308,58
253,55
231,52
221,49
202,43
241,53
227,49
249,52
274,57
222,51
272,56
203,45
277,59
207,45
213,45
276,56
228,49
234,49
211,44
221,48
212,44
305,57
250,54
247,53
214,48
250,56
166,38
249,55
225,47
179,40
241,55
318,60
221,48
276,57
320,59
261,56
248,56
210,45
251,55
249,55
219,47
230,51
267,56
210,44
225,50
220,50
238,51
221,49
235,51
260,55
231,51
216,46
237,49
285,57
314,59
242,51
274,57
267,57
252,55
248,52
246,54
297,59
224,49
241,53
234,52
231,51
250,53
213,46
270,56
260,57
241,53
233,50
197,43
243,52
231,50
212,47
254,54
277,57
250,55
226,49
263,55
235,50
203,44
232,53
250,55
235,52
239,52
218,49
218,47
291,58
210,46
266,56
207,44
199,42
191,43
255,55
242,51
203,42
253,54
210,47
186,41
254,54
238,53
324,60
340,60
242,54
163,39
228,50
345,64
237,50
254,52
228,49
261,56
239,52
241,52
235,50
247,56
216,46
246,52
252,56
235,51
229,50
260,56
220,47
243,53
203,44
247,54
272,56
238,51
328,61
299,58
229,51
215,49
207,44
303,59
231,54
260,57
214,45
208,46
201,45
246,54
259,56
238,51
224,48
244,53
277,57
262,55
267,56
265,56
209,44
199,43
308,59
268,55
227,49
238,51
169,39
313,58
246,55
229,52
269,57
241,51
282,57
239,51
219,47
276,55
243,49
233,51
201,43
296,59
246,52
234,51
315,59
294,58
238,55
221,48
361,62
241,51
225,49
292,57
231,51
251,53
265,57
209,46
243,54
310,61
237,51
212,44
271,58
219,48
261,55
226,50
192,42
236,50
244,56
236,53
214,47
242,52
212,47
224,48
241,54
227,51
312,58
336,58
224,50
219,47
215,46
255,54
249,55
240,52
228,51
193,41
233,49
197,42
249,55
285,56
297,58
228,50
226,50
271,56
274,54
234,52
304,58
234,51
208,44
257,57
198,42
232,51
237,51
247,54
313,58
233,50
219,46
221,48
257,55
250,56
232,52
249,52
211,47
305,57
241,51
253,55
272,56
232,50
286,57
210,46
230,51
315,58
251,55
239,52
231,51
244,52
241,52
269,56
261,56
221,47
242,53
252,55
210,44
225,51
237,53
202,42
245,55
270,56
255,57
230,52
242,55
280,57
284,56
212,45
240,51
234,48
238,51
221,48
259,53
255,56
248,54
258,53
279,57
235,49
216,47
235,50
212,47
188,42
210,44
228,50
219,49
224,48
331,60
210,44
230,49
233,52
224,49
263,57
253,55
228,49
223,48
241,53
218,45
202,45
242,55
250,55
222,48
232,51
225,49
244,52
233,48
280,57
217,50
255,55
276,57
233,52
234,50
236,51
226,51
245,54
234,49
233,47
230,49
232,50
384,64
243,54
243,52
220,48
231,47
225,50
243,53
216,47
241,50
266,54
224,47
225,48
279,56
233,52
224,49
220,49
255,55
182,41
235,53
227,49
249,54
238,54
212,45
244,55
345,61
194,43
232,53
217,48
221,47
248,53
244,55
253,53
231,48
270,55
199,43
291,58
257,57
213,46
218,45
365,62
240,52
273,56
225,51
256,54
237,52
234,51
222,48
245,53
201,45
293,57
241,51
280,57
228,53
261,56
228,48
241,54
223,49
222,48
232,50
239,52
233,51
187,43
239,53
251,54
236,50
217,47
233,52
230,51
252,53
248,55
340,59
258,57
261,55
187,42
228,50
256,56
268,54
244,49
235,51
276,56
256,54
251,54
237,50
241,51
360,62
282,58
261,57
206,44
225,50
236,53
204,45
247,53
194,41
234,50
301,58
236,52
256,54
301,58
220,49
207,46
225,49
237,52
279,56
299,57
219,48
189,41
238,50
230,49
224,50
192,40
222,48
238,50
271,58
235,51
243,52
224,48
221,49
210,47
242,53
256,54
313,59
217,48
230,49
271,56
199,45
255,55
264,54
215,49
281,57
225,52
203,43
280,56
237,53
213,46
244,55
226,45
237,49
216,47
235,50
251,54
290,58
257,56
236,54
231,52
248,53
221,46
206,45
301,57
213,49
238,53
222,47
225,48
268,57
242,54
223,47
252,56
231,52
262,54
225,46
259,56
228,49
237,51
231,50
246,55
256,57
243,53
203,45
213,45
233,49
298,57
244,54
287,57
229,46
247,53
264,55
230,50
205,45
235,50
244,51
258,57
245,55
247,55
330,59
224,46
197,44
243,52
271,56
240,50
209,48
214,47
244,54
205,43
261,53
200,44
255,55
217,48
306,58
241,53
234,50
202,43
239,51
237,50
198,44
222,51
209,46
315,58
245,55
235,51
210,45
223,50
221,48
206,44
234,52
193,42
251,55
213,46
179,40
276,57
238,53
244,55
193,41
364,62
229,49
219,47
274,58
236,52
270,57
260,53
228,50
254,54
219,45
233,51
252,56
328,58
234,50
207,48
211,45
289,56
239,53
273,58
226,49
289,57
190,43
270,57
274,57
263,56
238,52
289,57
229,49
204,42
204,43
227,52
241,53
223,49
223,48
208,44
277,58
243,52
261,56
231,51
224,49
217,49
231,51
255,54
239,53
292,57
346,62
269,57
198,43
309,58
257,55
322,59
197,43
262,53
254,57
279,58
271,56
238,51
219,47
270,56
301,57
259,56
258,55
244,52
238,52
247,55
224,50
240,53
224,48
266,54
232,52
237,50
283,57
239,49
231,54
226,48
239,53
239,53
220,49
339,60
233,51
249,54
228,46
243,51
237,50
218,49
302,57
239,54
272,56
204,43
220,48
254,54
240,52
246,54
249,54
246,54
233,51
214,46
245,52
245,55
214,48
236,51
215,48
279,57
215,48
366,63
254,57
223,51
239,52
327,61
253,55
240,52
256,55
227,50
290,58
234,49
253,55
240,53
249,54
223,47
231,50
247,52
234,53
245,54
222,46
217,47
221,48
209,45
229,49
231,50
231,50
221,46
260,57
221,47
278,56
255,56
279,57
235,52
246,53
228,50
235,52
231,51
276,57
253,55
218,46
247,52
231,53
247,55
239,52
229,50
292,58
229,47
244,54
253,56
207,45
313,58
215,49
287,58
236,51
206,46
203,45
232,48
239,54
226,48
220,51
265,57
221,49
253,55
250,53
129,36
267,57
225,49
253,55
252,55
201,45
276,57
241,55
328,61
292,58
247,51
242,53
226,48
226,49
236,54
284,58
231,49
215,45
226,48
287,58
221,46
234,54
232,49
203,43
226,49
221,46
252,55
233,50
237,52
246,53
243,55
168,40
233,52
210,45
231,49
256,55
234,50
273,57
250,53
205,44
239,54
262,57
243,50
262,57
223,51
236,51
354,63
260,56
240,53
249,53
254,57
249,54
224,48
232,50
271,57
225,49
260,55
241,53
217,48
300,57
278,57
207,44
227,49
231,52
270,56
257,54
247,55
241,56
269,55
222,51
311,57
217,47
234,52
231,52
242,51
221,49
254,54
180,39
205,43
282,57
204,46
279,56
228,50
239,54
227,51
243,52
242,52
203,42
233,50
240,53
217,48
202,44
224,48
250,54
288,56
254,57
206,43
311,60
192,43
233,51
228,48
234,52
224,49
313,57
255,57
244,55
272,56
246,53
255,56
188,40
219,50
264,55
233,51
220,49
263,54
184,42
256,55
224,50
203,45
238,52
320,59
228,49
258,57
265,56
292,58
239,52
238,50
245,54
253,55
218,49
261,58
260,55
234,50
232,52
208,44
266,56
249,53
218,46
259,54
242,51
263,55
249,53
231,49
239,52
245,54
191,40
264,54
241,53
270,57
290,59
210,44
237,51
216,47
276,57
237,50
185,38
235,51
232,52
213,44
303,59
233,48
232,53
187,41
230,49
241,54
234,54
204,43
311,58
239,51
244,54
214,47
234,50
347,62
192,44
298,57
236,49
261,57
237,52
226,49
268,55
276,55
214,49
236,53
265,57
239,51
276,57
259,56
231,52
210,43
227,48
271,56
236,55
237,52
214,46
250,54
229,48
258,55
258,55
209,47
254,55
261,55
292,57
230,50
246,54
245,55
261,55
209,46
260,57
216,47
285,56
294,58
248,53
223,51
330,59
242,52
234,52
243,54
321,59
255,56
236,53
311,58
318,59
216,48
254,54
215,45
250,57
251,52
197,42
266,56
259,55
232,50
230,52
283,56
285,57
240,53
349,61
216,48
294,56
213,47
265,57
243,53
218,48
256,57
218,46
232,49
269,56
361,63
222,50
258,55
223,44
318,61
267,56
230,51
285,57
253,52
263,57
225,49
204,43
211,46
245,53
280,55
219,49
250,54
227,50
266,57
255,55
225,47
247,52
282,57
275,57
314,58
208,45
310,58
289,57
240,52
301,57
267,57
212,44
213,44
228,52
228,50
230,49
268,54
214,47
237,53
257,55
233,49
251,55
238,53
238,51
206,44
215,48
223,49
277,56
259,55
199,41
253,54
225,50
219,45
167,37
235,53
296,58
176,40
250,54
263,55
222,47
137,36
245,53
267,57
253,54
244,53
259,54
244,55
218,45
274,57
313,60
222,48
215,46
182,41
234,48
186,41
218,45
201,45
243,52
310,58
236,51
234,50
244,53
241,54
235,50
230,48
217,49
278,58
225,49
247,54
247,55
224,47
256,53
251,55
239,52
223,48
227,50
209,46
250,52
242,53
242,55
231,47
239,50
268,56
256,55
266,54
239,52
239,54
252,53
209,45
255,55
265,57
263,56
287,57
244,53
215,50
298,58
262,56
215,45
191,41
239,49
271,56
231,52
223,48
248,53
224,48
210,44
209,47
276,56
234,48
325,59
254,57
241,52
221,50
261,57
290,57
218,49
269,55
222,51
307,57
328,59
221,51
223,49
256,55
245,54
302,59
239,52
205,43
225,48
257,56
245,53
216,49
257,56
244,51
231,50
358,63
223,51
255,55
244,53
283,58
246,53
249,53
237,53
176,42
229,49
227,49
215,47
256,53
239,55
242,54
271,57
217,47
234,51
261,57
224,49
234,51
220,49
254,55
275,57
261,56
220,47
193,42
247,53
215,48
372,63
258,56
251,52
241,52
241,53
248,53
279,57
237,52
255,57
265,55
236,51
245,54
289,58
249,56
270,57
210,45
233,51
218,46
244,54
216,46
243,53
209,44
204,45
236,53
202,43
260,57
218,46
262,55
217,49
237,49
237,52
220,50
330,59
227,49
213,47
252,53
252,56
252,55
237,55
235,51
217,48
252,56
245,52
281,58
300,58
254,55
259,53
249,52
215,48
248,54
276,56
208,44
279,57
249,54
246,53
283,57
214,47
228,50
283,57
286,57
237,51
229,49
230,50
256,55
288,56
234,51
278,57
215,47
245,53
219,47
225,46
265,56
227,50
354,64
246,53
230,49
249,54
232,50
283,58
223,47
195,42
285,58
223,48
244,53
222,49
237,52
238,51
237,51
241,51
210,46
227,51
304,58
233,50
248,53
263,56
66,35
341,60
255,54
228,49
250,53
264,54
254,53
241,53
240,50
227,51
230,52
258,56
268,56
237,53
231,46
211,43
229,50
254,53
233,49
257,53
286,57
280,57
240,53
221,48
210,44
245,52
217,45
269,55
192,42
255,53
240,55
224,47
209,44
253,56
202,43
241,56
229,50
202,43
291,57
291,58
249,54
230,50
250,54
264,56
220,48
216,46
220,47
226,51
218,48
213,44
237,50
258,54
224,51
277,58
270,54
240,53
271,58
224,48
208,43
226,50
254,55
218,48
220,50
293,58
255,55
255,56
248,54
225,50
262,56
293,57
233,52
240,54
270,56
349,62
231,50
216,49
231,49
216,47
217,48
209,45
254,55
239,52
229,52
232,54
307,59
243,53
223,46
304,59
259,53
219,48
332,60
250,52
243,54
242,54
311,59
245,52
244,51
272,56
274,57
229,47
232,48
236,52
270,57
234,52
277,58
263,56
277,58
215,45
256,57
242,52
268,56
196,45
227,48
230,51
312,59
302,58
238,49
237,55
275,57
209,48
252,55
237,51
227,49
333,58
271,55
258,56
338,60
290,58
309,58
213,45
298,57
247,53
269,57
252,55
256,54
259,57
251,54
264,56
257,54
250,56
282,58
233,51
210,44
247,55
189,40
224,48
223,47
279,56
237,52
226,46
238,54
253,53
214,46
273,56
207,46
210,46
255,53
208,48
217,48
275,58
265,57
239,51
204,45
236,49
319,59
225,48
216,45
269,56
290,57
273,56
242,51
234,52
310,58
314,60
273,57
236,52
235,49
221,47
225,50
284,58
240,51
174,40
203,45
225,48
282,56
322,60
215,45
224,48
232,51
291,59
257,54
247,54
212,47
270,55
227,50
245,54
242,51
215,49
259,56
233,52
232,52
275,56
240,52
268,56
220,49
242,54
206,44
237,51
246,52
251,56
252,55
253,55
266,56
238,52
241,53
243,52
309,59
274,56
229,49
283,57
228,48
191,41
215,49
204,44
261,57
226,50
224,48
255,55
227,51
263,55
248,53
237,54
250,53
290,58
298,57
281,56
228,49
204,45
200,45
220,49
220,49
280,57
263,57
235,52
256,57
238,51
251,57
253,55
182,40
250,56
247,53
269,56
200,44
228,53
248,53
230,48
225,48
246,53
247,54
260,56
247,51
277,56
248,53
241,50
245,56
235,52
268,56
286,57
226,49
293,58
198,41
215,46
256,55
222,48
227,50
265,56
225,48
277,57
277,57
236,54
232,50
248,54
256,55
227,49
238,51
246,53
311,59
246,54
242,52
249,53
220,47
177,40
248,56
229,50
230,52
247,51
241,55
237,50
297,58
244,53
254,54
193,44
197,43
232,52
189,43
217,49
208,50
239,52
229,51
256,57
219,48
261,54
241,53
218,46
256,55
229,51
213,44
219,47
235,52
219,47
299,58
230,48
248,55
249,53
222,48
234,52
221,51
236,51
290,58
301,58
255,55
221,48
214,48
241,53
230,50
261,55
235,50
204,45
293,57
224,47
310,59
218,47
279,56
230,50
283,57
252,54
226,48
249,54
249,54
247,56
322,59
236,50
238,52
236,54
210,46
223,48
201,46
247,55
320,59
211,44
245,52
209,45
293,58
231,51
233,52
253,55
324,59
232,47
253,53
211,45
213,47
236,52
226,48
290,58
259,55
225,48
205,44
262,54
221,48
214,47
227,49
239,52
204,45
255,55
210,46
252,53
322,59
240,55
264,55
191,42
197,41
197,42
232,50
261,56
192,40
289,56
241,52
208,47
250,55
330,60
273,56
203,44
332,60
219,48
191,42
289,56
244,52
236,52
311,58
226,49
216,48
259,56
261,56
293,58
255,54
376,64
216,47
234,51
186,42
248,53
246,53
157,36
213,46
268,57
294,57
288,56
349,62
235,52
227,50
341,61
250,53
260,55
233,50
220,45
247,54
209,45
240,49
221,48
232,49
255,54
217,46
223,51
238,50
222,46
240,54
267,57
260,55
218,45
225,51
240,52
223,47
249,55
261,55
244,54
210,45
223,49
256,56
249,55
233,52
201,44
203,46
206,45
221,47
258,56
372,64
219,49
239,53
210,43
250,54
231,52
235,51
224,50
274,56
218,46
224,46
237,51
314,60
229,49
191,41
240,51
247,53
245,54
227,48
219,48
218,47
240,53
227,51
217,47
301,58
252,55
247,56
229,50
269,55
217,46
220,48
317,59
313,57
210,44
333,62
214,48
244,52
291,57
242,53
244,53
225,48
220,48
219,47
252,54
213,47
300,57
240,53
246,55
233,53
227,47
225,47
217,49
270,56
197,44
241,53
228,47
272,57
252,53
254,54
206,44
304,60
208,45
249,52
294,58
219,51
258,54
247,53
195,43
292,58
208,46
237,52
226,48
234,52
209,44
239,53
205,45
261,54
298,59
237,50
225,49
207,44
261,56
243,53
172,39
218,49
256,54
218,49
216,47
217,48
265,55
252,54
234,50
253,55
271,58
271,56
240,50
231,51
248,53
307,58
188,42
240,53
287,57
306,58
227,52
251,54
320,61
249,52
245,54
266,57
237,50
243,52
259,57
266,55
240,51
228,45
271,58
237,52
252,54
287,57
249,54
257,56
233,49
227,50
249,53
209,46
270,54
254,53
216,48
184,41
227,49
344,62
327,61
232,50
255,57
211,44
243,54
268,56
218,46
255,55
245,52
264,55
267,54
238,54
249,53
239,50
319,59
211,45
280,57
181,41
236,50
226,51
228,52
227,49
236,49
282,58
229,50
239,52
291,57
263,56
242,51
237,54
224,48
231,49
310,60
222,47
253,55
316,60
227,50
242,54
231,50
266,54
235,51
223,47
225,49
275,56
243,52
303,59
278,55
295,59
223,48
191,44
236,52
210,45
285,57
247,55
228,47
240,51
255,56
281,57
250,53
271,58
165,38
180,43
319,60
213,45
244,54
203,43
243,54
234,48
282,58
181,42
339,60
225,50
213,46
333,60
317,61
264,56
222,48
253,55
255,55
228,49
225,49
217,47
233,50
217,48
197,42
248,57
268,55
246,56
267,56
247,53
242,52
216,47
243,56
238,53
233,55
222,49
249,54
232,48
213,45
217,48
329,60
204,43
266,57
261,57
205,43
254,55
208,46
253,54
188,39
210,47
287,57
209,47
231,50
186,40
268,57
238,54
212,45
238,54
361,63
237,52
242,54
215,45
236,50
262,55
257,55
234,51
240,51
281,57
213,47
243,54
297,58
262,56
293,58
189,40
272,56
334,60
298,59
303,56
229,50
272,57
264,57
217,46
237,53
246,53
232,51
268,57
267,56
228,48
259,56
229,49
245,53
237,50
237,52
224,49
222,46
238,54
269,56
335,61
244,53
301,57
227,52
201,43
250,54
253,54
268,56
269,57
253,55
267,56
244,52
199,45
263,56
230,52
301,59
265,56
249,54
229,51
239,52
227,49
235,52
211,45
295,56
280,58
264,57
249,55
333,58
262,56
225,48
228,49
190,41
240,52
195,42
318,61
223,46
214,47
216,46
251,55
269,56
223,48
217,47
205,45
230,51
223,48
236,52
228,51
213,44
224,51
219,49
266,57
255,53
233,51
257,56
228,48
243,54
252,53
289,58
263,55
236,54
231,50
222,48
256,56
237,52
226,49
235,49
226,50
277,56
232,51
194,42
233,52
235,49
269,55
211,46
231,48
223,49
209,45
199,42
233,50
250,53
249,54
303,58
252,56
269,58
241,52
263,56
243,52
228,49
303,58
244,54
245,54
283,58
210,44
221,48
223,50
242,51
227,47
206,44
234,49
257,55
219,47
255,54
184,42
246,54
234,52
316,59
206,46
226,50
241,55
262,55
233,51
215,48
180,43
323,61
258,55
196,41
218,49
261,56
286,58
235,49
184,43
266,56
226,49
223,49
251,54
241,51
266,56
194,42
244,53
254,54
224,50
225,50
231,49
299,57
247,53
273,57
240,52
258,55
236,52
260,57
242,52
240,51
209,46
333,60
220,51
228,48
226,47
278,56
227,51
268,56
242,51
263,56
250,57
227,47
229,48
207,44
277,57
284,57
237,51
258,55
284,55
200,43
323,60
213,46
234,52
255,54
246,54
275,57
251,55
241,51
215,47
207,48
236,52
236,53
353,63
282,56
263,56
225,50
291,57
298,58
241,54
256,56
281,57
251,52
235,49
252,54
258,54
277,56
237,51
314,58
243,52
227,46
223,50
202,43
286,59
201,46
254,54
227,49
225,50
211,45
241,53
253,54
181,41
258,57
249,54
249,54
263,56
251,53
237,52
254,55
216,51
220,49
229,51
241,52
228,49
191,43
288,58
246,53
242,53
228,49
265,57
250,54
293,58
231,54
238,53
231,51
319,57
252,55
235,49
242,51
296,57
216,45
266,57
215,47
247,52
284,57
234,54
230,51
222,49
205,43
264,56
322,60
193,44
227,49
304,58
256,56
271,56
226,52
267,53
231,49
227,48
292,56
213,46
191,43
245,54
273,56
259,55
254,56
246,53
210,45
243,52
229,53
219,48
237,52
221,47
236,54
210,46
217,45
232,51
227,50
245,51
230,51
256,54
237,53
235,53
221,47
268,56
277,57
227,49
252,54
242,54
309,57
349,63
228,51
194,40
267,56
227,47
246,53
241,52
245,54
235,53
224,49
258,55
303,60
258,54
223,49
254,56
222,48
326,59
322,61
251,54
280,57
245,53
231,51
193,42
220,47
243,52
214,46
224,46
308,57
280,57
246,53
237,51
232,50
214,47
183,42
223,48
283,57
231,50
297,58
255,53
263,57
204,45
256,55
227,50
195,44
269,57
268,57
276,56
274,57
225,49
277,56
226,48
237,49
253,55
253,54
251,54
202,43
275,56
238,54
225,46
213,47
278,55
217,46
233,49
299,58
280,56
241,52
229,47
214,43
237,53
178,41
232,49
275,57
237,52
236,51
215,47
298,57
244,53
316,59
267,56
276,56
319,59
172,38
216,46
228,49
250,55
227,47
263,54
251,56
256,57
241,53
255,55
289,58
262,55
274,56
246,51
247,54
238,52
267,58
216,47
246,54
213,46
241,52
154,38
231,51
236,53
220,48
232,51
272,56
366,63
212,45
284,57
234,49
293,59
240,53
260,56
277,56
268,57
239,51
217,49
207,48
232,51
302,58
235,50
247,52
217,48
296,57
231,50
281,56
251,56
253,54
211,47
242,54
221,49
219,47
251,54
227,48
265,53
238,54
247,55
236,51
229,50
229,49
229,48
242,53
306,59
210,46
218,48
239,51
212,47
302,58
240,52
248,54
277,57
243,51
216,46
186,39
286,58
230,49
241,52
298,58
208,46
284,57
358,63
241,55
198,43
249,53
224,48
213,45
240,53
302,59
243,52
264,58
233,49
197,41
301,58
217,47
215,44
261,54
262,56
232,50
224,51
287,57
201,44
220,47
248,55
251,54
270,55
203,44
253,57
254,54
242,54
216,48
228,48
226,47
237,50
258,53
183,43
282,57
236,49
243,54
260,56
285,56
210,47
266,57
257,54
230,50
328,60
277,57
209,48
204,44
225,48
202,43
245,54
268,56
246,53
258,56
237,52
290,58
234,50
277,57
233,49
205,44
231,50
218,46
265,56
180,40
247,54
275,55
269,56
226,47
230,50
311,58
221,44
218,45
233,47
242,53
232,50
239,50
237,50
317,60
231,50
229,47
252,57
255,55
230,48
221,47
233,53
296,57
211,46
219,45
298,57
235,50
243,54
291,57
233,50
282,57
215,46
259,55
207,47
237,52
246,53
286,58
326,61
254,56
199,45
226,50
239,51
213,47
231,49
196,42
273,56
316,59
293,56
230,50
244,54
235,53
211,44
324,61
296,57
212,46
252,54
295,56
234,49
308,59
298,59
291,58
289,58
274,57
233,51
396,67
281,57
252,53
224,47
256,53
239,49
287,56
267,56
265,56
261,56
260,55
273,55
237,51
256,55
259,55
220,48
220,48
190,39
239,52
217,47
265,57
231,49
277,57
273,58
303,58
240,52
215,45
243,52
245,55
231,52
237,52
203,42
314,58
243,54
242,50
246,52
255,55
250,54
254,55
269,56
221,47
227,51
248,55
284,58
216,45
269,57
210,48
257,54
347,61
224,49
253,54
250,52
249,55
259,54
267,54
201,42
281,57
249,54
240,52
264,55
246,52
214,46
205,45
266,56
223,49
296,56
233,51
262,55
273,58
268,56
222,48
231,50
211,47
262,53
217,47
223,51
224,48
282,57
235,52
254,55
213,48
270,57
269,56
267,56
243,54
217,48
221,48
291,58
232,52
238,51
245,53
208,45
238,50
243,53
269,57
224,49
228,49
256,55
276,57
304,58
268,57
230,49
234,50
186,43
226,50
256,55
212,46
233,52
274,58
317,59
216,47
253,55
225,48
258,54
206,44
247,51
325,61
305,59
215,45
195,44
256,56
273,56
242,51
256,53
258,56
249,54
260,55
259,54
179,41
273,58
323,58
246,51
243,51
198,44
227,47
250,55
272,57
225,47
232,49
244,51
206,45
223,49
255,57
254,54
242,51
182,43
288,57
237,48
250,55
193,41
238,51
214,47
215,49
249,53
212,46
225,48
242,50
239,53
208,46
316,60
171,40
241,54
262,55
247,51
269,57
294,58
207,44
320,60
206,44
212,46
235,53
247,54
221,49
253,57
291,58
263,55
235,52
224,48
234,52
343,61
210,44
288,57
263,54
281,56
242,52
373,63
231,52
274,56
250,55
281,57
220,46
277,57
305,58
289,57
217,46
283,58
234,51
217,49
273,56
239,53
276,56
229,48
252,56
223,48
250,54
216,47
214,44
229,50
230,51
258,56
213,48
159,38
263,56
278,56
295,59
230,51
245,53
217,44
229,50
220,49
282,57
224,49
271,56
214,46
245,51
252,56
230,50
258,56
224,50
280,57
253,54
221,48
222,48
253,53
222,47
193,41
281,57
276,56
216,47
223,48
257,54
274,55
261,57
230,49
244,51
243,53
267,56
212,44
259,56
240,51
301,57
247,54
260,56
233,53
228,49
221,48
203,44
223,50
248,56
214,46
294,57
237,52
242,52
234,52
216,45
291,57
245,52
214,49
183,40
205,46
226,48
241,53
292,57
287,58
263,56
235,54
231,51
227,49
241,52
209,46
222,50
295,57
235,53
277,57
308,57
222,48
187,41
290,56
220,47
226,50
201,44
295,58
206,43
239,52
233,50
239,52
240,52
249,53
249,55
236,51
233,49
257,54
240,52
257,54
293,58
280,57
234,51
201,43
281,56
340,60
232,51
293,57
224,48
210,44
234,51
245,54
246,52
226,51
298,58
211,48
281,56
281,58
254,55
224,49
289,56
257,55
234,52
226,48
241,52
246,54
276,56
224,49
234,50
266,56
255,57
243,53
198,45
277,56
250,54
282,58
225,48
244,53
198,43
216,48
216,46
279,58
224,48
227,48
281,56
257,54
250,55
218,47
317,59
244,54
278,57
206,46
216,45
225,48
260,56
240,53
260,55
204,45
221,49
256,56
251,56
256,56
228,49
219,49
250,54
248,55
216,47
258,55
215,46
250,54
284,56
253,55
298,58
276,57
266,58
282,57
213,44
240,54
230,51
275,57
244,53
222,48
204,43
238,51
230,50
239,49
243,53
251,56
233,49
237,52
228,48
230,51
239,52
216,48
254,55
238,50
260,55
335,62
268,56
184,42
188,42
231,52
258,56
270,56
219,46
282,57
342,61
260,57
240,51
202,45
279,57
256,56
211,45
266,56
264,57
251,54
251,55
233,53
248,57
233,52
253,55
291,56
233,50
254,56
244,53
215,47
274,56
233,50
235,51
205,44
193,42
235,51
241,52
235,52
260,56
278,56
309,57
276,57
258,57
259,56
243,54
246,54
341,62
233,52
232,50
264,57
183,42
326,62
299,57
293,57
282,57
235,51
236,52
232,52
241,52
210,44
234,50
236,50
281,56
234,52
304,57
245,53
304,58
221,52
299,58
242,51
249,53
270,56
217,47
225,49
257,55
245,53
256,57
278,57
221,47
204,44
244,54
244,54
237,49
267,55
250,53
247,54
267,55
230,49
266,53
295,57
294,58
247,54
309,58
221,49
257,56
220,47
297,58
225,47
230,51
218,48
266,57
223,49
251,53
247,55
229,49
263,56
268,56
271,56
208,45
233,49
205,45
246,54
256,56
230,50
247,52
253,55
262,57
228,49
231,51
248,52
221,46
231,50
242,52
269,57
292,58
202,42
242,51
260,56
215,45
263,57
208,45
212,43
224,51
217,45
257,55
228,51
241,51
224,50
212,45
241,54
240,53
283,58
320,58
234,50
235,50
266,54
226,50
222,48
274,55
221,47
214,47
304,57
228,50
256,57
222,50
230,51
243,54
344,60
251,55
243,53
220,46
213,45
238,53
221,47
199,44
229,52
254,54
219,50
237,52
240,52
253,56
253,52
310,59
224,50
272,56
182,41
242,52
299,56
251,55
258,55
291,57
297,59
225,52
212,44
264,55
228,49
214,47
248,54
230,49
283,57
255,55
240,52
276,58
222,50
275,56
325,60
247,53
284,58
239,52
293,59
204,43
254,53
223,46
224,47
233,53
202,45
252,56
251,54
264,57
232,51
276,56
224,49
295,57
219,47
210,45
230,53
263,54
258,56
233,50
293,58
235,52
212,47
250,55
258,56
234,50
323,61
243,52
229,49
273,56
229,50
240,53
197,44
362,62
212,45
234,52
255,55
238,52
202,44
247,53
229,50
288,57
259,57
268,57
233,52
218,47
202,44
235,51
247,54
294,58
267,55
199,45
234,49
247,53
222,47
240,53
236,52
257,53
246,53
249,52
208,44
208,46
253,53
192,43
259,56
237,50
283,55
226,48
249,52
262,55
301,58
255,55
231,49
233,51
276,57
247,54
267,56
261,56
270,56
235,51
242,51
238,53
202,45
224,48
279,57
257,54
249,54
295,58
326,61
239,52
212,46
229,50
213,47
259,56
204,44
208,46
192,44
217,46
192,41
214,45
234,52
221,47
209,46
252,54
251,54
286,56
255,57
239,51
228,49
223,51
301,58
243,54
238,53
174,39
238,51
211,45
318,60
244,52
239,54
264,56
226,49
239,52
322,59
223,47
255,54
231,50
279,56
324,57
250,56
258,56
233,51
244,54
261,53
217,47
237,52
247,55
242,52
230,50
261,55
214,47
249,54
263,55
213,46
213,45
246,55
260,57
188,42
238,51
219,48
205,46
268,58
213,44
358,61
363,62
323,60
259,55
250,55
220,48
324,57
244,56
252,56
221,48
250,54
361,62
250,54
289,58
269,56
251,55
235,53
248,50
195,42
268,57
222,48
217,46
234,49
226,49
222,51
262,57
213,46
250,55
269,55
248,53
259,55
217,48
313,60
215,47
230,50
229,47
248,53
219,48
237,52
258,55
294,58
285,58
211,45
227,51
185,42
237,52
219,46
187,43
213,45
221,49
349,59
233,49
214,46
240,49
251,54
246,52
244,56
230,49
232,49
229,48
220,48
190,40
238,50
205,43
217,48
221,47
334,59
234,51
292,59
228,49
252,55
264,57
240,53
301,58
261,53
227,50
192,42
207,43
272,56
213,45
218,47
177,42
270,56
245,52
242,51
242,51
217,46
232,50
259,56
252,52
278,57
232,52
276,58
284,57
228,48
289,57
234,51
302,58
229,49
225,49
233,51
291,58
250,53
229,50
200,45
270,58
283,58
181,40
292,58
253,53
226,49
191,43
248,54
228,50
213,47
308,59
227,49
261,54
253,56
258,56
255,55
246,54
314,59
230,49
264,56
265,55
247,52
217,47
224,49
234,50
231,52
236,51
216,46
271,56
271,57
247,55
240,54
319,59
307,61
346,61
247,52
304,59
184,41
267,57
244,54
286,57
232,51
274,57
220,48
239,53
261,53
246,53
240,52
208,45
230,51
313,59
240,51
246,54
271,56
214,48
211,46
242,53
230,49
207,45
253,56
230,50
238,50
192,43
231,53
224,48
243,54
206,46
220,49
246,55
306,58
264,55
284,58
234,53
284,58
241,52
233,52
229,48
252,53
222,46
260,56
269,56
225,51
234,50
229,48
306,57
281,57
196,46
178,38
214,45
211,46
267,56
248,53
245,54
203,44
245,53
262,56
231,51
238,52
230,49
226,49
259,57
208,45
218,47
280,57
242,53
174,39
208,43
265,55
312,59
240,52
250,54
239,53
235,50
254,54
233,50
311,58
251,53
264,56
263,57
277,56
212,46
231,50
229,49
230,50
171,38
288,57
235,52
288,57
255,56
253,54
269,55
313,59
256,54
231,49
246,56
213,49
325,59
245,55
230,49
248,52
267,56
257,56
243,51
212,46
247,55
241,53
223,49
180,41
287,56
326,58
265,54
249,55
238,51
246,52
230,51
272,56
280,57
280,57
210,46
221,49
231,50
237,53
255,56
252,55
249,53
234,52
214,48
230,49
251,53
237,51
230,50
262,57
268,57
277,58
274,58
313,59
242,54
285,57
203,45
358,62
262,56
218,48
209,44
218,46
238,53
233,50
220,49
233,50
253,51
278,57
280,56
254,53
245,52
257,57
220,45
280,58
230,52
217,49
245,53
222,48
258,54
230,52
301,58
236,52
283,56
262,55
212,48
229,49
199,44
213,45
283,57
241,51
280,58
280,58
231,50
209,47
224,47
231,52
223,50
217,47
238,50
215,45
250,53
281,57
246,55
239,50
208,46
242,50
283,56
238,55
259,56
336,59
239,55
226,49
247,53
279,57
233,52
281,58
263,55
270,58
265,56
170,37
209,46
380,63
286,58
256,54
286,55
220,46
224,47
281,57
278,57
211,42
195,43
257,55
231,49
236,51
223,47
345,63
243,52
223,48
236,51
269,57
234,55
275,56
248,53
224,47
226,47
283,57
238,52
287,57
233,51
249,54
255,54
271,56
206,44
212,46
247,51
245,54
303,58
250,54
254,55
244,53
235,50
261,56
250,55
228,48
258,57
321,59
195,42
235,53
261,55
212,46
247,53
215,45
208,44
166,39
244,55
178,39
216,45
241,54
211,49
314,60
247,54
228,51
277,57
189,42
212,48
256,56
233,49
211,45
274,57
281,55
262,54
213,47
234,53
202,45
259,54
336,63
230,47
269,55
335,62
334,60
245,52
215,47
238,53
244,53
252,56
233,50
240,51
251,56
228,50
215,47
215,46
224,48
269,55
290,57
258,55
208,44
244,54
296,59
206,46
259,55
237,53
223,49
233,50
254,56
314,59
221,47
224,47
232,50
268,55
252,54
248,55
230,49
188,42
238,51
210,47
308,58
257,56
205,43
232,52
211,46
278,58
272,56
220,50
259,57
295,56
243,54
254,52
277,56
205,46
245,52
248,53
227,50
293,57
233,51
209,44
216,48
228,51
268,56
139,38
268,54
205,44
237,52
238,52
238,51
219,46
306,57
255,56
287,57
217,47
267,57
206,47
260,56
252,54
269,54
254,55
275,57
268,55
267,56
230,50
210,47
259,53
241,50
227,46
250,53
202,43
251,54
252,55
274,57
254,54
233,48
227,47
252,54
267,58
251,54
245,54
203,45
231,49
241,51
225,49
237,52
295,58
296,58
258,56
263,54
216,47
266,57
238,53
258,53
241,52
258,55
225,50
217,46
343,61
203,45
278,57
207,45
252,55
348,61
286,56
237,53
259,54
224,47
365,62
250,56
207,45
231,52
321,58
215,47
244,54
228,47
241,51
220,48
207,43
244,53
213,47
232,50
249,51
204,43
228,49
230,49
236,52
221,48
250,54
267,56
190,41
213,48
239,50
237,54
233,49
225,47
219,46
258,56
299,58
230,53
300,58
235,48
242,53
225,49
271,55
347,63
237,52
228,49
245,55
244,52
289,57
256,56
264,57
244,53
243,53
228,52
238,54
234,52
221,49
254,55
224,49
301,59
248,54
242,52
217,46
215,47
222,47
244,55
212,46
204,45
229,50
222,47
295,58
240,53
223,48
269,57
211,44
221,47
240,51
262,56
277,56
273,58
300,57
304,60
268,56
253,55
219,47
241,53
222,48
219,47
220,47
242,51
237,55
257,56
241,55
256,55
223,48
234,49
241,51
243,53
219,46
227,51
241,52
207,45
221,49
244,49
267,55
241,54
221,48
252,56
273,56
237,53
252,55
253,54
268,55
185,41
225,49
249,55
277,57
278,57
228,48
253,54
235,53
225,50
225,48
278,57
262,54
227,53
214,45
236,50
243,55
269,57
278,57
248,53
272,56
203,44
310,56
244,56
225,47
230,49
256,54
244,54
211,44
228,48
223,47
230,51
262,57
237,52
235,51
229,49
231,50
240,54
261,57
235,51
219,49
274,55
232,51
265,56
361,63
229,51
259,55
241,53
298,58
252,55
198,42
265,55
225,48
237,50
288,57
232,52
221,49
247,55
237,48
212,47
237,50
330,62
263,55
198,43
228,48
234,53
257,56
267,58
298,57
231,52
276,56
246,53
235,50
217,46
276,57
193,42
259,55
208,45
246,54
243,55
270,54
239,52
215,48
245,52
226,49
260,54
202,42
210,47
331,61
223,48
198,43
230,51
227,48
206,45
235,53
232,52
325,59
244,53
229,50
209,43
260,55
258,55
188,41
236,51
222,50
235,55
205,43
230,51
284,57
251,54
264,57
256,55
262,57
213,48
199,45
232,52
280,56
205,46
225,48
260,57
254,55
242,53
200,42
294,58
235,52
293,57
237,53
235,49
336,60
286,57
213,48
244,54
251,56
240,50
305,60
223,49
221,49
311,58
284,57
244,52
245,54
238,52
237,51
254,52
207,42
234,51
233,51
283,57
250,55
167,38
264,56
310,58
241,52
249,54
207,43
244,55
216,45
186,40
232,50
224,48
250,56
216,46
243,53
237,51
222,50
241,53
280,57
243,51
253,54
221,46
245,53
213,47
234,47
242,51
229,47
271,58
245,51
209,46
201,44
268,56
225,51
280,56
268,55
238,54
205,45
244,51
210,45
227,49
297,58
244,52
223,48
244,54
243,53
308,57
250,54
236,53
226,49
290,57
230,49
251,53
258,57
217,46
254,54
226,49
200,43
326,60
263,57
309,57
248,54
251,54
261,57
272,57
217,47
223,48
248,53
349,60
248,53
202,45
253,55
188,44
229,49
231,49
310,59
282,57
248,52
287,58
341,60
263,56
239,51
234,52
214,46
200,43
222,51
241,52
276,56
269,55
242,53
324,58
244,54
310,57
273,57
246,54
269,57
229,49
174,39
252,54
320,60
258,53
253,55
239,52
247,53
242,53
255,56
193,44
226,47
196,43
217,46
299,59
211,45
215,46
146,37
223,49
249,55
222,52
204,45
235,52
258,55
206,45
263,56
166,41
257,54
241,52
251,54
303,58
251,56
239,53
240,52
261,56
239,50
252,53
215,45
206,46
234,51
215,46
230,49
248,55
309,59
207,45
251,55
238,50
229,49
216,47
209,45
216,46
217,47
257,55
242,54
335,62
259,55
261,54
221,48
237,51
240,54
261,56
268,56
245,54
210,44
231,50
260,55
173,38
236,52
230,50
261,55
236,52
236,54
244,56
221,48
231,48
232,52
235,51
232,49
252,54
299,57
210,46
245,54
289,57
190,44
248,55
236,50
212,46
227,51
281,58
258,56
222,50
233,54
233,49
253,54
226,48
259,56
257,57
241,53
267,56
245,53
229,51
186,42
233,51
240,52
226,49
275,57
211,45
238,52
245,52
246,53
256,55
282,57
212,47
232,49
242,53
241,50
228,50
224,49
196,42
302,57
240,54
207,44
236,55
232,50
244,54
204,44
267,56
261,55
303,57
179,40
245,53
308,58
210,46
213,43
232,48
268,55
225,50
232,52
288,58
214,44
253,55
263,54
209,45
250,56
231,50
251,53
298,57
343,60
240,53
264,55
279,56
221,47
208,45
298,57
186,41
229,48
232,49
241,51
211,48
245,54
237,54
293,58
222,49
242,54
232,49
313,59
274,57
288,57
256,56
280,57
240,51
281,57
256,55
213,47
273,56
233,51
236,51
203,43
256,54
264,56
280,57
212,43
232,52
266,56
272,57
229,49
228,47
214,47
315,59
219,47
263,57
275,54
298,57
215,45
235,53
215,47
220,48
278,58
255,55
225,50
228,52
228,50
243,55
295,56
262,55
208,44
264,57
257,56
261,55
241,54
229,51
231,48
277,56
282,57
222,47
222,48
234,51
238,53
250,53
245,52
197,43
327,62
220,49
232,50
248,55
244,51
211,46
304,57
200,44
243,51
215,47
250,55
224,49
200,42
251,55
220,48
235,50
219,46
296,58
229,51
293,58
217,45
211,47
261,55
246,53
213,48
259,56
307,57
219,46
281,57
249,54
209,47
372,65
243,54
305,58
246,53
255,53
208,47
260,55
232,50
225,48
245,54
212,46
232,48
220,47
242,52
237,50
207,47
267,57
295,56
238,53
244,55
234,50
281,57
266,55
212,47
282,56
227,48
255,55
264,56
230,53
237,52
235,52
257,55
236,52
206,43
324,59
264,56
269,56
219,46
233,51
188,41
305,59
211,44
257,57
258,56
208,45
236,51
227,51
245,52
276,58
268,55
235,51
245,53
211,46
238,51
215,45
244,54
205,44
206,45
247,56
240,52
274,56
219,47
222,50
235,53
224,48
245,53
211,44
238,53
259,57
272,56
238,52
219,47
236,51
201,45
229,47
208,45
240,50
206,44
241,53
265,55
277,57
254,51
212,46
202,42
241,53
223,48
258,55
234,51
243,52
224,48
253,56
203,44
227,51
272,55
228,48
273,56
237,49
237,52
227,47
206,45
255,54
229,47
239,51
241,51
220,45
235,50
263,56
193,43
283,56
315,58
233,48
272,56
305,59
238,52
199,44
233,49
203,43
236,51
238,51
153,35
236,51
218,46
281,56
216,46
234,53
229,49
195,43
222,47
226,51
282,57
226,49
239,52
238,52
246,53
251,53
205,44
289,57
248,54
247,54
279,55
252,54
217,49
226,50
231,52
259,57
247,54
247,54
249,54
202,45
217,46
306,58
194,42
248,51
270,56
222,48
215,48
281,57
226,46
266,57
212,45
206,45
182,39
217,48
272,56
277,56
277,57
232,51
221,48
219,48
217,47
260,56
250,54
279,56
305,60
217,50
240,52
208,46
230,51
303,58
271,56
184,42
202,42
285,57
225,51
216,46
189,41
256,58
254,54
267,57
260,56
240,53
236,54
214,46
289,58
230,49
221,49
229,50
246,53
227,49
197,40
235,52
235,53
305,57
244,56
205,43
234,51
241,52
261,56
234,49
330,58
205,44
236,51
213,47
244,55
312,60
284,57
263,54
227,50
254,56
249,54
290,57
234,49
323,61
224,47
264,56
194,43
242,53
262,56
221,47
238,51
240,53
253,54
257,53
266,55
229,51
183,42
202,45
170,38
263,56
250,53
252,54
206,44
206,43
334,60
325,61
248,54
292,57
314,61
245,56
227,50
244,54
337,61
209,46
248,54
229,49
209,44
196,40
241,53
239,52
274,57
245,53
239,52
233,52
243,55
259,57
198,44
242,52
224,47
247,56
250,54
345,61
260,56
205,45
229,49
259,55
206,45
334,62
265,55
226,49
207,46
233,51
253,55
221,50
254,53
240,52
251,53
235,50
232,50
231,52
245,55
273,56
248,56
228,49
262,54
282,57
218,45
206,43
277,58
256,55
219,47
301,58
242,52
221,46
337,63
269,56
230,50
235,51
172,40
242,54
219,45
299,58
250,55
244,53
227,49
267,57
209,46
322,61
265,57
240,48
235,50
228,49
230,48
291,57
246,50
284,56
210,44
290,56
247,55
237,53
233,51
221,47
285,58
223,50
232,49
266,56
218,47
285,58
243,53
199,41
229,51
303,59
233,52
265,55
240,52
226,47
259,57
221,49
227,45
223,51
223,48
308,59
229,50
242,51
224,47
255,57
229,49
233,52
269,57
295,57
292,58
273,58
175,41
244,52
201,46
231,50
207,45
243,52
244,55
293,58
279,58
221,46
236,51
255,55
230,52
223,48
255,56
241,53
311,58
178,40
261,56
233,53
326,59
233,48
250,56
220,48
240,54
187,41
227,49
246,55
257,56
222,50
265,57
261,55
318,60
243,54
279,57
247,53
258,55
211,45
254,57
294,57
222,45
299,58
239,52
224,50
329,61
243,51
273,54
205,42
216,47
325,60
243,54
254,54
236,52
215,43
266,57
219,47
315,57
209,47
208,44
272,56
239,50
248,55
227,51
223,47
230,49
239,54
280,57
313,59
213,43
293,57
308,60
241,52
225,50
192,41
245,54
234,51
243,52
241,54
233,52
211,45
293,57
237,54
254,55
222,50
365,63
249,54
268,56
243,53
236,54
255,57
259,54
206,46
209,45
295,58
276,57
271,56
240,50
242,53
257,55
234,51
261,57
203,43
258,55
263,57
245,53
254,53
234,52
254,54
246,53
231,50
219,48
231,50
218,48
224,50
208,46
201,44
263,56
236,52
243,52
214,46
203,42
224,47
248,54
234,49
265,56
226,49
232,47
230,53
237,51
276,57
210,46
311,58
225,48
326,58
254,53
245,53
272,57
246,53
259,56
241,53
230,50
193,44
276,56
249,55
263,56
284,58
221,50
224,49
315,57
275,55
260,54
248,54
213,45
258,54
212,47
237,50
304,58
255,52
204,44
225,49
213,46
225,51
272,56
239,50
194,44
237,52
217,46
245,54
223,50
212,46
229,51
270,56
227,47
245,54
238,51
251,54
216,48
246,54
190,42
242,53
238,48
209,47
224,47
293,58
270,57
294,57
280,57
276,57
282,58
229,50
250,56
280,57
291,57
239,50
226,52
196,43
216,50
246,51
233,54
252,54
219,48
228,49
284,57
206,44
292,58
212,46
256,55
248,52
284,58
239,53
210,45
240,53
227,48
258,55
251,54
224,52
252,54
205,45
217,47
326,59
221,48
234,50
200,43
311,57
214,46
230,49
323,59
324,61
245,55
235,51
248,53
287,56
209,45
210,47
244,54
198,42
213,47
263,55
257,53
269,58
296,58
223,50
221,47
248,54
284,56
291,58
272,55
259,55
224,50
232,51
249,54
217,45
242,52
258,53
209,47
244,53
249,53
291,58
233,50
253,55
205,43
250,56
238,51
233,47
253,55
225,48
230,50
249,55
244,55
326,59
268,57
301,60
256,55
243,55
222,49
248,54
280,56
208,45
213,46
180,42
238,54
220,48
221,48
236,49
225,47
248,53
225,50
232,50
296,58
213,46
234,51
238,51
236,52
241,51
240,52
230,51
165,39
223,52
225,47
226,50
245,53
254,54
221,47
225,50
235,50
159,37
253,54
235,53
194,41
243,53
240,51
221,49
272,57
218,46
303,58
260,56
227,51
207,45
248,55
247,53
291,57
243,53
268,54
235,51
242,53
296,57
250,53
197,44
288,56
234,53
225,47
215,49
249,54
211,47
262,56
234,53
222,50
277,55
364,62
189,44
282,56
255,55
231,50
215,47
254,56
244,52
345,61
251,55
222,49
219,49
243,53
316,60
268,56
237,52
236,53
287,57
198,43
247,54
216,47
287,57
248,57
258,56
309,60
258,54
284,58
242,53
337,60
288,58
221,47
236,50
254,55
218,48
271,57
249,55
237,53
226,51
246,54
217,48
224,51
236,53
223,51
212,48
221,47
246,53
277,57
292,57
247,51
236,50
221,47
245,55
265,55
289,57
244,53
239,51
224,50
262,56
248,54
298,59
318,58
214,47
233,50
231,50
273,55
250,55
254,54
231,50
236,52
249,57
222,48
245,52
250,55
231,51
237,51
251,56
233,51
240,52
293,58
215,47
225,48
295,57
248,54
217,48
236,49
291,57
216,47
221,50
214,49
243,53
289,58
226,48
249,54
235,50
222,50
197,44
196,42
292,58
242,53
242,53
240,52
241,50
238,52
239,52
265,55
240,52
235,51
230,50
241,54
236,54
238,55
276,57
273,57
240,51
234,50
234,50
214,44
255,56
224,49
258,55
231,51
225,50
202,44
288,57
331,60
237,52
224,49
310,58
242,52
239,52
297,59
267,58
237,51
270,57
259,54
220,50
198,44
232,52
226,49
215,48
216,46
241,51
216,48
273,56
236,51
227,50
255,55
221,48
230,50
246,53
232,52
276,57
246,54
212,45
198,43
259,55
237,53
292,56
238,52
239,52
271,58
207,48
251,53
238,53
239,52
262,55
253,54
249,52
225,48
245,53
217,47
227,47
237,53
236,54
214,48
249,55
244,54
250,54
281,58
264,57
228,51
221,46
225,49
259,57
204,44
238,50
272,56
220,50
259,55
282,56
224,49
245,55
199,41
245,52
243,55
235,52
206,46
254,53
261,55
252,55
231,50
226,47
260,56
262,56
243,55
226,52
327,59
225,49
292,57
211,46
259,56
317,57
245,53
288,57
281,57
211,45
229,51
237,54
228,51
241,50
209,46
272,57
230,49
252,54
222,48
255,55
225,49
271,57
300,58
275,58
271,55
304,59
238,53
237,52
202,45
272,56
263,58
198,43
296,59
239,52
242,52
244,50
245,57
235,51
311,58
235,53
237,53
267,56
252,54
227,50
255,55
277,57
242,53
216,46
248,52
270,57
261,56
239,53
214,46
214,45
271,54
207,43
284,56
218,48
261,55
250,55
272,55
243,53
270,55
253,55
235,52
241,54
258,55
281,57
301,57
240,53
240,53
224,46
235,51
262,56
226,48
222,51
253,55
279,57
239,54
296,57
178,39
250,55
227,48
267,57
230,50
238,53
310,57
261,55
206,45
291,58
282,57
235,51
216,44
229,52
326,60
247,52
256,56
247,55
378,64
237,52
208,44
236,52
259,57
234,53
278,57
354,61
215,46
227,48
222,49
301,58
237,52
243,53
224,51
255,55
208,48
260,56
253,55
218,48
253,53
248,54
240,50
274,57
232,51
250,56
219,48
287,57
229,51
208,44
203,44
220,47
217,47
239,54
357,61
225,51
237,51
267,56
246,54
232,52
272,54
306,59
238,52
251,54
252,52
257,56
240,49
272,56
215,47
228,51
319,60
254,55
224,49
256,56
257,56
218,47
244,51
262,55
389,65
234,52
254,54
324,61
263,57
286,56
247,54
269,57
281,57
213,46
283,56
249,53
285,57
204,43
271,57
247,54
254,55
244,54
213,47
301,58
206,45
278,56
251,54
223,50
238,53
222,49
240,50
239,51
293,58
226,48
229,48
314,60
245,54
246,55
281,57
225,51
211,46
284,57
261,56
243,54
319,58
204,44
281,58
299,57
271,56
359,63
231,54
285,58
269,56
193,42
236,52
270,56
285,58
281,56
245,53
242,51
282,57
264,56
236,50
329,60
270,55
288,56
221,47
318,59
253,56
292,57
209,46
267,55
240,52
301,57
231,48
253,56
264,55
306,58
279,57
226,48
216,46
218,44
224,49
221,48
245,53
321,62
239,53
229,49
225,49
247,53
192,42
263,56
229,51
243,54
259,55
203,45
217,47
245,53
218,48
242,53
319,59
232,52
206,45
234,49
220,48
218,47
252,54
242,52
288,59
292,57
206,44
248,55
229,50
225,50
232,52
208,45
218,48
214,46
221,48
219,47
226,49
215,43
289,57
211,46
254,55
237,50
355,63
240,52
322,59
246,54
234,51
267,56
249,53
261,54
226,50
283,57
271,58
212,47
316,58
234,52
234,49
206,44
256,56
266,57
233,50
234,52
229,51
228,49
285,57
261,57
255,57
226,48
231,51
181,41
240,54
230,51
256,55
240,54
269,56
211,46
218,46
190,41
240,53
259,56
272,56
247,53
203,43
231,50
280,58
223,49
237,48
252,53
223,48
219,47
214,46
223,49
327,59
204,44
266,56
228,50
231,53
214,45
199,44
212,43
221,48
244,50
232,48
276,57
224,49
258,54
255,56
299,57
249,54
261,57
250,52
246,52
216,48
230,48
240,53
217,47
278,57
293,58
229,54
263,55
221,50
227,48
244,52
251,55
227,50
247,54
272,56
301,57
243,52
241,53
254,53
236,51
273,56
334,59
230,51
210,48
270,56
229,48
228,50
302,58
230,49
185,40
269,57
230,51
235,52
227,48
235,51
239,52
226,47
211,48
222,48
280,58
335,59
208,44
250,53
237,53
235,51
221,47
217,48
253,54
247,55
308,59
263,54
246,54
229,48
205,46
240,52
185,41
208,45
237,53
258,55
218,48
255,56
252,55
247,56
207,45
310,59
228,49
281,57
238,52
253,53
226,50
238,49
230,50
278,57
229,50
210,45
234,54
235,52
246,55
221,49
210,47
261,54
247,53
246,55
292,57
222,47
232,49
256,55
215,46
226,49
277,58
227,50
342,60
284,57
269,57
255,56
230,49
241,48
234,52
266,57
202,43
196,41
222,49
241,47
259,55
326,61
198,43
197,43
240,52
231,52
267,55
229,50
263,57
262,56
224,49
229,50
220,49
254,56
232,50
249,55
239,50
258,57
284,57
177,38
222,48
298,57
210,46
242,54
239,52
249,54
303,59
261,54
238,53
215,45
271,57
222,50
202,44
212,45
237,53
287,58
247,52
274,55
269,57
231,49
229,51
256,54
217,46
226,51
271,57
233,51
222,49
257,55
234,50
233,50
254,54
216,47
240,50
342,63
218,48
220,46
185,40
220,45
220,48
272,58
248,53
223,48
236,50
257,55
227,50
258,56
288,57
231,48
250,53
269,55
231,51
271,57
231,50
221,49
219,47
197,43
258,55
292,57
272,56
280,57
231,52
192,42
260,56
208,45
235,53
250,56
235,49
219,46
300,59
312,62
242,53
253,56
231,49
269,56
218,48
234,51
267,56
210,45
225,50
221,48
321,59
204,44
279,56
257,56
234,52
346,59
222,48
324,57
261,57
211,46
265,57
232,51
259,56
216,47
260,56
235,50
220,48
219,48
235,53
226,47
246,55
231,53
282,58
210,46
225,50
243,52
316,57
231,52
274,56
226,51
239,53
213,47
217,47
210,44
216,47
236,53
287,57
252,56
351,63
253,54
226,48
248,53
210,48
242,51
205,44
252,56
298,58
240,50
215,46
299,58
348,63
303,60
247,54
253,54
220,48
221,51
216,47
218,50
229,49
213,45
246,52
234,52
253,55
283,55
259,55
215,46
316,59
215,44
226,50
225,49
208,44
218,47
199,43
256,54
235,51
260,55
202,45
246,55
226,47
219,46
278,57
220,48
211,47
277,57
282,55
227,51
280,57
236,51
284,56
241,53
244,53
233,48
248,56
279,55
238,53
219,48
234,51
252,57
246,55
245,52
304,59
325,60
203,43
214,50
249,55
218,48
255,54
244,54
226,49
240,52
284,57
238,53
245,53
222,50
209,45
258,54
357,64
293,59
190,41
261,56
276,57
254,54
271,58
219,49
229,50
254,55
265,55
229,49
219,47
339,59
220,47
202,44
233,53
220,47
229,51
233,54
289,57
244,54
230,49
272,56
207,46
237,52
322,60
273,57
229,49
256,55
326,59
304,58
258,55
213,46
204,43
236,54
211,46
226,47
269,56
238,48
246,55
262,55
216,44
237,52
283,57
270,57
207,43
241,53
245,51
295,57
341,62
231,51
232,52
233,52
278,56
311,58
237,54
273,55
242,54
239,52
270,57
258,57
279,56
260,54
274,57
258,54
320,60
244,54
205,43
238,49
201,45
257,54
236,51
216,45
158,38
236,51
226,51
211,45
197,44
238,50
231,51
266,58
253,55
257,54
228,48
264,56
254,56
301,57
347,61
336,61
292,56
253,54
200,42
234,49
230,53
283,55
215,50
254,57
245,54
229,49
229,53
209,46
208,46
209,43
200,43
274,57
288,56
210,48
295,58
234,50
195,43
209,43
222,49
243,53
256,54
228,48
244,52
326,61
217,48
342,60
205,46
237,51
269,57
224,45
248,56
241,51
250,54
283,57
226,50
224,48
258,56
200,43
265,56
227,50
246,53
323,59
282,56
214,47
250,55
215,49
260,55
220,48
250,55
173,41
248,54
228,49
242,54
260,55
243,53
261,54
252,52
234,51
258,54
274,57
227,52
210,44
276,56
221,47
207,44
227,45
251,53
250,54
260,54
259,55
221,48
218,47
283,58
254,54
229,48
296,59
222,44
215,45
202,44
225,50
225,48
210,46
219,47
259,56
224,49
223,48
223,48
207,45
249,55
233,50
206,47
222,49
327,59
276,55
218,44
293,59
282,57
232,48
174,39
229,51
362,63
162,40
246,53
225,47
261,57
228,50
219,49
292,58
296,57
278,57
317,59
243,52
171,40
268,54
225,50
240,53
252,53
239,50
246,55
215,45
229,52
242,52
254,57
223,48
238,50
208,44
271,57
250,52
237,52
263,55
291,57
232,50
204,45
211,45
257,56
235,53
318,58
232,50
209,43
216,44
251,56
242,52
210,45
235,51
264,54
267,56
230,51
242,52
250,55
242,52
310,61
200,45
239,53
293,56
246,54
225,50
230,52
207,43
239,52
224,49
267,57
257,56
268,55
219,47
188,42
240,56
297,58
348,61
205,44
263,55
225,49
251,56
253,55
250,55
229,49
274,57
234,51
214,47
227,48
223,50
261,54
251,52
254,55
219,49
286,58
217,45
271,58
275,57
219,48
299,58
238,51
207,46
269,56
257,56
249,56
243,53
234,51
233,50
262,55
231,47
292,58
194,42
243,52
239,51
277,56
247,57
260,56
230,49
240,53
248,53
244,55
310,59
251,55
258,56
260,54
297,57
257,54
238,51
232,51
249,56
280,57
212,47
221,47
304,57
226,51
208,43
243,53
237,51
217,47
222,49
224,49
227,51
230,52
211,47
312,59
238,54
239,51
242,54
221,48
252,54
273,58
234,54
316,58
238,54
306,57
225,48
301,58
244,53
266,55
239,51
223,47
212,45
194,43
278,59
225,48
243,50
256,53
192,42
273,56
320,62
223,49
246,55
245,53
287,57
244,54
276,56
233,50
210,44
279,58
266,55
242,51
238,51
341,60
259,56
223,52
236,52
225,49
284,58
243,51
240,54
245,51
244,55
209,44
226,49
267,56
266,59
241,54
264,56
212,45
205,45
261,57
226,49
210,45
328,59
286,57
274,57
202,44
221,47
221,47
243,52
229,54
247,54
338,62
316,62
242,53
266,57
221,47
253,55
218,47
274,57
291,59
208,46
206,44
264,57
209,45
313,58
218,46
175,42
267,56
227,49
262,56
235,53
261,56
203,43
310,57
251,55
233,48
196,44
219,50
319,59
269,57
312,59
219,47
264,58
343,61
263,54
308,57
226,49
195,43
291,58
235,52
261,57
226,47
266,57
235,52
226,49
252,53
262,55
216,45
273,55
229,51
255,54
260,53
302,59
210,46
228,49
230,51
233,50
302,58
223,47
241,51
227,52
241,50
268,56
231,52
261,55
228,50
200,45
268,56
260,55
225,49
264,56
271,55
237,51
239,51
258,53
216,46
234,51
320,59
242,54
233,53
232,49
189,41
219,49
239,54
280,57
206,43
211,45
246,53
227,49
202,45
214,47
234,51
263,56
272,57
211,44
255,54
263,57
261,54
223,50
286,58
247,52
236,54
232,52
225,52
250,55
223,47
225,49
243,54
232,49
207,45
262,53
246,54
261,55
220,47
238,53
254,54
238,52
243,54
206,46
235,51
227,48
218,45
268,55
216,46
255,56
199,42
247,54
195,43
219,47
328,60
213,47
259,55
213,46
331,58
348,62
302,59
264,55
234,52
273,57
265,56
256,55
207,46
211,45
278,58
297,59
220,47
240,53
284,57
240,50
287,57
234,51
223,47
218,46
332,58
240,53
228,49
232,50
226,47
215,45
221,51
211,47
239,53
230,51
255,54
216,48
272,57
280,55
262,56
273,57
256,53
296,58
213,45
233,49
222,50
217,47
230,50
240,53
214,47
251,52
297,59
249,53
257,54
221,48
261,57
265,56
228,49
266,56
222,49
278,57
230,47
256,55
211,45
250,52
235,49
280,57
208,46
250,54
200,43
269,56
214,46
224,49
227,50
229,51
196,41
235,51
224,50
226,50
245,54
265,57
245,52
261,57
231,50
204,43
229,49
270,57
256,54
271,57
232,53
248,53
238,53
222,49
216,43
264,53
246,53
245,53
281,56
303,57
288,57
234,50
262,56
279,57
249,53
219,48
266,56
267,55
261,55
203,42
227,49
239,54
259,57
235,49
212,44
260,54
226,48
281,58
234,50
228,49
236,52
253,56
323,59
247,54
274,56
221,49
235,50
226,48
230,52
226,49
243,53
272,55
201,45
367,64
230,49
262,56
222,46
223,46
198,44
233,50
251,54
250,55
251,56
250,52
209,46
233,51
229,50
277,57
284,57
244,53
271,57
227,48
300,61
255,55
217,48
229,50
184,42
231,49
216,46
271,54
234,54
224,48
249,54
247,53
227,52
221,51
303,59
333,61
234,49
207,45
283,57
221,49
236,50
224,49
246,54
255,54
220,51
232,48
248,54
192,42
217,46
206,45
253,54
228,48
232,53
217,47
209,44
223,51
210,44
218,47
227,49
281,56
226,52
197,41
260,55
222,48
210,47
253,54
215,48
328,60
199,43
257,54
266,54
208,46
247,54
251,55
207,45
196,41
237,50
243,51
233,50
298,57
203,43
252,55
258,54
241,52
228,50
246,53
317,60
237,52
319,58
215,48
225,51
221,47
241,51
215,48
217,45
221,49
235,52
290,59
221,49
268,57
239,53
217,47
238,49
257,57
225,50
188,43
219,46
233,50
311,59
239,52
321,58
241,54
262,54
276,57
244,52
266,56
213,47
242,49
214,45
218,48
248,55
225,49
299,57
312,60
256,52
283,58
357,61
251,54
213,48
247,53
301,58
245,55
242,57
231,49
313,59
272,57
298,58
276,55
257,57
221,45
309,59
200,42
252,54
243,55
265,56
245,54
223,47
227,49
210,46
320,58
230,53
240,53
228,51
227,50
247,53
243,53
200,42
236,52
243,50
225,47
233,51
202,43
219,48
248,52
169,40
201,44
236,51
256,54
236,52
290,56
249,53
208,44
255,54
223,48
239,52
313,61
259,57
314,58
222,49
232,52
236,53
268,56
307,57
227,49
229,50
239,52
204,44
255,54
217,47
287,57
308,58
240,52
286,57
246,56
223,47
224,50
248,54
214,49
205,44
250,55
218,47
299,58
273,57
283,58
228,49
231,53
216,48
247,54
225,49
259,56
292,58
262,56
226,47
224,47
280,57
200,44
281,56
237,51
228,47
258,55
249,55
257,56
235,52
265,56
204,44
249,53
252,56
213,45
224,49
236,53
247,52
277,56
242,52
208,46
257,57
245,54
218,47
279,57
220,47
247,52
274,57
236,50
237,50
230,50
249,55
243,53
276,57
215,47
223,48
222,49
228,50
267,56
306,58
232,50
209,44
312,58
202,42
215,46
287,59
219,46
271,56
240,52
225,48
254,57
274,56
232,49
238,50
224,47
215,45
255,56
244,54
358,63
224,49
253,55
251,55
244,54
260,57
221,48
264,55
248,54
231,53
328,60
283,57
240,54
233,49
246,52
260,57
202,44
258,56
297,59
236,51
273,57
219,47
293,60
195,42
237,51
337,62
223,46
242,52
260,57
204,45
262,55
223,47
206,44
302,57
299,59
253,56
233,50
236,53
306,58
224,50
244,51
219,51
267,57
265,57
248,55
226,49
214,47
221,49
213,48
212,47
279,57
211,45
240,52
227,51
275,57
258,54
244,54
267,55
216,44
257,56
248,52
269,57
275,56
236,51
216,46
303,57
237,54
255,56
246,55
226,48
268,57
251,52
225,48
228,48
225,50
220,47
260,54
244,53
235,48
209,45
266,56
247,53
271,58
300,58
235,54
201,44
211,46
227,50
226,49
260,55
219,48
229,48
263,57
271,55
212,47
245,53
234,51
257,56
263,55
224,49
293,58
243,53
274,57
227,50
259,55
221,46
241,53
222,48
209,45
227,48
271,57
240,51
242,54
248,54
246,53
231,51
235,53
244,53
199,44
220,46
290,58
209,48
164,38
240,53
258,57
239,54
336,61
230,51
301,58
156,40
238,52
239,54
310,58
207,45
223,52
266,56
265,56
279,59
253,53
257,57
347,62
225,50
241,54
252,53
255,56
182,42
235,52
324,59
344,62
331,60
244,53
252,55
237,51
262,58
256,53
194,43
211,46
240,53
258,56
315,59
257,53
240,52
221,47
251,56
247,53
221,46
251,55
225,47
281,57
241,55
231,51
220,50
222,49
211,47
206,41
303,59
293,58
265,55
228,52
246,52
233,50
230,50
237,52
321,59
289,57
259,56
222,47
295,57
245,52
324,58
202,44
294,59
307,58
239,54
216,49
338,59
203,44
251,52
257,55
236,50
271,56
272,55
272,56
208,45
260,54
235,51
246,53
248,53
265,56
229,47
218,47
300,58
244,53
216,45
268,57
270,54
283,57
261,56
225,46
214,45
280,58
221,49
169,39
208,45
270,57
201,43
299,59
213,47
307,58
250,54
253,55
215,43
240,50
227,49
261,54
256,52
201,46
175,41
261,56
237,51
253,53
262,55
229,51
254,54
202,45
237,52
221,47
220,46
226,47
245,52
239,51
269,56
347,61
200,42
242,53
206,46
318,60
203,44
236,50
213,46
239,51
249,54
265,57
296,60
222,48
255,54
268,57
218,48
210,46
262,54
235,49
220,49
264,55
295,58
271,56
222,48
230,51
198,43
274,56
232,50
253,56
223,50
303,59
212,44
213,45
253,54
211,44
251,53
209,46
241,53
230,49
244,53
246,54
225,48
247,52
270,57
289,57
230,49
227,48
228,48
242,53
249,53
257,54
268,57
224,48
229,52
288,57
174,39
242,54
230,49
218,46
224,48
223,49
228,47
235,53
247,54
282,57
252,55
217,47
221,49
259,55
264,54
239,53
247,54
276,57
194,43
243,55
271,56
237,51
305,58
271,58
226,50
269,57
313,58
274,57
343,63
221,48
230,52
262,54
220,50
317,59
231,52
244,53
289,57
266,57
232,49
278,58
357,62
187,39
216,48
247,54
234,51
256,55
237,53
306,59
277,56
224,48
271,57
275,58
238,51
213,47
309,58
217,48
243,54
290,59
219,47
219,49
224,48
314,58
278,56
218,48
226,48
247,53
226,47
296,58
239,52
210,46
223,48
300,57
202,44
221,48
267,55
246,52
196,43
279,57
232,47
191,41
272,57
223,48
242,53
216,48
228,51
230,49
214,45
326,61
276,57
207,45
318,59
240,50
211,47
246,53
211,47
222,48
281,56
246,54
212,45
258,54
234,51
247,53
218,48
287,56
325,60
222,46
301,58
233,51
279,55
213,46
263,57
251,54
253,56
200,44
244,56
273,57
255,56
235,51
225,49
263,56
286,59
313,59
266,55
249,54
248,56
310,59
220,47
244,53
237,53
192,44
221,48
228,50
223,49
191,41
222,46
252,55
222,48
254,54
188,40
229,51
198,42
225,49
224,49
251,54
263,56
250,53
265,56
252,55
281,57
265,56
239,49
265,55
224,47
266,57
243,52
219,46
254,54
205,47
223,48
264,55
240,52
250,56
231,48
314,60
233,51
247,55
218,46
231,49
310,59
285,57
206,46
208,44
246,56
298,58
262,53
341,59
236,52
210,46
222,47
213,46
272,56
249,56
223,48
260,57
213,44
282,57
252,56
234,50
212,49
230,51
277,57
204,44
235,49
272,57
237,51
208,42
241,54
245,53
223,48
242,53
238,53
235,51
262,54
226,47
253,53
303,57
220,48
257,56
244,54
240,54
322,60
285,57
226,51
264,57
255,54
290,57
248,55
234,51
292,58
311,58
208,45
351,63
255,56
273,56
300,58
250,54
244,55
274,56
205,44
331,59
300,58
228,50
237,53
237,51
239,55
259,56
250,55
255,53
282,58
230,49
237,49
252,53
205,46
218,46
259,56
246,55
243,51
239,51
274,56
270,58
211,46
213,47
222,49
213,45
216,45
223,47
233,52
263,53
237,51
261,56
228,51
210,46
251,55
276,58
201,43
249,54
227,49
229,47
244,52
248,53
262,54
236,53
270,57
276,57
214,43
269,55
228,48
234,52
250,54
241,54
230,51
208,47
248,54
249,55
254,55
221,50
210,46
228,52
250,56
315,59
223,51
238,55
214,45
207,45
212,45
259,55
207,46
249,53
332,62
235,53
246,55
219,50
192,42
240,50
234,52
211,45
305,57
218,46
248,53
213,47
217,45
247,51
237,52
239,52
215,49
237,52
236,50
244,52
252,52
276,57
296,58
234,51
330,62
265,56
313,58
222,52
256,55
293,59
240,51
240,50
342,61
228,51
224,47
266,55
238,51
306,59
267,54
234,50
249,54
173,38
216,45
251,52
277,57
229,50
237,49
188,42
241,53
215,46
218,47
256,54
237,52
272,56
248,55
241,53
218,47
235,51
273,56
217,48
211,46
250,53
235,52
228,52
223,49
276,57
260,56
237,52
238,55
239,51
236,51
258,53
246,53
325,60
226,49
255,55
236,47
230,52
234,50
222,48
330,59
213,46
239,52
263,56
229,51
285,57
338,60
256,57
245,55
246,52
318,58
259,54
201,45
264,54
216,46
218,48
196,42
258,56
288,57
331,60
264,53
267,57
264,57
229,48
266,56
264,57
256,53
229,48
251,55
257,54
278,57
229,49
309,60
214,49
248,53
296,58
217,45
212,46
231,51
286,57
294,58
259,56
306,60
282,56
248,55
212,46
253,54
216,47
232,50
222,48
218,48
258,54
236,48
245,54
251,56
267,56
267,55
229,51
265,57
273,57
261,56
248,56
219,48
233,50
295,57
258,56
212,44
245,54
239,53
262,56
291,57
235,50
213,47
235,53
257,55
201,45
302,60
233,53
239,52
215,48
257,54
236,48
252,54
219,49
318,59
248,55
226,51
241,55
220,50
266,56
230,52
234,52
204,43
226,50
218,47
222,48
300,58
226,49
229,50
279,58
229,50
201,44
260,56
274,57
265,56
241,52
244,54
231,51
269,55
206,46
264,54
230,52
240,53
227,51
234,50
227,50
229,51
234,50
194,42
252,55
236,53
266,56
286,57
197,44
243,54
306,58
253,54
224,49
200,45
229,47
335,61
236,50
267,57
316,62
226,47
247,55
183,39
248,54
262,57
231,50
303,58
220,46
226,50
270,56
286,58
291,58
293,58
252,53
258,56
231,49
275,57
250,52
277,58
238,54
220,48
248,56
218,48
217,46
236,48
235,51
243,54
213,46
210,45
204,44
256,54
245,52
274,57
293,57
198,46
242,53
245,53
283,56
272,57
272,55
235,50
241,53
238,53
249,54
258,53
242,54
247,56
221,47
226,48
231,50
220,49
240,52
311,59
237,52
219,47
255,53
195,41
225,49
257,56
332,59
195,45
210,44
266,58
240,53
255,56
195,42
309,58
208,46
246,52
221,47
223,46
234,52
257,55
233,51
293,57
238,53
234,51
242,51
234,50
229,47
223,48
242,53
216,48
273,57
253,54
295,57
209,46
293,57
252,55
327,61
282,56
260,56
237,51
175,39
229,50
207,46
251,55
237,52
253,56
213,47
257,57
260,56
237,50
212,45
273,56
260,57
218,47
231,49
236,52
268,57
250,55
236,51
271,57
215,46
237,53
279,57
274,57
212,47
252,54
197,44
246,52
242,53
218,46
248,55
217,48
254,53
239,52
273,54
254,54
208,46
261,56
219,50
216,47
276,57
227,49
312,58
267,57
220,47
258,55
244,53
332,59
223,50
340,62
225,47
245,55
254,54
182,41
230,49
304,59
244,55
224,49
215,47
251,56
281,58
239,51
197,42
328,60
224,48
227,51
295,58
249,55
269,55
229,50
288,58
205,44
224,46
267,54
192,43
351,63
233,51
235,50
228,50
232,49
242,51
248,52
225,48
249,53
258,55
202,45
281,57
205,45
253,55
229,50
197,43
252,54
225,49
225,50
255,54
249,54
235,51
216,45
249,55
258,56
249,55
223,49
225,51
227,49
221,47
240,52
274,55
246,56
239,54
259,57
245,52
232,49
238,52
236,53
336,61
194,42
209,45
241,52
209,44
281,56
246,52
296,59
171,37
300,59
270,56
242,52
273,56
289,57
249,52
218,48
289,58
272,56
276,58
243,50
249,55
230,50
229,50
274,57
211,47
236,53
266,55
240,51
262,53
232,51
233,51
249,54
259,56
235,51
250,54
257,55
260,56
247,55
257,55
260,57
238,50
289,58
263,56
226,50
276,57
249,55
224,46
254,56
212,49
206,44
232,53
238,52
252,52
240,51
261,54
207,45
270,57
283,58
222,50
261,56
219,46
242,52
232,49
257,54
229,51
308,59
363,61
234,52
240,55
245,53
216,47
257,56
265,56
235,53
241,55
266,56
239,49
249,56
222,49
254,54
197,44
267,57
232,52
306,58
228,50
213,47
215,46
230,52
231,51
243,50
232,49
226,47
240,51
236,50
254,57
257,54
244,53
331,58
248,55
252,54
229,52
270,56
233,50
208,47
214,45
206,44
221,48
272,56
293,57
251,53
301,58
228,52
235,52
256,55
271,56
222,47
235,54
309,58
231,50
211,46
225,48
262,54
280,57
335,61
237,52
275,55
243,51
226,51
249,53
290,58
234,50
232,50
245,56
222,50
222,49
252,54
233,52
220,48
212,45
236,52
299,58
260,56
233,49
237,51
249,55
340,58
273,57
212,44
228,48
240,51
222,53
232,53
222,49
211,45
353,63
232,50
219,46
216,45
213,46
227,49
198,42
208,43
209,48
234,50
259,53
219,48
239,52
216,46
244,51
244,55
215,47
353,60
292,56
234,49
244,54
254,56
234,52
263,55
274,56
234,50
268,57
213,44
266,55
231,48
262,56
249,55
228,49
262,54
215,45
201,45
241,52
292,58
285,57
254,54
239,53
238,52
263,56
217,46
234,50
209,43
249,53
218,47
222,49
257,56
221,48
210,43
232,50
258,55
256,54
313,59
232,52
261,53
249,53
237,51
211,46
229,50
236,51
231,51
237,53
240,52
242,54
250,53
269,57
229,48
235,53
284,57
246,53
205,46
239,49
250,54
216,47
236,50
247,54
239,51
214,47
182,41
261,56
298,57
284,57
233,51
237,54
334,61
231,51
230,49
220,47
239,53
224,49
246,53
215,47
329,60
273,56
278,57
238,52
228,52
256,55
230,50
263,53
227,52
263,54
242,54
183,39
194,44
250,55
311,60
246,55
219,48
227,49
217,47
217,44
252,54
236,53
212,46
245,53
233,51
264,57
237,50
199,43
310,59
239,52
237,51
227,49
217,47
248,53
220,47
188,42
318,59
213,48
251,54
215,44
255,55
226,49
251,55
224,50
243,53
238,51
290,59
250,53
252,56
210,44
270,57
210,45
221,50
233,50
276,58
254,54
232,53
225,47
237,53
221,47
237,52
225,51
329,58
221,47
192,44
253,56
265,56
144,35
217,48
308,59
254,55
344,61
212,44
278,57
258,56
185,41
243,51
248,55
261,55
330,60
270,57
216,47
247,55
228,48
219,45
251,53
247,53
189,42
250,53
238,52
209,44
243,52
219,47
292,58
260,55
204,46
232,53
272,57
196,43
287,59
276,56
263,57
227,48
229,53
236,50
235,53
245,52
241,53
203,44
236,50
267,56
218,46
209,44
263,53
243,54
234,54
244,51
293,57
210,45
246,52
210,46
236,49
224,48
225,48
280,57
288,57
262,57
334,59
250,56
253,57
210,46
240,55
250,54
235,53
258,54
304,59
216,46
237,51
286,56
215,46
241,51
227,49
233,49
245,55
225,48
218,49
198,43
241,51
213,46
258,56
302,57
215,46
228,51
