code,level,state,partisan_lean,gcb,environment,demo_env_adj,pres_2024_margin,trump_approve,trump_disapprove,trump_net,demo_approval_adj,white_pct,black_pct,hispanic_pct,asian_pct,native_pct,pacific_pct
AK-01,district,AK,-13.18,3.59,-9.33,0.27,-13.8,46.6,49.9,-3.3,0.5,61.0,4.2,6.0,7.8,18.9,2.0
AL-01,district,AL,-34.82,3.59,-30.04,1.2,-36.34,56.8,39.8,17.0,2.5,67.1,24.7,3.3,1.9,2.9,0.1
AL-02,district,AL,-13.03,3.59,-8.04,1.4,-14.46,47.6,48.9,-1.3,2.7,52.3,39.8,3.7,2.2,1.9,0.2
AL-03,district,AL,-45.58,3.59,-40.84,1.15,-47.04,61.3,35.2,26.1,2.4,71.7,20.7,3.1,2.1,2.3,0.1
AL-04,district,AL,-65.77,3.59,-61.4,0.78,-66.99,69.6,26.9,42.6,1.8,82.7,7.2,6.1,0.8,3.1,0.1
AL-05,district,AL,-29.24,3.59,-24.71,0.94,-29.51,54.2,42.4,11.8,2.0,70.1,18.3,5.3,2.5,3.6,0.2
AL-06,district,AL,-34.75,3.59,-30.14,1.03,-34.79,56.6,39.9,16.7,2.2,71.7,19.3,4.7,2.2,2.1,0.1
AL-07,district,AL,19.36,3.59,24.54,1.59,17.99,34.0,62.5,-28.5,3.0,42.5,50.5,3.6,1.7,1.6,0.1
AR-01,district,AR,-44.65,3.59,-39.95,1.12,-46.4,60.9,35.6,25.3,2.4,76.0,16.9,3.1,1.0,2.8,0.2
AR-02,district,AR,-15.42,3.59,-10.83,1.0,-16.22,48.3,48.2,0.1,2.1,69.1,20.3,5.1,2.3,3.0,0.1
AR-03,district,AR,-25.59,3.59,-21.93,0.06,-25.81,51.7,44.8,6.9,0.2,71.5,3.6,13.9,4.2,5.6,1.3
AR-04,district,AR,-39.02,3.59,-34.47,0.96,-40.73,58.3,38.2,20.1,2.0,69.7,19.8,6.0,1.1,3.3,0.2
AZ-01,district,AZ,-2.22,3.59,1.46,0.09,-3.14,41.8,54.7,-12.9,0.3,73.4,4.0,13.8,5.5,3.1,0.3
AZ-02,district,AZ,-13.44,3.59,-9.99,-0.14,-15.12,46.3,50.2,-3.9,-0.3,59.7,2.7,14.6,2.0,20.7,0.3
AZ-03,district,AZ,43.26,3.59,44.3,-2.54,40.31,19.6,76.9,-57.3,-5.5,23.0,11.5,56.4,3.7,5.0,0.4
AZ-04,district,AZ,7.35,3.59,10.41,-0.53,6.76,37.1,59.5,-22.4,-1.1,58.6,6.5,22.8,7.2,4.3,0.6
AZ-05,district,AZ,-19.54,3.59,-15.99,-0.05,-20.19,49.0,47.5,1.6,0.0,70.0,4.5,15.3,7.2,2.5,0.5
AZ-06,district,AZ,-0.62,3.59,2.62,-0.35,-0.76,40.7,55.8,-15.2,-0.6,66.6,4.3,21.1,4.3,3.2,0.5
AZ-07,district,AZ,25.31,3.59,26.42,-2.48,22.39,27.4,69.2,-41.8,-5.2,32.1,4.8,54.1,2.9,5.7,0.4
AZ-08,district,AZ,-16.0,3.59,-12.56,-0.15,-16.48,47.4,49.1,-1.7,-0.2,68.2,5.3,18.0,5.3,2.9,0.4
AZ-09,district,AZ,-30.21,3.59,-27.23,-0.61,-31.34,53.0,43.6,9.4,-1.2,61.6,5.2,25.5,3.4,3.7,0.5
CA-01,district,CA,13.97,3.59,17.03,-0.53,12.63,34.3,62.2,-28.0,-1.0,63.8,2.5,22.6,4.8,5.5,0.7
CA-02,district,CA,26.43,3.59,30.09,0.07,25.45,29.6,66.9,-37.2,0.3,72.6,2.5,13.0,5.5,5.8,0.6
CA-03,district,CA,11.4,3.59,14.73,-0.26,10.55,35.6,60.9,-25.3,-0.5,60.3,6.6,16.3,12.4,3.4,1.1
CA-04,district,CA,16.77,3.59,19.38,-0.98,14.96,32.6,63.9,-31.3,-2.0,53.7,3.1,27.0,11.4,4.0,0.7
CA-05,district,CA,-19.75,3.59,-16.91,-0.75,-21.2,48.4,48.2,0.2,-1.5,58.5,3.2,25.1,7.6,4.7,0.9
CA-06,district,CA,9.83,3.59,12.93,-0.49,8.67,36.0,60.5,-24.5,-1.1,53.3,8.2,19.4,14.1,3.6,1.4
CA-07,district,CA,15.12,3.59,17.95,-0.76,13.26,33.5,63.1,-29.6,-1.7,42.8,9.9,20.2,21.9,3.3,1.9
CA-08,district,CA,37.61,3.59,40.12,-1.08,35.19,23.5,73.0,-49.5,-2.4,32.4,15.1,27.1,20.5,3.4,1.4
CA-09,district,CA,15.48,3.59,17.54,-1.54,11.8,32.5,64.1,-31.6,-3.4,28.0,12.6,33.1,21.2,3.6,1.5
CA-10,district,CA,36.05,3.59,38.99,-0.64,34.75,24.7,71.8,-47.1,-1.4,52.0,5.0,17.7,22.1,2.3,0.9
CA-11,district,CA,72.6,3.59,75.53,-0.66,70.62,9.1,87.4,-78.2,-1.5,44.1,6.5,13.0,33.8,1.9,0.7
CA-12,district,CA,79.37,3.59,82.25,-0.71,77.64,6.2,90.4,-84.2,-1.7,34.2,17.5,20.6,23.9,3.0,0.9
CA-13,district,CA,4.96,3.59,5.65,-2.9,0.51,35.6,61.0,-25.4,-6.2,23.3,4.6,57.9,8.5,4.9,0.8
CA-14,district,CA,39.07,3.59,41.18,-1.49,36.2,22.5,74.1,-51.6,-3.3,26.4,5.8,21.2,42.5,2.4,1.8
CA-15,district,CA,52.23,3.59,54.22,-1.6,49.64,16.8,79.7,-62.9,-3.5,29.6,3.6,24.2,38.8,2.1,1.7
CA-16,district,CA,51.53,3.59,54.14,-0.98,49.91,17.8,78.7,-61.0,-2.1,44.7,2.7,17.9,32.0,2.0,0.7
CA-17,district,CA,43.61,3.59,45.65,-1.55,40.75,20.5,76.1,-55.6,-3.5,23.0,2.8,15.6,56.2,1.7,0.8
CA-18,district,CA,33.3,3.59,33.82,-3.07,29.37,23.3,73.2,-49.9,-6.5,21.0,2.8,58.3,12.6,4.6,0.7
CA-19,district,CA,37.22,3.59,39.92,-0.89,35.64,24.0,72.5,-48.6,-1.9,50.8,3.2,21.6,20.6,3.0,0.8
CA-20,district,CA,-31.84,3.59,-29.5,-1.26,-32.98,53.0,43.6,9.4,-2.6,50.4,4.1,33.2,7.5,4.4,0.5
CA-21,district,CA,9.94,3.59,10.63,-2.9,6.17,33.4,63.1,-29.7,-6.2,21.9,5.6,57.5,10.5,4.2,0.4
CA-22,district,CA,2.96,3.59,3.15,-3.4,-1.86,35.9,60.7,-24.8,-7.2,16.5,5.9,67.5,5.9,3.9,0.3
CA-23,district,CA,-18.3,3.59,-16.11,-1.41,-19.9,47.0,49.5,-2.5,-3.0,42.3,9.5,37.7,5.5,4.3,0.7
CA-24,district,CA,26.79,3.59,29.12,-1.26,25.76,28.1,68.5,-40.4,-2.6,52.8,2.5,33.2,7.2,3.7,0.5
CA-25,district,CA,8.76,3.59,9.82,-2.53,5.97,34.3,62.2,-27.8,-5.3,32.3,4.6,54.6,4.4,3.8,0.4
CA-26,district,CA,17.54,3.59,19.54,-1.59,15.73,31.6,64.9,-33.3,-3.3,45.5,3.2,37.1,10.5,3.3,0.5
CA-27,district,CA,12.56,3.59,14.4,-1.75,10.06,33.5,63.0,-29.5,-3.8,33.3,11.0,41.1,10.9,3.3,0.5
CA-28,district,CA,28.27,3.59,30.2,-1.65,26.17,26.9,69.6,-42.7,-3.6,27.5,4.9,25.1,39.9,2.3,0.4
CA-29,district,CA,39.51,3.59,40.24,-2.86,34.71,20.9,75.6,-54.7,-6.1,24.2,5.1,57.5,9.3,3.5,0.3
CA-30,district,CA,43.42,3.59,46.33,-0.68,41.41,21.6,74.9,-53.3,-1.4,56.3,4.8,21.7,14.8,2.1,0.3
CA-31,district,CA,16.15,3.59,16.94,-2.8,12.61,30.9,65.6,-34.8,-6.0,20.1,4.3,51.2,20.5,3.4,0.4
CA-32,district,CA,28.34,3.59,31.2,-0.73,25.76,27.9,68.6,-40.7,-1.5,55.1,5.0,22.5,14.9,2.1,0.4
CA-33,district,CA,14.39,3.59,15.39,-2.59,10.12,31.8,64.7,-32.9,-5.6,20.0,11.7,54.9,9.1,3.7,0.6
CA-34,district,CA,57.12,3.59,57.46,-3.25,53.04,13.0,83.6,-70.6,-7.0,11.8,5.4,58.8,19.4,4.2,0.3
CA-35,district,CA,12.24,3.59,13.1,-2.73,8.0,32.6,63.9,-31.3,-5.9,20.2,7.3,53.3,15.0,3.6,0.6
CA-36,district,CA,41.99,3.59,45.15,-0.43,40.42,22.4,74.1,-51.6,-0.9,57.1,4.8,15.3,20.4,1.8,0.5
CA-37,district,CA,66.13,3.59,67.79,-1.93,62.31,10.5,86.1,-75.6,-4.3,14.0,25.5,48.4,8.2,3.6,0.3
CA-38,district,CA,17.13,3.59,17.5,-3.22,12.8,30.0,66.5,-36.5,-6.9,14.1,1.7,54.7,26.0,3.2,0.3
CA-39,district,CA,14.09,3.59,15.01,-2.67,9.85,31.9,64.6,-32.8,-5.7,21.6,10.0,56.4,7.6,3.7,0.6
CA-40,district,CA,-11.7,3.59,-9.18,-1.07,-12.6,44.6,51.9,-7.4,-2.3,49.6,5.3,28.4,13.1,2.8,0.8
CA-41,district,CA,17.83,3.59,18.59,-2.84,14.61,30.1,66.4,-36.3,-6.0,23.1,4.7,55.6,12.2,3.7,0.6
CA-42,district,CA,15.25,3.59,17.79,-1.05,13.57,33.1,63.4,-30.2,-2.2,47.5,6.7,27.9,14.1,2.9,0.9
CA-43,district,CA,54.96,3.59,56.34,-2.2,50.59,14.9,81.6,-66.7,-4.9,7.6,26.3,51.9,10.1,3.4,0.7
CA-44,district,CA,41.6,3.59,41.88,-3.3,36.32,19.5,77.0,-57.5,-7.1,8.9,10.6,64.7,10.8,3.9,1.1
CA-45,district,CA,6.76,3.59,8.24,-2.11,4.07,35.6,61.0,-25.4,-4.6,21.5,3.1,30.9,41.4,2.3,0.8
CA-46,district,CA,20.26,3.59,20.76,-3.1,16.7,28.8,67.7,-38.9,-6.6,19.3,2.6,57.4,16.0,4.1,0.6
CA-47,district,CA,11.79,3.59,14.56,-0.82,10.47,34.9,61.7,-26.8,-1.8,48.9,2.7,16.6,29.7,1.6,0.5
CA-48,district,CA,4.15,3.59,6.34,-1.4,3.52,37.5,59.0,-21.5,-2.9,46.1,5.1,35.0,9.1,3.9,0.9
CA-49,district,CA,13.11,3.59,16.14,-0.56,12.48,34.6,61.9,-27.3,-1.1,59.5,3.2,19.4,14.7,2.3,0.9
CA-50,district,CA,19.36,3.59,22.44,-0.51,18.83,32.0,64.5,-32.6,-1.0,56.9,4.0,16.6,19.5,2.2,0.8
CA-51,district,CA,19.95,3.59,22.85,-0.69,18.79,31.5,65.0,-33.5,-1.5,52.8,8.1,23.9,11.3,2.9,1.0
CA-52,district,CA,22.64,3.59,23.39,-2.84,18.06,28.1,68.5,-40.4,-6.1,16.8,8.3,55.0,15.7,3.3,1.0
CO-01,district,CO,58.82,3.59,61.92,-0.49,57.61,15.2,81.3,-66.0,-1.0,57.7,9.5,24.0,5.1,3.3,0.4
CO-02,district,CO,40.74,3.59,44.52,0.19,40.92,23.7,72.8,-49.1,0.6,78.8,1.6,12.3,4.8,2.3,0.3
CO-03,district,CO,-9.78,3.59,-6.61,-0.42,-9.98,44.5,52.0,-7.5,-0.8,69.5,1.5,22.6,1.4,4.8,0.3
CO-04,district,CO,-19.22,3.59,-15.4,0.23,-18.71,49.2,47.3,1.9,0.6,78.3,2.5,11.8,4.5,2.7,0.3
CO-05,district,CO,-10.24,3.59,-6.6,0.05,-9.34,45.2,51.3,-6.2,0.2,68.2,7.6,15.2,4.9,3.4,0.8
CO-06,district,CO,20.85,3.59,24.23,-0.2,20.36,31.7,64.9,-33.2,-0.4,58.9,11.2,19.1,7.2,3.0,0.5
CO-07,district,CO,14.76,3.59,18.49,0.14,15.41,34.7,61.8,-27.2,0.4,77.2,2.0,13.3,4.1,3.2,0.2
CO-08,district,CO,-0.6,3.59,1.77,-1.21,-1.88,39.8,56.8,-17.0,-2.5,55.1,2.5,33.9,4.3,3.9,0.3
CT-01,district,CT,24.46,3.59,28.24,0.19,23.27,30.5,66.0,-35.5,0.4,60.2,16.7,15.3,6.2,1.5,0.1
CT-02,district,CT,8.44,3.59,12.58,0.55,7.86,37.8,58.7,-20.9,1.3,80.5,5.1,7.7,4.4,2.1,0.2
CT-03,district,CT,15.51,3.59,19.36,0.26,14.34,34.4,62.1,-27.7,0.6,64.1,14.8,14.2,5.3,1.5,0.1
CT-04,district,CT,25.33,3.59,28.77,-0.15,23.73,29.8,66.7,-36.9,-0.3,59.4,13.4,19.8,6.1,1.2,0.1
CT-05,district,CT,6.68,3.59,10.22,-0.05,5.68,37.9,58.6,-20.8,-0.0,67.4,8.8,18.0,4.2,1.5,0.1
DE-01,district,DE,15.61,3.59,19.94,0.75,14.84,34.9,61.7,-26.8,1.5,61.9,22.6,8.6,4.8,2.0,0.1
FL-01,district,FL,-36.7,3.59,-32.39,0.73,-37.53,57.1,39.4,17.7,1.6,72.0,13.5,6.7,4.2,3.2,0.4
FL-02,district,FL,-16.49,3.59,-11.95,0.95,-18.33,48.7,47.8,0.9,1.9,65.3,23.0,6.4,2.8,2.3,0.2
FL-03,district,FL,-19.45,3.59,-15.32,0.54,-21.26,49.6,46.9,2.6,1.2,67.6,15.8,10.6,3.9,1.9,0.2
FL-04,district,FL,-10.78,3.59,-6.23,0.97,-11.96,46.3,50.3,-4.0,1.9,54.9,31.4,7.8,3.6,2.1,0.3
FL-05,district,FL,-20.63,3.59,-16.65,0.39,-21.69,49.9,46.6,3.3,0.8,67.3,12.8,10.8,7.0,1.8,0.3
FL-06,district,FL,-28.57,3.59,-24.4,0.58,-30.31,53.5,43.0,10.5,1.3,74.7,11.2,9.8,2.1,2.1,0.2
FL-07,district,FL,-10.92,3.59,-7.42,-0.1,-12.62,45.3,51.2,-5.9,-0.2,64.0,10.4,18.8,4.7,1.9,0.2
FL-08,district,FL,-15.06,3.59,-11.26,0.21,-16.4,47.4,49.1,-1.7,0.5,68.2,10.8,14.2,4.5,2.1,0.2
FL-09,district,FL,-14.81,3.59,-12.38,-1.16,-17.93,45.8,50.7,-4.9,-2.4,48.3,10.5,35.7,3.5,1.8,0.2
FL-10,district,FL,26.8,3.59,29.8,-0.58,24.29,28.6,67.9,-39.2,-1.4,35.3,27.4,30.0,5.2,1.8,0.3
FL-11,district,FL,-14.37,3.59,-10.96,-0.18,-15.84,46.7,49.9,-3.2,-0.3,62.1,10.8,19.9,5.3,1.7,0.2
FL-12,district,FL,-12.99,3.59,-9.87,-0.46,-15.55,45.8,50.7,-5.0,-0.9,58.2,10.6,24.5,4.6,1.9,0.2
FL-13,district,FL,-12.0,3.59,-8.0,0.41,-13.46,46.3,50.2,-3.9,1.0,76.9,6.4,10.3,4.4,1.9,0.2
FL-14,district,FL,-8.79,3.59,-5.7,-0.5,-10.62,43.9,52.6,-8.6,-1.1,54.3,13.2,25.6,4.6,2.0,0.2
FL-15,district,FL,-17.66,3.59,-13.84,0.23,-20.09,48.5,48.0,0.4,0.5,63.4,14.9,14.8,4.7,1.9,0.2
FL-16,district,FL,-11.67,3.59,-7.71,0.37,-13.81,46.1,50.4,-4.3,0.9,70.7,12.0,12.9,2.7,1.6,0.1
FL-17,district,FL,-20.19,3.59,-16.16,0.44,-22.24,49.9,46.7,3.2,1.1,78.3,7.0,11.0,2.1,1.5,0.1
FL-18,district,FL,-15.19,3.59,-11.94,-0.34,-17.1,46.8,49.7,-2.9,-0.7,55.5,15.1,24.6,2.5,2.1,0.2
FL-19,district,FL,-28.43,3.59,-24.94,-0.1,-30.42,52.8,43.7,9.0,-0.1,72.6,5.1,18.9,2.1,1.2,0.1
FL-20,district,FL,40.58,3.59,44.31,0.13,37.5,23.5,73.1,-49.6,-0.0,30.0,41.9,23.2,3.7,1.1,0.2
FL-21,district,FL,-14.46,3.59,-10.62,0.25,-16.36,47.2,49.4,-2.2,0.6,67.4,13.1,15.0,2.8,1.5,0.2
FL-22,district,FL,-7.03,3.59,-4.28,-0.84,-10.6,42.8,53.7,-10.9,-1.8,49.0,13.6,31.0,4.9,1.3,0.2
FL-23,district,FL,17.41,3.59,20.71,-0.29,13.94,33.0,63.5,-30.6,-0.7,46.9,22.8,25.5,2.9,1.6,0.2
FL-24,district,FL,44.37,3.59,47.15,-0.82,39.08,20.8,75.7,-54.9,-2.1,11.2,46.0,39.5,2.1,1.1,0.1
FL-25,district,FL,-5.24,3.59,-2.34,-0.69,-9.22,42.3,54.3,-12.0,-1.4,59.9,7.5,28.2,3.3,1.0,0.1
FL-26,district,FL,-12.73,3.59,-12.69,-3.55,-18.5,42.4,54.2,-11.8,-7.6,12.3,10.4,72.7,3.8,0.7,0.1
FL-27,district,FL,-9.78,3.59,-9.79,-3.59,-14.7,41.1,55.4,-14.4,-7.6,16.5,6.9,73.0,2.6,0.8,0.1
FL-28,district,FL,-19.43,3.59,-19.28,-3.44,-25.63,45.3,51.2,-5.9,-7.3,15.0,10.1,71.6,2.2,1.1,0.1
GA-01,district,GA,-15.28,3.59,-10.69,1.0,-15.92,48.2,48.3,-0.1,2.0,60.0,28.0,6.7,3.0,2.0,0.3
GA-02,district,GA,8.57,3.59,13.62,1.46,7.66,38.5,58.1,-19.6,2.7,42.4,48.9,5.1,1.9,1.5,0.2
GA-03,district,GA,-30.08,3.59,-25.45,1.03,-29.88,54.6,41.9,12.6,2.1,66.7,23.3,5.3,2.5,2.1,0.1
GA-04,district,GA,54.47,3.59,58.52,0.46,53.04,17.9,78.7,-60.8,0.5,21.3,49.6,16.7,10.4,1.9,0.1
GA-05,district,GA,73.04,3.59,77.76,1.13,72.33,10.7,85.8,-75.1,2.0,33.2,50.4,8.5,6.2,1.5,0.1
GA-06,district,GA,50.2,3.59,54.86,1.07,50.34,20.3,76.2,-55.9,1.9,32.4,51.1,10.5,4.3,1.6,0.1
GA-07,district,GA,-22.22,3.59,-18.37,0.26,-22.27,50.5,46.1,4.4,0.6,66.8,8.9,9.1,13.2,1.8,0.1
GA-08,district,GA,-30.02,3.59,-25.32,1.11,-30.76,54.6,41.9,12.7,2.2,60.2,29.9,6.1,2.0,1.6,0.1
GA-09,district,GA,-34.31,3.59,-30.54,0.19,-34.33,55.5,41.0,14.5,0.4,64.1,12.6,13.6,7.3,2.3,0.1
GA-10,district,GA,-21.15,3.59,-16.6,0.96,-20.93,50.7,45.8,4.9,2.0,65.1,23.6,6.4,2.8,1.9,0.1
GA-11,district,GA,-23.67,3.59,-19.6,0.47,-23.52,51.3,45.2,6.1,1.0,69.5,12.8,10.4,4.8,2.4,0.1
GA-12,district,GA,-13.21,3.59,-8.35,1.27,-14.2,47.6,48.9,-1.3,2.5,54.3,36.5,4.8,2.5,1.7,0.2
GA-13,district,GA,41.87,3.59,46.29,0.83,42.65,23.6,72.9,-49.3,1.3,27.4,50.6,12.4,7.6,1.8,0.2
GA-14,district,GA,-37.49,3.59,-33.32,0.58,-37.03,57.3,39.2,18.1,1.3,72.8,12.5,10.0,1.9,2.7,0.1
HI-01,district,HI,26.98,3.59,29.31,-1.25,25.17,27.8,68.7,-40.9,-3.0,14.1,2.7,5.8,59.9,1.6,15.8
HI-02,district,HI,24.56,3.59,27.3,-0.85,22.06,29.3,67.2,-38.0,-2.0,26.9,2.0,8.1,36.7,2.5,23.7
IA-01,district,IA,-7.01,3.59,-2.62,0.8,-8.59,44.6,51.9,-7.2,1.9,86.1,4.7,4.7,2.7,1.6,0.1
IA-02,district,IA,-8.56,3.59,-4.03,0.93,-10.13,45.5,51.1,-5.6,2.2,88.6,4.8,3.0,1.8,1.5,0.3
IA-03,district,IA,-3.41,3.59,0.82,0.64,-4.46,42.9,53.6,-10.7,1.5,82.3,5.2,6.6,4.2,1.6,0.2
IA-04,district,IA,-30.53,3.59,-26.37,0.57,-31.9,54.4,42.1,12.3,1.4,85.4,2.4,7.6,2.5,1.7,0.5
ID-01,district,ID,-44.68,3.59,-40.71,0.39,-46.2,60.2,36.3,23.9,1.0,83.1,0.9,9.9,2.1,3.6,0.4
ID-02,district,ID,-26.75,3.59,-22.92,0.24,-27.56,52.4,44.1,8.4,0.7,80.3,1.4,12.2,2.6,3.0,0.4
IL-01,district,IL,35.49,3.59,40.39,1.31,32.27,26.8,69.7,-42.8,2.4,36.6,51.5,7.8,2.6,1.4,0.1
IL-02,district,IL,35.77,3.59,40.29,0.93,33.6,26.3,70.2,-43.8,1.6,35.8,47.8,13.2,1.3,1.8,0.1
IL-03,district,IL,34.84,3.59,36.65,-1.79,31.81,24.1,72.5,-48.4,-3.8,41.3,5.8,42.3,7.1,3.3,0.2
IL-04,district,IL,33.61,3.59,34.31,-2.9,28.79,23.4,73.2,-49.8,-6.2,25.0,5.5,60.3,4.5,4.6,0.1
IL-05,district,IL,38.64,3.59,42.36,0.13,37.55,24.5,72.0,-47.5,0.4,73.0,3.3,10.6,11.7,1.2,0.1
IL-06,district,IL,7.05,3.59,10.89,0.25,5.67,38.1,58.5,-20.4,0.6,74.4,5.9,11.8,6.5,1.3,0.1
IL-07,district,IL,68.64,3.59,72.79,0.56,66.13,12.0,84.5,-72.5,0.8,32.3,42.4,13.7,10.1,1.5,0.1
IL-08,district,IL,9.34,3.59,12.33,-0.6,7.01,36.2,60.4,-24.2,-1.2,57.7,4.7,20.5,15.0,2.1,0.1
IL-09,district,IL,38.75,3.59,42.37,0.03,37.04,24.3,72.2,-47.9,0.1,61.2,9.6,11.6,15.9,1.5,0.1
IL-10,district,IL,23.46,3.59,26.64,-0.41,22.34,30.4,66.2,-35.8,-0.8,61.0,7.1,21.0,8.6,2.2,0.2
IL-11,district,IL,12.54,3.59,16.01,-0.12,11.6,35.3,61.2,-25.9,-0.2,66.3,6.6,16.4,8.9,1.8,0.1
IL-12,district,IL,-43.71,3.59,-39.12,0.99,-44.13,60.5,36.1,24.4,2.3,88.5,5.6,2.4,1.4,2.0,0.1
IL-13,district,IL,11.02,3.59,15.59,0.97,10.63,37.1,59.5,-22.4,2.0,67.8,20.3,4.3,5.4,2.1,0.1
IL-14,district,IL,6.84,3.59,10.23,-0.2,5.26,37.6,58.9,-21.3,-0.4,62.1,10.1,19.9,5.6,2.2,0.1
IL-15,district,IL,-40.0,3.59,-35.43,0.97,-40.5,58.9,37.7,21.2,2.3,91.3,3.4,2.4,1.0,1.8,0.1
IL-16,district,IL,-22.73,3.59,-18.41,0.73,-23.07,51.3,45.3,6.0,1.7,87.6,2.7,5.3,2.5,1.8,0.1
IL-17,district,IL,5.83,3.59,10.06,0.63,4.81,39.0,57.6,-18.6,1.4,71.8,14.1,9.4,2.6,2.0,0.1
IN-01,district,IN,2.84,3.59,6.84,0.41,0.4,40.0,56.6,-16.6,0.8,62.9,18.8,14.2,1.8,2.1,0.1
IN-02,district,IN,-25.97,3.59,-21.83,0.56,-26.92,52.4,44.1,8.3,1.3,79.4,7.2,9.2,1.9,2.2,0.1
IN-03,district,IN,-31.51,3.59,-27.15,0.77,-31.73,55.0,41.5,13.5,1.8,83.2,6.6,5.5,2.8,1.9,0.1
IN-04,district,IN,-29.97,3.59,-25.73,0.65,-29.88,54.2,42.3,12.0,1.5,83.3,4.0,5.9,4.3,1.9,0.6
IN-05,district,IN,-17.22,3.59,-12.79,0.85,-17.13,49.0,47.5,1.5,1.9,83.7,6.7,3.8,3.9,1.8,0.1
IN-06,district,IN,-33.14,3.59,-28.8,0.75,-33.1,55.7,40.8,14.9,1.7,84.2,4.5,4.2,5.1,1.9,0.1
IN-07,district,IN,42.38,3.59,46.71,0.74,42.16,23.4,73.1,-49.7,1.4,50.0,33.1,12.1,2.7,2.0,0.1
IN-08,district,IN,-35.64,3.59,-31.06,0.98,-36.49,57.0,39.5,17.5,2.3,89.5,4.7,2.5,1.3,1.8,0.2
IN-09,district,IN,-29.6,3.59,-25.14,0.87,-30.39,54.3,42.2,12.1,2.0,88.7,3.4,3.3,2.3,2.1,0.1
KS-01,district,KS,-31.58,3.59,-27.76,0.22,-31.85,54.5,42.1,12.4,0.6,77.4,3.7,13.0,2.5,3.2,0.2
KS-02,district,KS,-19.21,3.59,-15.16,0.47,-20.06,49.4,47.1,2.3,1.1,73.0,9.8,10.6,2.2,4.1,0.3
KS-03,district,KS,3.85,3.59,7.91,0.47,4.17,39.7,56.9,-17.2,1.1,78.0,5.4,8.5,5.4,2.5,0.1
KS-04,district,KS,-23.53,3.59,-19.59,0.35,-23.7,51.2,45.4,5.8,0.8,72.9,7.7,11.1,4.0,4.1,0.2
KY-01,district,KY,-46.75,3.59,-42.16,1.0,-47.91,61.7,34.8,26.9,2.3,86.0,7.9,3.0,1.0,2.0,0.1
KY-02,district,KY,-40.88,3.59,-36.38,0.91,-41.93,59.2,37.4,21.8,2.1,85.8,6.3,3.4,2.3,2.1,0.2
KY-03,district,KY,19.91,3.59,24.39,0.88,19.27,33.2,63.3,-30.2,1.8,65.4,22.0,6.8,3.7,1.9,0.2
KY-04,district,KY,-35.58,3.59,-31.09,0.9,-36.16,56.9,39.6,17.3,2.1,88.8,4.0,3.4,1.5,2.1,0.2
KY-05,district,KY,-63.42,3.59,-58.79,1.04,-64.67,68.9,27.6,41.3,2.4,94.3,2.0,1.3,0.5,1.8,0.1
KY-06,district,KY,-14.62,3.59,-10.2,0.83,-15.31,47.9,48.6,-0.7,1.9,80.9,9.1,5.0,2.8,2.0,0.2
LA-01,district,LA,-39.2,3.59,-35.08,0.53,-39.08,58.0,38.5,19.4,1.2,70.3,13.3,10.3,3.0,3.0,0.1
LA-02,district,LA,50.05,3.59,54.99,1.35,48.71,20.7,75.9,-55.2,2.4,29.3,57.5,8.2,3.3,1.5,0.1
LA-03,district,LA,-35.51,3.59,-30.75,1.17,-36.65,57.0,39.5,17.5,2.4,63.9,27.7,4.6,2.0,1.7,0.1
LA-04,district,LA,-33.25,3.59,-28.43,1.23,-34.59,56.1,40.4,15.7,2.5,61.0,30.3,4.3,1.5,2.6,0.2
LA-05,district,LA,-32.9,3.59,-27.97,1.34,-34.39,56.1,40.5,15.6,2.7,59.9,33.2,3.6,1.3,2.0,0.1
LA-06,district,LA,-32.23,3.59,-27.65,0.99,-32.4,55.4,41.1,14.4,2.0,64.6,24.5,6.3,2.7,1.8,0.1
MA-01,district,MA,15.81,3.59,19.52,0.12,13.91,34.2,62.3,-28.1,0.4,72.5,7.2,15.6,2.7,1.7,0.2
MA-02,district,MA,25.78,3.59,29.73,0.35,24.29,30.2,66.3,-36.1,0.8,74.4,6.5,9.7,7.8,1.4,0.1
MA-03,district,MA,21.24,3.59,24.52,-0.31,19.39,31.4,65.1,-33.7,-0.6,64.2,6.3,19.4,8.5,1.4,0.2
MA-04,district,MA,22.05,3.59,26.28,0.64,20.13,32.1,64.4,-32.3,1.5,81.8,4.7,5.2,7.3,1.0,0.1
MA-05,district,MA,47.53,3.59,51.29,0.17,46.35,20.7,75.8,-55.0,0.4,68.7,6.4,9.6,14.2,0.9,0.1
MA-06,district,MA,22.31,3.59,26.33,0.43,21.09,31.8,64.7,-33.0,1.1,80.0,4.4,9.2,5.3,1.1,0.1
MA-07,district,MA,67.47,3.59,70.88,-0.18,65.14,11.8,84.7,-72.9,-0.5,41.7,24.0,19.1,13.7,1.4,0.2
MA-08,district,MA,28.81,3.59,33.0,0.61,26.99,29.2,67.4,-38.2,1.3,70.0,12.5,6.1,10.4,0.9,0.1
MA-09,district,MA,12.33,3.59,16.74,0.81,10.94,36.4,60.1,-23.6,1.9,87.2,4.6,5.0,1.7,1.4,0.1
MD-01,district,MD,-17.13,3.59,-12.58,0.96,-17.31,49.1,47.5,1.6,2.1,74.9,15.5,4.5,3.1,1.9,0.1
MD-02,district,MD,19.11,3.59,23.64,0.95,18.95,33.6,63.0,-29.4,1.9,62.2,24.3,5.1,6.8,1.6,0.1
MD-03,district,MD,24.34,3.59,28.47,0.54,24.49,30.9,65.6,-34.7,1.1,60.3,18.3,7.6,11.8,1.8,0.2
MD-04,district,MD,77.68,3.59,81.67,0.4,75.67,7.9,88.6,-80.8,0.3,11.9,58.0,21.3,6.2,2.4,0.2
MD-05,district,MD,34.17,3.59,38.99,1.23,34.05,27.4,69.2,-41.8,2.3,45.1,42.4,6.0,4.2,2.2,0.2
MD-06,district,MD,6.52,3.59,10.39,0.28,5.93,38.3,58.3,-20.0,0.6,63.1,13.8,11.5,9.4,2.0,0.2
MD-07,district,MD,61.65,3.59,66.56,1.32,60.49,15.7,80.8,-65.1,2.4,32.1,54.1,7.1,4.8,1.8,0.1
MD-08,district,MD,59.43,3.59,62.78,-0.25,58.06,15.2,81.4,-66.2,-0.6,46.4,18.1,17.8,15.9,1.7,0.2
ME-01,district,ME,22.36,3.59,26.91,0.97,22.33,32.4,64.2,-31.8,2.2,91.8,2.4,1.8,2.1,1.8,0.1
ME-02,district,ME,-8.86,3.59,-4.27,1.0,-9.72,45.7,50.9,-5.2,2.3,93.0,1.6,1.4,1.2,2.7,0.1
MI-01,district,MI,-21.16,3.59,-16.61,0.96,-21.52,50.8,45.7,5.2,2.2,91.5,1.4,1.6,0.9,4.5,0.1
MI-02,district,MI,-29.82,3.59,-25.37,0.87,-30.54,54.4,42.1,12.3,2.0,89.8,2.8,3.8,0.9,2.7,0.1
MI-03,district,MI,7.85,3.59,12.05,0.61,7.95,38.1,58.5,-20.4,1.3,73.8,11.7,8.8,3.5,2.1,0.1
MI-04,district,MI,-5.33,3.59,-1.05,0.69,-5.61,43.8,52.7,-8.9,1.6,78.5,9.0,7.1,2.9,2.3,0.1
MI-05,district,MI,-26.57,3.59,-22.12,0.87,-27.41,53.0,43.5,9.5,2.0,87.1,4.9,4.2,1.2,2.5,0.1
MI-06,district,MI,24.58,3.59,28.83,0.66,23.92,31.0,65.5,-34.5,1.4,71.7,10.9,4.3,11.1,1.8,0.1
MI-07,district,MI,-0.82,3.59,3.55,0.78,-1.33,42.0,54.5,-12.6,1.8,82.3,6.8,4.8,3.8,2.2,0.1
MI-08,district,MI,-0.81,3.59,3.78,1.0,-2.01,42.2,54.4,-12.2,2.2,76.5,15.2,4.5,1.5,2.3,0.1
MI-09,district,MI,-32.12,3.59,-27.63,0.89,-32.75,55.4,41.1,14.3,2.1,90.3,2.7,3.2,1.7,2.0,0.1
MI-10,district,MI,-5.44,3.59,-0.89,0.95,-6.68,44.1,52.5,-8.4,2.1,76.0,13.1,2.6,6.5,1.7,0.1
MI-11,district,MI,17.18,3.59,21.53,0.76,16.42,34.2,62.3,-28.0,1.6,71.1,13.7,4.5,9.2,1.5,0.1
MI-12,district,MI,42.02,3.59,47.15,1.54,39.62,24.4,72.2,-47.8,2.9,47.3,45.6,2.8,2.6,1.6,0.1
MI-13,district,MI,44.59,3.59,49.32,1.14,42.28,22.8,73.7,-50.9,2.1,39.2,46.5,8.7,3.4,2.1,0.1
MN-01,district,MN,-11.68,3.59,-7.39,0.7,-12.23,46.5,50.0,-3.5,1.7,85.8,3.7,5.7,3.2,1.4,0.2
MN-02,district,MN,5.99,3.59,10.18,0.6,5.95,38.9,57.6,-18.7,1.4,79.3,6.2,6.4,6.2,1.8,0.1
MN-03,district,MN,21.33,3.59,25.63,0.7,21.72,32.5,64.1,-31.6,1.6,76.0,9.1,4.3,8.9,1.5,0.1
MN-04,district,MN,36.96,3.59,41.04,0.48,36.47,25.6,71.0,-45.4,1.0,67.8,11.0,6.2,12.8,2.1,0.2
MN-05,district,MN,63.83,3.59,68.0,0.58,63.54,14.2,82.3,-68.1,1.2,65.0,16.5,8.5,7.1,2.8,0.2
MN-06,district,MN,-19.84,3.59,-15.38,0.88,-20.07,50.2,46.3,3.8,2.0,87.3,4.4,3.1,3.5,1.6,0.1
MN-07,district,MN,-36.22,3.59,-31.8,0.83,-37.1,57.1,39.4,17.7,2.0,90.9,1.6,4.1,1.1,2.1,0.2
MN-08,district,MN,-13.67,3.59,-9.13,0.95,-14.53,47.6,48.9,-1.2,2.2,90.0,1.6,1.5,1.2,5.6,0.1
MO-01,district,MO,59.05,3.59,64.04,1.4,58.61,17.0,79.6,-62.6,2.7,45.1,44.9,3.9,4.2,1.8,0.1
MO-02,district,MO,-11.75,3.59,-7.31,0.85,-11.57,46.7,49.8,-3.1,2.0,86.6,3.6,2.4,5.2,2.0,0.1
MO-03,district,MO,-20.09,3.59,-15.6,0.9,-20.27,50.3,46.2,4.1,2.0,84.9,6.4,3.2,3.1,2.4,0.1
MO-04,district,MO,-20.95,3.59,-16.53,0.83,-21.37,50.6,46.0,4.6,1.9,81.9,7.7,4.8,2.2,3.1,0.2
MO-05,district,MO,-17.39,3.59,-12.94,0.85,-18.62,49.0,47.5,1.5,1.8,69.8,17.9,7.0,1.6,3.2,0.4
MO-06,district,MO,-26.63,3.59,-22.24,0.8,-27.0,53.0,43.6,9.4,1.8,84.1,5.7,4.8,2.3,2.7,0.4
MO-07,district,MO,-42.99,3.59,-38.67,0.72,-43.18,59.9,36.7,23.2,1.7,85.4,2.6,5.0,1.9,4.6,0.4
MO-08,district,MO,-53.57,3.59,-48.98,1.0,-54.42,64.7,31.9,32.8,2.3,89.0,4.7,2.0,1.1,3.1,0.1
MS-01,district,MS,-36.17,3.59,-31.29,1.28,-37.53,57.4,39.1,18.3,2.6,66.9,27.1,3.1,1.3,1.6,0.1
MS-02,district,MS,22.22,3.59,27.7,1.89,20.59,33.1,63.5,-30.4,3.5,34.2,61.9,2.1,0.8,1.1,0.1
MS-03,district,MS,-28.33,3.59,-23.35,1.4,-29.5,54.2,42.3,11.8,2.8,61.6,32.5,2.4,1.5,2.0,0.1
MS-04,district,MS,-41.95,3.59,-37.28,1.09,-43.01,59.7,36.8,22.9,2.3,68.2,22.7,4.5,2.3,2.2,0.2
MT-01,district,MT,-10.93,3.59,-6.57,0.77,-11.92,46.3,50.2,-3.9,1.8,87.5,0.7,3.6,1.5,6.5,0.2
MT-02,district,MT,-29.81,3.59,-25.47,0.75,-30.51,54.3,42.2,12.0,1.7,84.8,1.0,3.5,1.3,9.2,0.2
NC-01,district,NC,-10.12,3.59,-5.28,1.25,-11.71,46.3,50.2,-4.0,2.5,59.5,32.2,4.6,1.3,2.2,0.2
NC-02,district,NC,34.76,3.59,38.91,0.56,34.41,26.5,70.0,-43.5,1.1,56.5,23.8,10.9,6.8,1.8,0.1
NC-03,district,NC,-12.19,3.59,-7.81,0.79,-13.76,46.7,49.8,-3.1,1.5,55.6,29.1,10.4,2.2,2.3,0.3
NC-04,district,NC,46.49,3.59,50.55,0.47,46.04,21.4,75.1,-53.7,0.9,55.5,21.6,9.7,11.2,1.8,0.1
NC-05,district,NC,-16.93,3.59,-12.44,0.9,-17.92,48.9,47.6,1.2,1.9,70.4,18.6,6.4,2.4,2.0,0.1
NC-06,district,NC,-17.06,3.59,-12.76,0.71,-17.36,48.7,47.8,0.9,1.5,65.8,19.2,8.8,3.7,2.3,0.1
NC-07,district,NC,-13.15,3.59,-8.67,0.89,-14.02,47.3,49.3,-2.0,1.8,67.2,20.0,6.6,1.9,4.2,0.2
NC-08,district,NC,-19.14,3.59,-14.87,0.67,-19.62,49.6,47.0,2.6,1.4,63.4,17.6,7.8,3.7,7.4,0.1
NC-09,district,NC,-15.45,3.59,-11.19,0.67,-16.03,48.0,48.6,-0.6,1.3,61.5,22.1,10.4,2.5,3.2,0.3
NC-10,district,NC,-17.25,3.59,-12.99,0.67,-17.89,48.8,47.7,1.0,1.4,69.2,16.5,9.2,2.8,2.2,0.1
NC-11,district,NC,-9.96,3.59,-5.67,0.7,-9.61,45.8,50.7,-4.9,1.6,84.9,3.9,6.2,1.3,3.5,0.2
NC-12,district,NC,48.09,3.59,52.19,0.52,47.04,20.7,75.8,-55.1,0.8,38.9,37.8,14.9,6.3,2.0,0.1
NC-13,district,NC,-16.7,3.59,-12.46,0.65,-16.71,48.5,48.0,0.5,1.4,65.8,19.3,10.6,1.6,2.4,0.2
NC-14,district,NC,-15.5,3.59,-11.16,0.75,-15.22,48.1,48.4,-0.3,1.6,70.6,15.9,7.3,4.0,2.2,0.1
ND-01,district,ND,-36.76,3.59,-32.37,0.8,-37.39,57.3,39.2,18.0,1.8,84.5,3.6,3.6,2.2,5.9,0.2
NE-01,district,NE,-13.06,3.59,-9.0,0.47,-13.23,46.9,49.7,-2.8,1.2,81.0,4.0,9.0,3.7,2.1,0.2
NE-02,district,NE,4.8,3.59,8.82,0.43,4.68,39.2,57.3,-18.2,1.0,71.6,10.5,10.5,4.9,2.3,0.2
NE-03,district,NE,-53.98,3.59,-49.95,0.44,-54.43,64.2,32.3,32.0,1.1,84.4,1.6,10.0,1.1,2.8,0.2
NH-01,district,NH,2.66,3.59,7.08,0.83,2.02,40.6,56.0,-15.4,1.9,89.7,2.1,3.5,3.0,1.6,0.1
NH-02,district,NH,4.67,3.59,9.07,0.81,3.63,39.7,56.8,-17.1,1.9,89.5,1.8,3.6,3.1,1.8,0.1
NJ-01,district,NJ,20.58,3.59,24.57,0.39,19.0,32.4,64.1,-31.7,0.8,62.2,17.6,12.5,5.9,1.6,0.2
NJ-02,district,NJ,-11.32,3.59,-7.51,0.22,-13.29,45.8,50.7,-4.9,0.5,66.6,12.5,14.6,4.2,1.9,0.2
NJ-03,district,NJ,9.33,3.59,13.34,0.42,7.92,37.2,59.3,-22.1,0.9,65.5,14.1,9.7,9.1,1.4,0.1
NJ-04,district,NJ,-29.34,3.59,-25.25,0.5,-31.01,53.8,42.7,11.1,1.2,82.2,4.2,9.1,3.3,1.1,0.1
NJ-05,district,NJ,3.72,3.59,7.08,-0.23,1.29,38.9,57.6,-18.7,-0.5,60.6,7.0,14.8,16.5,1.0,0.1
NJ-06,district,NJ,9.51,3.59,12.41,-0.69,6.23,35.9,60.6,-24.7,-1.5,44.6,12.6,21.8,19.5,1.4,0.1
NJ-07,district,NJ,-1.06,3.59,2.78,0.25,-1.9,41.5,55.0,-13.5,0.6,73.5,5.9,10.8,8.7,1.1,0.1
NJ-08,district,NJ,33.55,3.59,34.93,-2.22,28.85,24.1,72.4,-48.3,-4.8,26.1,10.9,47.6,13.0,2.2,0.2
NJ-09,district,NJ,3.87,3.59,5.97,-1.49,-1.3,37.5,59.0,-21.5,-3.2,39.7,10.6,37.9,9.8,1.9,0.2
NJ-10,district,NJ,52.45,3.59,56.44,0.39,48.73,18.6,77.9,-59.3,0.4,19.9,51.6,19.6,7.3,1.4,0.2
NJ-11,district,NJ,9.79,3.59,13.27,-0.11,7.93,36.5,60.0,-23.6,-0.2,63.6,7.8,15.1,12.4,1.0,0.1
NJ-12,district,NJ,26.17,3.59,29.34,-0.43,23.58,29.1,67.4,-38.3,-1.0,42.9,17.4,18.9,19.2,1.4,0.2
NM-01,district,NM,13.35,3.59,15.52,-1.43,13.0,33.6,62.9,-29.4,-3.0,48.4,3.6,36.8,3.8,7.1,0.3
NM-02,district,NM,0.29,3.59,1.32,-2.56,-1.84,37.9,58.6,-20.7,-5.4,32.5,2.8,54.9,1.8,7.8,0.3
NM-03,district,NM,6.98,3.59,8.86,-1.71,5.32,35.9,60.6,-24.6,-3.7,37.9,1.9,39.1,1.7,19.2,0.2
NV-01,district,NV,4.23,3.59,6.72,-1.09,2.3,37.8,58.8,-21.0,-2.4,42.8,11.4,31.4,10.1,2.9,1.4
NV-02,district,NV,-13.48,3.59,-10.24,-0.35,-14.26,46.1,50.4,-4.2,-0.6,66.3,2.8,19.6,5.9,4.5,0.9
NV-03,district,NV,1.28,3.59,4.31,-0.56,-0.75,39.6,57.0,-17.4,-1.3,46.1,11.0,18.4,20.4,2.2,1.9
NV-04,district,NV,4.28,3.59,7.04,-0.83,2.37,38.0,58.5,-20.5,-1.9,40.4,17.6,29.8,7.7,3.1,1.5
NY-01,district,NY,-8.67,3.59,-4.89,0.19,-10.19,44.7,51.8,-7.2,0.5,74.6,5.4,12.9,5.7,1.3,0.1
NY-02,district,NY,-11.64,3.59,-8.45,-0.4,-14.08,45.3,51.2,-6.0,-0.8,59.0,11.2,24.1,3.8,1.8,0.1
NY-03,district,NY,-0.83,3.59,2.36,-0.4,-4.35,40.7,55.8,-15.2,-0.8,57.0,4.8,13.6,23.6,0.9,0.1
NY-04,district,NY,4.36,3.59,7.82,-0.13,1.29,38.7,57.8,-19.1,-0.3,52.2,18.7,20.0,7.7,1.3,0.1
NY-05,district,NY,48.06,3.59,51.66,0.01,42.8,20.1,76.4,-56.3,-0.4,13.1,46.9,19.4,17.3,2.8,0.5
NY-06,district,NY,12.73,3.59,14.63,-1.69,6.53,33.5,63.1,-29.6,-3.7,23.7,5.5,23.2,45.8,1.5,0.2
NY-07,district,NY,51.57,3.59,53.84,-1.31,47.19,17.4,79.1,-61.8,-2.9,35.3,13.9,33.6,14.6,2.3,0.3
NY-08,district,NY,48.12,3.59,52.28,0.58,44.77,20.7,75.8,-55.1,0.8,27.9,46.2,14.4,9.8,1.3,0.2
NY-09,district,NY,44.87,3.59,49.28,0.82,41.39,22.3,74.2,-51.9,1.3,29.8,47.7,10.9,10.2,1.2,0.2
NY-10,district,NY,64.76,3.59,67.71,-0.64,61.89,12.5,84.0,-71.5,-1.4,48.7,8.0,18.1,23.4,1.5,0.3
NY-11,district,NY,-20.84,3.59,-17.7,-0.45,-24.83,49.1,47.4,1.7,-1.0,53.0,8.0,16.1,21.2,1.4,0.2
NY-12,district,NY,66.94,3.59,70.57,0.04,64.9,12.4,84.2,-71.8,0.1,65.8,6.5,10.9,15.7,0.9,0.3
NY-13,district,NY,65.26,3.59,67.27,-1.58,60.27,11.2,85.3,-74.1,-3.6,15.2,30.3,45.5,6.0,2.6,0.3
NY-14,district,NY,38.62,3.59,40.14,-2.07,32.37,22.0,74.5,-52.4,-4.6,19.0,18.2,47.1,12.5,2.9,0.3
NY-15,district,NY,54.89,3.59,57.04,-1.43,48.81,15.7,80.8,-65.1,-3.4,9.3,38.1,45.9,3.9,2.5,0.3
NY-16,district,NY,36.22,3.59,39.38,-0.43,33.31,24.8,71.7,-46.9,-1.1,40.4,24.5,26.1,7.2,1.7,0.2
NY-17,district,NY,2.86,3.59,6.35,-0.11,0.56,39.4,57.1,-17.6,-0.2,65.2,9.3,18.2,5.9,1.3,0.1
NY-18,district,NY,4.4,3.59,8.13,0.14,3.35,39.0,57.5,-18.4,0.3,65.9,12.2,15.9,3.8,2.0,0.1
NY-19,district,NY,2.28,3.59,6.55,0.68,1.8,40.6,56.0,-15.4,1.6,82.0,5.6,5.9,4.3,2.0,0.1
NY-20,district,NY,15.3,3.59,19.58,0.69,14.32,35.0,61.5,-26.5,1.5,75.0,10.6,6.0,6.4,1.9,0.2
NY-21,district,NY,-19.65,3.59,-15.16,0.91,-20.76,50.1,46.4,3.8,2.1,89.1,3.6,3.2,1.3,2.7,0.1
NY-22,district,NY,8.5,3.59,12.91,0.82,7.69,38.0,58.5,-20.4,1.8,79.1,9.8,4.7,4.4,2.0,0.1
NY-23,district,NY,-20.86,3.59,-16.36,0.91,-21.19,50.7,45.9,4.8,2.1,90.4,2.9,3.0,1.4,2.2,0.1
NY-24,district,NY,-22.71,3.59,-18.22,0.9,-23.24,51.4,45.1,6.3,2.1,89.7,3.4,3.5,1.1,2.2,0.1
NY-25,district,NY,19.13,3.59,23.42,0.69,18.65,33.3,63.2,-29.8,1.5,70.3,15.4,7.8,4.9,1.4,0.1
NY-26,district,NY,20.69,3.59,25.1,0.82,19.56,32.8,63.7,-30.9,1.7,68.1,18.3,6.0,5.9,1.6,0.1
OH-01,district,OH,-1.9,3.59,2.75,1.06,-2.62,42.7,53.9,-11.2,2.2,72.3,18.4,3.1,4.4,1.7,0.1
OH-02,district,OH,-41.46,3.59,-36.84,1.04,-42.48,59.6,37.0,22.6,2.4,92.6,2.8,1.3,1.0,2.3,0.1
OH-03,district,OH,41.54,3.59,46.11,0.98,40.65,24.1,72.5,-48.4,1.9,59.2,27.1,5.3,6.5,1.7,0.1
OH-04,district,OH,-42.22,3.59,-37.62,1.01,-43.01,59.8,36.7,23.1,2.3,88.1,6.1,2.2,1.6,1.9,0.2
OH-05,district,OH,-22.91,3.59,-18.57,0.76,-23.97,51.4,45.2,6.2,1.8,84.8,5.7,6.1,1.4,1.9,0.1
OH-06,district,OH,-33.22,3.59,-28.6,1.02,-34.9,56.0,40.5,15.5,2.3,87.9,6.9,2.6,0.7,1.9,0.1
OH-07,district,OH,-10.64,3.59,-6.18,0.87,-11.15,46.3,50.3,-4.0,2.0,88.4,3.6,3.0,3.4,1.5,0.1
OH-08,district,OH,-15.64,3.59,-11.11,0.94,-15.78,48.4,48.1,0.3,2.0,76.4,13.6,3.8,4.2,1.9,0.2
OH-09,district,OH,-9.32,3.59,-4.85,0.88,-10.68,45.7,50.9,-5.2,1.9,78.3,12.4,5.7,1.6,1.9,0.1
OH-10,district,OH,-7.27,3.59,-2.62,1.06,-7.86,45.0,51.6,-6.6,2.2,73.9,17.3,3.3,3.1,2.2,0.2
OH-11,district,OH,56.79,3.59,61.6,1.22,55.47,17.7,78.8,-61.0,2.3,44.1,43.9,6.8,3.6,1.5,0.1
OH-12,district,OH,-29.93,3.59,-25.37,0.97,-30.36,54.6,42.0,12.6,2.2,88.4,4.6,1.7,3.3,1.9,0.1
OH-13,district,OH,4.27,3.59,8.92,1.06,3.32,40.1,56.5,-16.4,2.3,78.2,13.9,2.2,3.7,1.9,0.1
OH-14,district,OH,-19.37,3.59,-14.79,0.99,-20.53,50.1,46.4,3.7,2.3,89.2,5.2,2.5,1.3,1.8,0.1
OH-15,district,OH,-9.42,3.59,-5.0,0.83,-10.11,45.7,50.9,-5.2,1.8,76.8,11.5,4.9,4.5,2.1,0.1
OK-01,district,OK,-22.16,3.59,-18.33,0.25,-22.0,50.4,46.1,4.3,0.5,61.6,10.2,11.3,3.8,12.9,0.2
OK-02,district,OK,-55.47,3.59,-51.37,0.51,-56.51,64.8,31.7,33.2,1.1,65.0,4.2,4.3,1.0,25.3,0.2
OK-03,district,OK,-45.19,3.59,-41.68,-0.08,-45.69,59.9,36.7,23.2,-0.1,64.0,6.2,16.8,2.0,10.5,0.5
OK-04,district,OK,-33.22,3.59,-29.17,0.46,-33.57,55.4,41.2,14.2,1.0,67.4,9.1,8.3,3.4,11.5,0.4
OK-05,district,OK,-18.9,3.59,-14.77,0.54,-18.66,49.3,47.2,2.1,1.1,65.2,13.0,8.1,4.1,9.4,0.2
OR-01,district,OR,39.57,3.59,43.12,-0.04,39.2,23.9,72.6,-48.7,0.0,68.8,3.0,12.7,11.5,3.2,0.8
OR-02,district,OR,-27.33,3.59,-23.5,0.24,-27.9,52.7,43.8,8.8,0.7,79.0,1.2,11.9,1.9,5.4,0.6
OR-03,district,OR,48.17,3.59,51.87,0.12,47.61,20.4,76.1,-55.7,0.3,67.4,6.7,11.9,9.3,3.6,1.0
OR-04,district,OR,12.67,3.59,16.74,0.49,12.44,35.9,60.6,-24.6,1.2,81.7,1.6,7.4,4.1,4.6,0.6
OR-05,district,OR,8.9,3.59,12.92,0.43,8.92,37.5,59.0,-21.5,1.1,81.8,1.5,8.4,4.3,3.4,0.6
OR-06,district,OR,12.06,3.59,15.47,-0.18,11.74,35.5,61.0,-25.6,-0.3,70.4,2.0,17.3,5.0,4.1,1.1
PA-01,district,PA,1.35,3.59,5.61,0.66,0.33,40.9,55.6,-14.6,1.6,82.5,4.5,5.0,6.7,1.1,0.1
PA-02,district,PA,38.58,3.59,41.95,-0.22,36.13,24.0,72.5,-48.5,-0.6,40.5,25.7,21.7,10.4,1.4,0.2
PA-03,district,PA,79.48,3.59,84.36,1.29,78.22,8.1,88.4,-80.3,2.3,34.9,50.3,5.3,8.1,1.3,0.2
PA-04,district,PA,16.69,3.59,21.03,0.75,15.97,34.5,62.0,-27.5,1.7,78.6,9.0,4.8,6.4,1.0,0.1
PA-05,district,PA,29.91,3.59,34.42,0.92,28.94,29.0,67.6,-38.6,1.8,61.3,24.6,5.3,7.6,1.1,0.1
PA-06,district,PA,12.21,3.59,15.97,0.17,11.53,35.8,60.8,-25.0,0.5,72.0,7.3,13.9,5.2,1.5,0.1
PA-07,district,PA,-2.29,3.59,1.38,0.08,-3.24,41.9,54.7,-12.8,0.3,71.8,7.2,16.0,3.5,1.4,0.1
PA-08,district,PA,-7.4,3.59,-3.35,0.46,-8.58,44.4,52.1,-7.7,1.1,77.6,7.6,10.8,2.4,1.4,0.1
PA-09,district,PA,-37.92,3.59,-33.51,0.83,-38.27,57.8,38.7,19.1,1.9,89.6,3.1,4.7,1.2,1.4,0.1
PA-10,district,PA,-5.13,3.59,-0.9,0.63,-5.29,43.6,52.9,-9.3,1.4,74.3,11.4,7.8,4.9,1.5,0.1
PA-11,district,PA,-21.57,3.59,-17.37,0.61,-21.57,50.6,45.9,4.7,1.5,83.8,4.5,7.7,2.5,1.3,0.1
PA-12,district,PA,19.79,3.59,24.41,1.04,19.36,33.4,63.1,-29.6,2.2,75.9,15.1,2.4,5.2,1.2,0.1
PA-13,district,PA,-45.64,3.59,-41.1,0.95,-45.91,61.2,35.3,25.9,2.2,91.6,3.0,2.9,1.0,1.5,0.1
PA-14,district,PA,-32.91,3.59,-28.26,1.07,-33.59,56.0,40.6,15.4,2.5,92.4,4.0,1.3,0.9,1.3,0.1
PA-15,district,PA,-37.75,3.59,-33.21,0.95,-38.3,57.9,38.6,19.2,2.2,91.3,2.6,2.1,2.5,1.4,0.1
PA-16,district,PA,-22.29,3.59,-17.69,1.0,-22.97,51.4,45.2,6.2,2.3,89.9,4.9,2.1,1.6,1.4,0.1
PA-17,district,PA,5.67,3.59,10.27,1.01,5.56,39.5,57.1,-17.6,2.3,84.7,8.4,2.0,3.6,1.2,0.1
RI-01,district,RI,24.25,3.59,27.94,0.1,22.62,30.6,66.0,-35.4,0.3,67.5,10.1,15.9,4.5,1.8,0.2
RI-02,district,RI,8.38,3.59,12.25,0.28,6.97,37.5,59.0,-21.5,0.7,76.1,5.7,12.4,3.8,1.9,0.2
SC-01,district,SC,-12.46,3.59,-8.02,0.85,-13.29,46.9,49.6,-2.6,1.8,71.2,17.4,6.8,2.5,1.9,0.2
SC-02,district,SC,-13.6,3.59,-8.99,1.02,-14.16,47.6,49.0,-1.4,2.1,63.7,25.3,5.9,2.7,2.2,0.2
SC-03,district,SC,-42.12,3.59,-37.51,1.02,-43.62,59.7,36.8,22.9,2.2,74.0,17.6,4.7,1.5,2.1,0.1
SC-04,district,SC,-22.97,3.59,-18.66,0.72,-23.95,51.3,45.3,6.0,1.5,66.9,19.0,9.0,3.1,2.0,0.1
SC-05,district,SC,-21.91,3.59,-17.2,1.12,-23.1,51.2,45.3,5.9,2.3,66.4,24.6,4.5,2.3,2.1,0.1
SC-06,district,SC,25.65,3.59,30.64,1.41,23.24,31.2,65.4,-34.2,2.7,44.3,46.6,5.3,2.1,1.6,0.2
SC-07,district,SC,-24.62,3.59,-19.84,1.19,-26.62,52.4,44.1,8.3,2.4,67.1,25.4,4.0,1.4,2.0,0.1
SD-01,district,SD,-29.31,3.59,-24.97,0.75,-29.98,54.1,42.5,11.6,1.7,83.1,2.2,3.6,1.9,9.1,0.2
TN-01,district,TN,-57.65,3.59,-53.19,0.87,-58.44,66.3,30.3,36.0,2.0,89.8,2.7,3.8,1.1,2.5,0.1
TN-02,district,TN,-33.55,3.59,-29.12,0.85,-34.33,56.0,40.6,15.4,1.9,84.5,6.3,4.4,2.2,2.5,0.1
TN-03,district,TN,-35.33,3.59,-30.85,0.89,-36.21,56.7,39.8,16.9,2.0,79.9,10.4,4.8,1.9,2.8,0.1
TN-04,district,TN,-22.48,3.59,-18.39,0.5,-24.28,50.8,45.7,5.1,1.1,67.1,15.5,11.1,3.7,2.4,0.1
TN-05,district,TN,-20.62,3.59,-15.86,1.17,-23.39,50.7,45.8,4.8,2.4,63.5,27.8,4.7,1.7,2.0,0.2
TN-06,district,TN,-25.43,3.59,-21.0,0.83,-26.87,52.5,44.1,8.4,1.9,79.1,10.6,5.5,2.4,2.3,0.1
TN-07,district,TN,-21.72,3.59,-17.26,0.87,-22.73,50.9,45.6,5.3,1.9,74.8,14.4,5.8,2.5,2.3,0.2
TN-08,district,TN,-19.55,3.59,-14.91,1.05,-20.43,50.1,46.4,3.7,2.1,62.7,26.5,5.7,3.1,1.8,0.1
TN-09,district,TN,-18.61,3.59,-13.88,1.14,-21.42,49.8,46.8,3.0,2.3,58.1,31.6,5.6,2.8,1.8,0.1
TX-01,district,TX,-48.58,3.59,-44.59,0.41,-49.91,61.8,34.7,27.1,0.8,62.9,18.5,14.2,1.5,2.7,0.1
TX-02,district,TX,-23.24,3.59,-20.24,-0.6,-23.13,50.0,46.6,3.4,-1.3,52.1,12.2,25.5,7.2,2.7,0.3
TX-03,district,TX,-23.24,3.59,-19.83,-0.18,-23.98,50.4,46.1,4.3,-0.4,57.4,11.3,17.1,11.1,2.9,0.2
TX-04,district,TX,-24.11,3.59,-20.46,0.07,-25.16,51.1,45.5,5.6,0.1,60.6,9.8,10.9,15.6,2.9,0.2
TX-05,district,TX,-20.87,3.59,-17.75,-0.46,-21.84,49.1,47.4,1.7,-1.0,50.8,16.3,25.9,3.8,3.0,0.2
TX-06,district,TX,-22.89,3.59,-20.01,-0.71,-23.28,49.7,46.8,2.9,-1.5,50.1,12.7,27.9,5.8,3.1,0.3
TX-07,district,TX,26.31,3.59,28.59,-1.31,24.12,28.1,68.4,-40.3,-2.9,30.7,16.2,32.3,18.6,2.1,0.2
TX-08,district,TX,-25.8,3.59,-23.08,-0.87,-27.99,50.7,45.8,4.9,-1.9,41.3,17.3,30.8,7.6,2.8,0.2
TX-09,district,TX,-16.82,3.59,-15.77,-2.54,-20.07,45.2,51.3,-6.2,-5.4,27.6,10.0,57.4,1.9,2.9,0.1
TX-10,district,TX,-21.42,3.59,-18.0,-0.17,-22.93,49.7,46.8,2.8,-0.3,62.2,9.9,18.8,6.6,2.4,0.2
TX-11,district,TX,-33.96,3.59,-31.58,-1.21,-34.78,53.9,42.6,11.3,-2.5,50.5,7.0,34.9,4.6,2.7,0.2
TX-12,district,TX,-22.99,3.59,-20.21,-0.81,-24.15,49.7,46.9,2.8,-1.7,53.2,9.8,29.5,4.3,2.9,0.2
TX-13,district,TX,-46.47,3.59,-43.36,-0.48,-46.67,60.0,36.5,23.5,-0.9,61.3,7.6,24.4,3.1,3.4,0.2
TX-14,district,TX,-23.9,3.59,-20.55,-0.24,-24.57,50.6,45.9,4.7,-0.6,53.1,16.3,21.4,6.6,2.4,0.2
TX-15,district,TX,-13.01,3.59,-13.35,-3.93,-18.02,42.1,54.4,-12.3,-8.3,17.7,1.9,77.4,1.3,1.6,0.1
TX-16,district,TX,21.85,3.59,21.43,-4.01,16.63,27.2,69.3,-42.1,-8.5,12.7,4.0,78.5,2.1,2.4,0.3
TX-17,district,TX,-20.84,3.59,-17.54,-0.3,-21.95,49.3,47.2,2.0,-0.6,58.5,11.3,21.3,5.8,2.8,0.2
TX-18,district,TX,58.36,3.59,61.43,-0.52,55.72,15.2,81.3,-66.1,-1.5,14.4,44.0,31.4,8.0,2.0,0.2
TX-19,district,TX,-50.95,3.59,-48.46,-1.1,-52.17,61.3,35.3,26.0,-2.3,53.1,7.3,34.4,2.4,2.6,0.2
TX-20,district,TX,31.95,3.59,32.47,-3.07,28.88,23.9,72.7,-48.8,-6.6,17.8,10.4,64.7,3.7,3.0,0.3
TX-21,district,TX,-21.29,3.59,-18.7,-1.0,-22.09,48.8,47.8,1.0,-2.0,56.3,4.8,31.3,4.2,2.7,0.7
TX-22,district,TX,-21.87,3.59,-19.17,-0.89,-22.66,49.1,47.5,1.6,-1.9,45.5,11.3,26.8,14.2,2.2,0.1
TX-23,district,TX,-12.94,3.59,-11.91,-2.56,-14.97,43.5,53.0,-9.4,-5.4,32.8,5.1,55.8,3.7,2.2,0.3
TX-24,district,TX,-16.17,3.59,-12.71,-0.13,-16.39,47.5,49.0,-1.5,-0.2,63.0,7.7,15.8,10.4,2.6,0.5
TX-25,district,TX,-22.54,3.59,-19.19,-0.24,-24.34,50.0,46.5,3.5,-0.6,50.3,19.6,23.5,3.5,2.8,0.2
TX-26,district,TX,-23.58,3.59,-20.19,-0.2,-24.12,50.5,46.0,4.6,-0.4,58.5,10.6,17.9,9.7,3.1,0.2
TX-27,district,TX,-20.73,3.59,-18.6,-1.45,-21.44,48.0,48.5,-0.5,-3.0,47.6,7.4,40.0,2.2,2.6,0.2
TX-28,district,TX,-3.58,3.59,-4.63,-4.64,-10.45,37.4,59.2,-21.8,-9.8,8.5,0.7,88.4,0.8,1.5,0.1
TX-29,district,TX,34.46,3.59,35.92,-2.13,30.84,23.7,72.8,-49.1,-4.7,12.4,26.4,53.9,4.0,3.0,0.3
TX-30,district,TX,50.28,3.59,53.44,-0.42,47.81,18.7,77.8,-59.1,-1.3,15.1,45.6,31.6,5.1,2.5,0.2
TX-31,district,TX,-21.67,3.59,-18.23,-0.15,-22.14,49.8,46.7,3.0,-0.3,55.9,15.2,20.2,4.9,3.0,0.9
TX-32,district,TX,-16.67,3.59,-13.48,-0.4,-18.11,47.4,49.2,-1.8,-0.9,51.9,13.4,21.5,10.2,2.8,0.2
TX-33,district,TX,36.33,3.59,37.86,-2.05,33.34,23.1,73.5,-50.4,-4.4,26.2,15.3,49.1,6.2,3.1,0.1
TX-34,district,TX,-6.22,3.59,-6.27,-3.64,-10.22,39.5,57.0,-17.4,-7.7,21.0,2.4,72.7,2.0,1.8,0.1
TX-35,district,TX,-8.59,3.59,-7.27,-2.27,-10.56,42.0,54.5,-12.6,-4.8,33.7,8.0,52.5,2.5,2.9,0.3
TX-36,district,TX,-23.62,3.59,-20.41,-0.38,-25.28,50.3,46.2,4.2,-0.9,48.0,18.5,23.6,7.4,2.3,0.1
TX-37,district,TX,59.19,3.59,61.6,-1.17,57.7,14.3,82.2,-67.8,-2.5,46.3,9.3,33.4,8.0,2.8,0.2
TX-38,district,TX,-20.96,3.59,-18.02,-0.65,-21.3,49.0,47.6,1.4,-1.4,51.2,10.6,24.1,11.5,2.4,0.2
UT-01,district,UT,25.11,3.59,28.29,-0.42,24.33,29.7,66.9,-37.2,-0.8,65.6,2.8,20.7,5.9,2.6,2.4
UT-02,district,UT,-30.29,3.59,-26.44,0.27,-29.9,54.0,42.5,11.4,0.7,80.6,1.7,11.8,2.9,2.1,0.9
UT-03,district,UT,-42.6,3.59,-38.74,0.27,-42.42,59.2,37.3,21.9,0.7,80.5,1.0,11.5,2.3,3.4,1.3
UT-04,district,UT,-33.8,3.59,-29.82,0.39,-33.43,55.6,40.9,14.7,1.0,82.5,1.2,9.5,3.6,1.8,1.3
VA-01,district,VA,-5.57,3.59,-1.14,0.84,-5.0,44.0,52.5,-8.5,1.8,73.0,14.2,4.4,6.3,1.8,0.2
VA-02,district,VA,0.02,3.59,4.46,0.85,-0.27,41.6,54.9,-13.4,1.7,60.7,23.7,6.2,6.9,2.1,0.4
VA-03,district,VA,36.07,3.59,40.83,1.17,35.17,26.5,70.1,-43.6,2.1,41.2,44.5,7.2,4.3,2.3,0.4
VA-04,district,VA,33.99,3.59,38.68,1.1,33.18,27.3,69.2,-41.9,2.1,44.7,41.7,8.2,3.3,1.9,0.2
VA-05,district,VA,-11.42,3.59,-6.71,1.12,-12.41,46.8,49.8,-3.0,2.3,70.0,21.7,3.6,3.0,1.7,0.1
VA-06,district,VA,-24.01,3.59,-19.66,0.76,-24.47,51.8,44.7,7.1,1.7,80.8,8.7,6.4,2.1,2.0,0.1
VA-07,district,VA,3.8,3.59,7.64,0.25,2.91,39.3,57.2,-17.8,0.4,53.4,22.1,15.1,6.6,2.5,0.3
VA-08,district,VA,52.47,3.59,55.76,-0.3,50.9,18.1,78.4,-60.3,-0.7,51.5,13.8,18.2,14.3,1.9,0.2
VA-09,district,VA,-43.66,3.59,-39.08,0.98,-44.43,60.4,36.1,24.3,2.2,87.1,6.4,2.5,2.2,1.7,0.1
VA-10,district,VA,10.25,3.59,13.55,-0.28,8.58,36.1,60.5,-24.4,-0.6,55.4,9.8,15.9,16.8,1.9,0.2
VA-11,district,VA,36.67,3.59,39.93,-0.33,35.29,24.8,71.8,-47.0,-0.8,50.9,9.4,12.8,25.3,1.4,0.2
VT-01,district,VT,33.5,3.59,38.01,0.92,32.77,27.6,69.0,-41.4,2.2,91.3,1.7,2.1,2.2,2.5,0.1
WA-01,district,WA,30.23,3.59,33.76,-0.06,29.71,27.8,68.7,-40.8,-0.1,63.0,3.5,8.5,21.8,2.4,0.8
WA-02,district,WA,24.36,3.59,28.14,0.19,24.45,30.6,65.9,-35.2,0.5,72.5,3.5,10.1,9.0,4.1,0.9
WA-03,district,WA,-3.48,3.59,0.48,0.37,-3.4,42.7,53.8,-11.2,0.9,78.4,2.5,8.9,5.1,3.9,1.2
WA-04,district,WA,-20.48,3.59,-18.1,-1.21,-21.24,48.2,48.3,-0.1,-2.5,56.3,1.5,34.0,2.6,5.3,0.4
WA-05,district,WA,-10.91,3.59,-6.79,0.53,-11.11,46.0,50.5,-4.5,1.3,81.3,2.7,7.1,3.7,4.3,0.9
WA-06,district,WA,19.49,3.59,23.52,0.44,19.89,33.0,63.6,-30.6,1.0,74.9,4.8,7.4,6.6,4.9,1.4
WA-07,district,WA,77.84,3.59,81.52,0.09,77.56,7.8,88.8,-81.0,0.2,64.3,6.0,8.5,18.1,2.4,0.8
WA-08,district,WA,6.32,3.59,10.11,0.21,5.97,38.3,58.2,-19.9,0.5,72.8,2.9,8.8,11.2,3.2,1.0
WA-09,district,WA,43.86,3.59,47.14,-0.31,42.69,21.7,74.8,-53.1,-0.8,43.7,13.1,12.1,26.3,2.7,2.2
WA-10,district,WA,18.64,3.59,22.4,0.17,18.6,33.0,63.5,-30.5,0.4,63.2,8.9,10.6,10.7,4.0,2.7
WI-01,district,WI,-3.69,3.59,0.38,0.48,-4.58,42.9,53.7,-10.8,1.1,78.2,7.1,10.2,2.4,1.9,0.1
WI-02,district,WI,41.33,3.59,45.57,0.64,40.75,23.9,72.6,-48.7,1.5,82.2,4.7,5.7,5.8,1.6,0.1
WI-03,district,WI,-6.52,3.59,-2.04,0.89,-7.51,44.6,52.0,-7.4,2.1,91.4,1.7,2.7,2.4,1.8,0.1
WI-04,district,WI,53.08,3.59,57.1,0.43,52.47,18.5,78.0,-59.4,0.7,46.4,31.0,15.1,5.1,2.1,0.1
WI-05,district,WI,-22.64,3.59,-18.3,0.75,-22.45,51.3,45.3,6.0,1.8,88.8,2.0,4.7,3.1,1.3,0.1
WI-06,district,WI,-16.3,3.59,-11.91,0.8,-16.7,48.6,47.9,0.7,1.9,88.9,2.6,4.3,2.6,1.6,0.1
WI-07,district,WI,-21.98,3.59,-17.46,0.93,-22.84,51.2,45.4,5.8,2.2,92.0,1.0,2.0,1.7,3.3,0.1
WI-08,district,WI,-16.09,3.59,-11.77,0.73,-16.46,48.4,48.1,0.3,1.7,87.0,2.0,4.8,2.3,3.8,0.1
WV-01,district,WV,-44.31,3.59,-39.64,1.08,-45.2,60.8,35.7,25.1,2.5,91.1,4.8,1.1,0.9,2.0,0.1
WV-02,district,WV,-39.84,3.59,-35.26,0.99,-40.38,58.8,37.7,21.1,2.3,90.2,4.1,2.2,1.4,2.1,0.1
WY-01,district,WY,-46.63,3.59,-42.55,0.49,-46.96,61.2,35.4,25.8,1.2,84.1,1.3,8.7,1.5,4.2,0.2
AK,state,AK,-13.18,3.59,-9.33,0.27,-13.8,46.6,49.9,-3.3,0.5,61.0,4.2,6.0,7.8,18.9,2.0
AL,state,AL,-29.63,3.59,-24.88,1.16,-30.88,54.5,42.0,12.5,2.4,65.4,25.9,4.3,1.9,2.5,0.1
AR,state,AR,-30.5,3.59,-26.12,0.79,-31.57,54.5,42.0,12.6,1.7,71.5,15.2,7.0,2.1,3.7,0.4
AZ,state,AZ,-4.25,3.59,-1.39,-0.73,-5.59,41.8,54.7,-12.9,-1.5,57.4,5.4,26.5,4.6,5.7,0.4
CA,state,CA,23.32,3.59,25.29,-1.62,20.82,29.1,67.4,-38.3,-3.5,36.9,6.6,35.0,17.4,3.3,0.8
CO,state,CO,11.58,3.59,14.96,-0.21,11.29,35.6,60.9,-25.2,-0.3,68.0,4.8,19.0,4.5,3.3,0.4
CT,state,CT,15.88,3.59,19.63,0.16,14.76,34.2,62.3,-28.2,0.4,66.4,11.8,14.9,5.2,1.6,0.1
DE,state,DE,15.61,3.59,19.94,0.75,14.84,34.9,61.7,-26.8,1.5,61.9,22.6,8.6,4.8,2.0,0.1
FL,state,FL,-10.56,3.59,-7.35,-0.38,-13.22,44.8,51.7,-6.9,-0.8,54.3,15.4,24.8,3.6,1.7,0.2
GA,state,GA,-1.71,3.59,2.73,0.85,-2.21,42.3,54.3,-12.0,1.6,52.4,31.5,9.0,5.0,1.9,0.2
HI,state,HI,25.73,3.59,28.27,-1.05,23.56,28.6,68.0,-39.4,-2.5,20.6,2.4,6.9,48.3,2.1,19.7
IA,state,IA,-12.1,3.59,-7.77,0.74,-13.45,46.7,49.8,-3.0,1.7,85.6,4.3,5.5,2.8,1.6,0.3
ID,state,ID,-36.28,3.59,-32.37,0.31,-37.52,56.6,40.0,16.6,0.8,81.7,1.2,11.1,2.4,3.3,0.4
IL,state,IL,12.91,3.59,16.59,0.09,11.14,35.3,61.2,-25.8,0.2,60.7,14.6,16.1,6.6,2.0,0.1
IN,state,IN,-18.58,3.59,-14.25,0.73,-19.3,49.5,47.1,2.4,1.6,78.3,9.9,6.8,2.9,2.0,0.2
KS,state,KS,-16.26,3.59,-12.3,0.38,-16.41,48.1,48.4,-0.3,0.9,75.3,6.6,10.8,3.5,3.5,0.2
KY,state,KY,-30.03,3.59,-25.51,0.93,-31.03,54.5,42.0,12.6,2.1,83.5,8.6,3.8,2.0,2.0,0.2
LA,state,LA,-21.33,3.59,-16.64,1.1,-22.36,50.9,45.6,5.3,2.2,58.1,31.1,6.2,2.3,2.1,0.1
MA,state,MA,27.69,3.59,31.57,0.29,25.91,29.3,67.2,-37.9,0.7,70.9,8.6,11.1,8.0,1.2,0.1
MD,state,MD,30.41,3.59,34.68,0.68,29.51,28.4,68.1,-39.6,1.3,49.4,30.7,10.1,7.7,1.9,0.2
ME,state,ME,7.49,3.59,12.07,0.98,7.09,38.7,57.8,-19.1,2.3,92.4,2.0,1.6,1.6,2.3,0.1
MI,state,MI,-0.36,3.59,4.12,0.9,-1.44,41.9,54.7,-12.8,1.9,75.1,14.1,4.7,3.8,2.3,0.1
MN,state,MN,4.94,3.59,9.24,0.72,4.34,39.5,57.1,-17.6,1.6,80.1,6.8,5.0,5.5,2.4,0.1
MO,state,MO,-17.94,3.59,-13.43,0.92,-18.67,49.4,47.2,2.2,2.0,78.2,11.8,4.1,2.7,2.9,0.2
MS,state,MS,-21.5,3.59,-16.49,1.42,-23.15,51.3,45.3,6.0,2.8,57.7,36.1,3.0,1.4,1.7,0.1
MT,state,MT,-19.79,3.59,-15.44,0.76,-20.58,50.0,46.5,3.6,1.8,86.1,0.9,3.5,1.4,7.8,0.2
NC,state,NC,-2.64,3.59,1.68,0.73,-3.27,42.6,53.9,-11.3,1.5,63.3,21.2,8.8,3.7,2.8,0.2
ND,state,ND,-36.76,3.59,-32.37,0.8,-37.39,57.3,39.2,18.0,1.8,84.5,3.6,3.6,2.2,5.9,0.2
NE,state,NE,-20.75,3.59,-16.71,0.45,-20.84,50.1,46.4,3.7,1.1,79.1,5.3,9.8,3.2,2.4,0.2
NH,state,NH,3.66,3.59,8.07,0.82,2.82,40.1,56.4,-16.2,1.9,89.6,2.0,3.6,3.0,1.7,0.1
NJ,state,NJ,8.13,3.59,11.47,-0.26,5.63,37.0,59.5,-22.5,-0.6,53.8,14.3,19.5,10.8,1.5,0.1
NM,state,NM,7.45,3.59,9.15,-1.89,6.14,35.6,61.0,-25.4,-4.0,39.7,2.8,43.5,2.5,11.3,0.3
NV,state,NV,-1.54,3.59,1.34,-0.71,-3.15,40.6,55.9,-15.3,-1.5,48.9,10.7,24.7,11.1,3.2,1.4
NY,state,NY,15.38,3.59,18.85,-0.11,12.68,34.1,62.5,-28.4,-0.3,53.3,16.4,17.8,10.4,1.8,0.2
OH,state,OH,-10.26,3.59,-5.69,0.98,-11.31,46.2,50.4,-4.2,2.1,78.5,12.9,3.7,2.9,1.9,0.1
OK,state,OK,-34.68,3.59,-30.75,0.34,-34.95,55.8,40.7,15.1,0.7,64.6,8.5,9.7,2.9,13.9,0.3
OR,state,OR,15.34,3.59,19.1,0.18,14.89,34.5,62.1,-27.6,0.5,74.9,2.7,11.5,6.0,4.1,0.8
PA,state,PA,-0.87,3.59,3.44,0.72,-1.75,41.9,54.6,-12.7,1.6,76.0,11.5,6.8,4.3,1.3,0.1
RI,state,RI,15.7,3.59,19.48,0.19,14.16,34.3,62.2,-27.9,0.5,71.9,7.9,14.1,4.1,1.9,0.2
SC,state,SC,-16.63,3.59,-11.99,1.05,-18.12,48.9,47.7,1.2,2.1,64.7,25.2,5.7,2.2,2.0,0.1
SD,state,SD,-29.31,3.59,-24.97,0.75,-29.98,54.1,42.5,11.6,1.7,83.1,2.2,3.6,1.9,9.1,0.2
TN,state,TN,-28.63,3.59,-24.13,0.91,-30.12,53.9,42.7,11.2,1.9,73.5,16.1,5.7,2.4,2.3,0.1
TX,state,TX,-12.03,3.59,-9.65,-1.21,-13.88,44.6,52.0,-7.4,-2.6,42.6,12.8,35.7,6.1,2.6,0.2
UT,state,UT,-21.88,3.59,-18.17,0.11,-22.2,50.2,46.3,3.9,0.4,77.0,1.7,13.6,3.7,2.5,1.5
VA,state,VA,6.87,3.59,11.03,0.57,5.89,38.4,58.1,-19.7,1.1,60.9,19.7,9.0,8.2,1.9,0.2
VT,state,VT,33.5,3.59,38.01,0.92,32.77,27.6,69.0,-41.4,2.2,91.3,1.7,2.1,2.2,2.5,0.1
WA,state,WA,19.36,3.59,23.0,0.05,18.93,32.6,63.9,-31.3,0.2,67.1,5.0,11.4,11.6,3.7,1.2
WI,state,WI,-0.25,3.59,4.04,0.71,-0.87,41.7,54.9,-13.2,1.6,81.9,6.4,6.2,3.2,2.2,0.1
WV,state,WV,-41.99,3.59,-37.37,1.03,-42.69,59.8,36.8,23.0,2.4,90.7,4.4,1.6,1.1,2.0,0.1
WY,state,WY,-46.63,3.59,-42.55,0.49,-46.96,61.2,35.4,25.8,1.2,84.1,1.3,8.7,1.5,4.2,0.2
